"Type","Source","Destination","Size (Bytes)","Alt Text","Anchor","Status Code","Status","Crawlability","Follow","Target","Rel","Path Type","Link Path","Link Position","Link Origin"
"Hyperlink","https://www.strique.io/","https://www.strique.io/","193263","","","200","OK","Crawlable","true","","","Root-Relative","//body/div[3]/nav/div/a","Navigation","HTML"
"Hyperlink","https://www.strique.io/","https://www.strique.io/","193263","","FAQ","200","OK","Crawlable","true","","","Root-Relative","//body/div[3]/footer/div/div[1]/div[2]/div[1]/ul/li[5]/a","Footer","HTML"
"Hyperlink","https://www.strique.io/contact","https://www.strique.io/","193263","","","200","OK","Crawlable","true","","","Root-Relative","//body/div[3]/nav/div/a","Navigation","HTML"
"Hyperlink","https://www.strique.io/contact","https://www.strique.io/","193263","","FAQ","200","OK","Crawlable","true","","","Root-Relative","//body/div[3]/footer/div/div[1]/div[2]/div[1]/ul/li[5]/a","Footer","HTML"
"Hyperlink","https://www.strique.io/customers/powerlook","https://www.strique.io/","193263","","","200","OK","Crawlable","true","","","Root-Relative","//body/div[3]/nav/div/a","Navigation","HTML"
"Hyperlink","https://www.strique.io/customers/powerlook","https://www.strique.io/","193263","","FAQ","200","OK","Crawlable","true","","","Root-Relative","//body/div[3]/footer/div/div[1]/div[2]/div[1]/ul/li[5]/a","Footer","HTML"
"Hyperlink","https://www.strique.io/customers/inc5","https://www.strique.io/","193263","","","200","OK","Crawlable","true","","","Root-Relative","//body/div[3]/nav/div/a","Navigation","HTML"
"Hyperlink","https://www.strique.io/customers/inc5","https://www.strique.io/","193263","","FAQ","200","OK","Crawlable","true","","","Root-Relative","//body/div[3]/footer/div/div[1]/div[2]/div[1]/ul/li[5]/a","Footer","HTML"
"Hyperlink","https://www.strique.io/customers","https://www.strique.io/","193263","","","200","OK","Crawlable","true","","","Root-Relative","//body/div[3]/nav/div/a","Navigation","HTML"
"Hyperlink","https://www.strique.io/customers","https://www.strique.io/","193263","","FAQ","200","OK","Crawlable","true","","","Root-Relative","//body/div[3]/footer/div/div[1]/div[2]/div[1]/ul/li[5]/a","Footer","HTML"
"Hyperlink","https://www.strique.io/product","https://www.strique.io/","193263","","","200","OK","Crawlable","true","","","Root-Relative","//body/div[3]/nav/div/a","Navigation","HTML"
"Hyperlink","https://www.strique.io/product","https://www.strique.io/","193263","","FAQ","200","OK","Crawlable","true","","","Root-Relative","//body/div[3]/footer/div/div[1]/div[2]/div[1]/ul/li[5]/a","Footer","HTML"
"Hyperlink","https://www.strique.io/terms","https://www.strique.io/","193263","","","200","OK","Crawlable","true","","","Root-Relative","//body/div[3]/nav/div/a","Navigation","HTML"
"Hyperlink","https://www.strique.io/terms","https://www.strique.io/","193263","","FAQ","200","OK","Crawlable","true","","","Root-Relative","//body/div[3]/footer/div/div[1]/div[2]/div[1]/ul/li[5]/a","Footer","HTML"
"Hyperlink","https://www.strique.io/for","https://www.strique.io/","193263","","","200","OK","Crawlable","true","","","Root-Relative","//body/div[3]/nav/div/a","Navigation","HTML"
"Hyperlink","https://www.strique.io/for","https://www.strique.io/","193263","","FAQ","200","OK","Crawlable","true","","","Root-Relative","//body/div[3]/footer/div/div[1]/div[2]/div[1]/ul/li[5]/a","Footer","HTML"
"Hyperlink","https://www.strique.io/pricing","https://www.strique.io/","193263","","","200","OK","Crawlable","true","","","Root-Relative","//body/div[3]/nav/div/a","Navigation","HTML"
"Hyperlink","https://www.strique.io/pricing","https://www.strique.io/","193263","","FAQ","200","OK","Crawlable","true","","","Root-Relative","//body/div[3]/footer/div/div[1]/div[2]/div[1]/ul/li[5]/a","Footer","HTML"
"Hyperlink","https://www.strique.io/solutions","https://www.strique.io/","193263","","","200","OK","Crawlable","true","","","Root-Relative","//body/div[3]/nav/div/a","Navigation","HTML"
"Hyperlink","https://www.strique.io/solutions","https://www.strique.io/","193263","","FAQ","200","OK","Crawlable","true","","","Root-Relative","//body/div[3]/footer/div/div[1]/div[2]/div[1]/ul/li[5]/a","Footer","HTML"
"Hyperlink","https://www.strique.io/privacy-policy","https://www.strique.io/","193263","","","200","OK","Crawlable","true","","","Root-Relative","//body/div[3]/nav/div/a","Navigation","HTML"
"Hyperlink","https://www.strique.io/privacy-policy","https://www.strique.io/","193263","","FAQ","200","OK","Crawlable","true","","","Root-Relative","//body/div[3]/footer/div/div[1]/div[2]/div[1]/ul/li[5]/a","Footer","HTML"
"Hyperlink","https://www.strique.io/trust-center","https://www.strique.io/","193263","","","200","OK","Crawlable","true","","","Root-Relative","//body/div[3]/nav/div/a","Navigation","HTML"
"Hyperlink","https://www.strique.io/trust-center","https://www.strique.io/","193263","","FAQ","200","OK","Crawlable","true","","","Root-Relative","//body/div[3]/footer/div/div[1]/div[2]/div[1]/ul/li[5]/a","Footer","HTML"
"Hyperlink","https://www.strique.io/about","https://www.strique.io/","193263","","","200","OK","Crawlable","true","","","Root-Relative","//body/div[3]/nav/div/a","Navigation","HTML"
"Hyperlink","https://www.strique.io/about","https://www.strique.io/","193263","","FAQ","200","OK","Crawlable","true","","","Root-Relative","//body/div[3]/footer/div/div[1]/div[2]/div[1]/ul/li[5]/a","Footer","HTML"
"Hyperlink","https://www.strique.io/security","https://www.strique.io/","193263","","","200","OK","Crawlable","true","","","Root-Relative","//body/div[3]/nav/div/a","Navigation","HTML"
"Hyperlink","https://www.strique.io/security","https://www.strique.io/","193263","","FAQ","200","OK","Crawlable","true","","","Root-Relative","//body/div[3]/footer/div/div[1]/div[2]/div[1]/ul/li[5]/a","Footer","HTML"
"Hyperlink","https://www.strique.io/careers","https://www.strique.io/","193263","","","200","OK","Crawlable","true","","","Root-Relative","//body/div[3]/nav/div/a","Navigation","HTML"
"Hyperlink","https://www.strique.io/careers","https://www.strique.io/","193263","","FAQ","200","OK","Crawlable","true","","","Root-Relative","//body/div[3]/footer/div/div[1]/div[2]/div[1]/ul/li[5]/a","Footer","HTML"
"Hyperlink","https://www.strique.io/customers/crimzon","https://www.strique.io/","193263","","","200","OK","Crawlable","true","","","Root-Relative","//body/div[3]/nav/div/a","Navigation","HTML"
"Hyperlink","https://www.strique.io/customers/crimzon","https://www.strique.io/","193263","","FAQ","200","OK","Crawlable","true","","","Root-Relative","//body/div[3]/footer/div/div[1]/div[2]/div[1]/ul/li[5]/a","Footer","HTML"
"Hyperlink","https://www.strique.io/integrations","https://www.strique.io/","193263","","","200","OK","Crawlable","true","","","Root-Relative","//body/div[3]/nav/div/a","Navigation","HTML"
"Hyperlink","https://www.strique.io/integrations","https://www.strique.io/","193263","","FAQ","200","OK","Crawlable","true","","","Root-Relative","//body/div[3]/footer/div/div[1]/div[2]/div[1]/ul/li[5]/a","Footer","HTML"
"Hyperlink","https://www.strique.io/integrations/hubspot","https://www.strique.io/","193263","","","200","OK","Crawlable","true","","","Root-Relative","//body/div[3]/nav/div/a","Navigation","HTML"
"Hyperlink","https://www.strique.io/integrations/hubspot","https://www.strique.io/","193263","","FAQ","200","OK","Crawlable","true","","","Root-Relative","//body/div[3]/footer/div/div[1]/div[2]/div[1]/ul/li[5]/a","Footer","HTML"
"Hyperlink","https://www.strique.io/contact?intent=careers","https://www.strique.io/","193263","","","200","OK","Crawlable","true","","","Root-Relative","//body/div[3]/nav/div/a","Navigation","HTML"
"Hyperlink","https://www.strique.io/contact?intent=careers","https://www.strique.io/","193263","","FAQ","200","OK","Crawlable","true","","","Root-Relative","//body/div[3]/footer/div/div[1]/div[2]/div[1]/ul/li[5]/a","Footer","HTML"
"Hyperlink","https://www.strique.io/integrations/google-ads","https://www.strique.io/","193263","","","200","OK","Crawlable","true","","","Root-Relative","//body/div[3]/nav/div/a","Navigation","HTML"
"Hyperlink","https://www.strique.io/integrations/google-ads","https://www.strique.io/","193263","","FAQ","200","OK","Crawlable","true","","","Root-Relative","//body/div[3]/footer/div/div[1]/div[2]/div[1]/ul/li[5]/a","Footer","HTML"
"Hyperlink","https://www.strique.io/integrations/meta-ads","https://www.strique.io/","193263","","","200","OK","Crawlable","true","","","Root-Relative","//body/div[3]/nav/div/a","Navigation","HTML"
"Hyperlink","https://www.strique.io/integrations/meta-ads","https://www.strique.io/","193263","","FAQ","200","OK","Crawlable","true","","","Root-Relative","//body/div[3]/footer/div/div[1]/div[2]/div[1]/ul/li[5]/a","Footer","HTML"
"Hyperlink","https://www.strique.io/careers/ai-apprentice-program","https://www.strique.io/","193263","","","200","OK","Crawlable","true","","","Root-Relative","//body/div[3]/nav/div/a","Navigation","HTML"
"Hyperlink","https://www.strique.io/careers/ai-apprentice-program","https://www.strique.io/","193263","","FAQ","200","OK","Crawlable","true","","","Root-Relative","//body/div[3]/footer/div/div[1]/div[2]/div[1]/ul/li[5]/a","Footer","HTML"
"Hyperlink","https://www.strique.io/careers/founding-customer-engineer","https://www.strique.io/","193263","","","200","OK","Crawlable","true","","","Root-Relative","//body/div[3]/nav/div/a","Navigation","HTML"
"Hyperlink","https://www.strique.io/careers/founding-customer-engineer","https://www.strique.io/","193263","","FAQ","200","OK","Crawlable","true","","","Root-Relative","//body/div[3]/footer/div/div[1]/div[2]/div[1]/ul/li[5]/a","Footer","HTML"
"Hyperlink","https://www.strique.io/careers/revenue-marketer","https://www.strique.io/","193263","","","200","OK","Crawlable","true","","","Root-Relative","//body/div[3]/nav/div/a","Navigation","HTML"
"Hyperlink","https://www.strique.io/careers/revenue-marketer","https://www.strique.io/","193263","","FAQ","200","OK","Crawlable","true","","","Root-Relative","//body/div[3]/footer/div/div[1]/div[2]/div[1]/ul/li[5]/a","Footer","HTML"
"Hyperlink","https://www.strique.io/careers/senior-full-stack-engineer","https://www.strique.io/","193263","","","200","OK","Crawlable","true","","","Root-Relative","//body/div[3]/nav/div/a","Navigation","HTML"
"Hyperlink","https://www.strique.io/careers/senior-full-stack-engineer","https://www.strique.io/","193263","","FAQ","200","OK","Crawlable","true","","","Root-Relative","//body/div[3]/footer/div/div[1]/div[2]/div[1]/ul/li[5]/a","Footer","HTML"
"Hyperlink","https://www.strique.io/careers/product-designer","https://www.strique.io/","193263","","","200","OK","Crawlable","true","","","Root-Relative","//body/div[3]/nav/div/a","Navigation","HTML"
"Hyperlink","https://www.strique.io/careers/product-designer","https://www.strique.io/","193263","","FAQ","200","OK","Crawlable","true","","","Root-Relative","//body/div[3]/footer/div/div[1]/div[2]/div[1]/ul/li[5]/a","Footer","HTML"
"Hyperlink","https://www.strique.io/careers/agent-infrastructure-engineer","https://www.strique.io/","193263","","","200","OK","Crawlable","true","","","Root-Relative","//body/div[3]/nav/div/a","Navigation","HTML"
"Hyperlink","https://www.strique.io/careers/agent-infrastructure-engineer","https://www.strique.io/","193263","","FAQ","200","OK","Crawlable","true","","","Root-Relative","//body/div[3]/footer/div/div[1]/div[2]/div[1]/ul/li[5]/a","Footer","HTML"
"Hyperlink","https://www.strique.io/careers/applied-ml-researcher","https://www.strique.io/","193263","","","200","OK","Crawlable","true","","","Root-Relative","//body/div[3]/nav/div/a","Navigation","HTML"
"Hyperlink","https://www.strique.io/careers/applied-ml-researcher","https://www.strique.io/","193263","","FAQ","200","OK","Crawlable","true","","","Root-Relative","//body/div[3]/footer/div/div[1]/div[2]/div[1]/ul/li[5]/a","Footer","HTML"
"Hyperlink","https://www.strique.io/careers/founding-growth-engineer","https://www.strique.io/","193263","","","200","OK","Crawlable","true","","","Root-Relative","//body/div[3]/nav/div/a","Navigation","HTML"
"Hyperlink","https://www.strique.io/careers/founding-growth-engineer","https://www.strique.io/","193263","","FAQ","200","OK","Crawlable","true","","","Root-Relative","//body/div[3]/footer/div/div[1]/div[2]/div[1]/ul/li[5]/a","Footer","HTML"
"Hyperlink","https://www.strique.io/solutions/local-services","https://www.strique.io/","193263","","","200","OK","Crawlable","true","","","Root-Relative","//body/div[3]/nav/div/a","Navigation","HTML"
"Hyperlink","https://www.strique.io/solutions/local-services","https://www.strique.io/","193263","","FAQ","200","OK","Crawlable","true","","","Root-Relative","//body/div[3]/footer/div/div[1]/div[2]/div[1]/ul/li[5]/a","Footer","HTML"
"Hyperlink","https://www.strique.io/solutions/agencies","https://www.strique.io/","193263","","","200","OK","Crawlable","true","","","Root-Relative","//body/div[3]/nav/div/a","Navigation","HTML"
"Hyperlink","https://www.strique.io/solutions/agencies","https://www.strique.io/","193263","","FAQ","200","OK","Crawlable","true","","","Root-Relative","//body/div[3]/footer/div/div[1]/div[2]/div[1]/ul/li[5]/a","Footer","HTML"
"Hyperlink","https://www.strique.io/solutions/b2b-saas","https://www.strique.io/","193263","","","200","OK","Crawlable","true","","","Root-Relative","//body/div[3]/nav/div/a","Navigation","HTML"
"Hyperlink","https://www.strique.io/solutions/b2b-saas","https://www.strique.io/","193263","","FAQ","200","OK","Crawlable","true","","","Root-Relative","//body/div[3]/footer/div/div[1]/div[2]/div[1]/ul/li[5]/a","Footer","HTML"
"Hyperlink","https://www.strique.io/solutions/ecommerce","https://www.strique.io/","193263","","","200","OK","Crawlable","true","","","Root-Relative","//body/div[3]/nav/div/a","Navigation","HTML"
"Hyperlink","https://www.strique.io/solutions/ecommerce","https://www.strique.io/","193263","","FAQ","200","OK","Crawlable","true","","","Root-Relative","//body/div[3]/footer/div/div[1]/div[2]/div[1]/ul/li[5]/a","Footer","HTML"
"Hyperlink","https://www.strique.io/contact?intent=sales","https://www.strique.io/","193263","","","200","OK","Crawlable","true","","","Root-Relative","//body/div[3]/nav/div/a","Navigation","HTML"
"Hyperlink","https://www.strique.io/contact?intent=sales","https://www.strique.io/","193263","","FAQ","200","OK","Crawlable","true","","","Root-Relative","//body/div[3]/footer/div/div[1]/div[2]/div[1]/ul/li[5]/a","Footer","HTML"
"Hyperlink","https://www.strique.io/for/founders","https://www.strique.io/","193263","","","200","OK","Crawlable","true","","","Root-Relative","//body/div[3]/nav/div/a","Navigation","HTML"
"Hyperlink","https://www.strique.io/for/founders","https://www.strique.io/","193263","","FAQ","200","OK","Crawlable","true","","","Root-Relative","//body/div[3]/footer/div/div[1]/div[2]/div[1]/ul/li[5]/a","Footer","HTML"
"Hyperlink","https://www.strique.io/for/cmos","https://www.strique.io/","193263","","","200","OK","Crawlable","true","","","Root-Relative","//body/div[3]/nav/div/a","Navigation","HTML"
"Hyperlink","https://www.strique.io/for/cmos","https://www.strique.io/","193263","","FAQ","200","OK","Crawlable","true","","","Root-Relative","//body/div[3]/footer/div/div[1]/div[2]/div[1]/ul/li[5]/a","Footer","HTML"
"Hyperlink","https://www.strique.io/for/marketing-managers","https://www.strique.io/","193263","","","200","OK","Crawlable","true","","","Root-Relative","//body/div[3]/nav/div/a","Navigation","HTML"
"Hyperlink","https://www.strique.io/for/marketing-managers","https://www.strique.io/","193263","","FAQ","200","OK","Crawlable","true","","","Root-Relative","//body/div[3]/footer/div/div[1]/div[2]/div[1]/ul/li[5]/a","Footer","HTML"
"Hyperlink","https://www.strique.io/vs/strique-vs-jasper","https://www.strique.io/","193263","","","200","OK","Crawlable","true","","","Root-Relative","//body/div[3]/nav/div/a","Navigation","HTML"
"Hyperlink","https://www.strique.io/vs/strique-vs-jasper","https://www.strique.io/","193263","","FAQ","200","OK","Crawlable","true","","","Root-Relative","//body/div[3]/footer/div/div[1]/div[2]/div[1]/ul/li[5]/a","Footer","HTML"
"Hyperlink","https://www.strique.io/vs","https://www.strique.io/","193263","","","200","OK","Crawlable","true","","","Root-Relative","//body/div[3]/nav/div/a","Navigation","HTML"
"Hyperlink","https://www.strique.io/vs","https://www.strique.io/","193263","","FAQ","200","OK","Crawlable","true","","","Root-Relative","//body/div[3]/footer/div/div[1]/div[2]/div[1]/ul/li[5]/a","Footer","HTML"
"Hyperlink","https://www.strique.io/vs/strique-vs-adroll","https://www.strique.io/","193263","","","200","OK","Crawlable","true","","","Root-Relative","//body/div[3]/nav/div/a","Navigation","HTML"
"Hyperlink","https://www.strique.io/vs/strique-vs-adroll","https://www.strique.io/","193263","","FAQ","200","OK","Crawlable","true","","","Root-Relative","//body/div[3]/footer/div/div[1]/div[2]/div[1]/ul/li[5]/a","Footer","HTML"
"Hyperlink","https://www.strique.io/contact?intent=demo","https://www.strique.io/","193263","","","200","OK","Crawlable","true","","","Root-Relative","//body/div[3]/nav/div/a","Navigation","HTML"
"Hyperlink","https://www.strique.io/contact?intent=demo","https://www.strique.io/","193263","","FAQ","200","OK","Crawlable","true","","","Root-Relative","//body/div[3]/footer/div/div[1]/div[2]/div[1]/ul/li[5]/a","Footer","HTML"
"Hyperlink","https://www.strique.io/contact?intent=careers&role=founding-growth-engineer","https://www.strique.io/","193263","","","200","OK","Crawlable","true","","","Root-Relative","//body/div[3]/nav/div/a","Navigation","HTML"
"Hyperlink","https://www.strique.io/contact?intent=careers&role=founding-growth-engineer","https://www.strique.io/","193263","","FAQ","200","OK","Crawlable","true","","","Root-Relative","//body/div[3]/footer/div/div[1]/div[2]/div[1]/ul/li[5]/a","Footer","HTML"
"Hyperlink","https://www.strique.io/contact?intent=careers&role=applied-ml-researcher","https://www.strique.io/","193263","","","200","OK","Crawlable","true","","","Root-Relative","//body/div[3]/nav/div/a","Navigation","HTML"
"Hyperlink","https://www.strique.io/contact?intent=careers&role=applied-ml-researcher","https://www.strique.io/","193263","","FAQ","200","OK","Crawlable","true","","","Root-Relative","//body/div[3]/footer/div/div[1]/div[2]/div[1]/ul/li[5]/a","Footer","HTML"
"Hyperlink","https://www.strique.io/contact?intent=careers&role=agent-infrastructure-engineer","https://www.strique.io/","193263","","","200","OK","Crawlable","true","","","Root-Relative","//body/div[3]/nav/div/a","Navigation","HTML"
"Hyperlink","https://www.strique.io/contact?intent=careers&role=agent-infrastructure-engineer","https://www.strique.io/","193263","","FAQ","200","OK","Crawlable","true","","","Root-Relative","//body/div[3]/footer/div/div[1]/div[2]/div[1]/ul/li[5]/a","Footer","HTML"
"Hyperlink","https://www.strique.io/contact?intent=careers&role=product-designer","https://www.strique.io/","193263","","","200","OK","Crawlable","true","","","Root-Relative","//body/div[3]/nav/div/a","Navigation","HTML"
"Hyperlink","https://www.strique.io/contact?intent=careers&role=product-designer","https://www.strique.io/","193263","","FAQ","200","OK","Crawlable","true","","","Root-Relative","//body/div[3]/footer/div/div[1]/div[2]/div[1]/ul/li[5]/a","Footer","HTML"
"Hyperlink","https://www.strique.io/contact?intent=careers&role=senior-full-stack-engineer","https://www.strique.io/","193263","","","200","OK","Crawlable","true","","","Root-Relative","//body/div[3]/nav/div/a","Navigation","HTML"
"Hyperlink","https://www.strique.io/contact?intent=careers&role=senior-full-stack-engineer","https://www.strique.io/","193263","","FAQ","200","OK","Crawlable","true","","","Root-Relative","//body/div[3]/footer/div/div[1]/div[2]/div[1]/ul/li[5]/a","Footer","HTML"
"Hyperlink","https://www.strique.io/contact?intent=careers&role=revenue-marketer","https://www.strique.io/","193263","","","200","OK","Crawlable","true","","","Root-Relative","//body/div[3]/nav/div/a","Navigation","HTML"
"Hyperlink","https://www.strique.io/contact?intent=careers&role=revenue-marketer","https://www.strique.io/","193263","","FAQ","200","OK","Crawlable","true","","","Root-Relative","//body/div[3]/footer/div/div[1]/div[2]/div[1]/ul/li[5]/a","Footer","HTML"
"Hyperlink","https://www.strique.io/contact?intent=careers&role=founding-customer-engineer","https://www.strique.io/","193263","","","200","OK","Crawlable","true","","","Root-Relative","//body/div[3]/nav/div/a","Navigation","HTML"
"Hyperlink","https://www.strique.io/contact?intent=careers&role=founding-customer-engineer","https://www.strique.io/","193263","","FAQ","200","OK","Crawlable","true","","","Root-Relative","//body/div[3]/footer/div/div[1]/div[2]/div[1]/ul/li[5]/a","Footer","HTML"
"Hyperlink","https://www.strique.io/contact?intent=careers&role=ai-apprentice-program","https://www.strique.io/","193263","","","200","OK","Crawlable","true","","","Root-Relative","//body/div[3]/nav/div/a","Navigation","HTML"
"Hyperlink","https://www.strique.io/contact?intent=careers&role=ai-apprentice-program","https://www.strique.io/","193263","","FAQ","200","OK","Crawlable","true","","","Root-Relative","//body/div[3]/footer/div/div[1]/div[2]/div[1]/ul/li[5]/a","Footer","HTML"
"HTML Canonical","https://www.strique.io/","https://www.strique.io/","193263","","","200","OK","Crawlable","true","","","Absolute","//head/link[34]","Head","HTML"
"Image","https://www.strique.io/","https://www.strique.io/images/badge-google-partner.svg","0","Google Partner","","200","OK","Crawlable","true","","","Root-Relative","//body/div[3]/footer/div/div[1]/div[1]/div/img[1]","Footer","HTML"
"Image","https://www.strique.io/contact","https://www.strique.io/images/badge-google-partner.svg","0","Google Partner","","200","OK","Crawlable","true","","","Root-Relative","//body/div[3]/footer/div/div[1]/div[1]/div/img[1]","Footer","HTML"
"Image","https://www.strique.io/customers/powerlook","https://www.strique.io/images/badge-google-partner.svg","0","Google Partner","","200","OK","Crawlable","true","","","Root-Relative","//body/div[3]/footer/div/div[1]/div[1]/div/img[1]","Footer","HTML"
"Image","https://www.strique.io/customers/inc5","https://www.strique.io/images/badge-google-partner.svg","0","Google Partner","","200","OK","Crawlable","true","","","Root-Relative","//body/div[3]/footer/div/div[1]/div[1]/div/img[1]","Footer","HTML"
"Image","https://www.strique.io/customers","https://www.strique.io/images/badge-google-partner.svg","0","Google Partner","","200","OK","Crawlable","true","","","Root-Relative","//body/div[3]/footer/div/div[1]/div[1]/div/img[1]","Footer","HTML"
"Image","https://www.strique.io/product","https://www.strique.io/images/badge-google-partner.svg","0","Google Partner","","200","OK","Crawlable","true","","","Root-Relative","//body/div[3]/footer/div/div[1]/div[1]/div/img[1]","Footer","HTML"
"Image","https://www.strique.io/terms","https://www.strique.io/images/badge-google-partner.svg","0","Google Partner","","200","OK","Crawlable","true","","","Root-Relative","//body/div[3]/footer/div/div[1]/div[1]/div/img[1]","Footer","HTML"
"Image","https://www.strique.io/for","https://www.strique.io/images/badge-google-partner.svg","0","Google Partner","","200","OK","Crawlable","true","","","Root-Relative","//body/div[3]/footer/div/div[1]/div[1]/div/img[1]","Footer","HTML"
"Image","https://www.strique.io/pricing","https://www.strique.io/images/badge-google-partner.svg","0","Google Partner","","200","OK","Crawlable","true","","","Root-Relative","//body/div[3]/footer/div/div[1]/div[1]/div/img[1]","Footer","HTML"
"Image","https://www.strique.io/solutions","https://www.strique.io/images/badge-google-partner.svg","0","Google Partner","","200","OK","Crawlable","true","","","Root-Relative","//body/div[3]/footer/div/div[1]/div[1]/div/img[1]","Footer","HTML"
"Image","https://www.strique.io/privacy-policy","https://www.strique.io/images/badge-google-partner.svg","0","Google Partner","","200","OK","Crawlable","true","","","Root-Relative","//body/div[3]/footer/div/div[1]/div[1]/div/img[1]","Footer","HTML"
"Image","https://www.strique.io/trust-center","https://www.strique.io/images/badge-google-partner.svg","0","Google Partner","","200","OK","Crawlable","true","","","Root-Relative","//body/div[3]/footer/div/div[1]/div[1]/div/img[1]","Footer","HTML"
"Image","https://www.strique.io/about","https://www.strique.io/images/badge-google-partner.svg","0","Google Partner","","200","OK","Crawlable","true","","","Root-Relative","//body/div[3]/footer/div/div[1]/div[1]/div/img[1]","Footer","HTML"
"Image","https://www.strique.io/security","https://www.strique.io/images/badge-google-partner.svg","0","Google Partner","","200","OK","Crawlable","true","","","Root-Relative","//body/div[3]/footer/div/div[1]/div[1]/div/img[1]","Footer","HTML"
"Image","https://www.strique.io/careers","https://www.strique.io/images/badge-google-partner.svg","0","Google Partner","","200","OK","Crawlable","true","","","Root-Relative","//body/div[3]/footer/div/div[1]/div[1]/div/img[1]","Footer","HTML"
"Image","https://www.strique.io/customers/crimzon","https://www.strique.io/images/badge-google-partner.svg","0","Google Partner","","200","OK","Crawlable","true","","","Root-Relative","//body/div[3]/footer/div/div[1]/div[1]/div/img[1]","Footer","HTML"
"Image","https://www.strique.io/integrations","https://www.strique.io/images/badge-google-partner.svg","0","Google Partner","","200","OK","Crawlable","true","","","Root-Relative","//body/div[3]/footer/div/div[1]/div[1]/div/img[1]","Footer","HTML"
"Image","https://www.strique.io/integrations/hubspot","https://www.strique.io/images/badge-google-partner.svg","0","Google Partner","","200","OK","Crawlable","true","","","Root-Relative","//body/div[3]/footer/div/div[1]/div[1]/div/img[1]","Footer","HTML"
"Image","https://www.strique.io/contact?intent=careers","https://www.strique.io/images/badge-google-partner.svg","0","Google Partner","","200","OK","Crawlable","true","","","Root-Relative","//body/div[3]/footer/div/div[1]/div[1]/div/img[1]","Footer","HTML"
"Image","https://www.strique.io/integrations/google-ads","https://www.strique.io/images/badge-google-partner.svg","0","Google Partner","","200","OK","Crawlable","true","","","Root-Relative","//body/div[3]/footer/div/div[1]/div[1]/div/img[1]","Footer","HTML"
"Image","https://www.strique.io/integrations/meta-ads","https://www.strique.io/images/badge-google-partner.svg","0","Google Partner","","200","OK","Crawlable","true","","","Root-Relative","//body/div[3]/footer/div/div[1]/div[1]/div/img[1]","Footer","HTML"
"Image","https://www.strique.io/careers/ai-apprentice-program","https://www.strique.io/images/badge-google-partner.svg","0","Google Partner","","200","OK","Crawlable","true","","","Root-Relative","//body/div[3]/footer/div/div[1]/div[1]/div/img[1]","Footer","HTML"
"Image","https://www.strique.io/careers/founding-customer-engineer","https://www.strique.io/images/badge-google-partner.svg","0","Google Partner","","200","OK","Crawlable","true","","","Root-Relative","//body/div[3]/footer/div/div[1]/div[1]/div/img[1]","Footer","HTML"
"Image","https://www.strique.io/careers/revenue-marketer","https://www.strique.io/images/badge-google-partner.svg","0","Google Partner","","200","OK","Crawlable","true","","","Root-Relative","//body/div[3]/footer/div/div[1]/div[1]/div/img[1]","Footer","HTML"
"Image","https://www.strique.io/careers/senior-full-stack-engineer","https://www.strique.io/images/badge-google-partner.svg","0","Google Partner","","200","OK","Crawlable","true","","","Root-Relative","//body/div[3]/footer/div/div[1]/div[1]/div/img[1]","Footer","HTML"
"Image","https://www.strique.io/careers/product-designer","https://www.strique.io/images/badge-google-partner.svg","0","Google Partner","","200","OK","Crawlable","true","","","Root-Relative","//body/div[3]/footer/div/div[1]/div[1]/div/img[1]","Footer","HTML"
"Image","https://www.strique.io/careers/agent-infrastructure-engineer","https://www.strique.io/images/badge-google-partner.svg","0","Google Partner","","200","OK","Crawlable","true","","","Root-Relative","//body/div[3]/footer/div/div[1]/div[1]/div/img[1]","Footer","HTML"
"Image","https://www.strique.io/careers/applied-ml-researcher","https://www.strique.io/images/badge-google-partner.svg","0","Google Partner","","200","OK","Crawlable","true","","","Root-Relative","//body/div[3]/footer/div/div[1]/div[1]/div/img[1]","Footer","HTML"
"Image","https://www.strique.io/careers/founding-growth-engineer","https://www.strique.io/images/badge-google-partner.svg","0","Google Partner","","200","OK","Crawlable","true","","","Root-Relative","//body/div[3]/footer/div/div[1]/div[1]/div/img[1]","Footer","HTML"
"Image","https://www.strique.io/solutions/local-services","https://www.strique.io/images/badge-google-partner.svg","0","Google Partner","","200","OK","Crawlable","true","","","Root-Relative","//body/div[3]/footer/div/div[1]/div[1]/div/img[1]","Footer","HTML"
"Image","https://www.strique.io/solutions/agencies","https://www.strique.io/images/badge-google-partner.svg","0","Google Partner","","200","OK","Crawlable","true","","","Root-Relative","//body/div[3]/footer/div/div[1]/div[1]/div/img[1]","Footer","HTML"
"Image","https://www.strique.io/solutions/b2b-saas","https://www.strique.io/images/badge-google-partner.svg","0","Google Partner","","200","OK","Crawlable","true","","","Root-Relative","//body/div[3]/footer/div/div[1]/div[1]/div/img[1]","Footer","HTML"
"Image","https://www.strique.io/solutions/ecommerce","https://www.strique.io/images/badge-google-partner.svg","0","Google Partner","","200","OK","Crawlable","true","","","Root-Relative","//body/div[3]/footer/div/div[1]/div[1]/div/img[1]","Footer","HTML"
"Image","https://www.strique.io/contact?intent=sales","https://www.strique.io/images/badge-google-partner.svg","0","Google Partner","","200","OK","Crawlable","true","","","Root-Relative","//body/div[3]/footer/div/div[1]/div[1]/div/img[1]","Footer","HTML"
"Image","https://www.strique.io/for/founders","https://www.strique.io/images/badge-google-partner.svg","0","Google Partner","","200","OK","Crawlable","true","","","Root-Relative","//body/div[3]/footer/div/div[1]/div[1]/div/img[1]","Footer","HTML"
"Image","https://www.strique.io/for/cmos","https://www.strique.io/images/badge-google-partner.svg","0","Google Partner","","200","OK","Crawlable","true","","","Root-Relative","//body/div[3]/footer/div/div[1]/div[1]/div/img[1]","Footer","HTML"
"Image","https://www.strique.io/for/marketing-managers","https://www.strique.io/images/badge-google-partner.svg","0","Google Partner","","200","OK","Crawlable","true","","","Root-Relative","//body/div[3]/footer/div/div[1]/div[1]/div/img[1]","Footer","HTML"
"Image","https://www.strique.io/vs/strique-vs-jasper","https://www.strique.io/images/badge-google-partner.svg","0","Google Partner","","200","OK","Crawlable","true","","","Root-Relative","//body/div[3]/footer/div/div[1]/div[1]/div/img[1]","Footer","HTML"
"Image","https://www.strique.io/vs","https://www.strique.io/images/badge-google-partner.svg","0","Google Partner","","200","OK","Crawlable","true","","","Root-Relative","//body/div[3]/footer/div/div[1]/div[1]/div/img[1]","Footer","HTML"
"Image","https://www.strique.io/vs/strique-vs-adroll","https://www.strique.io/images/badge-google-partner.svg","0","Google Partner","","200","OK","Crawlable","true","","","Root-Relative","//body/div[3]/footer/div/div[1]/div[1]/div/img[1]","Footer","HTML"
"Image","https://www.strique.io/contact?intent=demo","https://www.strique.io/images/badge-google-partner.svg","0","Google Partner","","200","OK","Crawlable","true","","","Root-Relative","//body/div[3]/footer/div/div[1]/div[1]/div/img[1]","Footer","HTML"
"Image","https://www.strique.io/contact?intent=careers&role=founding-growth-engineer","https://www.strique.io/images/badge-google-partner.svg","0","Google Partner","","200","OK","Crawlable","true","","","Root-Relative","//body/div[3]/footer/div/div[1]/div[1]/div/img[1]","Footer","HTML"
"Image","https://www.strique.io/contact?intent=careers&role=applied-ml-researcher","https://www.strique.io/images/badge-google-partner.svg","0","Google Partner","","200","OK","Crawlable","true","","","Root-Relative","//body/div[3]/footer/div/div[1]/div[1]/div/img[1]","Footer","HTML"
"Image","https://www.strique.io/contact?intent=careers&role=agent-infrastructure-engineer","https://www.strique.io/images/badge-google-partner.svg","0","Google Partner","","200","OK","Crawlable","true","","","Root-Relative","//body/div[3]/footer/div/div[1]/div[1]/div/img[1]","Footer","HTML"
"Image","https://www.strique.io/contact?intent=careers&role=product-designer","https://www.strique.io/images/badge-google-partner.svg","0","Google Partner","","200","OK","Crawlable","true","","","Root-Relative","//body/div[3]/footer/div/div[1]/div[1]/div/img[1]","Footer","HTML"
"Image","https://www.strique.io/contact?intent=careers&role=senior-full-stack-engineer","https://www.strique.io/images/badge-google-partner.svg","0","Google Partner","","200","OK","Crawlable","true","","","Root-Relative","//body/div[3]/footer/div/div[1]/div[1]/div/img[1]","Footer","HTML"
"Image","https://www.strique.io/contact?intent=careers&role=revenue-marketer","https://www.strique.io/images/badge-google-partner.svg","0","Google Partner","","200","OK","Crawlable","true","","","Root-Relative","//body/div[3]/footer/div/div[1]/div[1]/div/img[1]","Footer","HTML"
"Image","https://www.strique.io/contact?intent=careers&role=founding-customer-engineer","https://www.strique.io/images/badge-google-partner.svg","0","Google Partner","","200","OK","Crawlable","true","","","Root-Relative","//body/div[3]/footer/div/div[1]/div[1]/div/img[1]","Footer","HTML"
"Image","https://www.strique.io/contact?intent=careers&role=ai-apprentice-program","https://www.strique.io/images/badge-google-partner.svg","0","Google Partner","","200","OK","Crawlable","true","","","Root-Relative","//body/div[3]/footer/div/div[1]/div[1]/div/img[1]","Footer","HTML"
"Image","https://www.strique.io/","https://www.google.com/s2/favicons?domain=shopify.com&sz=64","0","Shopify","","0","Blocked by robots.txt","Crawlable","true","","","Absolute","//body/div[3]/main/div/section[6]/div[2]/div[1]/div/div[8]/img","Content","HTML"
"Image","https://www.strique.io/","https://www.google.com/s2/favicons?domain=shopify.com&sz=64","0","Shopify","","0","Blocked by robots.txt","Crawlable","true","","","Absolute","//body/div[3]/main/div/section[6]/div[2]/div[1]/div/div[18]/img","Content","HTML"
"Image","https://www.strique.io/","https://www.google.com/s2/favicons?domain=shopify.com&sz=64","0","Shopify","","0","Blocked by robots.txt","Crawlable","true","","","Absolute","//body/div[3]/main/div/section[6]/div[2]/div[2]/div/div[10]/img","Content","HTML"
"Image","https://www.strique.io/","https://www.google.com/s2/favicons?domain=shopify.com&sz=64","0","Shopify","","0","Blocked by robots.txt","Crawlable","true","","","Absolute","//body/div[3]/main/div/section[6]/div[2]/div[2]/div/div[20]/img","Content","HTML"
"Image","https://www.strique.io/product","https://www.google.com/s2/favicons?domain=shopify.com&sz=64","0","Shopify","","0","Blocked by robots.txt","Crawlable","true","","","Absolute","//body/div[3]/main/section[6]/div[2]/div[1]/div/div[8]/img","Content","HTML"
"Image","https://www.strique.io/product","https://www.google.com/s2/favicons?domain=shopify.com&sz=64","0","Shopify","","0","Blocked by robots.txt","Crawlable","true","","","Absolute","//body/div[3]/main/section[6]/div[2]/div[1]/div/div[18]/img","Content","HTML"
"Image","https://www.strique.io/product","https://www.google.com/s2/favicons?domain=shopify.com&sz=64","0","Shopify","","0","Blocked by robots.txt","Crawlable","true","","","Absolute","//body/div[3]/main/section[6]/div[2]/div[2]/div/div[10]/img","Content","HTML"
"Image","https://www.strique.io/product","https://www.google.com/s2/favicons?domain=shopify.com&sz=64","0","Shopify","","0","Blocked by robots.txt","Crawlable","true","","","Absolute","//body/div[3]/main/section[6]/div[2]/div[2]/div/div[20]/img","Content","HTML"
"Image","https://www.strique.io/","https://www.google.com/s2/favicons?domain=whatsapp.com&sz=64","0","WhatsApp","","0","Blocked by robots.txt","Crawlable","true","","","Absolute","//body/div[3]/main/div/section[6]/div[2]/div[2]/div/div[1]/img","Content","HTML"
"Image","https://www.strique.io/","https://www.google.com/s2/favicons?domain=whatsapp.com&sz=64","0","WhatsApp","","0","Blocked by robots.txt","Crawlable","true","","","Absolute","//body/div[3]/main/div/section[6]/div[2]/div[2]/div/div[11]/img","Content","HTML"
"Image","https://www.strique.io/product","https://www.google.com/s2/favicons?domain=whatsapp.com&sz=64","0","WhatsApp","","0","Blocked by robots.txt","Crawlable","true","","","Absolute","//body/div[3]/main/section[6]/div[2]/div[2]/div/div[1]/img","Content","HTML"
"Image","https://www.strique.io/product","https://www.google.com/s2/favicons?domain=whatsapp.com&sz=64","0","WhatsApp","","0","Blocked by robots.txt","Crawlable","true","","","Absolute","//body/div[3]/main/section[6]/div[2]/div[2]/div/div[11]/img","Content","HTML"
"Image","https://www.strique.io/","https://www.google.com/s2/favicons?domain=meta.com&sz=64","0","Meta Ads","","0","Blocked by robots.txt","Crawlable","true","","","Absolute","//body/div[3]/main/div/section[6]/div[2]/div[1]/div/div[1]/img","Content","HTML"
"Image","https://www.strique.io/","https://www.google.com/s2/favicons?domain=meta.com&sz=64","0","Meta Ads","","0","Blocked by robots.txt","Crawlable","true","","","Absolute","//body/div[3]/main/div/section[6]/div[2]/div[1]/div/div[11]/img","Content","HTML"
"Image","https://www.strique.io/product","https://www.google.com/s2/favicons?domain=meta.com&sz=64","0","Meta Ads","","0","Blocked by robots.txt","Crawlable","true","","","Absolute","//body/div[3]/main/section[6]/div[2]/div[1]/div/div[1]/img","Content","HTML"
"Image","https://www.strique.io/product","https://www.google.com/s2/favicons?domain=meta.com&sz=64","0","Meta Ads","","0","Blocked by robots.txt","Crawlable","true","","","Absolute","//body/div[3]/main/section[6]/div[2]/div[1]/div/div[11]/img","Content","HTML"
"Hyperlink","https://www.strique.io/","https://www.strique.io/contact","95723","","Contact","200","OK","Crawlable","true","","","Root-Relative","//body/div[3]/footer/div/div[1]/div[2]/div[2]/ul/li[3]/a","Footer","HTML"
"Hyperlink","https://www.strique.io/contact","https://www.strique.io/contact","95723","","Contact","200","OK","Crawlable","true","","","Root-Relative","//body/div[3]/footer/div/div[1]/div[2]/div[2]/ul/li[3]/a","Footer","HTML"
"Hyperlink","https://www.strique.io/customers/powerlook","https://www.strique.io/contact","95723","","Contact","200","OK","Crawlable","true","","","Root-Relative","//body/div[3]/footer/div/div[1]/div[2]/div[2]/ul/li[3]/a","Footer","HTML"
"Hyperlink","https://www.strique.io/customers/inc5","https://www.strique.io/contact","95723","","Contact","200","OK","Crawlable","true","","","Root-Relative","//body/div[3]/footer/div/div[1]/div[2]/div[2]/ul/li[3]/a","Footer","HTML"
"Hyperlink","https://www.strique.io/customers","https://www.strique.io/contact","95723","","Contact","200","OK","Crawlable","true","","","Root-Relative","//body/div[3]/footer/div/div[1]/div[2]/div[2]/ul/li[3]/a","Footer","HTML"
"Hyperlink","https://www.strique.io/product","https://www.strique.io/contact","95723","","Contact","200","OK","Crawlable","true","","","Root-Relative","//body/div[3]/footer/div/div[1]/div[2]/div[2]/ul/li[3]/a","Footer","HTML"
"Hyperlink","https://www.strique.io/terms","https://www.strique.io/contact","95723","","Contact","200","OK","Crawlable","true","","","Root-Relative","//body/div[3]/footer/div/div[1]/div[2]/div[2]/ul/li[3]/a","Footer","HTML"
"Hyperlink","https://www.strique.io/for","https://www.strique.io/contact","95723","","Talk to us","200","OK","Crawlable","true","","","Root-Relative","//body/div[3]/main/section[3]/div/div/div[@class='fig-final-cta-buttons']/a","Content","HTML"
"Hyperlink","https://www.strique.io/for","https://www.strique.io/contact","95723","","Contact","200","OK","Crawlable","true","","","Root-Relative","//body/div[3]/footer/div/div[1]/div[2]/div[2]/ul/li[3]/a","Footer","HTML"
"Hyperlink","https://www.strique.io/pricing","https://www.strique.io/contact","95723","","Talk to sales","200","OK","Crawlable","true","","","Root-Relative","//body/div[3]/main/section[2]/div/div[@class='pricing-grid']/div[4]/a","Content","HTML"
"Hyperlink","https://www.strique.io/pricing","https://www.strique.io/contact","95723","","Talk to sales","200","OK","Crawlable","true","","","Root-Relative","//body/div[3]/main/section[5]/div/div/div[@class='fig-final-cta-buttons']/a[2]","Content","HTML"
"Hyperlink","https://www.strique.io/pricing","https://www.strique.io/contact","95723","","Contact","200","OK","Crawlable","true","","","Root-Relative","//body/div[3]/footer/div/div[1]/div[2]/div[2]/ul/li[3]/a","Footer","HTML"
"Hyperlink","https://www.strique.io/solutions","https://www.strique.io/contact","95723","","Contact","200","OK","Crawlable","true","","","Root-Relative","//body/div[3]/footer/div/div[1]/div[2]/div[2]/ul/li[3]/a","Footer","HTML"
"Hyperlink","https://www.strique.io/privacy-policy","https://www.strique.io/contact","95723","","Contact","200","OK","Crawlable","true","","","Root-Relative","//body/div[3]/footer/div/div[1]/div[2]/div[2]/ul/li[3]/a","Footer","HTML"
"Hyperlink","https://www.strique.io/trust-center","https://www.strique.io/contact","95723","","Contact","200","OK","Crawlable","true","","","Root-Relative","//body/div[3]/footer/div/div[1]/div[2]/div[2]/ul/li[3]/a","Footer","HTML"
"Hyperlink","https://www.strique.io/about","https://www.strique.io/contact","95723","","Contact","200","OK","Crawlable","true","","","Root-Relative","//body/div[3]/footer/div/div[1]/div[2]/div[2]/ul/li[3]/a","Footer","HTML"
"Hyperlink","https://www.strique.io/security","https://www.strique.io/contact","95723","","Contact","200","OK","Crawlable","true","","","Root-Relative","//body/div[3]/footer/div/div[1]/div[2]/div[2]/ul/li[3]/a","Footer","HTML"
"Hyperlink","https://www.strique.io/careers","https://www.strique.io/contact","95723","","Contact","200","OK","Crawlable","true","","","Root-Relative","//body/div[3]/footer/div/div[1]/div[2]/div[2]/ul/li[3]/a","Footer","HTML"
"Hyperlink","https://www.strique.io/customers/crimzon","https://www.strique.io/contact","95723","","Contact","200","OK","Crawlable","true","","","Root-Relative","//body/div[3]/footer/div/div[1]/div[2]/div[2]/ul/li[3]/a","Footer","HTML"
"Hyperlink","https://www.strique.io/integrations","https://www.strique.io/contact","95723","","Contact","200","OK","Crawlable","true","","","Root-Relative","//body/div[3]/footer/div/div[1]/div[2]/div[2]/ul/li[3]/a","Footer","HTML"
"Hyperlink","https://www.strique.io/integrations/hubspot","https://www.strique.io/contact","95723","","Contact","200","OK","Crawlable","true","","","Root-Relative","//body/div[3]/footer/div/div[1]/div[2]/div[2]/ul/li[3]/a","Footer","HTML"
"Hyperlink","https://www.strique.io/contact?intent=careers","https://www.strique.io/contact","95723","","Contact","200","OK","Crawlable","true","","","Root-Relative","//body/div[3]/footer/div/div[1]/div[2]/div[2]/ul/li[3]/a","Footer","HTML"
"Hyperlink","https://www.strique.io/integrations/google-ads","https://www.strique.io/contact","95723","","Contact","200","OK","Crawlable","true","","","Root-Relative","//body/div[3]/footer/div/div[1]/div[2]/div[2]/ul/li[3]/a","Footer","HTML"
"Hyperlink","https://www.strique.io/integrations/meta-ads","https://www.strique.io/contact","95723","","Contact","200","OK","Crawlable","true","","","Root-Relative","//body/div[3]/footer/div/div[1]/div[2]/div[2]/ul/li[3]/a","Footer","HTML"
"Hyperlink","https://www.strique.io/careers/ai-apprentice-program","https://www.strique.io/contact","95723","","Contact","200","OK","Crawlable","true","","","Root-Relative","//body/div[3]/footer/div/div[1]/div[2]/div[2]/ul/li[3]/a","Footer","HTML"
"Hyperlink","https://www.strique.io/careers/founding-customer-engineer","https://www.strique.io/contact","95723","","Contact","200","OK","Crawlable","true","","","Root-Relative","//body/div[3]/footer/div/div[1]/div[2]/div[2]/ul/li[3]/a","Footer","HTML"
"Hyperlink","https://www.strique.io/careers/revenue-marketer","https://www.strique.io/contact","95723","","Contact","200","OK","Crawlable","true","","","Root-Relative","//body/div[3]/footer/div/div[1]/div[2]/div[2]/ul/li[3]/a","Footer","HTML"
"Hyperlink","https://www.strique.io/careers/senior-full-stack-engineer","https://www.strique.io/contact","95723","","Contact","200","OK","Crawlable","true","","","Root-Relative","//body/div[3]/footer/div/div[1]/div[2]/div[2]/ul/li[3]/a","Footer","HTML"
"Hyperlink","https://www.strique.io/careers/product-designer","https://www.strique.io/contact","95723","","Contact","200","OK","Crawlable","true","","","Root-Relative","//body/div[3]/footer/div/div[1]/div[2]/div[2]/ul/li[3]/a","Footer","HTML"
"Hyperlink","https://www.strique.io/careers/agent-infrastructure-engineer","https://www.strique.io/contact","95723","","Contact","200","OK","Crawlable","true","","","Root-Relative","//body/div[3]/footer/div/div[1]/div[2]/div[2]/ul/li[3]/a","Footer","HTML"
"Hyperlink","https://www.strique.io/careers/applied-ml-researcher","https://www.strique.io/contact","95723","","Contact","200","OK","Crawlable","true","","","Root-Relative","//body/div[3]/footer/div/div[1]/div[2]/div[2]/ul/li[3]/a","Footer","HTML"
"Hyperlink","https://www.strique.io/careers/founding-growth-engineer","https://www.strique.io/contact","95723","","Contact","200","OK","Crawlable","true","","","Root-Relative","//body/div[3]/footer/div/div[1]/div[2]/div[2]/ul/li[3]/a","Footer","HTML"
"Hyperlink","https://www.strique.io/solutions/local-services","https://www.strique.io/contact","95723","","Contact","200","OK","Crawlable","true","","","Root-Relative","//body/div[3]/footer/div/div[1]/div[2]/div[2]/ul/li[3]/a","Footer","HTML"
"Hyperlink","https://www.strique.io/solutions/agencies","https://www.strique.io/contact","95723","","Contact","200","OK","Crawlable","true","","","Root-Relative","//body/div[3]/footer/div/div[1]/div[2]/div[2]/ul/li[3]/a","Footer","HTML"
"Hyperlink","https://www.strique.io/solutions/b2b-saas","https://www.strique.io/contact","95723","","Contact","200","OK","Crawlable","true","","","Root-Relative","//body/div[3]/footer/div/div[1]/div[2]/div[2]/ul/li[3]/a","Footer","HTML"
"Hyperlink","https://www.strique.io/solutions/ecommerce","https://www.strique.io/contact","95723","","Contact","200","OK","Crawlable","true","","","Root-Relative","//body/div[3]/footer/div/div[1]/div[2]/div[2]/ul/li[3]/a","Footer","HTML"
"Hyperlink","https://www.strique.io/contact?intent=sales","https://www.strique.io/contact","95723","","Contact","200","OK","Crawlable","true","","","Root-Relative","//body/div[3]/footer/div/div[1]/div[2]/div[2]/ul/li[3]/a","Footer","HTML"
"Hyperlink","https://www.strique.io/for/founders","https://www.strique.io/contact","95723","","Contact","200","OK","Crawlable","true","","","Root-Relative","//body/div[3]/footer/div/div[1]/div[2]/div[2]/ul/li[3]/a","Footer","HTML"
"Hyperlink","https://www.strique.io/for/cmos","https://www.strique.io/contact","95723","","Contact","200","OK","Crawlable","true","","","Root-Relative","//body/div[3]/footer/div/div[1]/div[2]/div[2]/ul/li[3]/a","Footer","HTML"
"Hyperlink","https://www.strique.io/for/marketing-managers","https://www.strique.io/contact","95723","","Contact","200","OK","Crawlable","true","","","Root-Relative","//body/div[3]/footer/div/div[1]/div[2]/div[2]/ul/li[3]/a","Footer","HTML"
"Hyperlink","https://www.strique.io/vs/strique-vs-jasper","https://www.strique.io/contact","95723","","Contact","200","OK","Crawlable","true","","","Root-Relative","//body/div[3]/footer/div/div[1]/div[2]/div[2]/ul/li[3]/a","Footer","HTML"
"Hyperlink","https://www.strique.io/vs","https://www.strique.io/contact","95723","","Contact","200","OK","Crawlable","true","","","Root-Relative","//body/div[3]/footer/div/div[1]/div[2]/div[2]/ul/li[3]/a","Footer","HTML"
"Hyperlink","https://www.strique.io/vs/strique-vs-adroll","https://www.strique.io/contact","95723","","Contact","200","OK","Crawlable","true","","","Root-Relative","//body/div[3]/footer/div/div[1]/div[2]/div[2]/ul/li[3]/a","Footer","HTML"
"Hyperlink","https://www.strique.io/contact?intent=demo","https://www.strique.io/contact","95723","","Contact","200","OK","Crawlable","true","","","Root-Relative","//body/div[3]/footer/div/div[1]/div[2]/div[2]/ul/li[3]/a","Footer","HTML"
"Hyperlink","https://www.strique.io/contact?intent=careers&role=founding-growth-engineer","https://www.strique.io/contact","95723","","Contact","200","OK","Crawlable","true","","","Root-Relative","//body/div[3]/footer/div/div[1]/div[2]/div[2]/ul/li[3]/a","Footer","HTML"
"Hyperlink","https://www.strique.io/contact?intent=careers&role=applied-ml-researcher","https://www.strique.io/contact","95723","","Contact","200","OK","Crawlable","true","","","Root-Relative","//body/div[3]/footer/div/div[1]/div[2]/div[2]/ul/li[3]/a","Footer","HTML"
"Hyperlink","https://www.strique.io/contact?intent=careers&role=agent-infrastructure-engineer","https://www.strique.io/contact","95723","","Contact","200","OK","Crawlable","true","","","Root-Relative","//body/div[3]/footer/div/div[1]/div[2]/div[2]/ul/li[3]/a","Footer","HTML"
"Hyperlink","https://www.strique.io/contact?intent=careers&role=product-designer","https://www.strique.io/contact","95723","","Contact","200","OK","Crawlable","true","","","Root-Relative","//body/div[3]/footer/div/div[1]/div[2]/div[2]/ul/li[3]/a","Footer","HTML"
"Hyperlink","https://www.strique.io/contact?intent=careers&role=senior-full-stack-engineer","https://www.strique.io/contact","95723","","Contact","200","OK","Crawlable","true","","","Root-Relative","//body/div[3]/footer/div/div[1]/div[2]/div[2]/ul/li[3]/a","Footer","HTML"
"Hyperlink","https://www.strique.io/contact?intent=careers&role=revenue-marketer","https://www.strique.io/contact","95723","","Contact","200","OK","Crawlable","true","","","Root-Relative","//body/div[3]/footer/div/div[1]/div[2]/div[2]/ul/li[3]/a","Footer","HTML"
"Hyperlink","https://www.strique.io/contact?intent=careers&role=founding-customer-engineer","https://www.strique.io/contact","95723","","Contact","200","OK","Crawlable","true","","","Root-Relative","//body/div[3]/footer/div/div[1]/div[2]/div[2]/ul/li[3]/a","Footer","HTML"
"Hyperlink","https://www.strique.io/contact?intent=careers&role=ai-apprentice-program","https://www.strique.io/contact","95723","","Contact","200","OK","Crawlable","true","","","Root-Relative","//body/div[3]/footer/div/div[1]/div[2]/div[2]/ul/li[3]/a","Footer","HTML"
"HTML Canonical","https://www.strique.io/contact","https://www.strique.io/contact","95723","","","200","OK","Crawlable","true","","","Absolute","//head/link[12]","Head","HTML"
"HTML Canonical","https://www.strique.io/contact?intent=careers","https://www.strique.io/contact","95723","","","200","OK","Crawlable","true","","","Absolute","//head/link[12]","Head","HTML"
"HTML Canonical","https://www.strique.io/contact?intent=sales","https://www.strique.io/contact","95723","","","200","OK","Crawlable","true","","","Absolute","//head/link[12]","Head","HTML"
"HTML Canonical","https://www.strique.io/contact?intent=demo","https://www.strique.io/contact","95723","","","200","OK","Crawlable","true","","","Absolute","//head/link[12]","Head","HTML"
"HTML Canonical","https://www.strique.io/contact?intent=careers&role=founding-growth-engineer","https://www.strique.io/contact","95723","","","200","OK","Crawlable","true","","","Absolute","//head/link[12]","Head","HTML"
"HTML Canonical","https://www.strique.io/contact?intent=careers&role=applied-ml-researcher","https://www.strique.io/contact","95723","","","200","OK","Crawlable","true","","","Absolute","//head/link[12]","Head","HTML"
"HTML Canonical","https://www.strique.io/contact?intent=careers&role=agent-infrastructure-engineer","https://www.strique.io/contact","95723","","","200","OK","Crawlable","true","","","Absolute","//head/link[12]","Head","HTML"
"HTML Canonical","https://www.strique.io/contact?intent=careers&role=product-designer","https://www.strique.io/contact","95723","","","200","OK","Crawlable","true","","","Absolute","//head/link[12]","Head","HTML"
"HTML Canonical","https://www.strique.io/contact?intent=careers&role=senior-full-stack-engineer","https://www.strique.io/contact","95723","","","200","OK","Crawlable","true","","","Absolute","//head/link[12]","Head","HTML"
"HTML Canonical","https://www.strique.io/contact?intent=careers&role=revenue-marketer","https://www.strique.io/contact","95723","","","200","OK","Crawlable","true","","","Absolute","//head/link[12]","Head","HTML"
"HTML Canonical","https://www.strique.io/contact?intent=careers&role=founding-customer-engineer","https://www.strique.io/contact","95723","","","200","OK","Crawlable","true","","","Absolute","//head/link[12]","Head","HTML"
"HTML Canonical","https://www.strique.io/contact?intent=careers&role=ai-apprentice-program","https://www.strique.io/contact","95723","","","200","OK","Crawlable","true","","","Absolute","//head/link[12]","Head","HTML"
"Image","https://www.strique.io/","https://www.google.com/s2/favicons?domain=analytics.google.com&sz=64","0","Google Analytics","","0","Blocked by robots.txt","Crawlable","true","","","Absolute","//body/div[3]/main/div/section[6]/div[2]/div[2]/div/div[7]/img","Content","HTML"
"Image","https://www.strique.io/","https://www.google.com/s2/favicons?domain=analytics.google.com&sz=64","0","Google Analytics","","0","Blocked by robots.txt","Crawlable","true","","","Absolute","//body/div[3]/main/div/section[6]/div[2]/div[2]/div/div[17]/img","Content","HTML"
"Image","https://www.strique.io/product","https://www.google.com/s2/favicons?domain=analytics.google.com&sz=64","0","Google Analytics","","0","Blocked by robots.txt","Crawlable","true","","","Absolute","//body/div[3]/main/section[6]/div[2]/div[2]/div/div[7]/img","Content","HTML"
"Image","https://www.strique.io/product","https://www.google.com/s2/favicons?domain=analytics.google.com&sz=64","0","Google Analytics","","0","Blocked by robots.txt","Crawlable","true","","","Absolute","//body/div[3]/main/section[6]/div[2]/div[2]/div/div[17]/img","Content","HTML"
"Hyperlink","https://www.strique.io/","https://chat.strique.io/","0","","Get started","307","Temporary Redirect","Crawlable","true","","","Absolute","//body/div[3]/nav/div/div/a","Navigation","HTML"
"Hyperlink","https://www.strique.io/","https://chat.strique.io/","0","","Get started","307","Temporary Redirect","Crawlable","true","","","Absolute","//body/div[3]/div/div[2]/div/a","Content","HTML"
"Hyperlink","https://www.strique.io/","https://chat.strique.io/","0","","Get started","307","Temporary Redirect","Crawlable","true","","","Absolute","//body/div[3]/main/div/section[5]/div/div[@class='fig-for-advertisers-panel']/div[@class='fig-for-advertisers-tabs']/div/a","Content","HTML"
"Hyperlink","https://www.strique.io/","https://chat.strique.io/","0","","Get started","307","Temporary Redirect","Crawlable","true","","","Absolute","//body/div[3]/main/div/section[5]/div/div[@class='fig-for-advertisers-cta-mobile']/a","Content","HTML"
"Hyperlink","https://www.strique.io/","https://chat.strique.io/","0","","Launch your campaign","307","Temporary Redirect","Crawlable","true","","","Absolute","//body/div[3]/main/div/section[10]/div/div/div[@class='fig-cta-buttons']/a[@class='fig-cta-btn'][1]","Content","HTML"
"Hyperlink","https://www.strique.io/contact","https://chat.strique.io/","0","","Get started","307","Temporary Redirect","Crawlable","true","","","Absolute","//body/div[3]/nav/div/div/a","Navigation","HTML"
"Hyperlink","https://www.strique.io/contact","https://chat.strique.io/","0","","Get started","307","Temporary Redirect","Crawlable","true","","","Absolute","//body/div[3]/div/div[2]/div/a","Content","HTML"
"Hyperlink","https://www.strique.io/customers/powerlook","https://chat.strique.io/","0","","Get started","307","Temporary Redirect","Crawlable","true","","","Absolute","//body/div[3]/nav/div/div/a","Navigation","HTML"
"Hyperlink","https://www.strique.io/customers/powerlook","https://chat.strique.io/","0","","Get started","307","Temporary Redirect","Crawlable","true","","","Absolute","//body/div[3]/div/div[2]/div/a","Content","HTML"
"Hyperlink","https://www.strique.io/customers/inc5","https://chat.strique.io/","0","","Get started","307","Temporary Redirect","Crawlable","true","","","Absolute","//body/div[3]/nav/div/div/a","Navigation","HTML"
"Hyperlink","https://www.strique.io/customers/inc5","https://chat.strique.io/","0","","Get started","307","Temporary Redirect","Crawlable","true","","","Absolute","//body/div[3]/div/div[2]/div/a","Content","HTML"
"Hyperlink","https://www.strique.io/customers","https://chat.strique.io/","0","","Get started","307","Temporary Redirect","Crawlable","true","","","Absolute","//body/div[3]/nav/div/div/a","Navigation","HTML"
"Hyperlink","https://www.strique.io/customers","https://chat.strique.io/","0","","Get started","307","Temporary Redirect","Crawlable","true","","","Absolute","//body/div[3]/div/div[2]/div/a","Content","HTML"
"Hyperlink","https://www.strique.io/product","https://chat.strique.io/","0","","Get started","307","Temporary Redirect","Crawlable","true","","","Absolute","//body/div[3]/nav/div/div/a","Navigation","HTML"
"Hyperlink","https://www.strique.io/product","https://chat.strique.io/","0","","Get started","307","Temporary Redirect","Crawlable","true","","","Absolute","//body/div[3]/div/div[2]/div/a","Content","HTML"
"Hyperlink","https://www.strique.io/product","https://chat.strique.io/","0","","Get started","307","Temporary Redirect","Crawlable","true","","","Absolute","//body/div[3]/main/section[7]/div/div/div[@class='fig-final-cta-buttons']/a[1]","Content","HTML"
"Hyperlink","https://www.strique.io/terms","https://chat.strique.io/","0","","Get started","307","Temporary Redirect","Crawlable","true","","","Absolute","//body/div[3]/nav/div/div/a","Navigation","HTML"
"Hyperlink","https://www.strique.io/terms","https://chat.strique.io/","0","","Get started","307","Temporary Redirect","Crawlable","true","","","Absolute","//body/div[3]/div/div[2]/div/a","Content","HTML"
"Hyperlink","https://www.strique.io/for","https://chat.strique.io/","0","","Get started","307","Temporary Redirect","Crawlable","true","","","Absolute","//body/div[3]/nav/div/div/a","Navigation","HTML"
"Hyperlink","https://www.strique.io/for","https://chat.strique.io/","0","","Get started","307","Temporary Redirect","Crawlable","true","","","Absolute","//body/div[3]/div/div[2]/div/a","Content","HTML"
"Hyperlink","https://www.strique.io/pricing","https://chat.strique.io/","0","","Get started","307","Temporary Redirect","Crawlable","true","","","Absolute","//body/div[3]/nav/div/div/a","Navigation","HTML"
"Hyperlink","https://www.strique.io/pricing","https://chat.strique.io/","0","","Get started","307","Temporary Redirect","Crawlable","true","","","Absolute","//body/div[3]/div/div[2]/div/a","Content","HTML"
"Hyperlink","https://www.strique.io/pricing","https://chat.strique.io/","0","","Get started","307","Temporary Redirect","Crawlable","true","","","Absolute","//body/div[3]/main/section[2]/div/div[@class='pricing-grid']/div[1]/a","Content","HTML"
"Hyperlink","https://www.strique.io/pricing","https://chat.strique.io/","0","","Get started","307","Temporary Redirect","Crawlable","true","","","Absolute","//body/div[3]/main/section[2]/div/div[@class='pricing-grid']/div[2]/a","Content","HTML"
"Hyperlink","https://www.strique.io/pricing","https://chat.strique.io/","0","","Get started","307","Temporary Redirect","Crawlable","true","","","Absolute","//body/div[3]/main/section[2]/div/div[@class='pricing-grid']/div[3]/a","Content","HTML"
"Hyperlink","https://www.strique.io/pricing","https://chat.strique.io/","0","","Get started","307","Temporary Redirect","Crawlable","true","","","Absolute","//body/div[3]/main/section[5]/div/div/div[@class='fig-final-cta-buttons']/a[1]","Content","HTML"
"Hyperlink","https://www.strique.io/solutions","https://chat.strique.io/","0","","Get started","307","Temporary Redirect","Crawlable","true","","","Absolute","//body/div[3]/nav/div/div/a","Navigation","HTML"
"Hyperlink","https://www.strique.io/solutions","https://chat.strique.io/","0","","Get started","307","Temporary Redirect","Crawlable","true","","","Absolute","//body/div[3]/div/div[2]/div/a","Content","HTML"
"Hyperlink","https://www.strique.io/privacy-policy","https://chat.strique.io/","0","","Get started","307","Temporary Redirect","Crawlable","true","","","Absolute","//body/div[3]/nav/div/div/a","Navigation","HTML"
"Hyperlink","https://www.strique.io/privacy-policy","https://chat.strique.io/","0","","Get started","307","Temporary Redirect","Crawlable","true","","","Absolute","//body/div[3]/div/div[2]/div/a","Content","HTML"
"Hyperlink","https://www.strique.io/trust-center","https://chat.strique.io/","0","","Get started","307","Temporary Redirect","Crawlable","true","","","Absolute","//body/div[3]/nav/div/div/a","Navigation","HTML"
"Hyperlink","https://www.strique.io/trust-center","https://chat.strique.io/","0","","Get started","307","Temporary Redirect","Crawlable","true","","","Absolute","//body/div[3]/div/div[2]/div/a","Content","HTML"
"Hyperlink","https://www.strique.io/about","https://chat.strique.io/","0","","Get started","307","Temporary Redirect","Crawlable","true","","","Absolute","//body/div[3]/nav/div/div/a","Navigation","HTML"
"Hyperlink","https://www.strique.io/about","https://chat.strique.io/","0","","Get started","307","Temporary Redirect","Crawlable","true","","","Absolute","//body/div[3]/div/div[2]/div/a","Content","HTML"
"Hyperlink","https://www.strique.io/security","https://chat.strique.io/","0","","Get started","307","Temporary Redirect","Crawlable","true","","","Absolute","//body/div[3]/nav/div/div/a","Navigation","HTML"
"Hyperlink","https://www.strique.io/security","https://chat.strique.io/","0","","Get started","307","Temporary Redirect","Crawlable","true","","","Absolute","//body/div[3]/div/div[2]/div/a","Content","HTML"
"Hyperlink","https://www.strique.io/careers","https://chat.strique.io/","0","","Get started","307","Temporary Redirect","Crawlable","true","","","Absolute","//body/div[3]/nav/div/div/a","Navigation","HTML"
"Hyperlink","https://www.strique.io/careers","https://chat.strique.io/","0","","Get started","307","Temporary Redirect","Crawlable","true","","","Absolute","//body/div[3]/div/div[2]/div/a","Content","HTML"
"Hyperlink","https://www.strique.io/customers/crimzon","https://chat.strique.io/","0","","Get started","307","Temporary Redirect","Crawlable","true","","","Absolute","//body/div[3]/nav/div/div/a","Navigation","HTML"
"Hyperlink","https://www.strique.io/customers/crimzon","https://chat.strique.io/","0","","Get started","307","Temporary Redirect","Crawlable","true","","","Absolute","//body/div[3]/div/div[2]/div/a","Content","HTML"
"Hyperlink","https://www.strique.io/integrations","https://chat.strique.io/","0","","Get started","307","Temporary Redirect","Crawlable","true","","","Absolute","//body/div[3]/nav/div/div/a","Navigation","HTML"
"Hyperlink","https://www.strique.io/integrations","https://chat.strique.io/","0","","Get started","307","Temporary Redirect","Crawlable","true","","","Absolute","//body/div[3]/div/div[2]/div/a","Content","HTML"
"Hyperlink","https://www.strique.io/integrations/hubspot","https://chat.strique.io/","0","","Get started","307","Temporary Redirect","Crawlable","true","","","Absolute","//body/div[3]/nav/div/div/a","Navigation","HTML"
"Hyperlink","https://www.strique.io/integrations/hubspot","https://chat.strique.io/","0","","Get started","307","Temporary Redirect","Crawlable","true","","","Absolute","//body/div[3]/div/div[2]/div/a","Content","HTML"
"Hyperlink","https://www.strique.io/integrations/hubspot","https://chat.strique.io/","0","","Get connected","307","Temporary Redirect","Crawlable","true","","","Absolute","//body/div[3]/main/section[1]/div[@class='fig-page-padded']/div/a[@class='btn-fill-to-dark']","Content","HTML"
"Hyperlink","https://www.strique.io/integrations/hubspot","https://chat.strique.io/","0","","Get started","307","Temporary Redirect","Crawlable","true","","","Absolute","//body/div[3]/main/section[3]/div/div/div[@class='fig-final-cta-buttons']/a","Content","HTML"
"Hyperlink","https://www.strique.io/contact?intent=careers","https://chat.strique.io/","0","","Get started","307","Temporary Redirect","Crawlable","true","","","Absolute","//body/div[3]/nav/div/div/a","Navigation","HTML"
"Hyperlink","https://www.strique.io/contact?intent=careers","https://chat.strique.io/","0","","Get started","307","Temporary Redirect","Crawlable","true","","","Absolute","//body/div[3]/div/div[2]/div/a","Content","HTML"
"Hyperlink","https://www.strique.io/integrations/google-ads","https://chat.strique.io/","0","","Get started","307","Temporary Redirect","Crawlable","true","","","Absolute","//body/div[3]/nav/div/div/a","Navigation","HTML"
"Hyperlink","https://www.strique.io/integrations/google-ads","https://chat.strique.io/","0","","Get started","307","Temporary Redirect","Crawlable","true","","","Absolute","//body/div[3]/div/div[2]/div/a","Content","HTML"
"Hyperlink","https://www.strique.io/integrations/google-ads","https://chat.strique.io/","0","","Get connected","307","Temporary Redirect","Crawlable","true","","","Absolute","//body/div[3]/main/section[1]/div[@class='fig-page-padded']/div/a[@class='btn-fill-to-dark']","Content","HTML"
"Hyperlink","https://www.strique.io/integrations/google-ads","https://chat.strique.io/","0","","Get started","307","Temporary Redirect","Crawlable","true","","","Absolute","//body/div[3]/main/section[3]/div/div/div[@class='fig-final-cta-buttons']/a","Content","HTML"
"Hyperlink","https://www.strique.io/integrations/meta-ads","https://chat.strique.io/","0","","Get started","307","Temporary Redirect","Crawlable","true","","","Absolute","//body/div[3]/nav/div/div/a","Navigation","HTML"
"Hyperlink","https://www.strique.io/integrations/meta-ads","https://chat.strique.io/","0","","Get started","307","Temporary Redirect","Crawlable","true","","","Absolute","//body/div[3]/div/div[2]/div/a","Content","HTML"
"Hyperlink","https://www.strique.io/integrations/meta-ads","https://chat.strique.io/","0","","Get connected","307","Temporary Redirect","Crawlable","true","","","Absolute","//body/div[3]/main/section[1]/div[@class='fig-page-padded']/div/a[@class='btn-fill-to-dark']","Content","HTML"
"Hyperlink","https://www.strique.io/integrations/meta-ads","https://chat.strique.io/","0","","Get started","307","Temporary Redirect","Crawlable","true","","","Absolute","//body/div[3]/main/section[3]/div/div/div[@class='fig-final-cta-buttons']/a","Content","HTML"
"Hyperlink","https://www.strique.io/careers/ai-apprentice-program","https://chat.strique.io/","0","","Get started","307","Temporary Redirect","Crawlable","true","","","Absolute","//body/div[3]/nav/div/div/a","Navigation","HTML"
"Hyperlink","https://www.strique.io/careers/ai-apprentice-program","https://chat.strique.io/","0","","Get started","307","Temporary Redirect","Crawlable","true","","","Absolute","//body/div[3]/div/div[2]/div/a","Content","HTML"
"Hyperlink","https://www.strique.io/careers/founding-customer-engineer","https://chat.strique.io/","0","","Get started","307","Temporary Redirect","Crawlable","true","","","Absolute","//body/div[3]/nav/div/div/a","Navigation","HTML"
"Hyperlink","https://www.strique.io/careers/founding-customer-engineer","https://chat.strique.io/","0","","Get started","307","Temporary Redirect","Crawlable","true","","","Absolute","//body/div[3]/div/div[2]/div/a","Content","HTML"
"Hyperlink","https://www.strique.io/careers/revenue-marketer","https://chat.strique.io/","0","","Get started","307","Temporary Redirect","Crawlable","true","","","Absolute","//body/div[3]/nav/div/div/a","Navigation","HTML"
"Hyperlink","https://www.strique.io/careers/revenue-marketer","https://chat.strique.io/","0","","Get started","307","Temporary Redirect","Crawlable","true","","","Absolute","//body/div[3]/div/div[2]/div/a","Content","HTML"
"Hyperlink","https://www.strique.io/careers/senior-full-stack-engineer","https://chat.strique.io/","0","","Get started","307","Temporary Redirect","Crawlable","true","","","Absolute","//body/div[3]/nav/div/div/a","Navigation","HTML"
"Hyperlink","https://www.strique.io/careers/senior-full-stack-engineer","https://chat.strique.io/","0","","Get started","307","Temporary Redirect","Crawlable","true","","","Absolute","//body/div[3]/div/div[2]/div/a","Content","HTML"
"Hyperlink","https://www.strique.io/careers/product-designer","https://chat.strique.io/","0","","Get started","307","Temporary Redirect","Crawlable","true","","","Absolute","//body/div[3]/nav/div/div/a","Navigation","HTML"
"Hyperlink","https://www.strique.io/careers/product-designer","https://chat.strique.io/","0","","Get started","307","Temporary Redirect","Crawlable","true","","","Absolute","//body/div[3]/div/div[2]/div/a","Content","HTML"
"Hyperlink","https://www.strique.io/careers/agent-infrastructure-engineer","https://chat.strique.io/","0","","Get started","307","Temporary Redirect","Crawlable","true","","","Absolute","//body/div[3]/nav/div/div/a","Navigation","HTML"
"Hyperlink","https://www.strique.io/careers/agent-infrastructure-engineer","https://chat.strique.io/","0","","Get started","307","Temporary Redirect","Crawlable","true","","","Absolute","//body/div[3]/div/div[2]/div/a","Content","HTML"
"Hyperlink","https://www.strique.io/careers/applied-ml-researcher","https://chat.strique.io/","0","","Get started","307","Temporary Redirect","Crawlable","true","","","Absolute","//body/div[3]/nav/div/div/a","Navigation","HTML"
"Hyperlink","https://www.strique.io/careers/applied-ml-researcher","https://chat.strique.io/","0","","Get started","307","Temporary Redirect","Crawlable","true","","","Absolute","//body/div[3]/div/div[2]/div/a","Content","HTML"
"Hyperlink","https://www.strique.io/careers/founding-growth-engineer","https://chat.strique.io/","0","","Get started","307","Temporary Redirect","Crawlable","true","","","Absolute","//body/div[3]/nav/div/div/a","Navigation","HTML"
"Hyperlink","https://www.strique.io/careers/founding-growth-engineer","https://chat.strique.io/","0","","Get started","307","Temporary Redirect","Crawlable","true","","","Absolute","//body/div[3]/div/div[2]/div/a","Content","HTML"
"Hyperlink","https://www.strique.io/solutions/local-services","https://chat.strique.io/","0","","Get started","307","Temporary Redirect","Crawlable","true","","","Absolute","//body/div[3]/nav/div/div/a","Navigation","HTML"
"Hyperlink","https://www.strique.io/solutions/local-services","https://chat.strique.io/","0","","Get started","307","Temporary Redirect","Crawlable","true","","","Absolute","//body/div[3]/div/div[2]/div/a","Content","HTML"
"Hyperlink","https://www.strique.io/solutions/local-services","https://chat.strique.io/","0","","Get started","307","Temporary Redirect","Crawlable","true","","","Absolute","//body/div[3]/main/section[4]/div/div/div[@class='fig-final-cta-buttons']/a","Content","HTML"
"Hyperlink","https://www.strique.io/solutions/agencies","https://chat.strique.io/","0","","Get started","307","Temporary Redirect","Crawlable","true","","","Absolute","//body/div[3]/nav/div/div/a","Navigation","HTML"
"Hyperlink","https://www.strique.io/solutions/agencies","https://chat.strique.io/","0","","Get started","307","Temporary Redirect","Crawlable","true","","","Absolute","//body/div[3]/div/div[2]/div/a","Content","HTML"
"Hyperlink","https://www.strique.io/solutions/agencies","https://chat.strique.io/","0","","Get started","307","Temporary Redirect","Crawlable","true","","","Absolute","//body/div[3]/main/section[4]/div/div/div[@class='fig-final-cta-buttons']/a","Content","HTML"
"Hyperlink","https://www.strique.io/solutions/b2b-saas","https://chat.strique.io/","0","","Get started","307","Temporary Redirect","Crawlable","true","","","Absolute","//body/div[3]/nav/div/div/a","Navigation","HTML"
"Hyperlink","https://www.strique.io/solutions/b2b-saas","https://chat.strique.io/","0","","Get started","307","Temporary Redirect","Crawlable","true","","","Absolute","//body/div[3]/div/div[2]/div/a","Content","HTML"
"Hyperlink","https://www.strique.io/solutions/b2b-saas","https://chat.strique.io/","0","","Get started","307","Temporary Redirect","Crawlable","true","","","Absolute","//body/div[3]/main/section[4]/div/div/div[@class='fig-final-cta-buttons']/a","Content","HTML"
"Hyperlink","https://www.strique.io/solutions/ecommerce","https://chat.strique.io/","0","","Get started","307","Temporary Redirect","Crawlable","true","","","Absolute","//body/div[3]/nav/div/div/a","Navigation","HTML"
"Hyperlink","https://www.strique.io/solutions/ecommerce","https://chat.strique.io/","0","","Get started","307","Temporary Redirect","Crawlable","true","","","Absolute","//body/div[3]/div/div[2]/div/a","Content","HTML"
"Hyperlink","https://www.strique.io/solutions/ecommerce","https://chat.strique.io/","0","","Get started","307","Temporary Redirect","Crawlable","true","","","Absolute","//body/div[3]/main/section[4]/div/div/div[@class='fig-final-cta-buttons']/a","Content","HTML"
"Hyperlink","https://www.strique.io/contact?intent=sales","https://chat.strique.io/","0","","Get started","307","Temporary Redirect","Crawlable","true","","","Absolute","//body/div[3]/nav/div/div/a","Navigation","HTML"
"Hyperlink","https://www.strique.io/contact?intent=sales","https://chat.strique.io/","0","","Get started","307","Temporary Redirect","Crawlable","true","","","Absolute","//body/div[3]/div/div[2]/div/a","Content","HTML"
"Hyperlink","https://www.strique.io/for/founders","https://chat.strique.io/","0","","Get started","307","Temporary Redirect","Crawlable","true","","","Absolute","//body/div[3]/nav/div/div/a","Navigation","HTML"
"Hyperlink","https://www.strique.io/for/founders","https://chat.strique.io/","0","","Get started","307","Temporary Redirect","Crawlable","true","","","Absolute","//body/div[3]/div/div[2]/div/a","Content","HTML"
"Hyperlink","https://www.strique.io/for/cmos","https://chat.strique.io/","0","","Get started","307","Temporary Redirect","Crawlable","true","","","Absolute","//body/div[3]/nav/div/div/a","Navigation","HTML"
"Hyperlink","https://www.strique.io/for/cmos","https://chat.strique.io/","0","","Get started","307","Temporary Redirect","Crawlable","true","","","Absolute","//body/div[3]/div/div[2]/div/a","Content","HTML"
"Hyperlink","https://www.strique.io/for/marketing-managers","https://chat.strique.io/","0","","Get started","307","Temporary Redirect","Crawlable","true","","","Absolute","//body/div[3]/nav/div/div/a","Navigation","HTML"
"Hyperlink","https://www.strique.io/for/marketing-managers","https://chat.strique.io/","0","","Get started","307","Temporary Redirect","Crawlable","true","","","Absolute","//body/div[3]/div/div[2]/div/a","Content","HTML"
"Hyperlink","https://www.strique.io/vs/strique-vs-jasper","https://chat.strique.io/","0","","Get started","307","Temporary Redirect","Crawlable","true","","","Absolute","//body/div[3]/nav/div/div/a","Navigation","HTML"
"Hyperlink","https://www.strique.io/vs/strique-vs-jasper","https://chat.strique.io/","0","","Get started","307","Temporary Redirect","Crawlable","true","","","Absolute","//body/div[3]/div/div[2]/div/a","Content","HTML"
"Hyperlink","https://www.strique.io/vs/strique-vs-jasper","https://chat.strique.io/","0","","Try Strique","307","Temporary Redirect","Crawlable","true","","","Absolute","//body/div[3]/main/section[1]/div[@class='fig-page-padded']/div/a[@class='btn-fill-to-dark']","Content","HTML"
"Hyperlink","https://www.strique.io/vs/strique-vs-jasper","https://chat.strique.io/","0","","Get started","307","Temporary Redirect","Crawlable","true","","","Absolute","//body/div[3]/main/section[5]/div/div/div[@class='fig-final-cta-buttons']/a","Content","HTML"
"Hyperlink","https://www.strique.io/vs","https://chat.strique.io/","0","","Get started","307","Temporary Redirect","Crawlable","true","","","Absolute","//body/div[3]/nav/div/div/a","Navigation","HTML"
"Hyperlink","https://www.strique.io/vs","https://chat.strique.io/","0","","Get started","307","Temporary Redirect","Crawlable","true","","","Absolute","//body/div[3]/div/div[2]/div/a","Content","HTML"
"Hyperlink","https://www.strique.io/vs/strique-vs-adroll","https://chat.strique.io/","0","","Get started","307","Temporary Redirect","Crawlable","true","","","Absolute","//body/div[3]/nav/div/div/a","Navigation","HTML"
"Hyperlink","https://www.strique.io/vs/strique-vs-adroll","https://chat.strique.io/","0","","Get started","307","Temporary Redirect","Crawlable","true","","","Absolute","//body/div[3]/div/div[2]/div/a","Content","HTML"
"Hyperlink","https://www.strique.io/vs/strique-vs-adroll","https://chat.strique.io/","0","","Try Strique","307","Temporary Redirect","Crawlable","true","","","Absolute","//body/div[3]/main/section[1]/div[@class='fig-page-padded']/div/a[@class='btn-fill-to-dark']","Content","HTML"
"Hyperlink","https://www.strique.io/vs/strique-vs-adroll","https://chat.strique.io/","0","","Get started","307","Temporary Redirect","Crawlable","true","","","Absolute","//body/div[3]/main/section[5]/div/div/div[@class='fig-final-cta-buttons']/a","Content","HTML"
"Hyperlink","https://www.strique.io/contact?intent=demo","https://chat.strique.io/","0","","Get started","307","Temporary Redirect","Crawlable","true","","","Absolute","//body/div[3]/nav/div/div/a","Navigation","HTML"
"Hyperlink","https://www.strique.io/contact?intent=demo","https://chat.strique.io/","0","","Get started","307","Temporary Redirect","Crawlable","true","","","Absolute","//body/div[3]/div/div[2]/div/a","Content","HTML"
"Hyperlink","https://www.strique.io/contact?intent=careers&role=founding-growth-engineer","https://chat.strique.io/","0","","Get started","307","Temporary Redirect","Crawlable","true","","","Absolute","//body/div[3]/nav/div/div/a","Navigation","HTML"
"Hyperlink","https://www.strique.io/contact?intent=careers&role=founding-growth-engineer","https://chat.strique.io/","0","","Get started","307","Temporary Redirect","Crawlable","true","","","Absolute","//body/div[3]/div/div[2]/div/a","Content","HTML"
"Hyperlink","https://www.strique.io/contact?intent=careers&role=applied-ml-researcher","https://chat.strique.io/","0","","Get started","307","Temporary Redirect","Crawlable","true","","","Absolute","//body/div[3]/nav/div/div/a","Navigation","HTML"
"Hyperlink","https://www.strique.io/contact?intent=careers&role=applied-ml-researcher","https://chat.strique.io/","0","","Get started","307","Temporary Redirect","Crawlable","true","","","Absolute","//body/div[3]/div/div[2]/div/a","Content","HTML"
"Hyperlink","https://www.strique.io/contact?intent=careers&role=agent-infrastructure-engineer","https://chat.strique.io/","0","","Get started","307","Temporary Redirect","Crawlable","true","","","Absolute","//body/div[3]/nav/div/div/a","Navigation","HTML"
"Hyperlink","https://www.strique.io/contact?intent=careers&role=agent-infrastructure-engineer","https://chat.strique.io/","0","","Get started","307","Temporary Redirect","Crawlable","true","","","Absolute","//body/div[3]/div/div[2]/div/a","Content","HTML"
"Hyperlink","https://www.strique.io/contact?intent=careers&role=product-designer","https://chat.strique.io/","0","","Get started","307","Temporary Redirect","Crawlable","true","","","Absolute","//body/div[3]/nav/div/div/a","Navigation","HTML"
"Hyperlink","https://www.strique.io/contact?intent=careers&role=product-designer","https://chat.strique.io/","0","","Get started","307","Temporary Redirect","Crawlable","true","","","Absolute","//body/div[3]/div/div[2]/div/a","Content","HTML"
"Hyperlink","https://www.strique.io/contact?intent=careers&role=senior-full-stack-engineer","https://chat.strique.io/","0","","Get started","307","Temporary Redirect","Crawlable","true","","","Absolute","//body/div[3]/nav/div/div/a","Navigation","HTML"
"Hyperlink","https://www.strique.io/contact?intent=careers&role=senior-full-stack-engineer","https://chat.strique.io/","0","","Get started","307","Temporary Redirect","Crawlable","true","","","Absolute","//body/div[3]/div/div[2]/div/a","Content","HTML"
"Hyperlink","https://www.strique.io/contact?intent=careers&role=revenue-marketer","https://chat.strique.io/","0","","Get started","307","Temporary Redirect","Crawlable","true","","","Absolute","//body/div[3]/nav/div/div/a","Navigation","HTML"
"Hyperlink","https://www.strique.io/contact?intent=careers&role=revenue-marketer","https://chat.strique.io/","0","","Get started","307","Temporary Redirect","Crawlable","true","","","Absolute","//body/div[3]/div/div[2]/div/a","Content","HTML"
"Hyperlink","https://www.strique.io/contact?intent=careers&role=founding-customer-engineer","https://chat.strique.io/","0","","Get started","307","Temporary Redirect","Crawlable","true","","","Absolute","//body/div[3]/nav/div/div/a","Navigation","HTML"
"Hyperlink","https://www.strique.io/contact?intent=careers&role=founding-customer-engineer","https://chat.strique.io/","0","","Get started","307","Temporary Redirect","Crawlable","true","","","Absolute","//body/div[3]/div/div[2]/div/a","Content","HTML"
"Hyperlink","https://www.strique.io/contact?intent=careers&role=ai-apprentice-program","https://chat.strique.io/","0","","Get started","307","Temporary Redirect","Crawlable","true","","","Absolute","//body/div[3]/nav/div/div/a","Navigation","HTML"
"Hyperlink","https://www.strique.io/contact?intent=careers&role=ai-apprentice-program","https://chat.strique.io/","0","","Get started","307","Temporary Redirect","Crawlable","true","","","Absolute","//body/div[3]/div/div[2]/div/a","Content","HTML"
"Image","https://www.strique.io/","https://www.google.com/s2/favicons?domain=klaviyo.com&sz=64","0","Klaviyo","","0","Blocked by robots.txt","Crawlable","true","","","Absolute","//body/div[3]/main/div/section[6]/div[2]/div[1]/div/div[9]/img","Content","HTML"
"Image","https://www.strique.io/","https://www.google.com/s2/favicons?domain=klaviyo.com&sz=64","0","Klaviyo","","0","Blocked by robots.txt","Crawlable","true","","","Absolute","//body/div[3]/main/div/section[6]/div[2]/div[1]/div/div[19]/img","Content","HTML"
"Image","https://www.strique.io/product","https://www.google.com/s2/favicons?domain=klaviyo.com&sz=64","0","Klaviyo","","0","Blocked by robots.txt","Crawlable","true","","","Absolute","//body/div[3]/main/section[6]/div[2]/div[1]/div/div[9]/img","Content","HTML"
"Image","https://www.strique.io/product","https://www.google.com/s2/favicons?domain=klaviyo.com&sz=64","0","Klaviyo","","0","Blocked by robots.txt","Crawlable","true","","","Absolute","//body/div[3]/main/section[6]/div[2]/div[1]/div/div[19]/img","Content","HTML"
"Image","https://www.strique.io/","https://www.strique.io/brand/logomark.svg","0","","","200","OK","Crawlable","true","","","Root-Relative","//body/div[3]/main/div/section[1]/div/div[@class='fig-hero-video-wrapper']/div/div/div/div[2]/div/img","Content","HTML"
"Hyperlink","https://www.strique.io/","https://www.strique.io/customers/powerlook","117422","","Read case","200","OK","Crawlable","true","","","Root-Relative","//body/div[3]/main/div/section[@id='case-studies']/div/div[@class='fig-case-studies-cards']/div[2]/a","Content","HTML"
"Hyperlink","https://www.strique.io/customers/inc5","https://www.strique.io/customers/powerlook","117422","Powerlook brand campaign creative","D2C fashion · Powerlook Powerlook grew revenue 72% while scaling user registrations and conversions. Read","200","OK","Crawlable","true","","","Root-Relative","//body/div[3]/main/section[1]/div/ul/li[1]/a","Content","HTML"
"Hyperlink","https://www.strique.io/customers","https://www.strique.io/customers/powerlook","117422","Powerlook brand campaign creative","D2C fashionPowerlook Powerlook grew revenue 72% while scaling user registrations and conversions. Fast-fashion brand Powerlook used Strique to compress their creative cycle, scale acquisition, and grow revenue without proportionally adding ad spend or headcount. Read more","200","OK","Crawlable","true","","","Root-Relative","//body/div[3]/main/section[2]/div/div/div[2]/a","Content","HTML"
"Hyperlink","https://www.strique.io/customers/crimzon","https://www.strique.io/customers/powerlook","117422","Powerlook brand campaign creative","D2C fashion · Powerlook Powerlook grew revenue 72% while scaling user registrations and conversions. Read","200","OK","Crawlable","true","","","Root-Relative","//body/div[3]/main/section[1]/div/ul/li[2]/a","Content","HTML"
"HTML Canonical","https://www.strique.io/customers/powerlook","https://www.strique.io/customers/powerlook","117422","","","200","OK","Crawlable","true","","","Absolute","//head/link[13]","Head","HTML"
"JavaScript","https://www.strique.io/","https://www.strique.io/_next/static/chunks/3133-030be0d2786300d3.js","0","","","200","OK","Crawlable","true","","","Root-Relative","//head/script[9]","Head","HTML"
"JavaScript","https://www.strique.io/contact","https://www.strique.io/_next/static/chunks/3133-030be0d2786300d3.js","0","","","200","OK","Crawlable","true","","","Root-Relative","//head/script[9]","Head","HTML"
"JavaScript","https://www.strique.io/customers/powerlook","https://www.strique.io/_next/static/chunks/3133-030be0d2786300d3.js","0","","","200","OK","Crawlable","true","","","Root-Relative","//head/script[9]","Head","HTML"
"JavaScript","https://www.strique.io/customers/inc5","https://www.strique.io/_next/static/chunks/3133-030be0d2786300d3.js","0","","","200","OK","Crawlable","true","","","Root-Relative","//head/script[9]","Head","HTML"
"JavaScript","https://www.strique.io/customers","https://www.strique.io/_next/static/chunks/3133-030be0d2786300d3.js","0","","","200","OK","Crawlable","true","","","Root-Relative","//head/script[9]","Head","HTML"
"JavaScript","https://www.strique.io/product","https://www.strique.io/_next/static/chunks/3133-030be0d2786300d3.js","0","","","200","OK","Crawlable","true","","","Root-Relative","//head/script[9]","Head","HTML"
"JavaScript","https://www.strique.io/terms","https://www.strique.io/_next/static/chunks/3133-030be0d2786300d3.js","0","","","200","OK","Crawlable","true","","","Root-Relative","//head/script[9]","Head","HTML"
"JavaScript","https://www.strique.io/for","https://www.strique.io/_next/static/chunks/3133-030be0d2786300d3.js","0","","","200","OK","Crawlable","true","","","Root-Relative","//head/script[9]","Head","HTML"
"JavaScript","https://www.strique.io/pricing","https://www.strique.io/_next/static/chunks/3133-030be0d2786300d3.js","0","","","200","OK","Crawlable","true","","","Root-Relative","//head/script[9]","Head","HTML"
"JavaScript","https://www.strique.io/solutions","https://www.strique.io/_next/static/chunks/3133-030be0d2786300d3.js","0","","","200","OK","Crawlable","true","","","Root-Relative","//head/script[9]","Head","HTML"
"JavaScript","https://www.strique.io/privacy-policy","https://www.strique.io/_next/static/chunks/3133-030be0d2786300d3.js","0","","","200","OK","Crawlable","true","","","Root-Relative","//head/script[9]","Head","HTML"
"JavaScript","https://www.strique.io/trust-center","https://www.strique.io/_next/static/chunks/3133-030be0d2786300d3.js","0","","","200","OK","Crawlable","true","","","Root-Relative","//head/script[9]","Head","HTML"
"JavaScript","https://www.strique.io/about","https://www.strique.io/_next/static/chunks/3133-030be0d2786300d3.js","0","","","200","OK","Crawlable","true","","","Root-Relative","//head/script[9]","Head","HTML"
"JavaScript","https://www.strique.io/security","https://www.strique.io/_next/static/chunks/3133-030be0d2786300d3.js","0","","","200","OK","Crawlable","true","","","Root-Relative","//head/script[9]","Head","HTML"
"JavaScript","https://www.strique.io/careers","https://www.strique.io/_next/static/chunks/3133-030be0d2786300d3.js","0","","","200","OK","Crawlable","true","","","Root-Relative","//head/script[9]","Head","HTML"
"JavaScript","https://www.strique.io/customers/crimzon","https://www.strique.io/_next/static/chunks/3133-030be0d2786300d3.js","0","","","200","OK","Crawlable","true","","","Root-Relative","//head/script[9]","Head","HTML"
"JavaScript","https://www.strique.io/integrations","https://www.strique.io/_next/static/chunks/3133-030be0d2786300d3.js","0","","","200","OK","Crawlable","true","","","Root-Relative","//head/script[9]","Head","HTML"
"JavaScript","https://www.strique.io/integrations/hubspot","https://www.strique.io/_next/static/chunks/3133-030be0d2786300d3.js","0","","","200","OK","Crawlable","true","","","Root-Relative","//head/script[9]","Head","HTML"
"JavaScript","https://www.strique.io/contact?intent=careers","https://www.strique.io/_next/static/chunks/3133-030be0d2786300d3.js","0","","","200","OK","Crawlable","true","","","Root-Relative","//head/script[9]","Head","HTML"
"JavaScript","https://www.strique.io/integrations/google-ads","https://www.strique.io/_next/static/chunks/3133-030be0d2786300d3.js","0","","","200","OK","Crawlable","true","","","Root-Relative","//head/script[9]","Head","HTML"
"JavaScript","https://www.strique.io/integrations/meta-ads","https://www.strique.io/_next/static/chunks/3133-030be0d2786300d3.js","0","","","200","OK","Crawlable","true","","","Root-Relative","//head/script[9]","Head","HTML"
"JavaScript","https://www.strique.io/careers/ai-apprentice-program","https://www.strique.io/_next/static/chunks/3133-030be0d2786300d3.js","0","","","200","OK","Crawlable","true","","","Root-Relative","//head/script[9]","Head","HTML"
"JavaScript","https://www.strique.io/careers/founding-customer-engineer","https://www.strique.io/_next/static/chunks/3133-030be0d2786300d3.js","0","","","200","OK","Crawlable","true","","","Root-Relative","//head/script[9]","Head","HTML"
"JavaScript","https://www.strique.io/careers/revenue-marketer","https://www.strique.io/_next/static/chunks/3133-030be0d2786300d3.js","0","","","200","OK","Crawlable","true","","","Root-Relative","//head/script[9]","Head","HTML"
"JavaScript","https://www.strique.io/careers/senior-full-stack-engineer","https://www.strique.io/_next/static/chunks/3133-030be0d2786300d3.js","0","","","200","OK","Crawlable","true","","","Root-Relative","//head/script[9]","Head","HTML"
"JavaScript","https://www.strique.io/careers/product-designer","https://www.strique.io/_next/static/chunks/3133-030be0d2786300d3.js","0","","","200","OK","Crawlable","true","","","Root-Relative","//head/script[9]","Head","HTML"
"JavaScript","https://www.strique.io/careers/agent-infrastructure-engineer","https://www.strique.io/_next/static/chunks/3133-030be0d2786300d3.js","0","","","200","OK","Crawlable","true","","","Root-Relative","//head/script[9]","Head","HTML"
"JavaScript","https://www.strique.io/careers/applied-ml-researcher","https://www.strique.io/_next/static/chunks/3133-030be0d2786300d3.js","0","","","200","OK","Crawlable","true","","","Root-Relative","//head/script[9]","Head","HTML"
"JavaScript","https://www.strique.io/careers/founding-growth-engineer","https://www.strique.io/_next/static/chunks/3133-030be0d2786300d3.js","0","","","200","OK","Crawlable","true","","","Root-Relative","//head/script[9]","Head","HTML"
"JavaScript","https://www.strique.io/solutions/local-services","https://www.strique.io/_next/static/chunks/3133-030be0d2786300d3.js","0","","","200","OK","Crawlable","true","","","Root-Relative","//head/script[9]","Head","HTML"
"JavaScript","https://www.strique.io/solutions/agencies","https://www.strique.io/_next/static/chunks/3133-030be0d2786300d3.js","0","","","200","OK","Crawlable","true","","","Root-Relative","//head/script[9]","Head","HTML"
"JavaScript","https://www.strique.io/solutions/b2b-saas","https://www.strique.io/_next/static/chunks/3133-030be0d2786300d3.js","0","","","200","OK","Crawlable","true","","","Root-Relative","//head/script[9]","Head","HTML"
"JavaScript","https://www.strique.io/solutions/ecommerce","https://www.strique.io/_next/static/chunks/3133-030be0d2786300d3.js","0","","","200","OK","Crawlable","true","","","Root-Relative","//head/script[9]","Head","HTML"
"JavaScript","https://www.strique.io/contact?intent=sales","https://www.strique.io/_next/static/chunks/3133-030be0d2786300d3.js","0","","","200","OK","Crawlable","true","","","Root-Relative","//head/script[9]","Head","HTML"
"JavaScript","https://www.strique.io/for/founders","https://www.strique.io/_next/static/chunks/3133-030be0d2786300d3.js","0","","","200","OK","Crawlable","true","","","Root-Relative","//head/script[9]","Head","HTML"
"JavaScript","https://www.strique.io/for/cmos","https://www.strique.io/_next/static/chunks/3133-030be0d2786300d3.js","0","","","200","OK","Crawlable","true","","","Root-Relative","//head/script[9]","Head","HTML"
"JavaScript","https://www.strique.io/for/marketing-managers","https://www.strique.io/_next/static/chunks/3133-030be0d2786300d3.js","0","","","200","OK","Crawlable","true","","","Root-Relative","//head/script[9]","Head","HTML"
"JavaScript","https://www.strique.io/vs/strique-vs-jasper","https://www.strique.io/_next/static/chunks/3133-030be0d2786300d3.js","0","","","200","OK","Crawlable","true","","","Root-Relative","//head/script[9]","Head","HTML"
"JavaScript","https://www.strique.io/vs","https://www.strique.io/_next/static/chunks/3133-030be0d2786300d3.js","0","","","200","OK","Crawlable","true","","","Root-Relative","//head/script[9]","Head","HTML"
"JavaScript","https://www.strique.io/vs/strique-vs-adroll","https://www.strique.io/_next/static/chunks/3133-030be0d2786300d3.js","0","","","200","OK","Crawlable","true","","","Root-Relative","//head/script[9]","Head","HTML"
"JavaScript","https://www.strique.io/contact?intent=demo","https://www.strique.io/_next/static/chunks/3133-030be0d2786300d3.js","0","","","200","OK","Crawlable","true","","","Root-Relative","//head/script[9]","Head","HTML"
"JavaScript","https://www.strique.io/contact?intent=careers&role=founding-growth-engineer","https://www.strique.io/_next/static/chunks/3133-030be0d2786300d3.js","0","","","200","OK","Crawlable","true","","","Root-Relative","//head/script[9]","Head","HTML"
"JavaScript","https://www.strique.io/contact?intent=careers&role=applied-ml-researcher","https://www.strique.io/_next/static/chunks/3133-030be0d2786300d3.js","0","","","200","OK","Crawlable","true","","","Root-Relative","//head/script[9]","Head","HTML"
"JavaScript","https://www.strique.io/contact?intent=careers&role=agent-infrastructure-engineer","https://www.strique.io/_next/static/chunks/3133-030be0d2786300d3.js","0","","","200","OK","Crawlable","true","","","Root-Relative","//head/script[9]","Head","HTML"
"JavaScript","https://www.strique.io/contact?intent=careers&role=product-designer","https://www.strique.io/_next/static/chunks/3133-030be0d2786300d3.js","0","","","200","OK","Crawlable","true","","","Root-Relative","//head/script[9]","Head","HTML"
"JavaScript","https://www.strique.io/contact?intent=careers&role=senior-full-stack-engineer","https://www.strique.io/_next/static/chunks/3133-030be0d2786300d3.js","0","","","200","OK","Crawlable","true","","","Root-Relative","//head/script[9]","Head","HTML"
"JavaScript","https://www.strique.io/contact?intent=careers&role=revenue-marketer","https://www.strique.io/_next/static/chunks/3133-030be0d2786300d3.js","0","","","200","OK","Crawlable","true","","","Root-Relative","//head/script[9]","Head","HTML"
"JavaScript","https://www.strique.io/contact?intent=careers&role=founding-customer-engineer","https://www.strique.io/_next/static/chunks/3133-030be0d2786300d3.js","0","","","200","OK","Crawlable","true","","","Root-Relative","//head/script[9]","Head","HTML"
"JavaScript","https://www.strique.io/contact?intent=careers&role=ai-apprentice-program","https://www.strique.io/_next/static/chunks/3133-030be0d2786300d3.js","0","","","200","OK","Crawlable","true","","","Root-Relative","//head/script[9]","Head","HTML"
"Image","https://www.strique.io/","https://www.strique.io/images/badge-meta-business-partner.svg","0","Meta Business Partner","","200","OK","Crawlable","true","","","Root-Relative","//body/div[3]/footer/div/div[1]/div[1]/div/img[2]","Footer","HTML"
"Image","https://www.strique.io/contact","https://www.strique.io/images/badge-meta-business-partner.svg","0","Meta Business Partner","","200","OK","Crawlable","true","","","Root-Relative","//body/div[3]/footer/div/div[1]/div[1]/div/img[2]","Footer","HTML"
"Image","https://www.strique.io/customers/powerlook","https://www.strique.io/images/badge-meta-business-partner.svg","0","Meta Business Partner","","200","OK","Crawlable","true","","","Root-Relative","//body/div[3]/footer/div/div[1]/div[1]/div/img[2]","Footer","HTML"
"Image","https://www.strique.io/customers/inc5","https://www.strique.io/images/badge-meta-business-partner.svg","0","Meta Business Partner","","200","OK","Crawlable","true","","","Root-Relative","//body/div[3]/footer/div/div[1]/div[1]/div/img[2]","Footer","HTML"
"Image","https://www.strique.io/customers","https://www.strique.io/images/badge-meta-business-partner.svg","0","Meta Business Partner","","200","OK","Crawlable","true","","","Root-Relative","//body/div[3]/footer/div/div[1]/div[1]/div/img[2]","Footer","HTML"
"Image","https://www.strique.io/product","https://www.strique.io/images/badge-meta-business-partner.svg","0","Meta Business Partner","","200","OK","Crawlable","true","","","Root-Relative","//body/div[3]/footer/div/div[1]/div[1]/div/img[2]","Footer","HTML"
"Image","https://www.strique.io/terms","https://www.strique.io/images/badge-meta-business-partner.svg","0","Meta Business Partner","","200","OK","Crawlable","true","","","Root-Relative","//body/div[3]/footer/div/div[1]/div[1]/div/img[2]","Footer","HTML"
"Image","https://www.strique.io/for","https://www.strique.io/images/badge-meta-business-partner.svg","0","Meta Business Partner","","200","OK","Crawlable","true","","","Root-Relative","//body/div[3]/footer/div/div[1]/div[1]/div/img[2]","Footer","HTML"
"Image","https://www.strique.io/pricing","https://www.strique.io/images/badge-meta-business-partner.svg","0","Meta Business Partner","","200","OK","Crawlable","true","","","Root-Relative","//body/div[3]/footer/div/div[1]/div[1]/div/img[2]","Footer","HTML"
"Image","https://www.strique.io/solutions","https://www.strique.io/images/badge-meta-business-partner.svg","0","Meta Business Partner","","200","OK","Crawlable","true","","","Root-Relative","//body/div[3]/footer/div/div[1]/div[1]/div/img[2]","Footer","HTML"
"Image","https://www.strique.io/privacy-policy","https://www.strique.io/images/badge-meta-business-partner.svg","0","Meta Business Partner","","200","OK","Crawlable","true","","","Root-Relative","//body/div[3]/footer/div/div[1]/div[1]/div/img[2]","Footer","HTML"
"Image","https://www.strique.io/trust-center","https://www.strique.io/images/badge-meta-business-partner.svg","0","Meta Business Partner","","200","OK","Crawlable","true","","","Root-Relative","//body/div[3]/footer/div/div[1]/div[1]/div/img[2]","Footer","HTML"
"Image","https://www.strique.io/about","https://www.strique.io/images/badge-meta-business-partner.svg","0","Meta Business Partner","","200","OK","Crawlable","true","","","Root-Relative","//body/div[3]/footer/div/div[1]/div[1]/div/img[2]","Footer","HTML"
"Image","https://www.strique.io/security","https://www.strique.io/images/badge-meta-business-partner.svg","0","Meta Business Partner","","200","OK","Crawlable","true","","","Root-Relative","//body/div[3]/footer/div/div[1]/div[1]/div/img[2]","Footer","HTML"
"Image","https://www.strique.io/careers","https://www.strique.io/images/badge-meta-business-partner.svg","0","Meta Business Partner","","200","OK","Crawlable","true","","","Root-Relative","//body/div[3]/footer/div/div[1]/div[1]/div/img[2]","Footer","HTML"
"Image","https://www.strique.io/customers/crimzon","https://www.strique.io/images/badge-meta-business-partner.svg","0","Meta Business Partner","","200","OK","Crawlable","true","","","Root-Relative","//body/div[3]/footer/div/div[1]/div[1]/div/img[2]","Footer","HTML"
"Image","https://www.strique.io/integrations","https://www.strique.io/images/badge-meta-business-partner.svg","0","Meta Business Partner","","200","OK","Crawlable","true","","","Root-Relative","//body/div[3]/footer/div/div[1]/div[1]/div/img[2]","Footer","HTML"
"Image","https://www.strique.io/integrations/hubspot","https://www.strique.io/images/badge-meta-business-partner.svg","0","Meta Business Partner","","200","OK","Crawlable","true","","","Root-Relative","//body/div[3]/footer/div/div[1]/div[1]/div/img[2]","Footer","HTML"
"Image","https://www.strique.io/contact?intent=careers","https://www.strique.io/images/badge-meta-business-partner.svg","0","Meta Business Partner","","200","OK","Crawlable","true","","","Root-Relative","//body/div[3]/footer/div/div[1]/div[1]/div/img[2]","Footer","HTML"
"Image","https://www.strique.io/integrations/google-ads","https://www.strique.io/images/badge-meta-business-partner.svg","0","Meta Business Partner","","200","OK","Crawlable","true","","","Root-Relative","//body/div[3]/footer/div/div[1]/div[1]/div/img[2]","Footer","HTML"
"Image","https://www.strique.io/integrations/meta-ads","https://www.strique.io/images/badge-meta-business-partner.svg","0","Meta Business Partner","","200","OK","Crawlable","true","","","Root-Relative","//body/div[3]/footer/div/div[1]/div[1]/div/img[2]","Footer","HTML"
"Image","https://www.strique.io/careers/ai-apprentice-program","https://www.strique.io/images/badge-meta-business-partner.svg","0","Meta Business Partner","","200","OK","Crawlable","true","","","Root-Relative","//body/div[3]/footer/div/div[1]/div[1]/div/img[2]","Footer","HTML"
"Image","https://www.strique.io/careers/founding-customer-engineer","https://www.strique.io/images/badge-meta-business-partner.svg","0","Meta Business Partner","","200","OK","Crawlable","true","","","Root-Relative","//body/div[3]/footer/div/div[1]/div[1]/div/img[2]","Footer","HTML"
"Image","https://www.strique.io/careers/revenue-marketer","https://www.strique.io/images/badge-meta-business-partner.svg","0","Meta Business Partner","","200","OK","Crawlable","true","","","Root-Relative","//body/div[3]/footer/div/div[1]/div[1]/div/img[2]","Footer","HTML"
"Image","https://www.strique.io/careers/senior-full-stack-engineer","https://www.strique.io/images/badge-meta-business-partner.svg","0","Meta Business Partner","","200","OK","Crawlable","true","","","Root-Relative","//body/div[3]/footer/div/div[1]/div[1]/div/img[2]","Footer","HTML"
"Image","https://www.strique.io/careers/product-designer","https://www.strique.io/images/badge-meta-business-partner.svg","0","Meta Business Partner","","200","OK","Crawlable","true","","","Root-Relative","//body/div[3]/footer/div/div[1]/div[1]/div/img[2]","Footer","HTML"
"Image","https://www.strique.io/careers/agent-infrastructure-engineer","https://www.strique.io/images/badge-meta-business-partner.svg","0","Meta Business Partner","","200","OK","Crawlable","true","","","Root-Relative","//body/div[3]/footer/div/div[1]/div[1]/div/img[2]","Footer","HTML"
"Image","https://www.strique.io/careers/applied-ml-researcher","https://www.strique.io/images/badge-meta-business-partner.svg","0","Meta Business Partner","","200","OK","Crawlable","true","","","Root-Relative","//body/div[3]/footer/div/div[1]/div[1]/div/img[2]","Footer","HTML"
"Image","https://www.strique.io/careers/founding-growth-engineer","https://www.strique.io/images/badge-meta-business-partner.svg","0","Meta Business Partner","","200","OK","Crawlable","true","","","Root-Relative","//body/div[3]/footer/div/div[1]/div[1]/div/img[2]","Footer","HTML"
"Image","https://www.strique.io/solutions/local-services","https://www.strique.io/images/badge-meta-business-partner.svg","0","Meta Business Partner","","200","OK","Crawlable","true","","","Root-Relative","//body/div[3]/footer/div/div[1]/div[1]/div/img[2]","Footer","HTML"
"Image","https://www.strique.io/solutions/agencies","https://www.strique.io/images/badge-meta-business-partner.svg","0","Meta Business Partner","","200","OK","Crawlable","true","","","Root-Relative","//body/div[3]/footer/div/div[1]/div[1]/div/img[2]","Footer","HTML"
"Image","https://www.strique.io/solutions/b2b-saas","https://www.strique.io/images/badge-meta-business-partner.svg","0","Meta Business Partner","","200","OK","Crawlable","true","","","Root-Relative","//body/div[3]/footer/div/div[1]/div[1]/div/img[2]","Footer","HTML"
"Image","https://www.strique.io/solutions/ecommerce","https://www.strique.io/images/badge-meta-business-partner.svg","0","Meta Business Partner","","200","OK","Crawlable","true","","","Root-Relative","//body/div[3]/footer/div/div[1]/div[1]/div/img[2]","Footer","HTML"
"Image","https://www.strique.io/contact?intent=sales","https://www.strique.io/images/badge-meta-business-partner.svg","0","Meta Business Partner","","200","OK","Crawlable","true","","","Root-Relative","//body/div[3]/footer/div/div[1]/div[1]/div/img[2]","Footer","HTML"
"Image","https://www.strique.io/for/founders","https://www.strique.io/images/badge-meta-business-partner.svg","0","Meta Business Partner","","200","OK","Crawlable","true","","","Root-Relative","//body/div[3]/footer/div/div[1]/div[1]/div/img[2]","Footer","HTML"
"Image","https://www.strique.io/for/cmos","https://www.strique.io/images/badge-meta-business-partner.svg","0","Meta Business Partner","","200","OK","Crawlable","true","","","Root-Relative","//body/div[3]/footer/div/div[1]/div[1]/div/img[2]","Footer","HTML"
"Image","https://www.strique.io/for/marketing-managers","https://www.strique.io/images/badge-meta-business-partner.svg","0","Meta Business Partner","","200","OK","Crawlable","true","","","Root-Relative","//body/div[3]/footer/div/div[1]/div[1]/div/img[2]","Footer","HTML"
"Image","https://www.strique.io/vs/strique-vs-jasper","https://www.strique.io/images/badge-meta-business-partner.svg","0","Meta Business Partner","","200","OK","Crawlable","true","","","Root-Relative","//body/div[3]/footer/div/div[1]/div[1]/div/img[2]","Footer","HTML"
"Image","https://www.strique.io/vs","https://www.strique.io/images/badge-meta-business-partner.svg","0","Meta Business Partner","","200","OK","Crawlable","true","","","Root-Relative","//body/div[3]/footer/div/div[1]/div[1]/div/img[2]","Footer","HTML"
"Image","https://www.strique.io/vs/strique-vs-adroll","https://www.strique.io/images/badge-meta-business-partner.svg","0","Meta Business Partner","","200","OK","Crawlable","true","","","Root-Relative","//body/div[3]/footer/div/div[1]/div[1]/div/img[2]","Footer","HTML"
"Image","https://www.strique.io/contact?intent=demo","https://www.strique.io/images/badge-meta-business-partner.svg","0","Meta Business Partner","","200","OK","Crawlable","true","","","Root-Relative","//body/div[3]/footer/div/div[1]/div[1]/div/img[2]","Footer","HTML"
"Image","https://www.strique.io/contact?intent=careers&role=founding-growth-engineer","https://www.strique.io/images/badge-meta-business-partner.svg","0","Meta Business Partner","","200","OK","Crawlable","true","","","Root-Relative","//body/div[3]/footer/div/div[1]/div[1]/div/img[2]","Footer","HTML"
"Image","https://www.strique.io/contact?intent=careers&role=applied-ml-researcher","https://www.strique.io/images/badge-meta-business-partner.svg","0","Meta Business Partner","","200","OK","Crawlable","true","","","Root-Relative","//body/div[3]/footer/div/div[1]/div[1]/div/img[2]","Footer","HTML"
"Image","https://www.strique.io/contact?intent=careers&role=agent-infrastructure-engineer","https://www.strique.io/images/badge-meta-business-partner.svg","0","Meta Business Partner","","200","OK","Crawlable","true","","","Root-Relative","//body/div[3]/footer/div/div[1]/div[1]/div/img[2]","Footer","HTML"
"Image","https://www.strique.io/contact?intent=careers&role=product-designer","https://www.strique.io/images/badge-meta-business-partner.svg","0","Meta Business Partner","","200","OK","Crawlable","true","","","Root-Relative","//body/div[3]/footer/div/div[1]/div[1]/div/img[2]","Footer","HTML"
"Image","https://www.strique.io/contact?intent=careers&role=senior-full-stack-engineer","https://www.strique.io/images/badge-meta-business-partner.svg","0","Meta Business Partner","","200","OK","Crawlable","true","","","Root-Relative","//body/div[3]/footer/div/div[1]/div[1]/div/img[2]","Footer","HTML"
"Image","https://www.strique.io/contact?intent=careers&role=revenue-marketer","https://www.strique.io/images/badge-meta-business-partner.svg","0","Meta Business Partner","","200","OK","Crawlable","true","","","Root-Relative","//body/div[3]/footer/div/div[1]/div[1]/div/img[2]","Footer","HTML"
"Image","https://www.strique.io/contact?intent=careers&role=founding-customer-engineer","https://www.strique.io/images/badge-meta-business-partner.svg","0","Meta Business Partner","","200","OK","Crawlable","true","","","Root-Relative","//body/div[3]/footer/div/div[1]/div[1]/div/img[2]","Footer","HTML"
"Image","https://www.strique.io/contact?intent=careers&role=ai-apprentice-program","https://www.strique.io/images/badge-meta-business-partner.svg","0","Meta Business Partner","","200","OK","Crawlable","true","","","Root-Relative","//body/div[3]/footer/div/div[1]/div[1]/div/img[2]","Footer","HTML"
"Image","https://www.strique.io/","https://www.strique.io/brand/shopify%20partner%20logo.svg","0","Shopify Partner","","200","OK","Crawlable","true","","","Root-Relative","//body/div[3]/footer/div/div[1]/div[1]/div/img[3]","Footer","HTML"
"Image","https://www.strique.io/contact","https://www.strique.io/brand/shopify%20partner%20logo.svg","0","Shopify Partner","","200","OK","Crawlable","true","","","Root-Relative","//body/div[3]/footer/div/div[1]/div[1]/div/img[3]","Footer","HTML"
"Image","https://www.strique.io/customers/powerlook","https://www.strique.io/brand/shopify%20partner%20logo.svg","0","Shopify Partner","","200","OK","Crawlable","true","","","Root-Relative","//body/div[3]/footer/div/div[1]/div[1]/div/img[3]","Footer","HTML"
"Image","https://www.strique.io/customers/inc5","https://www.strique.io/brand/shopify%20partner%20logo.svg","0","Shopify Partner","","200","OK","Crawlable","true","","","Root-Relative","//body/div[3]/footer/div/div[1]/div[1]/div/img[3]","Footer","HTML"
"Image","https://www.strique.io/customers","https://www.strique.io/brand/shopify%20partner%20logo.svg","0","Shopify Partner","","200","OK","Crawlable","true","","","Root-Relative","//body/div[3]/footer/div/div[1]/div[1]/div/img[3]","Footer","HTML"
"Image","https://www.strique.io/product","https://www.strique.io/brand/shopify%20partner%20logo.svg","0","Shopify Partner","","200","OK","Crawlable","true","","","Root-Relative","//body/div[3]/footer/div/div[1]/div[1]/div/img[3]","Footer","HTML"
"Image","https://www.strique.io/terms","https://www.strique.io/brand/shopify%20partner%20logo.svg","0","Shopify Partner","","200","OK","Crawlable","true","","","Root-Relative","//body/div[3]/footer/div/div[1]/div[1]/div/img[3]","Footer","HTML"
"Image","https://www.strique.io/for","https://www.strique.io/brand/shopify%20partner%20logo.svg","0","Shopify Partner","","200","OK","Crawlable","true","","","Root-Relative","//body/div[3]/footer/div/div[1]/div[1]/div/img[3]","Footer","HTML"
"Image","https://www.strique.io/pricing","https://www.strique.io/brand/shopify%20partner%20logo.svg","0","Shopify Partner","","200","OK","Crawlable","true","","","Root-Relative","//body/div[3]/footer/div/div[1]/div[1]/div/img[3]","Footer","HTML"
"Image","https://www.strique.io/solutions","https://www.strique.io/brand/shopify%20partner%20logo.svg","0","Shopify Partner","","200","OK","Crawlable","true","","","Root-Relative","//body/div[3]/footer/div/div[1]/div[1]/div/img[3]","Footer","HTML"
"Image","https://www.strique.io/privacy-policy","https://www.strique.io/brand/shopify%20partner%20logo.svg","0","Shopify Partner","","200","OK","Crawlable","true","","","Root-Relative","//body/div[3]/footer/div/div[1]/div[1]/div/img[3]","Footer","HTML"
"Image","https://www.strique.io/trust-center","https://www.strique.io/brand/shopify%20partner%20logo.svg","0","Shopify Partner","","200","OK","Crawlable","true","","","Root-Relative","//body/div[3]/footer/div/div[1]/div[1]/div/img[3]","Footer","HTML"
"Image","https://www.strique.io/about","https://www.strique.io/brand/shopify%20partner%20logo.svg","0","Shopify Partner","","200","OK","Crawlable","true","","","Root-Relative","//body/div[3]/footer/div/div[1]/div[1]/div/img[3]","Footer","HTML"
"Image","https://www.strique.io/security","https://www.strique.io/brand/shopify%20partner%20logo.svg","0","Shopify Partner","","200","OK","Crawlable","true","","","Root-Relative","//body/div[3]/footer/div/div[1]/div[1]/div/img[3]","Footer","HTML"
"Image","https://www.strique.io/careers","https://www.strique.io/brand/shopify%20partner%20logo.svg","0","Shopify Partner","","200","OK","Crawlable","true","","","Root-Relative","//body/div[3]/footer/div/div[1]/div[1]/div/img[3]","Footer","HTML"
"Image","https://www.strique.io/customers/crimzon","https://www.strique.io/brand/shopify%20partner%20logo.svg","0","Shopify Partner","","200","OK","Crawlable","true","","","Root-Relative","//body/div[3]/footer/div/div[1]/div[1]/div/img[3]","Footer","HTML"
"Image","https://www.strique.io/integrations","https://www.strique.io/brand/shopify%20partner%20logo.svg","0","Shopify Partner","","200","OK","Crawlable","true","","","Root-Relative","//body/div[3]/footer/div/div[1]/div[1]/div/img[3]","Footer","HTML"
"Image","https://www.strique.io/integrations/hubspot","https://www.strique.io/brand/shopify%20partner%20logo.svg","0","Shopify Partner","","200","OK","Crawlable","true","","","Root-Relative","//body/div[3]/footer/div/div[1]/div[1]/div/img[3]","Footer","HTML"
"Image","https://www.strique.io/contact?intent=careers","https://www.strique.io/brand/shopify%20partner%20logo.svg","0","Shopify Partner","","200","OK","Crawlable","true","","","Root-Relative","//body/div[3]/footer/div/div[1]/div[1]/div/img[3]","Footer","HTML"
"Image","https://www.strique.io/integrations/google-ads","https://www.strique.io/brand/shopify%20partner%20logo.svg","0","Shopify Partner","","200","OK","Crawlable","true","","","Root-Relative","//body/div[3]/footer/div/div[1]/div[1]/div/img[3]","Footer","HTML"
"Image","https://www.strique.io/integrations/meta-ads","https://www.strique.io/brand/shopify%20partner%20logo.svg","0","Shopify Partner","","200","OK","Crawlable","true","","","Root-Relative","//body/div[3]/footer/div/div[1]/div[1]/div/img[3]","Footer","HTML"
"Image","https://www.strique.io/careers/ai-apprentice-program","https://www.strique.io/brand/shopify%20partner%20logo.svg","0","Shopify Partner","","200","OK","Crawlable","true","","","Root-Relative","//body/div[3]/footer/div/div[1]/div[1]/div/img[3]","Footer","HTML"
"Image","https://www.strique.io/careers/founding-customer-engineer","https://www.strique.io/brand/shopify%20partner%20logo.svg","0","Shopify Partner","","200","OK","Crawlable","true","","","Root-Relative","//body/div[3]/footer/div/div[1]/div[1]/div/img[3]","Footer","HTML"
"Image","https://www.strique.io/careers/revenue-marketer","https://www.strique.io/brand/shopify%20partner%20logo.svg","0","Shopify Partner","","200","OK","Crawlable","true","","","Root-Relative","//body/div[3]/footer/div/div[1]/div[1]/div/img[3]","Footer","HTML"
"Image","https://www.strique.io/careers/senior-full-stack-engineer","https://www.strique.io/brand/shopify%20partner%20logo.svg","0","Shopify Partner","","200","OK","Crawlable","true","","","Root-Relative","//body/div[3]/footer/div/div[1]/div[1]/div/img[3]","Footer","HTML"
"Image","https://www.strique.io/careers/product-designer","https://www.strique.io/brand/shopify%20partner%20logo.svg","0","Shopify Partner","","200","OK","Crawlable","true","","","Root-Relative","//body/div[3]/footer/div/div[1]/div[1]/div/img[3]","Footer","HTML"
"Image","https://www.strique.io/careers/agent-infrastructure-engineer","https://www.strique.io/brand/shopify%20partner%20logo.svg","0","Shopify Partner","","200","OK","Crawlable","true","","","Root-Relative","//body/div[3]/footer/div/div[1]/div[1]/div/img[3]","Footer","HTML"
"Image","https://www.strique.io/careers/applied-ml-researcher","https://www.strique.io/brand/shopify%20partner%20logo.svg","0","Shopify Partner","","200","OK","Crawlable","true","","","Root-Relative","//body/div[3]/footer/div/div[1]/div[1]/div/img[3]","Footer","HTML"
"Image","https://www.strique.io/careers/founding-growth-engineer","https://www.strique.io/brand/shopify%20partner%20logo.svg","0","Shopify Partner","","200","OK","Crawlable","true","","","Root-Relative","//body/div[3]/footer/div/div[1]/div[1]/div/img[3]","Footer","HTML"
"Image","https://www.strique.io/solutions/local-services","https://www.strique.io/brand/shopify%20partner%20logo.svg","0","Shopify Partner","","200","OK","Crawlable","true","","","Root-Relative","//body/div[3]/footer/div/div[1]/div[1]/div/img[3]","Footer","HTML"
"Image","https://www.strique.io/solutions/agencies","https://www.strique.io/brand/shopify%20partner%20logo.svg","0","Shopify Partner","","200","OK","Crawlable","true","","","Root-Relative","//body/div[3]/footer/div/div[1]/div[1]/div/img[3]","Footer","HTML"
"Image","https://www.strique.io/solutions/b2b-saas","https://www.strique.io/brand/shopify%20partner%20logo.svg","0","Shopify Partner","","200","OK","Crawlable","true","","","Root-Relative","//body/div[3]/footer/div/div[1]/div[1]/div/img[3]","Footer","HTML"
"Image","https://www.strique.io/solutions/ecommerce","https://www.strique.io/brand/shopify%20partner%20logo.svg","0","Shopify Partner","","200","OK","Crawlable","true","","","Root-Relative","//body/div[3]/footer/div/div[1]/div[1]/div/img[3]","Footer","HTML"
"Image","https://www.strique.io/contact?intent=sales","https://www.strique.io/brand/shopify%20partner%20logo.svg","0","Shopify Partner","","200","OK","Crawlable","true","","","Root-Relative","//body/div[3]/footer/div/div[1]/div[1]/div/img[3]","Footer","HTML"
"Image","https://www.strique.io/for/founders","https://www.strique.io/brand/shopify%20partner%20logo.svg","0","Shopify Partner","","200","OK","Crawlable","true","","","Root-Relative","//body/div[3]/footer/div/div[1]/div[1]/div/img[3]","Footer","HTML"
"Image","https://www.strique.io/for/cmos","https://www.strique.io/brand/shopify%20partner%20logo.svg","0","Shopify Partner","","200","OK","Crawlable","true","","","Root-Relative","//body/div[3]/footer/div/div[1]/div[1]/div/img[3]","Footer","HTML"
"Image","https://www.strique.io/for/marketing-managers","https://www.strique.io/brand/shopify%20partner%20logo.svg","0","Shopify Partner","","200","OK","Crawlable","true","","","Root-Relative","//body/div[3]/footer/div/div[1]/div[1]/div/img[3]","Footer","HTML"
"Image","https://www.strique.io/vs/strique-vs-jasper","https://www.strique.io/brand/shopify%20partner%20logo.svg","0","Shopify Partner","","200","OK","Crawlable","true","","","Root-Relative","//body/div[3]/footer/div/div[1]/div[1]/div/img[3]","Footer","HTML"
"Image","https://www.strique.io/vs","https://www.strique.io/brand/shopify%20partner%20logo.svg","0","Shopify Partner","","200","OK","Crawlable","true","","","Root-Relative","//body/div[3]/footer/div/div[1]/div[1]/div/img[3]","Footer","HTML"
"Image","https://www.strique.io/vs/strique-vs-adroll","https://www.strique.io/brand/shopify%20partner%20logo.svg","0","Shopify Partner","","200","OK","Crawlable","true","","","Root-Relative","//body/div[3]/footer/div/div[1]/div[1]/div/img[3]","Footer","HTML"
"Image","https://www.strique.io/contact?intent=demo","https://www.strique.io/brand/shopify%20partner%20logo.svg","0","Shopify Partner","","200","OK","Crawlable","true","","","Root-Relative","//body/div[3]/footer/div/div[1]/div[1]/div/img[3]","Footer","HTML"
"Image","https://www.strique.io/contact?intent=careers&role=founding-growth-engineer","https://www.strique.io/brand/shopify%20partner%20logo.svg","0","Shopify Partner","","200","OK","Crawlable","true","","","Root-Relative","//body/div[3]/footer/div/div[1]/div[1]/div/img[3]","Footer","HTML"
"Image","https://www.strique.io/contact?intent=careers&role=applied-ml-researcher","https://www.strique.io/brand/shopify%20partner%20logo.svg","0","Shopify Partner","","200","OK","Crawlable","true","","","Root-Relative","//body/div[3]/footer/div/div[1]/div[1]/div/img[3]","Footer","HTML"
"Image","https://www.strique.io/contact?intent=careers&role=agent-infrastructure-engineer","https://www.strique.io/brand/shopify%20partner%20logo.svg","0","Shopify Partner","","200","OK","Crawlable","true","","","Root-Relative","//body/div[3]/footer/div/div[1]/div[1]/div/img[3]","Footer","HTML"
"Image","https://www.strique.io/contact?intent=careers&role=product-designer","https://www.strique.io/brand/shopify%20partner%20logo.svg","0","Shopify Partner","","200","OK","Crawlable","true","","","Root-Relative","//body/div[3]/footer/div/div[1]/div[1]/div/img[3]","Footer","HTML"
"Image","https://www.strique.io/contact?intent=careers&role=senior-full-stack-engineer","https://www.strique.io/brand/shopify%20partner%20logo.svg","0","Shopify Partner","","200","OK","Crawlable","true","","","Root-Relative","//body/div[3]/footer/div/div[1]/div[1]/div/img[3]","Footer","HTML"
"Image","https://www.strique.io/contact?intent=careers&role=revenue-marketer","https://www.strique.io/brand/shopify%20partner%20logo.svg","0","Shopify Partner","","200","OK","Crawlable","true","","","Root-Relative","//body/div[3]/footer/div/div[1]/div[1]/div/img[3]","Footer","HTML"
"Image","https://www.strique.io/contact?intent=careers&role=founding-customer-engineer","https://www.strique.io/brand/shopify%20partner%20logo.svg","0","Shopify Partner","","200","OK","Crawlable","true","","","Root-Relative","//body/div[3]/footer/div/div[1]/div[1]/div/img[3]","Footer","HTML"
"Image","https://www.strique.io/contact?intent=careers&role=ai-apprentice-program","https://www.strique.io/brand/shopify%20partner%20logo.svg","0","Shopify Partner","","200","OK","Crawlable","true","","","Root-Relative","//body/div[3]/footer/div/div[1]/div[1]/div/img[3]","Footer","HTML"
"Image","https://www.strique.io/","https://www.google.com/s2/favicons?domain=mailchimp.com&sz=64","0","Mailchimp","","0","Blocked by robots.txt","Crawlable","true","","","Absolute","//body/div[3]/main/div/section[6]/div[2]/div[1]/div/div[10]/img","Content","HTML"
"Image","https://www.strique.io/","https://www.google.com/s2/favicons?domain=mailchimp.com&sz=64","0","Mailchimp","","0","Blocked by robots.txt","Crawlable","true","","","Absolute","//body/div[3]/main/div/section[6]/div[2]/div[1]/div/div[20]/img","Content","HTML"
"Image","https://www.strique.io/product","https://www.google.com/s2/favicons?domain=mailchimp.com&sz=64","0","Mailchimp","","0","Blocked by robots.txt","Crawlable","true","","","Absolute","//body/div[3]/main/section[6]/div[2]/div[1]/div/div[10]/img","Content","HTML"
"Image","https://www.strique.io/product","https://www.google.com/s2/favicons?domain=mailchimp.com&sz=64","0","Mailchimp","","0","Blocked by robots.txt","Crawlable","true","","","Absolute","//body/div[3]/main/section[6]/div[2]/div[1]/div/div[20]/img","Content","HTML"
"CSS","https://www.strique.io/","https://www.strique.io/_next/static/css/b2dc23450bacdec9.css","0","","","200","OK","Crawlable","true","","","Root-Relative","//head/link[17]","Head","HTML"
"CSS","https://www.strique.io/contact","https://www.strique.io/_next/static/css/b2dc23450bacdec9.css","0","","","200","OK","Crawlable","true","","","Root-Relative","//head/link[10]","Head","HTML"
"CSS","https://www.strique.io/customers/powerlook","https://www.strique.io/_next/static/css/b2dc23450bacdec9.css","0","","","200","OK","Crawlable","true","","","Root-Relative","//head/link[11]","Head","HTML"
"CSS","https://www.strique.io/customers/inc5","https://www.strique.io/_next/static/css/b2dc23450bacdec9.css","0","","","200","OK","Crawlable","true","","","Root-Relative","//head/link[11]","Head","HTML"
"CSS","https://www.strique.io/customers","https://www.strique.io/_next/static/css/b2dc23450bacdec9.css","0","","","200","OK","Crawlable","true","","","Root-Relative","//head/link[10]","Head","HTML"
"CSS","https://www.strique.io/product","https://www.strique.io/_next/static/css/b2dc23450bacdec9.css","0","","","200","OK","Crawlable","true","","","Root-Relative","//head/link[17]","Head","HTML"
"CSS","https://www.strique.io/terms","https://www.strique.io/_next/static/css/b2dc23450bacdec9.css","0","","","200","OK","Crawlable","true","","","Root-Relative","//head/link[10]","Head","HTML"
"CSS","https://www.strique.io/for","https://www.strique.io/_next/static/css/b2dc23450bacdec9.css","0","","","200","OK","Crawlable","true","","","Root-Relative","//head/link[10]","Head","HTML"
"CSS","https://www.strique.io/pricing","https://www.strique.io/_next/static/css/b2dc23450bacdec9.css","0","","","200","OK","Crawlable","true","","","Root-Relative","//head/link[10]","Head","HTML"
"CSS","https://www.strique.io/solutions","https://www.strique.io/_next/static/css/b2dc23450bacdec9.css","0","","","200","OK","Crawlable","true","","","Root-Relative","//head/link[10]","Head","HTML"
"CSS","https://www.strique.io/privacy-policy","https://www.strique.io/_next/static/css/b2dc23450bacdec9.css","0","","","200","OK","Crawlable","true","","","Root-Relative","//head/link[10]","Head","HTML"
"CSS","https://www.strique.io/trust-center","https://www.strique.io/_next/static/css/b2dc23450bacdec9.css","0","","","200","OK","Crawlable","true","","","Root-Relative","//head/link[17]","Head","HTML"
"CSS","https://www.strique.io/about","https://www.strique.io/_next/static/css/b2dc23450bacdec9.css","0","","","200","OK","Crawlable","true","","","Root-Relative","//head/link[10]","Head","HTML"
"CSS","https://www.strique.io/security","https://www.strique.io/_next/static/css/b2dc23450bacdec9.css","0","","","200","OK","Crawlable","true","","","Root-Relative","//head/link[10]","Head","HTML"
"CSS","https://www.strique.io/careers","https://www.strique.io/_next/static/css/b2dc23450bacdec9.css","0","","","200","OK","Crawlable","true","","","Root-Relative","//head/link[10]","Head","HTML"
"CSS","https://www.strique.io/customers/crimzon","https://www.strique.io/_next/static/css/b2dc23450bacdec9.css","0","","","200","OK","Crawlable","true","","","Root-Relative","//head/link[11]","Head","HTML"
"CSS","https://www.strique.io/integrations","https://www.strique.io/_next/static/css/b2dc23450bacdec9.css","0","","","200","OK","Crawlable","true","","","Root-Relative","//head/link[10]","Head","HTML"
"CSS","https://www.strique.io/integrations/hubspot","https://www.strique.io/_next/static/css/b2dc23450bacdec9.css","0","","","200","OK","Crawlable","true","","","Root-Relative","//head/link[10]","Head","HTML"
"CSS","https://www.strique.io/contact?intent=careers","https://www.strique.io/_next/static/css/b2dc23450bacdec9.css","0","","","200","OK","Crawlable","true","","","Root-Relative","//head/link[10]","Head","HTML"
"CSS","https://www.strique.io/integrations/google-ads","https://www.strique.io/_next/static/css/b2dc23450bacdec9.css","0","","","200","OK","Crawlable","true","","","Root-Relative","//head/link[10]","Head","HTML"
"CSS","https://www.strique.io/integrations/meta-ads","https://www.strique.io/_next/static/css/b2dc23450bacdec9.css","0","","","200","OK","Crawlable","true","","","Root-Relative","//head/link[10]","Head","HTML"
"CSS","https://www.strique.io/careers/ai-apprentice-program","https://www.strique.io/_next/static/css/b2dc23450bacdec9.css","0","","","200","OK","Crawlable","true","","","Root-Relative","//head/link[10]","Head","HTML"
"CSS","https://www.strique.io/careers/founding-customer-engineer","https://www.strique.io/_next/static/css/b2dc23450bacdec9.css","0","","","200","OK","Crawlable","true","","","Root-Relative","//head/link[10]","Head","HTML"
"CSS","https://www.strique.io/careers/revenue-marketer","https://www.strique.io/_next/static/css/b2dc23450bacdec9.css","0","","","200","OK","Crawlable","true","","","Root-Relative","//head/link[10]","Head","HTML"
"CSS","https://www.strique.io/careers/senior-full-stack-engineer","https://www.strique.io/_next/static/css/b2dc23450bacdec9.css","0","","","200","OK","Crawlable","true","","","Root-Relative","//head/link[10]","Head","HTML"
"CSS","https://www.strique.io/careers/product-designer","https://www.strique.io/_next/static/css/b2dc23450bacdec9.css","0","","","200","OK","Crawlable","true","","","Root-Relative","//head/link[10]","Head","HTML"
"CSS","https://www.strique.io/careers/agent-infrastructure-engineer","https://www.strique.io/_next/static/css/b2dc23450bacdec9.css","0","","","200","OK","Crawlable","true","","","Root-Relative","//head/link[10]","Head","HTML"
"CSS","https://www.strique.io/careers/applied-ml-researcher","https://www.strique.io/_next/static/css/b2dc23450bacdec9.css","0","","","200","OK","Crawlable","true","","","Root-Relative","//head/link[10]","Head","HTML"
"CSS","https://www.strique.io/careers/founding-growth-engineer","https://www.strique.io/_next/static/css/b2dc23450bacdec9.css","0","","","200","OK","Crawlable","true","","","Root-Relative","//head/link[10]","Head","HTML"
"CSS","https://www.strique.io/solutions/local-services","https://www.strique.io/_next/static/css/b2dc23450bacdec9.css","0","","","200","OK","Crawlable","true","","","Root-Relative","//head/link[10]","Head","HTML"
"CSS","https://www.strique.io/solutions/agencies","https://www.strique.io/_next/static/css/b2dc23450bacdec9.css","0","","","200","OK","Crawlable","true","","","Root-Relative","//head/link[10]","Head","HTML"
"CSS","https://www.strique.io/solutions/b2b-saas","https://www.strique.io/_next/static/css/b2dc23450bacdec9.css","0","","","200","OK","Crawlable","true","","","Root-Relative","//head/link[10]","Head","HTML"
"CSS","https://www.strique.io/solutions/ecommerce","https://www.strique.io/_next/static/css/b2dc23450bacdec9.css","0","","","200","OK","Crawlable","true","","","Root-Relative","//head/link[10]","Head","HTML"
"CSS","https://www.strique.io/contact?intent=sales","https://www.strique.io/_next/static/css/b2dc23450bacdec9.css","0","","","200","OK","Crawlable","true","","","Root-Relative","//head/link[10]","Head","HTML"
"CSS","https://www.strique.io/for/founders","https://www.strique.io/_next/static/css/b2dc23450bacdec9.css","0","","","200","OK","Crawlable","true","","","Root-Relative","//head/link[10]","Head","HTML"
"CSS","https://www.strique.io/for/cmos","https://www.strique.io/_next/static/css/b2dc23450bacdec9.css","0","","","200","OK","Crawlable","true","","","Root-Relative","//head/link[10]","Head","HTML"
"CSS","https://www.strique.io/for/marketing-managers","https://www.strique.io/_next/static/css/b2dc23450bacdec9.css","0","","","200","OK","Crawlable","true","","","Root-Relative","//head/link[10]","Head","HTML"
"CSS","https://www.strique.io/vs/strique-vs-jasper","https://www.strique.io/_next/static/css/b2dc23450bacdec9.css","0","","","200","OK","Crawlable","true","","","Root-Relative","//head/link[10]","Head","HTML"
"CSS","https://www.strique.io/vs","https://www.strique.io/_next/static/css/b2dc23450bacdec9.css","0","","","200","OK","Crawlable","true","","","Root-Relative","//head/link[10]","Head","HTML"
"CSS","https://www.strique.io/vs/strique-vs-adroll","https://www.strique.io/_next/static/css/b2dc23450bacdec9.css","0","","","200","OK","Crawlable","true","","","Root-Relative","//head/link[10]","Head","HTML"
"CSS","https://www.strique.io/contact?intent=demo","https://www.strique.io/_next/static/css/b2dc23450bacdec9.css","0","","","200","OK","Crawlable","true","","","Root-Relative","//head/link[10]","Head","HTML"
"CSS","https://www.strique.io/contact?intent=careers&role=founding-growth-engineer","https://www.strique.io/_next/static/css/b2dc23450bacdec9.css","0","","","200","OK","Crawlable","true","","","Root-Relative","//head/link[10]","Head","HTML"
"CSS","https://www.strique.io/contact?intent=careers&role=applied-ml-researcher","https://www.strique.io/_next/static/css/b2dc23450bacdec9.css","0","","","200","OK","Crawlable","true","","","Root-Relative","//head/link[10]","Head","HTML"
"CSS","https://www.strique.io/contact?intent=careers&role=agent-infrastructure-engineer","https://www.strique.io/_next/static/css/b2dc23450bacdec9.css","0","","","200","OK","Crawlable","true","","","Root-Relative","//head/link[10]","Head","HTML"
"CSS","https://www.strique.io/contact?intent=careers&role=product-designer","https://www.strique.io/_next/static/css/b2dc23450bacdec9.css","0","","","200","OK","Crawlable","true","","","Root-Relative","//head/link[10]","Head","HTML"
"CSS","https://www.strique.io/contact?intent=careers&role=senior-full-stack-engineer","https://www.strique.io/_next/static/css/b2dc23450bacdec9.css","0","","","200","OK","Crawlable","true","","","Root-Relative","//head/link[10]","Head","HTML"
"CSS","https://www.strique.io/contact?intent=careers&role=revenue-marketer","https://www.strique.io/_next/static/css/b2dc23450bacdec9.css","0","","","200","OK","Crawlable","true","","","Root-Relative","//head/link[10]","Head","HTML"
"CSS","https://www.strique.io/contact?intent=careers&role=founding-customer-engineer","https://www.strique.io/_next/static/css/b2dc23450bacdec9.css","0","","","200","OK","Crawlable","true","","","Root-Relative","//head/link[10]","Head","HTML"
"CSS","https://www.strique.io/contact?intent=careers&role=ai-apprentice-program","https://www.strique.io/_next/static/css/b2dc23450bacdec9.css","0","","","200","OK","Crawlable","true","","","Root-Relative","//head/link[10]","Head","HTML"
"JavaScript","https://www.strique.io/","https://www.strique.io/_next/static/chunks/main-app-c2b548aebeff9f30.js","0","","","200","OK","Crawlable","true","","","Root-Relative","//head/script[3]","Head","HTML"
"JavaScript","https://www.strique.io/contact","https://www.strique.io/_next/static/chunks/main-app-c2b548aebeff9f30.js","0","","","200","OK","Crawlable","true","","","Root-Relative","//head/script[3]","Head","HTML"
"JavaScript","https://www.strique.io/customers/powerlook","https://www.strique.io/_next/static/chunks/main-app-c2b548aebeff9f30.js","0","","","200","OK","Crawlable","true","","","Root-Relative","//head/script[3]","Head","HTML"
"JavaScript","https://www.strique.io/customers/inc5","https://www.strique.io/_next/static/chunks/main-app-c2b548aebeff9f30.js","0","","","200","OK","Crawlable","true","","","Root-Relative","//head/script[3]","Head","HTML"
"JavaScript","https://www.strique.io/customers","https://www.strique.io/_next/static/chunks/main-app-c2b548aebeff9f30.js","0","","","200","OK","Crawlable","true","","","Root-Relative","//head/script[3]","Head","HTML"
"JavaScript","https://www.strique.io/product","https://www.strique.io/_next/static/chunks/main-app-c2b548aebeff9f30.js","0","","","200","OK","Crawlable","true","","","Root-Relative","//head/script[3]","Head","HTML"
"JavaScript","https://www.strique.io/terms","https://www.strique.io/_next/static/chunks/main-app-c2b548aebeff9f30.js","0","","","200","OK","Crawlable","true","","","Root-Relative","//head/script[3]","Head","HTML"
"JavaScript","https://www.strique.io/for","https://www.strique.io/_next/static/chunks/main-app-c2b548aebeff9f30.js","0","","","200","OK","Crawlable","true","","","Root-Relative","//head/script[3]","Head","HTML"
"JavaScript","https://www.strique.io/pricing","https://www.strique.io/_next/static/chunks/main-app-c2b548aebeff9f30.js","0","","","200","OK","Crawlable","true","","","Root-Relative","//head/script[3]","Head","HTML"
"JavaScript","https://www.strique.io/solutions","https://www.strique.io/_next/static/chunks/main-app-c2b548aebeff9f30.js","0","","","200","OK","Crawlable","true","","","Root-Relative","//head/script[3]","Head","HTML"
"JavaScript","https://www.strique.io/privacy-policy","https://www.strique.io/_next/static/chunks/main-app-c2b548aebeff9f30.js","0","","","200","OK","Crawlable","true","","","Root-Relative","//head/script[3]","Head","HTML"
"JavaScript","https://www.strique.io/trust-center","https://www.strique.io/_next/static/chunks/main-app-c2b548aebeff9f30.js","0","","","200","OK","Crawlable","true","","","Root-Relative","//head/script[3]","Head","HTML"
"JavaScript","https://www.strique.io/about","https://www.strique.io/_next/static/chunks/main-app-c2b548aebeff9f30.js","0","","","200","OK","Crawlable","true","","","Root-Relative","//head/script[3]","Head","HTML"
"JavaScript","https://www.strique.io/security","https://www.strique.io/_next/static/chunks/main-app-c2b548aebeff9f30.js","0","","","200","OK","Crawlable","true","","","Root-Relative","//head/script[3]","Head","HTML"
"JavaScript","https://www.strique.io/careers","https://www.strique.io/_next/static/chunks/main-app-c2b548aebeff9f30.js","0","","","200","OK","Crawlable","true","","","Root-Relative","//head/script[3]","Head","HTML"
"JavaScript","https://www.strique.io/customers/crimzon","https://www.strique.io/_next/static/chunks/main-app-c2b548aebeff9f30.js","0","","","200","OK","Crawlable","true","","","Root-Relative","//head/script[3]","Head","HTML"
"JavaScript","https://www.strique.io/integrations","https://www.strique.io/_next/static/chunks/main-app-c2b548aebeff9f30.js","0","","","200","OK","Crawlable","true","","","Root-Relative","//head/script[3]","Head","HTML"
"JavaScript","https://www.strique.io/integrations/hubspot","https://www.strique.io/_next/static/chunks/main-app-c2b548aebeff9f30.js","0","","","200","OK","Crawlable","true","","","Root-Relative","//head/script[3]","Head","HTML"
"JavaScript","https://www.strique.io/contact?intent=careers","https://www.strique.io/_next/static/chunks/main-app-c2b548aebeff9f30.js","0","","","200","OK","Crawlable","true","","","Root-Relative","//head/script[3]","Head","HTML"
"JavaScript","https://www.strique.io/integrations/google-ads","https://www.strique.io/_next/static/chunks/main-app-c2b548aebeff9f30.js","0","","","200","OK","Crawlable","true","","","Root-Relative","//head/script[3]","Head","HTML"
"JavaScript","https://www.strique.io/integrations/meta-ads","https://www.strique.io/_next/static/chunks/main-app-c2b548aebeff9f30.js","0","","","200","OK","Crawlable","true","","","Root-Relative","//head/script[3]","Head","HTML"
"JavaScript","https://www.strique.io/careers/ai-apprentice-program","https://www.strique.io/_next/static/chunks/main-app-c2b548aebeff9f30.js","0","","","200","OK","Crawlable","true","","","Root-Relative","//head/script[3]","Head","HTML"
"JavaScript","https://www.strique.io/careers/founding-customer-engineer","https://www.strique.io/_next/static/chunks/main-app-c2b548aebeff9f30.js","0","","","200","OK","Crawlable","true","","","Root-Relative","//head/script[3]","Head","HTML"
"JavaScript","https://www.strique.io/careers/revenue-marketer","https://www.strique.io/_next/static/chunks/main-app-c2b548aebeff9f30.js","0","","","200","OK","Crawlable","true","","","Root-Relative","//head/script[3]","Head","HTML"
"JavaScript","https://www.strique.io/careers/senior-full-stack-engineer","https://www.strique.io/_next/static/chunks/main-app-c2b548aebeff9f30.js","0","","","200","OK","Crawlable","true","","","Root-Relative","//head/script[3]","Head","HTML"
"JavaScript","https://www.strique.io/careers/product-designer","https://www.strique.io/_next/static/chunks/main-app-c2b548aebeff9f30.js","0","","","200","OK","Crawlable","true","","","Root-Relative","//head/script[3]","Head","HTML"
"JavaScript","https://www.strique.io/careers/agent-infrastructure-engineer","https://www.strique.io/_next/static/chunks/main-app-c2b548aebeff9f30.js","0","","","200","OK","Crawlable","true","","","Root-Relative","//head/script[3]","Head","HTML"
"JavaScript","https://www.strique.io/careers/applied-ml-researcher","https://www.strique.io/_next/static/chunks/main-app-c2b548aebeff9f30.js","0","","","200","OK","Crawlable","true","","","Root-Relative","//head/script[3]","Head","HTML"
"JavaScript","https://www.strique.io/careers/founding-growth-engineer","https://www.strique.io/_next/static/chunks/main-app-c2b548aebeff9f30.js","0","","","200","OK","Crawlable","true","","","Root-Relative","//head/script[3]","Head","HTML"
"JavaScript","https://www.strique.io/solutions/local-services","https://www.strique.io/_next/static/chunks/main-app-c2b548aebeff9f30.js","0","","","200","OK","Crawlable","true","","","Root-Relative","//head/script[3]","Head","HTML"
"JavaScript","https://www.strique.io/solutions/agencies","https://www.strique.io/_next/static/chunks/main-app-c2b548aebeff9f30.js","0","","","200","OK","Crawlable","true","","","Root-Relative","//head/script[3]","Head","HTML"
"JavaScript","https://www.strique.io/solutions/b2b-saas","https://www.strique.io/_next/static/chunks/main-app-c2b548aebeff9f30.js","0","","","200","OK","Crawlable","true","","","Root-Relative","//head/script[3]","Head","HTML"
"JavaScript","https://www.strique.io/solutions/ecommerce","https://www.strique.io/_next/static/chunks/main-app-c2b548aebeff9f30.js","0","","","200","OK","Crawlable","true","","","Root-Relative","//head/script[3]","Head","HTML"
"JavaScript","https://www.strique.io/contact?intent=sales","https://www.strique.io/_next/static/chunks/main-app-c2b548aebeff9f30.js","0","","","200","OK","Crawlable","true","","","Root-Relative","//head/script[3]","Head","HTML"
"JavaScript","https://www.strique.io/for/founders","https://www.strique.io/_next/static/chunks/main-app-c2b548aebeff9f30.js","0","","","200","OK","Crawlable","true","","","Root-Relative","//head/script[3]","Head","HTML"
"JavaScript","https://www.strique.io/for/cmos","https://www.strique.io/_next/static/chunks/main-app-c2b548aebeff9f30.js","0","","","200","OK","Crawlable","true","","","Root-Relative","//head/script[3]","Head","HTML"
"JavaScript","https://www.strique.io/for/marketing-managers","https://www.strique.io/_next/static/chunks/main-app-c2b548aebeff9f30.js","0","","","200","OK","Crawlable","true","","","Root-Relative","//head/script[3]","Head","HTML"
"JavaScript","https://www.strique.io/vs/strique-vs-jasper","https://www.strique.io/_next/static/chunks/main-app-c2b548aebeff9f30.js","0","","","200","OK","Crawlable","true","","","Root-Relative","//head/script[3]","Head","HTML"
"JavaScript","https://www.strique.io/vs","https://www.strique.io/_next/static/chunks/main-app-c2b548aebeff9f30.js","0","","","200","OK","Crawlable","true","","","Root-Relative","//head/script[3]","Head","HTML"
"JavaScript","https://www.strique.io/vs/strique-vs-adroll","https://www.strique.io/_next/static/chunks/main-app-c2b548aebeff9f30.js","0","","","200","OK","Crawlable","true","","","Root-Relative","//head/script[3]","Head","HTML"
"JavaScript","https://www.strique.io/contact?intent=demo","https://www.strique.io/_next/static/chunks/main-app-c2b548aebeff9f30.js","0","","","200","OK","Crawlable","true","","","Root-Relative","//head/script[3]","Head","HTML"
"JavaScript","https://www.strique.io/contact?intent=careers&role=founding-growth-engineer","https://www.strique.io/_next/static/chunks/main-app-c2b548aebeff9f30.js","0","","","200","OK","Crawlable","true","","","Root-Relative","//head/script[3]","Head","HTML"
"JavaScript","https://www.strique.io/contact?intent=careers&role=applied-ml-researcher","https://www.strique.io/_next/static/chunks/main-app-c2b548aebeff9f30.js","0","","","200","OK","Crawlable","true","","","Root-Relative","//head/script[3]","Head","HTML"
"JavaScript","https://www.strique.io/contact?intent=careers&role=agent-infrastructure-engineer","https://www.strique.io/_next/static/chunks/main-app-c2b548aebeff9f30.js","0","","","200","OK","Crawlable","true","","","Root-Relative","//head/script[3]","Head","HTML"
"JavaScript","https://www.strique.io/contact?intent=careers&role=product-designer","https://www.strique.io/_next/static/chunks/main-app-c2b548aebeff9f30.js","0","","","200","OK","Crawlable","true","","","Root-Relative","//head/script[3]","Head","HTML"
"JavaScript","https://www.strique.io/contact?intent=careers&role=senior-full-stack-engineer","https://www.strique.io/_next/static/chunks/main-app-c2b548aebeff9f30.js","0","","","200","OK","Crawlable","true","","","Root-Relative","//head/script[3]","Head","HTML"
"JavaScript","https://www.strique.io/contact?intent=careers&role=revenue-marketer","https://www.strique.io/_next/static/chunks/main-app-c2b548aebeff9f30.js","0","","","200","OK","Crawlable","true","","","Root-Relative","//head/script[3]","Head","HTML"
"JavaScript","https://www.strique.io/contact?intent=careers&role=founding-customer-engineer","https://www.strique.io/_next/static/chunks/main-app-c2b548aebeff9f30.js","0","","","200","OK","Crawlable","true","","","Root-Relative","//head/script[3]","Head","HTML"
"JavaScript","https://www.strique.io/contact?intent=careers&role=ai-apprentice-program","https://www.strique.io/_next/static/chunks/main-app-c2b548aebeff9f30.js","0","","","200","OK","Crawlable","true","","","Root-Relative","//head/script[3]","Head","HTML"
"JavaScript","https://www.strique.io/","https://www.strique.io/_next/static/chunks/8516-a7b445ce730b31c6.js","0","","","200","OK","Crawlable","true","","","Root-Relative","//head/script[2]","Head","HTML"
"JavaScript","https://www.strique.io/contact","https://www.strique.io/_next/static/chunks/8516-a7b445ce730b31c6.js","0","","","200","OK","Crawlable","true","","","Root-Relative","//head/script[2]","Head","HTML"
"JavaScript","https://www.strique.io/customers/powerlook","https://www.strique.io/_next/static/chunks/8516-a7b445ce730b31c6.js","0","","","200","OK","Crawlable","true","","","Root-Relative","//head/script[2]","Head","HTML"
"JavaScript","https://www.strique.io/customers/inc5","https://www.strique.io/_next/static/chunks/8516-a7b445ce730b31c6.js","0","","","200","OK","Crawlable","true","","","Root-Relative","//head/script[2]","Head","HTML"
"JavaScript","https://www.strique.io/customers","https://www.strique.io/_next/static/chunks/8516-a7b445ce730b31c6.js","0","","","200","OK","Crawlable","true","","","Root-Relative","//head/script[2]","Head","HTML"
"JavaScript","https://www.strique.io/product","https://www.strique.io/_next/static/chunks/8516-a7b445ce730b31c6.js","0","","","200","OK","Crawlable","true","","","Root-Relative","//head/script[2]","Head","HTML"
"JavaScript","https://www.strique.io/terms","https://www.strique.io/_next/static/chunks/8516-a7b445ce730b31c6.js","0","","","200","OK","Crawlable","true","","","Root-Relative","//head/script[2]","Head","HTML"
"JavaScript","https://www.strique.io/for","https://www.strique.io/_next/static/chunks/8516-a7b445ce730b31c6.js","0","","","200","OK","Crawlable","true","","","Root-Relative","//head/script[2]","Head","HTML"
"JavaScript","https://www.strique.io/pricing","https://www.strique.io/_next/static/chunks/8516-a7b445ce730b31c6.js","0","","","200","OK","Crawlable","true","","","Root-Relative","//head/script[2]","Head","HTML"
"JavaScript","https://www.strique.io/solutions","https://www.strique.io/_next/static/chunks/8516-a7b445ce730b31c6.js","0","","","200","OK","Crawlable","true","","","Root-Relative","//head/script[2]","Head","HTML"
"JavaScript","https://www.strique.io/privacy-policy","https://www.strique.io/_next/static/chunks/8516-a7b445ce730b31c6.js","0","","","200","OK","Crawlable","true","","","Root-Relative","//head/script[2]","Head","HTML"
"JavaScript","https://www.strique.io/trust-center","https://www.strique.io/_next/static/chunks/8516-a7b445ce730b31c6.js","0","","","200","OK","Crawlable","true","","","Root-Relative","//head/script[2]","Head","HTML"
"JavaScript","https://www.strique.io/about","https://www.strique.io/_next/static/chunks/8516-a7b445ce730b31c6.js","0","","","200","OK","Crawlable","true","","","Root-Relative","//head/script[2]","Head","HTML"
"JavaScript","https://www.strique.io/security","https://www.strique.io/_next/static/chunks/8516-a7b445ce730b31c6.js","0","","","200","OK","Crawlable","true","","","Root-Relative","//head/script[2]","Head","HTML"
"JavaScript","https://www.strique.io/careers","https://www.strique.io/_next/static/chunks/8516-a7b445ce730b31c6.js","0","","","200","OK","Crawlable","true","","","Root-Relative","//head/script[2]","Head","HTML"
"JavaScript","https://www.strique.io/customers/crimzon","https://www.strique.io/_next/static/chunks/8516-a7b445ce730b31c6.js","0","","","200","OK","Crawlable","true","","","Root-Relative","//head/script[2]","Head","HTML"
"JavaScript","https://www.strique.io/integrations","https://www.strique.io/_next/static/chunks/8516-a7b445ce730b31c6.js","0","","","200","OK","Crawlable","true","","","Root-Relative","//head/script[2]","Head","HTML"
"JavaScript","https://www.strique.io/integrations/hubspot","https://www.strique.io/_next/static/chunks/8516-a7b445ce730b31c6.js","0","","","200","OK","Crawlable","true","","","Root-Relative","//head/script[2]","Head","HTML"
"JavaScript","https://www.strique.io/contact?intent=careers","https://www.strique.io/_next/static/chunks/8516-a7b445ce730b31c6.js","0","","","200","OK","Crawlable","true","","","Root-Relative","//head/script[2]","Head","HTML"
"JavaScript","https://www.strique.io/integrations/google-ads","https://www.strique.io/_next/static/chunks/8516-a7b445ce730b31c6.js","0","","","200","OK","Crawlable","true","","","Root-Relative","//head/script[2]","Head","HTML"
"JavaScript","https://www.strique.io/integrations/meta-ads","https://www.strique.io/_next/static/chunks/8516-a7b445ce730b31c6.js","0","","","200","OK","Crawlable","true","","","Root-Relative","//head/script[2]","Head","HTML"
"JavaScript","https://www.strique.io/careers/ai-apprentice-program","https://www.strique.io/_next/static/chunks/8516-a7b445ce730b31c6.js","0","","","200","OK","Crawlable","true","","","Root-Relative","//head/script[2]","Head","HTML"
"JavaScript","https://www.strique.io/careers/founding-customer-engineer","https://www.strique.io/_next/static/chunks/8516-a7b445ce730b31c6.js","0","","","200","OK","Crawlable","true","","","Root-Relative","//head/script[2]","Head","HTML"
"JavaScript","https://www.strique.io/careers/revenue-marketer","https://www.strique.io/_next/static/chunks/8516-a7b445ce730b31c6.js","0","","","200","OK","Crawlable","true","","","Root-Relative","//head/script[2]","Head","HTML"
"JavaScript","https://www.strique.io/careers/senior-full-stack-engineer","https://www.strique.io/_next/static/chunks/8516-a7b445ce730b31c6.js","0","","","200","OK","Crawlable","true","","","Root-Relative","//head/script[2]","Head","HTML"
"JavaScript","https://www.strique.io/careers/product-designer","https://www.strique.io/_next/static/chunks/8516-a7b445ce730b31c6.js","0","","","200","OK","Crawlable","true","","","Root-Relative","//head/script[2]","Head","HTML"
"JavaScript","https://www.strique.io/careers/agent-infrastructure-engineer","https://www.strique.io/_next/static/chunks/8516-a7b445ce730b31c6.js","0","","","200","OK","Crawlable","true","","","Root-Relative","//head/script[2]","Head","HTML"
"JavaScript","https://www.strique.io/careers/applied-ml-researcher","https://www.strique.io/_next/static/chunks/8516-a7b445ce730b31c6.js","0","","","200","OK","Crawlable","true","","","Root-Relative","//head/script[2]","Head","HTML"
"JavaScript","https://www.strique.io/careers/founding-growth-engineer","https://www.strique.io/_next/static/chunks/8516-a7b445ce730b31c6.js","0","","","200","OK","Crawlable","true","","","Root-Relative","//head/script[2]","Head","HTML"
"JavaScript","https://www.strique.io/solutions/local-services","https://www.strique.io/_next/static/chunks/8516-a7b445ce730b31c6.js","0","","","200","OK","Crawlable","true","","","Root-Relative","//head/script[2]","Head","HTML"
"JavaScript","https://www.strique.io/solutions/agencies","https://www.strique.io/_next/static/chunks/8516-a7b445ce730b31c6.js","0","","","200","OK","Crawlable","true","","","Root-Relative","//head/script[2]","Head","HTML"
"JavaScript","https://www.strique.io/solutions/b2b-saas","https://www.strique.io/_next/static/chunks/8516-a7b445ce730b31c6.js","0","","","200","OK","Crawlable","true","","","Root-Relative","//head/script[2]","Head","HTML"
"JavaScript","https://www.strique.io/solutions/ecommerce","https://www.strique.io/_next/static/chunks/8516-a7b445ce730b31c6.js","0","","","200","OK","Crawlable","true","","","Root-Relative","//head/script[2]","Head","HTML"
"JavaScript","https://www.strique.io/contact?intent=sales","https://www.strique.io/_next/static/chunks/8516-a7b445ce730b31c6.js","0","","","200","OK","Crawlable","true","","","Root-Relative","//head/script[2]","Head","HTML"
"JavaScript","https://www.strique.io/for/founders","https://www.strique.io/_next/static/chunks/8516-a7b445ce730b31c6.js","0","","","200","OK","Crawlable","true","","","Root-Relative","//head/script[2]","Head","HTML"
"JavaScript","https://www.strique.io/for/cmos","https://www.strique.io/_next/static/chunks/8516-a7b445ce730b31c6.js","0","","","200","OK","Crawlable","true","","","Root-Relative","//head/script[2]","Head","HTML"
"JavaScript","https://www.strique.io/for/marketing-managers","https://www.strique.io/_next/static/chunks/8516-a7b445ce730b31c6.js","0","","","200","OK","Crawlable","true","","","Root-Relative","//head/script[2]","Head","HTML"
"JavaScript","https://www.strique.io/vs/strique-vs-jasper","https://www.strique.io/_next/static/chunks/8516-a7b445ce730b31c6.js","0","","","200","OK","Crawlable","true","","","Root-Relative","//head/script[2]","Head","HTML"
"JavaScript","https://www.strique.io/vs","https://www.strique.io/_next/static/chunks/8516-a7b445ce730b31c6.js","0","","","200","OK","Crawlable","true","","","Root-Relative","//head/script[2]","Head","HTML"
"JavaScript","https://www.strique.io/vs/strique-vs-adroll","https://www.strique.io/_next/static/chunks/8516-a7b445ce730b31c6.js","0","","","200","OK","Crawlable","true","","","Root-Relative","//head/script[2]","Head","HTML"
"JavaScript","https://www.strique.io/contact?intent=demo","https://www.strique.io/_next/static/chunks/8516-a7b445ce730b31c6.js","0","","","200","OK","Crawlable","true","","","Root-Relative","//head/script[2]","Head","HTML"
"JavaScript","https://www.strique.io/contact?intent=careers&role=founding-growth-engineer","https://www.strique.io/_next/static/chunks/8516-a7b445ce730b31c6.js","0","","","200","OK","Crawlable","true","","","Root-Relative","//head/script[2]","Head","HTML"
"JavaScript","https://www.strique.io/contact?intent=careers&role=applied-ml-researcher","https://www.strique.io/_next/static/chunks/8516-a7b445ce730b31c6.js","0","","","200","OK","Crawlable","true","","","Root-Relative","//head/script[2]","Head","HTML"
"JavaScript","https://www.strique.io/contact?intent=careers&role=agent-infrastructure-engineer","https://www.strique.io/_next/static/chunks/8516-a7b445ce730b31c6.js","0","","","200","OK","Crawlable","true","","","Root-Relative","//head/script[2]","Head","HTML"
"JavaScript","https://www.strique.io/contact?intent=careers&role=product-designer","https://www.strique.io/_next/static/chunks/8516-a7b445ce730b31c6.js","0","","","200","OK","Crawlable","true","","","Root-Relative","//head/script[2]","Head","HTML"
"JavaScript","https://www.strique.io/contact?intent=careers&role=senior-full-stack-engineer","https://www.strique.io/_next/static/chunks/8516-a7b445ce730b31c6.js","0","","","200","OK","Crawlable","true","","","Root-Relative","//head/script[2]","Head","HTML"
"JavaScript","https://www.strique.io/contact?intent=careers&role=revenue-marketer","https://www.strique.io/_next/static/chunks/8516-a7b445ce730b31c6.js","0","","","200","OK","Crawlable","true","","","Root-Relative","//head/script[2]","Head","HTML"
"JavaScript","https://www.strique.io/contact?intent=careers&role=founding-customer-engineer","https://www.strique.io/_next/static/chunks/8516-a7b445ce730b31c6.js","0","","","200","OK","Crawlable","true","","","Root-Relative","//head/script[2]","Head","HTML"
"JavaScript","https://www.strique.io/contact?intent=careers&role=ai-apprentice-program","https://www.strique.io/_next/static/chunks/8516-a7b445ce730b31c6.js","0","","","200","OK","Crawlable","true","","","Root-Relative","//head/script[2]","Head","HTML"
"Hyperlink","https://www.strique.io/","https://www.strique.io/customers/inc5","117230","","Read case","200","OK","Crawlable","true","","","Root-Relative","//body/div[3]/main/div/section[@id='case-studies']/div/div[@class='fig-case-studies-cards']/div[1]/a","Content","HTML"
"Hyperlink","https://www.strique.io/customers/powerlook","https://www.strique.io/customers/inc5","117230","INC5 brand","D2C footwear · INC5 INC5 doubled net sales while compounding topline growth month over month. Read","200","OK","Crawlable","true","","","Root-Relative","//body/div[3]/main/section[1]/div/ul/li[1]/a","Content","HTML"
"Hyperlink","https://www.strique.io/customers","https://www.strique.io/customers/inc5","117230","INC5 brand","D2C footwearINC5 INC5 doubled net sales while compounding topline growth month over month. INC5 used Strique to consolidate their fragmented marketing stack, going from 8 vendors and freelancers to a single agent loop that compounded results every month. Read more","200","OK","Crawlable","true","","","Root-Relative","//body/div[3]/main/section[2]/div/div/div[1]/a","Content","HTML"
"Hyperlink","https://www.strique.io/customers/crimzon","https://www.strique.io/customers/inc5","117230","INC5 brand","D2C footwear · INC5 INC5 doubled net sales while compounding topline growth month over month. Read","200","OK","Crawlable","true","","","Root-Relative","//body/div[3]/main/section[1]/div/ul/li[1]/a","Content","HTML"
"HTML Canonical","https://www.strique.io/customers/inc5","https://www.strique.io/customers/inc5","117230","","","200","OK","Crawlable","true","","","Absolute","//head/link[13]","Head","HTML"
"Image","https://www.strique.io/","https://www.strique.io/images/footer-iso-logo.svg","0","","","200","OK","Crawlable","true","","","Root-Relative","//body/div[3]/footer/div/div[2]/div[2]/div[1]/div/div/div/img","Footer","HTML"
"Image","https://www.strique.io/contact","https://www.strique.io/images/footer-iso-logo.svg","0","","","200","OK","Crawlable","true","","","Root-Relative","//body/div[3]/footer/div/div[2]/div[2]/div[1]/div/div/div/img","Footer","HTML"
"Image","https://www.strique.io/customers/powerlook","https://www.strique.io/images/footer-iso-logo.svg","0","","","200","OK","Crawlable","true","","","Root-Relative","//body/div[3]/footer/div/div[2]/div[2]/div[1]/div/div/div/img","Footer","HTML"
"Image","https://www.strique.io/customers/inc5","https://www.strique.io/images/footer-iso-logo.svg","0","","","200","OK","Crawlable","true","","","Root-Relative","//body/div[3]/footer/div/div[2]/div[2]/div[1]/div/div/div/img","Footer","HTML"
"Image","https://www.strique.io/customers","https://www.strique.io/images/footer-iso-logo.svg","0","","","200","OK","Crawlable","true","","","Root-Relative","//body/div[3]/footer/div/div[2]/div[2]/div[1]/div/div/div/img","Footer","HTML"
"Image","https://www.strique.io/product","https://www.strique.io/images/footer-iso-logo.svg","0","","","200","OK","Crawlable","true","","","Root-Relative","//body/div[3]/footer/div/div[2]/div[2]/div[1]/div/div/div/img","Footer","HTML"
"Image","https://www.strique.io/terms","https://www.strique.io/images/footer-iso-logo.svg","0","","","200","OK","Crawlable","true","","","Root-Relative","//body/div[3]/footer/div/div[2]/div[2]/div[1]/div/div/div/img","Footer","HTML"
"Image","https://www.strique.io/for","https://www.strique.io/images/footer-iso-logo.svg","0","","","200","OK","Crawlable","true","","","Root-Relative","//body/div[3]/footer/div/div[2]/div[2]/div[1]/div/div/div/img","Footer","HTML"
"Image","https://www.strique.io/pricing","https://www.strique.io/images/footer-iso-logo.svg","0","","","200","OK","Crawlable","true","","","Root-Relative","//body/div[3]/footer/div/div[2]/div[2]/div[1]/div/div/div/img","Footer","HTML"
"Image","https://www.strique.io/solutions","https://www.strique.io/images/footer-iso-logo.svg","0","","","200","OK","Crawlable","true","","","Root-Relative","//body/div[3]/footer/div/div[2]/div[2]/div[1]/div/div/div/img","Footer","HTML"
"Image","https://www.strique.io/privacy-policy","https://www.strique.io/images/footer-iso-logo.svg","0","","","200","OK","Crawlable","true","","","Root-Relative","//body/div[3]/footer/div/div[2]/div[2]/div[1]/div/div/div/img","Footer","HTML"
"Image","https://www.strique.io/trust-center","https://www.strique.io/images/footer-iso-logo.svg","0","","","200","OK","Crawlable","true","","","Root-Relative","//body/div[3]/footer/div/div[2]/div[2]/div[1]/div/div/div/img","Footer","HTML"
"Image","https://www.strique.io/about","https://www.strique.io/images/footer-iso-logo.svg","0","","","200","OK","Crawlable","true","","","Root-Relative","//body/div[3]/footer/div/div[2]/div[2]/div[1]/div/div/div/img","Footer","HTML"
"Image","https://www.strique.io/security","https://www.strique.io/images/footer-iso-logo.svg","0","","","200","OK","Crawlable","true","","","Root-Relative","//body/div[3]/footer/div/div[2]/div[2]/div[1]/div/div/div/img","Footer","HTML"
"Image","https://www.strique.io/careers","https://www.strique.io/images/footer-iso-logo.svg","0","","","200","OK","Crawlable","true","","","Root-Relative","//body/div[3]/footer/div/div[2]/div[2]/div[1]/div/div/div/img","Footer","HTML"
"Image","https://www.strique.io/customers/crimzon","https://www.strique.io/images/footer-iso-logo.svg","0","","","200","OK","Crawlable","true","","","Root-Relative","//body/div[3]/footer/div/div[2]/div[2]/div[1]/div/div/div/img","Footer","HTML"
"Image","https://www.strique.io/integrations","https://www.strique.io/images/footer-iso-logo.svg","0","","","200","OK","Crawlable","true","","","Root-Relative","//body/div[3]/footer/div/div[2]/div[2]/div[1]/div/div/div/img","Footer","HTML"
"Image","https://www.strique.io/integrations/hubspot","https://www.strique.io/images/footer-iso-logo.svg","0","","","200","OK","Crawlable","true","","","Root-Relative","//body/div[3]/footer/div/div[2]/div[2]/div[1]/div/div/div/img","Footer","HTML"
"Image","https://www.strique.io/contact?intent=careers","https://www.strique.io/images/footer-iso-logo.svg","0","","","200","OK","Crawlable","true","","","Root-Relative","//body/div[3]/footer/div/div[2]/div[2]/div[1]/div/div/div/img","Footer","HTML"
"Image","https://www.strique.io/integrations/google-ads","https://www.strique.io/images/footer-iso-logo.svg","0","","","200","OK","Crawlable","true","","","Root-Relative","//body/div[3]/footer/div/div[2]/div[2]/div[1]/div/div/div/img","Footer","HTML"
"Image","https://www.strique.io/integrations/meta-ads","https://www.strique.io/images/footer-iso-logo.svg","0","","","200","OK","Crawlable","true","","","Root-Relative","//body/div[3]/footer/div/div[2]/div[2]/div[1]/div/div/div/img","Footer","HTML"
"Image","https://www.strique.io/careers/ai-apprentice-program","https://www.strique.io/images/footer-iso-logo.svg","0","","","200","OK","Crawlable","true","","","Root-Relative","//body/div[3]/footer/div/div[2]/div[2]/div[1]/div/div/div/img","Footer","HTML"
"Image","https://www.strique.io/careers/founding-customer-engineer","https://www.strique.io/images/footer-iso-logo.svg","0","","","200","OK","Crawlable","true","","","Root-Relative","//body/div[3]/footer/div/div[2]/div[2]/div[1]/div/div/div/img","Footer","HTML"
"Image","https://www.strique.io/careers/revenue-marketer","https://www.strique.io/images/footer-iso-logo.svg","0","","","200","OK","Crawlable","true","","","Root-Relative","//body/div[3]/footer/div/div[2]/div[2]/div[1]/div/div/div/img","Footer","HTML"
"Image","https://www.strique.io/careers/senior-full-stack-engineer","https://www.strique.io/images/footer-iso-logo.svg","0","","","200","OK","Crawlable","true","","","Root-Relative","//body/div[3]/footer/div/div[2]/div[2]/div[1]/div/div/div/img","Footer","HTML"
"Image","https://www.strique.io/careers/product-designer","https://www.strique.io/images/footer-iso-logo.svg","0","","","200","OK","Crawlable","true","","","Root-Relative","//body/div[3]/footer/div/div[2]/div[2]/div[1]/div/div/div/img","Footer","HTML"
"Image","https://www.strique.io/careers/agent-infrastructure-engineer","https://www.strique.io/images/footer-iso-logo.svg","0","","","200","OK","Crawlable","true","","","Root-Relative","//body/div[3]/footer/div/div[2]/div[2]/div[1]/div/div/div/img","Footer","HTML"
"Image","https://www.strique.io/careers/applied-ml-researcher","https://www.strique.io/images/footer-iso-logo.svg","0","","","200","OK","Crawlable","true","","","Root-Relative","//body/div[3]/footer/div/div[2]/div[2]/div[1]/div/div/div/img","Footer","HTML"
"Image","https://www.strique.io/careers/founding-growth-engineer","https://www.strique.io/images/footer-iso-logo.svg","0","","","200","OK","Crawlable","true","","","Root-Relative","//body/div[3]/footer/div/div[2]/div[2]/div[1]/div/div/div/img","Footer","HTML"
"Image","https://www.strique.io/solutions/local-services","https://www.strique.io/images/footer-iso-logo.svg","0","","","200","OK","Crawlable","true","","","Root-Relative","//body/div[3]/footer/div/div[2]/div[2]/div[1]/div/div/div/img","Footer","HTML"
"Image","https://www.strique.io/solutions/agencies","https://www.strique.io/images/footer-iso-logo.svg","0","","","200","OK","Crawlable","true","","","Root-Relative","//body/div[3]/footer/div/div[2]/div[2]/div[1]/div/div/div/img","Footer","HTML"
"Image","https://www.strique.io/solutions/b2b-saas","https://www.strique.io/images/footer-iso-logo.svg","0","","","200","OK","Crawlable","true","","","Root-Relative","//body/div[3]/footer/div/div[2]/div[2]/div[1]/div/div/div/img","Footer","HTML"
"Image","https://www.strique.io/solutions/ecommerce","https://www.strique.io/images/footer-iso-logo.svg","0","","","200","OK","Crawlable","true","","","Root-Relative","//body/div[3]/footer/div/div[2]/div[2]/div[1]/div/div/div/img","Footer","HTML"
"Image","https://www.strique.io/contact?intent=sales","https://www.strique.io/images/footer-iso-logo.svg","0","","","200","OK","Crawlable","true","","","Root-Relative","//body/div[3]/footer/div/div[2]/div[2]/div[1]/div/div/div/img","Footer","HTML"
"Image","https://www.strique.io/for/founders","https://www.strique.io/images/footer-iso-logo.svg","0","","","200","OK","Crawlable","true","","","Root-Relative","//body/div[3]/footer/div/div[2]/div[2]/div[1]/div/div/div/img","Footer","HTML"
"Image","https://www.strique.io/for/cmos","https://www.strique.io/images/footer-iso-logo.svg","0","","","200","OK","Crawlable","true","","","Root-Relative","//body/div[3]/footer/div/div[2]/div[2]/div[1]/div/div/div/img","Footer","HTML"
"Image","https://www.strique.io/for/marketing-managers","https://www.strique.io/images/footer-iso-logo.svg","0","","","200","OK","Crawlable","true","","","Root-Relative","//body/div[3]/footer/div/div[2]/div[2]/div[1]/div/div/div/img","Footer","HTML"
"Image","https://www.strique.io/vs/strique-vs-jasper","https://www.strique.io/images/footer-iso-logo.svg","0","","","200","OK","Crawlable","true","","","Root-Relative","//body/div[3]/footer/div/div[2]/div[2]/div[1]/div/div/div/img","Footer","HTML"
"Image","https://www.strique.io/vs","https://www.strique.io/images/footer-iso-logo.svg","0","","","200","OK","Crawlable","true","","","Root-Relative","//body/div[3]/footer/div/div[2]/div[2]/div[1]/div/div/div/img","Footer","HTML"
"Image","https://www.strique.io/vs/strique-vs-adroll","https://www.strique.io/images/footer-iso-logo.svg","0","","","200","OK","Crawlable","true","","","Root-Relative","//body/div[3]/footer/div/div[2]/div[2]/div[1]/div/div/div/img","Footer","HTML"
"Image","https://www.strique.io/contact?intent=demo","https://www.strique.io/images/footer-iso-logo.svg","0","","","200","OK","Crawlable","true","","","Root-Relative","//body/div[3]/footer/div/div[2]/div[2]/div[1]/div/div/div/img","Footer","HTML"
"Image","https://www.strique.io/contact?intent=careers&role=founding-growth-engineer","https://www.strique.io/images/footer-iso-logo.svg","0","","","200","OK","Crawlable","true","","","Root-Relative","//body/div[3]/footer/div/div[2]/div[2]/div[1]/div/div/div/img","Footer","HTML"
"Image","https://www.strique.io/contact?intent=careers&role=applied-ml-researcher","https://www.strique.io/images/footer-iso-logo.svg","0","","","200","OK","Crawlable","true","","","Root-Relative","//body/div[3]/footer/div/div[2]/div[2]/div[1]/div/div/div/img","Footer","HTML"
"Image","https://www.strique.io/contact?intent=careers&role=agent-infrastructure-engineer","https://www.strique.io/images/footer-iso-logo.svg","0","","","200","OK","Crawlable","true","","","Root-Relative","//body/div[3]/footer/div/div[2]/div[2]/div[1]/div/div/div/img","Footer","HTML"
"Image","https://www.strique.io/contact?intent=careers&role=product-designer","https://www.strique.io/images/footer-iso-logo.svg","0","","","200","OK","Crawlable","true","","","Root-Relative","//body/div[3]/footer/div/div[2]/div[2]/div[1]/div/div/div/img","Footer","HTML"
"Image","https://www.strique.io/contact?intent=careers&role=senior-full-stack-engineer","https://www.strique.io/images/footer-iso-logo.svg","0","","","200","OK","Crawlable","true","","","Root-Relative","//body/div[3]/footer/div/div[2]/div[2]/div[1]/div/div/div/img","Footer","HTML"
"Image","https://www.strique.io/contact?intent=careers&role=revenue-marketer","https://www.strique.io/images/footer-iso-logo.svg","0","","","200","OK","Crawlable","true","","","Root-Relative","//body/div[3]/footer/div/div[2]/div[2]/div[1]/div/div/div/img","Footer","HTML"
"Image","https://www.strique.io/contact?intent=careers&role=founding-customer-engineer","https://www.strique.io/images/footer-iso-logo.svg","0","","","200","OK","Crawlable","true","","","Root-Relative","//body/div[3]/footer/div/div[2]/div[2]/div[1]/div/div/div/img","Footer","HTML"
"Image","https://www.strique.io/contact?intent=careers&role=ai-apprentice-program","https://www.strique.io/images/footer-iso-logo.svg","0","","","200","OK","Crawlable","true","","","Root-Relative","//body/div[3]/footer/div/div[2]/div[2]/div[1]/div/div/div/img","Footer","HTML"
"Hyperlink","https://www.strique.io/","https://www.instagram.com/strique.io","705065","","","200","OK","Crawlable","true","_blank","noopener noreferrer","Absolute","//body/div[3]/footer/div/div[1]/ul/li[1]/a","Footer","HTML"
"Hyperlink","https://www.strique.io/contact","https://www.instagram.com/strique.io","705065","","","200","OK","Crawlable","true","_blank","noopener noreferrer","Absolute","//body/div[3]/footer/div/div[1]/ul/li[1]/a","Footer","HTML"
"Hyperlink","https://www.strique.io/customers/powerlook","https://www.instagram.com/strique.io","705065","","","200","OK","Crawlable","true","_blank","noopener noreferrer","Absolute","//body/div[3]/footer/div/div[1]/ul/li[1]/a","Footer","HTML"
"Hyperlink","https://www.strique.io/customers/inc5","https://www.instagram.com/strique.io","705065","","","200","OK","Crawlable","true","_blank","noopener noreferrer","Absolute","//body/div[3]/footer/div/div[1]/ul/li[1]/a","Footer","HTML"
"Hyperlink","https://www.strique.io/customers","https://www.instagram.com/strique.io","705065","","","200","OK","Crawlable","true","_blank","noopener noreferrer","Absolute","//body/div[3]/footer/div/div[1]/ul/li[1]/a","Footer","HTML"
"Hyperlink","https://www.strique.io/product","https://www.instagram.com/strique.io","705065","","","200","OK","Crawlable","true","_blank","noopener noreferrer","Absolute","//body/div[3]/footer/div/div[1]/ul/li[1]/a","Footer","HTML"
"Hyperlink","https://www.strique.io/terms","https://www.instagram.com/strique.io","705065","","","200","OK","Crawlable","true","_blank","noopener noreferrer","Absolute","//body/div[3]/footer/div/div[1]/ul/li[1]/a","Footer","HTML"
"Hyperlink","https://www.strique.io/for","https://www.instagram.com/strique.io","705065","","","200","OK","Crawlable","true","_blank","noopener noreferrer","Absolute","//body/div[3]/footer/div/div[1]/ul/li[1]/a","Footer","HTML"
"Hyperlink","https://www.strique.io/pricing","https://www.instagram.com/strique.io","705065","","","200","OK","Crawlable","true","_blank","noopener noreferrer","Absolute","//body/div[3]/footer/div/div[1]/ul/li[1]/a","Footer","HTML"
"Hyperlink","https://www.strique.io/solutions","https://www.instagram.com/strique.io","705065","","","200","OK","Crawlable","true","_blank","noopener noreferrer","Absolute","//body/div[3]/footer/div/div[1]/ul/li[1]/a","Footer","HTML"
"Hyperlink","https://www.strique.io/privacy-policy","https://www.instagram.com/strique.io","705065","","","200","OK","Crawlable","true","_blank","noopener noreferrer","Absolute","//body/div[3]/footer/div/div[1]/ul/li[1]/a","Footer","HTML"
"Hyperlink","https://www.strique.io/trust-center","https://www.instagram.com/strique.io","705065","","","200","OK","Crawlable","true","_blank","noopener noreferrer","Absolute","//body/div[3]/footer/div/div[1]/ul/li[1]/a","Footer","HTML"
"Hyperlink","https://www.strique.io/about","https://www.instagram.com/strique.io","705065","","","200","OK","Crawlable","true","_blank","noopener noreferrer","Absolute","//body/div[3]/footer/div/div[1]/ul/li[1]/a","Footer","HTML"
"Hyperlink","https://www.strique.io/security","https://www.instagram.com/strique.io","705065","","","200","OK","Crawlable","true","_blank","noopener noreferrer","Absolute","//body/div[3]/footer/div/div[1]/ul/li[1]/a","Footer","HTML"
"Hyperlink","https://www.strique.io/careers","https://www.instagram.com/strique.io","705065","","","200","OK","Crawlable","true","_blank","noopener noreferrer","Absolute","//body/div[3]/footer/div/div[1]/ul/li[1]/a","Footer","HTML"
"Hyperlink","https://www.strique.io/customers/crimzon","https://www.instagram.com/strique.io","705065","","","200","OK","Crawlable","true","_blank","noopener noreferrer","Absolute","//body/div[3]/footer/div/div[1]/ul/li[1]/a","Footer","HTML"
"Hyperlink","https://www.strique.io/integrations","https://www.instagram.com/strique.io","705065","","","200","OK","Crawlable","true","_blank","noopener noreferrer","Absolute","//body/div[3]/footer/div/div[1]/ul/li[1]/a","Footer","HTML"
"Hyperlink","https://www.strique.io/integrations/hubspot","https://www.instagram.com/strique.io","705065","","","200","OK","Crawlable","true","_blank","noopener noreferrer","Absolute","//body/div[3]/footer/div/div[1]/ul/li[1]/a","Footer","HTML"
"Hyperlink","https://www.strique.io/contact?intent=careers","https://www.instagram.com/strique.io","705065","","","200","OK","Crawlable","true","_blank","noopener noreferrer","Absolute","//body/div[3]/footer/div/div[1]/ul/li[1]/a","Footer","HTML"
"Hyperlink","https://www.strique.io/integrations/google-ads","https://www.instagram.com/strique.io","705065","","","200","OK","Crawlable","true","_blank","noopener noreferrer","Absolute","//body/div[3]/footer/div/div[1]/ul/li[1]/a","Footer","HTML"
"Hyperlink","https://www.strique.io/integrations/meta-ads","https://www.instagram.com/strique.io","705065","","","200","OK","Crawlable","true","_blank","noopener noreferrer","Absolute","//body/div[3]/footer/div/div[1]/ul/li[1]/a","Footer","HTML"
"Hyperlink","https://www.strique.io/careers/ai-apprentice-program","https://www.instagram.com/strique.io","705065","","","200","OK","Crawlable","true","_blank","noopener noreferrer","Absolute","//body/div[3]/footer/div/div[1]/ul/li[1]/a","Footer","HTML"
"Hyperlink","https://www.strique.io/careers/founding-customer-engineer","https://www.instagram.com/strique.io","705065","","","200","OK","Crawlable","true","_blank","noopener noreferrer","Absolute","//body/div[3]/footer/div/div[1]/ul/li[1]/a","Footer","HTML"
"Hyperlink","https://www.strique.io/careers/revenue-marketer","https://www.instagram.com/strique.io","705065","","","200","OK","Crawlable","true","_blank","noopener noreferrer","Absolute","//body/div[3]/footer/div/div[1]/ul/li[1]/a","Footer","HTML"
"Hyperlink","https://www.strique.io/careers/senior-full-stack-engineer","https://www.instagram.com/strique.io","705065","","","200","OK","Crawlable","true","_blank","noopener noreferrer","Absolute","//body/div[3]/footer/div/div[1]/ul/li[1]/a","Footer","HTML"
"Hyperlink","https://www.strique.io/careers/product-designer","https://www.instagram.com/strique.io","705065","","","200","OK","Crawlable","true","_blank","noopener noreferrer","Absolute","//body/div[3]/footer/div/div[1]/ul/li[1]/a","Footer","HTML"
"Hyperlink","https://www.strique.io/careers/agent-infrastructure-engineer","https://www.instagram.com/strique.io","705065","","","200","OK","Crawlable","true","_blank","noopener noreferrer","Absolute","//body/div[3]/footer/div/div[1]/ul/li[1]/a","Footer","HTML"
"Hyperlink","https://www.strique.io/careers/applied-ml-researcher","https://www.instagram.com/strique.io","705065","","","200","OK","Crawlable","true","_blank","noopener noreferrer","Absolute","//body/div[3]/footer/div/div[1]/ul/li[1]/a","Footer","HTML"
"Hyperlink","https://www.strique.io/careers/founding-growth-engineer","https://www.instagram.com/strique.io","705065","","","200","OK","Crawlable","true","_blank","noopener noreferrer","Absolute","//body/div[3]/footer/div/div[1]/ul/li[1]/a","Footer","HTML"
"Hyperlink","https://www.strique.io/solutions/local-services","https://www.instagram.com/strique.io","705065","","","200","OK","Crawlable","true","_blank","noopener noreferrer","Absolute","//body/div[3]/footer/div/div[1]/ul/li[1]/a","Footer","HTML"
"Hyperlink","https://www.strique.io/solutions/agencies","https://www.instagram.com/strique.io","705065","","","200","OK","Crawlable","true","_blank","noopener noreferrer","Absolute","//body/div[3]/footer/div/div[1]/ul/li[1]/a","Footer","HTML"
"Hyperlink","https://www.strique.io/solutions/b2b-saas","https://www.instagram.com/strique.io","705065","","","200","OK","Crawlable","true","_blank","noopener noreferrer","Absolute","//body/div[3]/footer/div/div[1]/ul/li[1]/a","Footer","HTML"
"Hyperlink","https://www.strique.io/solutions/ecommerce","https://www.instagram.com/strique.io","705065","","","200","OK","Crawlable","true","_blank","noopener noreferrer","Absolute","//body/div[3]/footer/div/div[1]/ul/li[1]/a","Footer","HTML"
"Hyperlink","https://www.strique.io/contact?intent=sales","https://www.instagram.com/strique.io","705065","","","200","OK","Crawlable","true","_blank","noopener noreferrer","Absolute","//body/div[3]/footer/div/div[1]/ul/li[1]/a","Footer","HTML"
"Hyperlink","https://www.strique.io/for/founders","https://www.instagram.com/strique.io","705065","","","200","OK","Crawlable","true","_blank","noopener noreferrer","Absolute","//body/div[3]/footer/div/div[1]/ul/li[1]/a","Footer","HTML"
"Hyperlink","https://www.strique.io/for/cmos","https://www.instagram.com/strique.io","705065","","","200","OK","Crawlable","true","_blank","noopener noreferrer","Absolute","//body/div[3]/footer/div/div[1]/ul/li[1]/a","Footer","HTML"
"Hyperlink","https://www.strique.io/for/marketing-managers","https://www.instagram.com/strique.io","705065","","","200","OK","Crawlable","true","_blank","noopener noreferrer","Absolute","//body/div[3]/footer/div/div[1]/ul/li[1]/a","Footer","HTML"
"Hyperlink","https://www.strique.io/vs/strique-vs-jasper","https://www.instagram.com/strique.io","705065","","","200","OK","Crawlable","true","_blank","noopener noreferrer","Absolute","//body/div[3]/footer/div/div[1]/ul/li[1]/a","Footer","HTML"
"Hyperlink","https://www.strique.io/vs","https://www.instagram.com/strique.io","705065","","","200","OK","Crawlable","true","_blank","noopener noreferrer","Absolute","//body/div[3]/footer/div/div[1]/ul/li[1]/a","Footer","HTML"
"Hyperlink","https://www.strique.io/vs/strique-vs-adroll","https://www.instagram.com/strique.io","705065","","","200","OK","Crawlable","true","_blank","noopener noreferrer","Absolute","//body/div[3]/footer/div/div[1]/ul/li[1]/a","Footer","HTML"
"Hyperlink","https://www.strique.io/contact?intent=demo","https://www.instagram.com/strique.io","705065","","","200","OK","Crawlable","true","_blank","noopener noreferrer","Absolute","//body/div[3]/footer/div/div[1]/ul/li[1]/a","Footer","HTML"
"Hyperlink","https://www.strique.io/contact?intent=careers&role=founding-growth-engineer","https://www.instagram.com/strique.io","705065","","","200","OK","Crawlable","true","_blank","noopener noreferrer","Absolute","//body/div[3]/footer/div/div[1]/ul/li[1]/a","Footer","HTML"
"Hyperlink","https://www.strique.io/contact?intent=careers&role=applied-ml-researcher","https://www.instagram.com/strique.io","705065","","","200","OK","Crawlable","true","_blank","noopener noreferrer","Absolute","//body/div[3]/footer/div/div[1]/ul/li[1]/a","Footer","HTML"
"Hyperlink","https://www.strique.io/contact?intent=careers&role=agent-infrastructure-engineer","https://www.instagram.com/strique.io","705065","","","200","OK","Crawlable","true","_blank","noopener noreferrer","Absolute","//body/div[3]/footer/div/div[1]/ul/li[1]/a","Footer","HTML"
"Hyperlink","https://www.strique.io/contact?intent=careers&role=product-designer","https://www.instagram.com/strique.io","705065","","","200","OK","Crawlable","true","_blank","noopener noreferrer","Absolute","//body/div[3]/footer/div/div[1]/ul/li[1]/a","Footer","HTML"
"Hyperlink","https://www.strique.io/contact?intent=careers&role=senior-full-stack-engineer","https://www.instagram.com/strique.io","705065","","","200","OK","Crawlable","true","_blank","noopener noreferrer","Absolute","//body/div[3]/footer/div/div[1]/ul/li[1]/a","Footer","HTML"
"Hyperlink","https://www.strique.io/contact?intent=careers&role=revenue-marketer","https://www.instagram.com/strique.io","705065","","","200","OK","Crawlable","true","_blank","noopener noreferrer","Absolute","//body/div[3]/footer/div/div[1]/ul/li[1]/a","Footer","HTML"
"Hyperlink","https://www.strique.io/contact?intent=careers&role=founding-customer-engineer","https://www.instagram.com/strique.io","705065","","","200","OK","Crawlable","true","_blank","noopener noreferrer","Absolute","//body/div[3]/footer/div/div[1]/ul/li[1]/a","Footer","HTML"
"Hyperlink","https://www.strique.io/contact?intent=careers&role=ai-apprentice-program","https://www.instagram.com/strique.io","705065","","","200","OK","Crawlable","true","_blank","noopener noreferrer","Absolute","//body/div[3]/footer/div/div[1]/ul/li[1]/a","Footer","HTML"
"HTML Hreflang","https://www.instagram.com/strique.io","https://www.instagram.com/strique.io","705065","","","200","OK","Crawlable","true","","","Absolute","//head/link[8]","Head","HTML"
"Image","https://www.strique.io/","https://www.google.com/s2/favicons?domain=linkedin.com&sz=64","0","LinkedIn","","0","Blocked by robots.txt","Crawlable","true","","","Absolute","//body/div[3]/main/div/section[6]/div[2]/div[1]/div/div[4]/img","Content","HTML"
"Image","https://www.strique.io/","https://www.google.com/s2/favicons?domain=linkedin.com&sz=64","0","LinkedIn","","0","Blocked by robots.txt","Crawlable","true","","","Absolute","//body/div[3]/main/div/section[6]/div[2]/div[1]/div/div[14]/img","Content","HTML"
"Image","https://www.strique.io/product","https://www.google.com/s2/favicons?domain=linkedin.com&sz=64","0","LinkedIn","","0","Blocked by robots.txt","Crawlable","true","","","Absolute","//body/div[3]/main/section[6]/div[2]/div[1]/div/div[4]/img","Content","HTML"
"Image","https://www.strique.io/product","https://www.google.com/s2/favicons?domain=linkedin.com&sz=64","0","LinkedIn","","0","Blocked by robots.txt","Crawlable","true","","","Absolute","//body/div[3]/main/section[6]/div[2]/div[1]/div/div[14]/img","Content","HTML"
"Image","https://www.strique.io/","https://www.google.com/s2/favicons?domain=tiktok.com&sz=64","0","TikTok Ads","","0","Blocked by robots.txt","Crawlable","true","","","Absolute","//body/div[3]/main/div/section[6]/div[2]/div[1]/div/div[3]/img","Content","HTML"
"Image","https://www.strique.io/","https://www.google.com/s2/favicons?domain=tiktok.com&sz=64","0","TikTok Ads","","0","Blocked by robots.txt","Crawlable","true","","","Absolute","//body/div[3]/main/div/section[6]/div[2]/div[1]/div/div[13]/img","Content","HTML"
"Image","https://www.strique.io/product","https://www.google.com/s2/favicons?domain=tiktok.com&sz=64","0","TikTok Ads","","0","Blocked by robots.txt","Crawlable","true","","","Absolute","//body/div[3]/main/section[6]/div[2]/div[1]/div/div[3]/img","Content","HTML"
"Image","https://www.strique.io/product","https://www.google.com/s2/favicons?domain=tiktok.com&sz=64","0","TikTok Ads","","0","Blocked by robots.txt","Crawlable","true","","","Absolute","//body/div[3]/main/section[6]/div[2]/div[1]/div/div[13]/img","Content","HTML"
"JavaScript","https://www.strique.io/","https://www.strique.io/_next/static/chunks/5609-f3075d9f6dd430e3.js","0","","","200","OK","Crawlable","true","","","Root-Relative","//head/script[5]","Head","HTML"
"JavaScript","https://www.strique.io/contact","https://www.strique.io/_next/static/chunks/5609-f3075d9f6dd430e3.js","0","","","200","OK","Crawlable","true","","","Root-Relative","//head/script[5]","Head","HTML"
"JavaScript","https://www.strique.io/customers/powerlook","https://www.strique.io/_next/static/chunks/5609-f3075d9f6dd430e3.js","0","","","200","OK","Crawlable","true","","","Root-Relative","//head/script[5]","Head","HTML"
"JavaScript","https://www.strique.io/customers/inc5","https://www.strique.io/_next/static/chunks/5609-f3075d9f6dd430e3.js","0","","","200","OK","Crawlable","true","","","Root-Relative","//head/script[5]","Head","HTML"
"JavaScript","https://www.strique.io/customers","https://www.strique.io/_next/static/chunks/5609-f3075d9f6dd430e3.js","0","","","200","OK","Crawlable","true","","","Root-Relative","//head/script[5]","Head","HTML"
"JavaScript","https://www.strique.io/product","https://www.strique.io/_next/static/chunks/5609-f3075d9f6dd430e3.js","0","","","200","OK","Crawlable","true","","","Root-Relative","//head/script[5]","Head","HTML"
"JavaScript","https://www.strique.io/terms","https://www.strique.io/_next/static/chunks/5609-f3075d9f6dd430e3.js","0","","","200","OK","Crawlable","true","","","Root-Relative","//head/script[5]","Head","HTML"
"JavaScript","https://www.strique.io/for","https://www.strique.io/_next/static/chunks/5609-f3075d9f6dd430e3.js","0","","","200","OK","Crawlable","true","","","Root-Relative","//head/script[5]","Head","HTML"
"JavaScript","https://www.strique.io/pricing","https://www.strique.io/_next/static/chunks/5609-f3075d9f6dd430e3.js","0","","","200","OK","Crawlable","true","","","Root-Relative","//head/script[5]","Head","HTML"
"JavaScript","https://www.strique.io/solutions","https://www.strique.io/_next/static/chunks/5609-f3075d9f6dd430e3.js","0","","","200","OK","Crawlable","true","","","Root-Relative","//head/script[5]","Head","HTML"
"JavaScript","https://www.strique.io/privacy-policy","https://www.strique.io/_next/static/chunks/5609-f3075d9f6dd430e3.js","0","","","200","OK","Crawlable","true","","","Root-Relative","//head/script[5]","Head","HTML"
"JavaScript","https://www.strique.io/trust-center","https://www.strique.io/_next/static/chunks/5609-f3075d9f6dd430e3.js","0","","","200","OK","Crawlable","true","","","Root-Relative","//head/script[5]","Head","HTML"
"JavaScript","https://www.strique.io/about","https://www.strique.io/_next/static/chunks/5609-f3075d9f6dd430e3.js","0","","","200","OK","Crawlable","true","","","Root-Relative","//head/script[5]","Head","HTML"
"JavaScript","https://www.strique.io/security","https://www.strique.io/_next/static/chunks/5609-f3075d9f6dd430e3.js","0","","","200","OK","Crawlable","true","","","Root-Relative","//head/script[5]","Head","HTML"
"JavaScript","https://www.strique.io/careers","https://www.strique.io/_next/static/chunks/5609-f3075d9f6dd430e3.js","0","","","200","OK","Crawlable","true","","","Root-Relative","//head/script[5]","Head","HTML"
"JavaScript","https://www.strique.io/customers/crimzon","https://www.strique.io/_next/static/chunks/5609-f3075d9f6dd430e3.js","0","","","200","OK","Crawlable","true","","","Root-Relative","//head/script[5]","Head","HTML"
"JavaScript","https://www.strique.io/integrations","https://www.strique.io/_next/static/chunks/5609-f3075d9f6dd430e3.js","0","","","200","OK","Crawlable","true","","","Root-Relative","//head/script[5]","Head","HTML"
"JavaScript","https://www.strique.io/integrations/hubspot","https://www.strique.io/_next/static/chunks/5609-f3075d9f6dd430e3.js","0","","","200","OK","Crawlable","true","","","Root-Relative","//head/script[5]","Head","HTML"
"JavaScript","https://www.strique.io/contact?intent=careers","https://www.strique.io/_next/static/chunks/5609-f3075d9f6dd430e3.js","0","","","200","OK","Crawlable","true","","","Root-Relative","//head/script[5]","Head","HTML"
"JavaScript","https://www.strique.io/integrations/google-ads","https://www.strique.io/_next/static/chunks/5609-f3075d9f6dd430e3.js","0","","","200","OK","Crawlable","true","","","Root-Relative","//head/script[5]","Head","HTML"
"JavaScript","https://www.strique.io/integrations/meta-ads","https://www.strique.io/_next/static/chunks/5609-f3075d9f6dd430e3.js","0","","","200","OK","Crawlable","true","","","Root-Relative","//head/script[5]","Head","HTML"
"JavaScript","https://www.strique.io/careers/ai-apprentice-program","https://www.strique.io/_next/static/chunks/5609-f3075d9f6dd430e3.js","0","","","200","OK","Crawlable","true","","","Root-Relative","//head/script[5]","Head","HTML"
"JavaScript","https://www.strique.io/careers/founding-customer-engineer","https://www.strique.io/_next/static/chunks/5609-f3075d9f6dd430e3.js","0","","","200","OK","Crawlable","true","","","Root-Relative","//head/script[5]","Head","HTML"
"JavaScript","https://www.strique.io/careers/revenue-marketer","https://www.strique.io/_next/static/chunks/5609-f3075d9f6dd430e3.js","0","","","200","OK","Crawlable","true","","","Root-Relative","//head/script[5]","Head","HTML"
"JavaScript","https://www.strique.io/careers/senior-full-stack-engineer","https://www.strique.io/_next/static/chunks/5609-f3075d9f6dd430e3.js","0","","","200","OK","Crawlable","true","","","Root-Relative","//head/script[5]","Head","HTML"
"JavaScript","https://www.strique.io/careers/product-designer","https://www.strique.io/_next/static/chunks/5609-f3075d9f6dd430e3.js","0","","","200","OK","Crawlable","true","","","Root-Relative","//head/script[5]","Head","HTML"
"JavaScript","https://www.strique.io/careers/agent-infrastructure-engineer","https://www.strique.io/_next/static/chunks/5609-f3075d9f6dd430e3.js","0","","","200","OK","Crawlable","true","","","Root-Relative","//head/script[5]","Head","HTML"
"JavaScript","https://www.strique.io/careers/applied-ml-researcher","https://www.strique.io/_next/static/chunks/5609-f3075d9f6dd430e3.js","0","","","200","OK","Crawlable","true","","","Root-Relative","//head/script[5]","Head","HTML"
"JavaScript","https://www.strique.io/careers/founding-growth-engineer","https://www.strique.io/_next/static/chunks/5609-f3075d9f6dd430e3.js","0","","","200","OK","Crawlable","true","","","Root-Relative","//head/script[5]","Head","HTML"
"JavaScript","https://www.strique.io/solutions/local-services","https://www.strique.io/_next/static/chunks/5609-f3075d9f6dd430e3.js","0","","","200","OK","Crawlable","true","","","Root-Relative","//head/script[5]","Head","HTML"
"JavaScript","https://www.strique.io/solutions/agencies","https://www.strique.io/_next/static/chunks/5609-f3075d9f6dd430e3.js","0","","","200","OK","Crawlable","true","","","Root-Relative","//head/script[5]","Head","HTML"
"JavaScript","https://www.strique.io/solutions/b2b-saas","https://www.strique.io/_next/static/chunks/5609-f3075d9f6dd430e3.js","0","","","200","OK","Crawlable","true","","","Root-Relative","//head/script[5]","Head","HTML"
"JavaScript","https://www.strique.io/solutions/ecommerce","https://www.strique.io/_next/static/chunks/5609-f3075d9f6dd430e3.js","0","","","200","OK","Crawlable","true","","","Root-Relative","//head/script[5]","Head","HTML"
"JavaScript","https://www.strique.io/contact?intent=sales","https://www.strique.io/_next/static/chunks/5609-f3075d9f6dd430e3.js","0","","","200","OK","Crawlable","true","","","Root-Relative","//head/script[5]","Head","HTML"
"JavaScript","https://www.strique.io/for/founders","https://www.strique.io/_next/static/chunks/5609-f3075d9f6dd430e3.js","0","","","200","OK","Crawlable","true","","","Root-Relative","//head/script[5]","Head","HTML"
"JavaScript","https://www.strique.io/for/cmos","https://www.strique.io/_next/static/chunks/5609-f3075d9f6dd430e3.js","0","","","200","OK","Crawlable","true","","","Root-Relative","//head/script[5]","Head","HTML"
"JavaScript","https://www.strique.io/for/marketing-managers","https://www.strique.io/_next/static/chunks/5609-f3075d9f6dd430e3.js","0","","","200","OK","Crawlable","true","","","Root-Relative","//head/script[5]","Head","HTML"
"JavaScript","https://www.strique.io/vs/strique-vs-jasper","https://www.strique.io/_next/static/chunks/5609-f3075d9f6dd430e3.js","0","","","200","OK","Crawlable","true","","","Root-Relative","//head/script[5]","Head","HTML"
"JavaScript","https://www.strique.io/vs","https://www.strique.io/_next/static/chunks/5609-f3075d9f6dd430e3.js","0","","","200","OK","Crawlable","true","","","Root-Relative","//head/script[5]","Head","HTML"
"JavaScript","https://www.strique.io/vs/strique-vs-adroll","https://www.strique.io/_next/static/chunks/5609-f3075d9f6dd430e3.js","0","","","200","OK","Crawlable","true","","","Root-Relative","//head/script[5]","Head","HTML"
"JavaScript","https://www.strique.io/contact?intent=demo","https://www.strique.io/_next/static/chunks/5609-f3075d9f6dd430e3.js","0","","","200","OK","Crawlable","true","","","Root-Relative","//head/script[5]","Head","HTML"
"JavaScript","https://www.strique.io/contact?intent=careers&role=founding-growth-engineer","https://www.strique.io/_next/static/chunks/5609-f3075d9f6dd430e3.js","0","","","200","OK","Crawlable","true","","","Root-Relative","//head/script[5]","Head","HTML"
"JavaScript","https://www.strique.io/contact?intent=careers&role=applied-ml-researcher","https://www.strique.io/_next/static/chunks/5609-f3075d9f6dd430e3.js","0","","","200","OK","Crawlable","true","","","Root-Relative","//head/script[5]","Head","HTML"
"JavaScript","https://www.strique.io/contact?intent=careers&role=agent-infrastructure-engineer","https://www.strique.io/_next/static/chunks/5609-f3075d9f6dd430e3.js","0","","","200","OK","Crawlable","true","","","Root-Relative","//head/script[5]","Head","HTML"
"JavaScript","https://www.strique.io/contact?intent=careers&role=product-designer","https://www.strique.io/_next/static/chunks/5609-f3075d9f6dd430e3.js","0","","","200","OK","Crawlable","true","","","Root-Relative","//head/script[5]","Head","HTML"
"JavaScript","https://www.strique.io/contact?intent=careers&role=senior-full-stack-engineer","https://www.strique.io/_next/static/chunks/5609-f3075d9f6dd430e3.js","0","","","200","OK","Crawlable","true","","","Root-Relative","//head/script[5]","Head","HTML"
"JavaScript","https://www.strique.io/contact?intent=careers&role=revenue-marketer","https://www.strique.io/_next/static/chunks/5609-f3075d9f6dd430e3.js","0","","","200","OK","Crawlable","true","","","Root-Relative","//head/script[5]","Head","HTML"
"JavaScript","https://www.strique.io/contact?intent=careers&role=founding-customer-engineer","https://www.strique.io/_next/static/chunks/5609-f3075d9f6dd430e3.js","0","","","200","OK","Crawlable","true","","","Root-Relative","//head/script[5]","Head","HTML"
"JavaScript","https://www.strique.io/contact?intent=careers&role=ai-apprentice-program","https://www.strique.io/_next/static/chunks/5609-f3075d9f6dd430e3.js","0","","","200","OK","Crawlable","true","","","Root-Relative","//head/script[5]","Head","HTML"
"Hyperlink","https://www.strique.io/","https://www.strique.io/sitemap.xml","0","","Sitemap","200","OK","Crawlable","true","_blank","noopener noreferrer","Root-Relative","//body/div[3]/footer/div/div[1]/div[2]/div[3]/ul/li[4]/a","Footer","HTML"
"Hyperlink","https://www.strique.io/contact","https://www.strique.io/sitemap.xml","0","","Sitemap","200","OK","Crawlable","true","_blank","noopener noreferrer","Root-Relative","//body/div[3]/footer/div/div[1]/div[2]/div[3]/ul/li[4]/a","Footer","HTML"
"Hyperlink","https://www.strique.io/customers/powerlook","https://www.strique.io/sitemap.xml","0","","Sitemap","200","OK","Crawlable","true","_blank","noopener noreferrer","Root-Relative","//body/div[3]/footer/div/div[1]/div[2]/div[3]/ul/li[4]/a","Footer","HTML"
"Hyperlink","https://www.strique.io/customers/inc5","https://www.strique.io/sitemap.xml","0","","Sitemap","200","OK","Crawlable","true","_blank","noopener noreferrer","Root-Relative","//body/div[3]/footer/div/div[1]/div[2]/div[3]/ul/li[4]/a","Footer","HTML"
"Hyperlink","https://www.strique.io/customers","https://www.strique.io/sitemap.xml","0","","Sitemap","200","OK","Crawlable","true","_blank","noopener noreferrer","Root-Relative","//body/div[3]/footer/div/div[1]/div[2]/div[3]/ul/li[4]/a","Footer","HTML"
"Hyperlink","https://www.strique.io/product","https://www.strique.io/sitemap.xml","0","","Sitemap","200","OK","Crawlable","true","_blank","noopener noreferrer","Root-Relative","//body/div[3]/footer/div/div[1]/div[2]/div[3]/ul/li[4]/a","Footer","HTML"
"Hyperlink","https://www.strique.io/terms","https://www.strique.io/sitemap.xml","0","","Sitemap","200","OK","Crawlable","true","_blank","noopener noreferrer","Root-Relative","//body/div[3]/footer/div/div[1]/div[2]/div[3]/ul/li[4]/a","Footer","HTML"
"Hyperlink","https://www.strique.io/for","https://www.strique.io/sitemap.xml","0","","Sitemap","200","OK","Crawlable","true","_blank","noopener noreferrer","Root-Relative","//body/div[3]/footer/div/div[1]/div[2]/div[3]/ul/li[4]/a","Footer","HTML"
"Hyperlink","https://www.strique.io/pricing","https://www.strique.io/sitemap.xml","0","","Sitemap","200","OK","Crawlable","true","_blank","noopener noreferrer","Root-Relative","//body/div[3]/footer/div/div[1]/div[2]/div[3]/ul/li[4]/a","Footer","HTML"
"Hyperlink","https://www.strique.io/solutions","https://www.strique.io/sitemap.xml","0","","Sitemap","200","OK","Crawlable","true","_blank","noopener noreferrer","Root-Relative","//body/div[3]/footer/div/div[1]/div[2]/div[3]/ul/li[4]/a","Footer","HTML"
"Hyperlink","https://www.strique.io/privacy-policy","https://www.strique.io/sitemap.xml","0","","Sitemap","200","OK","Crawlable","true","_blank","noopener noreferrer","Root-Relative","//body/div[3]/footer/div/div[1]/div[2]/div[3]/ul/li[4]/a","Footer","HTML"
"Hyperlink","https://www.strique.io/trust-center","https://www.strique.io/sitemap.xml","0","","Sitemap","200","OK","Crawlable","true","_blank","noopener noreferrer","Root-Relative","//body/div[3]/footer/div/div[1]/div[2]/div[3]/ul/li[4]/a","Footer","HTML"
"Hyperlink","https://www.strique.io/about","https://www.strique.io/sitemap.xml","0","","Sitemap","200","OK","Crawlable","true","_blank","noopener noreferrer","Root-Relative","//body/div[3]/footer/div/div[1]/div[2]/div[3]/ul/li[4]/a","Footer","HTML"
"Hyperlink","https://www.strique.io/security","https://www.strique.io/sitemap.xml","0","","Sitemap","200","OK","Crawlable","true","_blank","noopener noreferrer","Root-Relative","//body/div[3]/footer/div/div[1]/div[2]/div[3]/ul/li[4]/a","Footer","HTML"
"Hyperlink","https://www.strique.io/careers","https://www.strique.io/sitemap.xml","0","","Sitemap","200","OK","Crawlable","true","_blank","noopener noreferrer","Root-Relative","//body/div[3]/footer/div/div[1]/div[2]/div[3]/ul/li[4]/a","Footer","HTML"
"Hyperlink","https://www.strique.io/customers/crimzon","https://www.strique.io/sitemap.xml","0","","Sitemap","200","OK","Crawlable","true","_blank","noopener noreferrer","Root-Relative","//body/div[3]/footer/div/div[1]/div[2]/div[3]/ul/li[4]/a","Footer","HTML"
"Hyperlink","https://www.strique.io/integrations","https://www.strique.io/sitemap.xml","0","","Sitemap","200","OK","Crawlable","true","_blank","noopener noreferrer","Root-Relative","//body/div[3]/footer/div/div[1]/div[2]/div[3]/ul/li[4]/a","Footer","HTML"
"Hyperlink","https://www.strique.io/integrations/hubspot","https://www.strique.io/sitemap.xml","0","","Sitemap","200","OK","Crawlable","true","_blank","noopener noreferrer","Root-Relative","//body/div[3]/footer/div/div[1]/div[2]/div[3]/ul/li[4]/a","Footer","HTML"
"Hyperlink","https://www.strique.io/contact?intent=careers","https://www.strique.io/sitemap.xml","0","","Sitemap","200","OK","Crawlable","true","_blank","noopener noreferrer","Root-Relative","//body/div[3]/footer/div/div[1]/div[2]/div[3]/ul/li[4]/a","Footer","HTML"
"Hyperlink","https://www.strique.io/integrations/google-ads","https://www.strique.io/sitemap.xml","0","","Sitemap","200","OK","Crawlable","true","_blank","noopener noreferrer","Root-Relative","//body/div[3]/footer/div/div[1]/div[2]/div[3]/ul/li[4]/a","Footer","HTML"
"Hyperlink","https://www.strique.io/integrations/meta-ads","https://www.strique.io/sitemap.xml","0","","Sitemap","200","OK","Crawlable","true","_blank","noopener noreferrer","Root-Relative","//body/div[3]/footer/div/div[1]/div[2]/div[3]/ul/li[4]/a","Footer","HTML"
"Hyperlink","https://www.strique.io/careers/ai-apprentice-program","https://www.strique.io/sitemap.xml","0","","Sitemap","200","OK","Crawlable","true","_blank","noopener noreferrer","Root-Relative","//body/div[3]/footer/div/div[1]/div[2]/div[3]/ul/li[4]/a","Footer","HTML"
"Hyperlink","https://www.strique.io/careers/founding-customer-engineer","https://www.strique.io/sitemap.xml","0","","Sitemap","200","OK","Crawlable","true","_blank","noopener noreferrer","Root-Relative","//body/div[3]/footer/div/div[1]/div[2]/div[3]/ul/li[4]/a","Footer","HTML"
"Hyperlink","https://www.strique.io/careers/revenue-marketer","https://www.strique.io/sitemap.xml","0","","Sitemap","200","OK","Crawlable","true","_blank","noopener noreferrer","Root-Relative","//body/div[3]/footer/div/div[1]/div[2]/div[3]/ul/li[4]/a","Footer","HTML"
"Hyperlink","https://www.strique.io/careers/senior-full-stack-engineer","https://www.strique.io/sitemap.xml","0","","Sitemap","200","OK","Crawlable","true","_blank","noopener noreferrer","Root-Relative","//body/div[3]/footer/div/div[1]/div[2]/div[3]/ul/li[4]/a","Footer","HTML"
"Hyperlink","https://www.strique.io/careers/product-designer","https://www.strique.io/sitemap.xml","0","","Sitemap","200","OK","Crawlable","true","_blank","noopener noreferrer","Root-Relative","//body/div[3]/footer/div/div[1]/div[2]/div[3]/ul/li[4]/a","Footer","HTML"
"Hyperlink","https://www.strique.io/careers/agent-infrastructure-engineer","https://www.strique.io/sitemap.xml","0","","Sitemap","200","OK","Crawlable","true","_blank","noopener noreferrer","Root-Relative","//body/div[3]/footer/div/div[1]/div[2]/div[3]/ul/li[4]/a","Footer","HTML"
"Hyperlink","https://www.strique.io/careers/applied-ml-researcher","https://www.strique.io/sitemap.xml","0","","Sitemap","200","OK","Crawlable","true","_blank","noopener noreferrer","Root-Relative","//body/div[3]/footer/div/div[1]/div[2]/div[3]/ul/li[4]/a","Footer","HTML"
"Hyperlink","https://www.strique.io/careers/founding-growth-engineer","https://www.strique.io/sitemap.xml","0","","Sitemap","200","OK","Crawlable","true","_blank","noopener noreferrer","Root-Relative","//body/div[3]/footer/div/div[1]/div[2]/div[3]/ul/li[4]/a","Footer","HTML"
"Hyperlink","https://www.strique.io/solutions/local-services","https://www.strique.io/sitemap.xml","0","","Sitemap","200","OK","Crawlable","true","_blank","noopener noreferrer","Root-Relative","//body/div[3]/footer/div/div[1]/div[2]/div[3]/ul/li[4]/a","Footer","HTML"
"Hyperlink","https://www.strique.io/solutions/agencies","https://www.strique.io/sitemap.xml","0","","Sitemap","200","OK","Crawlable","true","_blank","noopener noreferrer","Root-Relative","//body/div[3]/footer/div/div[1]/div[2]/div[3]/ul/li[4]/a","Footer","HTML"
"Hyperlink","https://www.strique.io/solutions/b2b-saas","https://www.strique.io/sitemap.xml","0","","Sitemap","200","OK","Crawlable","true","_blank","noopener noreferrer","Root-Relative","//body/div[3]/footer/div/div[1]/div[2]/div[3]/ul/li[4]/a","Footer","HTML"
"Hyperlink","https://www.strique.io/solutions/ecommerce","https://www.strique.io/sitemap.xml","0","","Sitemap","200","OK","Crawlable","true","_blank","noopener noreferrer","Root-Relative","//body/div[3]/footer/div/div[1]/div[2]/div[3]/ul/li[4]/a","Footer","HTML"
"Hyperlink","https://www.strique.io/contact?intent=sales","https://www.strique.io/sitemap.xml","0","","Sitemap","200","OK","Crawlable","true","_blank","noopener noreferrer","Root-Relative","//body/div[3]/footer/div/div[1]/div[2]/div[3]/ul/li[4]/a","Footer","HTML"
"Hyperlink","https://www.strique.io/for/founders","https://www.strique.io/sitemap.xml","0","","Sitemap","200","OK","Crawlable","true","_blank","noopener noreferrer","Root-Relative","//body/div[3]/footer/div/div[1]/div[2]/div[3]/ul/li[4]/a","Footer","HTML"
"Hyperlink","https://www.strique.io/for/cmos","https://www.strique.io/sitemap.xml","0","","Sitemap","200","OK","Crawlable","true","_blank","noopener noreferrer","Root-Relative","//body/div[3]/footer/div/div[1]/div[2]/div[3]/ul/li[4]/a","Footer","HTML"
"Hyperlink","https://www.strique.io/for/marketing-managers","https://www.strique.io/sitemap.xml","0","","Sitemap","200","OK","Crawlable","true","_blank","noopener noreferrer","Root-Relative","//body/div[3]/footer/div/div[1]/div[2]/div[3]/ul/li[4]/a","Footer","HTML"
"Hyperlink","https://www.strique.io/vs/strique-vs-jasper","https://www.strique.io/sitemap.xml","0","","Sitemap","200","OK","Crawlable","true","_blank","noopener noreferrer","Root-Relative","//body/div[3]/footer/div/div[1]/div[2]/div[3]/ul/li[4]/a","Footer","HTML"
"Hyperlink","https://www.strique.io/vs","https://www.strique.io/sitemap.xml","0","","Sitemap","200","OK","Crawlable","true","_blank","noopener noreferrer","Root-Relative","//body/div[3]/footer/div/div[1]/div[2]/div[3]/ul/li[4]/a","Footer","HTML"
"Hyperlink","https://www.strique.io/vs/strique-vs-adroll","https://www.strique.io/sitemap.xml","0","","Sitemap","200","OK","Crawlable","true","_blank","noopener noreferrer","Root-Relative","//body/div[3]/footer/div/div[1]/div[2]/div[3]/ul/li[4]/a","Footer","HTML"
"Hyperlink","https://www.strique.io/contact?intent=demo","https://www.strique.io/sitemap.xml","0","","Sitemap","200","OK","Crawlable","true","_blank","noopener noreferrer","Root-Relative","//body/div[3]/footer/div/div[1]/div[2]/div[3]/ul/li[4]/a","Footer","HTML"
"Hyperlink","https://www.strique.io/contact?intent=careers&role=founding-growth-engineer","https://www.strique.io/sitemap.xml","0","","Sitemap","200","OK","Crawlable","true","_blank","noopener noreferrer","Root-Relative","//body/div[3]/footer/div/div[1]/div[2]/div[3]/ul/li[4]/a","Footer","HTML"
"Hyperlink","https://www.strique.io/contact?intent=careers&role=applied-ml-researcher","https://www.strique.io/sitemap.xml","0","","Sitemap","200","OK","Crawlable","true","_blank","noopener noreferrer","Root-Relative","//body/div[3]/footer/div/div[1]/div[2]/div[3]/ul/li[4]/a","Footer","HTML"
"Hyperlink","https://www.strique.io/contact?intent=careers&role=agent-infrastructure-engineer","https://www.strique.io/sitemap.xml","0","","Sitemap","200","OK","Crawlable","true","_blank","noopener noreferrer","Root-Relative","//body/div[3]/footer/div/div[1]/div[2]/div[3]/ul/li[4]/a","Footer","HTML"
"Hyperlink","https://www.strique.io/contact?intent=careers&role=product-designer","https://www.strique.io/sitemap.xml","0","","Sitemap","200","OK","Crawlable","true","_blank","noopener noreferrer","Root-Relative","//body/div[3]/footer/div/div[1]/div[2]/div[3]/ul/li[4]/a","Footer","HTML"
"Hyperlink","https://www.strique.io/contact?intent=careers&role=senior-full-stack-engineer","https://www.strique.io/sitemap.xml","0","","Sitemap","200","OK","Crawlable","true","_blank","noopener noreferrer","Root-Relative","//body/div[3]/footer/div/div[1]/div[2]/div[3]/ul/li[4]/a","Footer","HTML"
"Hyperlink","https://www.strique.io/contact?intent=careers&role=revenue-marketer","https://www.strique.io/sitemap.xml","0","","Sitemap","200","OK","Crawlable","true","_blank","noopener noreferrer","Root-Relative","//body/div[3]/footer/div/div[1]/div[2]/div[3]/ul/li[4]/a","Footer","HTML"
"Hyperlink","https://www.strique.io/contact?intent=careers&role=founding-customer-engineer","https://www.strique.io/sitemap.xml","0","","Sitemap","200","OK","Crawlable","true","_blank","noopener noreferrer","Root-Relative","//body/div[3]/footer/div/div[1]/div[2]/div[3]/ul/li[4]/a","Footer","HTML"
"Hyperlink","https://www.strique.io/contact?intent=careers&role=ai-apprentice-program","https://www.strique.io/sitemap.xml","0","","Sitemap","200","OK","Crawlable","true","_blank","noopener noreferrer","Root-Relative","//body/div[3]/footer/div/div[1]/div[2]/div[3]/ul/li[4]/a","Footer","HTML"
"Hyperlink","https://www.strique.io/","https://www.strique.io/customers","107655","","Customers","200","OK","Crawlable","true","","","Root-Relative","//body/div[3]/nav/div/ul/li[@class='relative'][2]/span/a","Navigation","HTML"
"Hyperlink","https://www.strique.io/","https://www.strique.io/customers","107655","","All case studies","200","OK","Crawlable","true","","","Root-Relative","//body/div[3]/main/div/section[@id='case-studies']/div/div[1]/a","Content","HTML"
"Hyperlink","https://www.strique.io/contact","https://www.strique.io/customers","107655","","Customers","200","OK","Crawlable","true","","","Root-Relative","//body/div[3]/nav/div/ul/li[@class='relative'][2]/span/a","Navigation","HTML"
"Hyperlink","https://www.strique.io/customers/powerlook","https://www.strique.io/customers","107655","","Customers","200","OK","Crawlable","true","","","Root-Relative","//body/div[3]/nav/div/ul/li[@class='relative'][2]/span/a","Navigation","HTML"
"Hyperlink","https://www.strique.io/customers/powerlook","https://www.strique.io/customers","107655","","Customers","200","OK","Crawlable","true","","","Root-Relative","//body/div[3]/main/article/header/div[3]/nav/span[1]/a","Navigation","HTML"
"Hyperlink","https://www.strique.io/customers/inc5","https://www.strique.io/customers","107655","","Customers","200","OK","Crawlable","true","","","Root-Relative","//body/div[3]/nav/div/ul/li[@class='relative'][2]/span/a","Navigation","HTML"
"Hyperlink","https://www.strique.io/customers/inc5","https://www.strique.io/customers","107655","","Customers","200","OK","Crawlable","true","","","Root-Relative","//body/div[3]/main/article/header/div[3]/nav/span[1]/a","Navigation","HTML"
"Hyperlink","https://www.strique.io/customers","https://www.strique.io/customers","107655","","Customers","200","OK","Crawlable","true","","","Root-Relative","//body/div[3]/nav/div/ul/li[@class='relative'][2]/span/a","Navigation","HTML"
"Hyperlink","https://www.strique.io/product","https://www.strique.io/customers","107655","","Customers","200","OK","Crawlable","true","","","Root-Relative","//body/div[3]/nav/div/ul/li[@class='relative'][2]/span/a","Navigation","HTML"
"Hyperlink","https://www.strique.io/terms","https://www.strique.io/customers","107655","","Customers","200","OK","Crawlable","true","","","Root-Relative","//body/div[3]/nav/div/ul/li[@class='relative'][2]/span/a","Navigation","HTML"
"Hyperlink","https://www.strique.io/for","https://www.strique.io/customers","107655","","Customers","200","OK","Crawlable","true","","","Root-Relative","//body/div[3]/nav/div/ul/li[@class='relative'][2]/span/a","Navigation","HTML"
"Hyperlink","https://www.strique.io/pricing","https://www.strique.io/customers","107655","","Customers","200","OK","Crawlable","true","","","Root-Relative","//body/div[3]/nav/div/ul/li[@class='relative'][2]/span/a","Navigation","HTML"
"Hyperlink","https://www.strique.io/solutions","https://www.strique.io/customers","107655","","Customers","200","OK","Crawlable","true","","","Root-Relative","//body/div[3]/nav/div/ul/li[@class='relative'][2]/span/a","Navigation","HTML"
"Hyperlink","https://www.strique.io/privacy-policy","https://www.strique.io/customers","107655","","Customers","200","OK","Crawlable","true","","","Root-Relative","//body/div[3]/nav/div/ul/li[@class='relative'][2]/span/a","Navigation","HTML"
"Hyperlink","https://www.strique.io/trust-center","https://www.strique.io/customers","107655","","Customers","200","OK","Crawlable","true","","","Root-Relative","//body/div[3]/nav/div/ul/li[@class='relative'][2]/span/a","Navigation","HTML"
"Hyperlink","https://www.strique.io/about","https://www.strique.io/customers","107655","","Customers","200","OK","Crawlable","true","","","Root-Relative","//body/div[3]/nav/div/ul/li[@class='relative'][2]/span/a","Navigation","HTML"
"Hyperlink","https://www.strique.io/security","https://www.strique.io/customers","107655","","Customers","200","OK","Crawlable","true","","","Root-Relative","//body/div[3]/nav/div/ul/li[@class='relative'][2]/span/a","Navigation","HTML"
"Hyperlink","https://www.strique.io/careers","https://www.strique.io/customers","107655","","Customers","200","OK","Crawlable","true","","","Root-Relative","//body/div[3]/nav/div/ul/li[@class='relative'][2]/span/a","Navigation","HTML"
"Hyperlink","https://www.strique.io/customers/crimzon","https://www.strique.io/customers","107655","","Customers","200","OK","Crawlable","true","","","Root-Relative","//body/div[3]/nav/div/ul/li[@class='relative'][2]/span/a","Navigation","HTML"
"Hyperlink","https://www.strique.io/customers/crimzon","https://www.strique.io/customers","107655","","Customers","200","OK","Crawlable","true","","","Root-Relative","//body/div[3]/main/article/header/div[3]/nav/span[1]/a","Navigation","HTML"
"Hyperlink","https://www.strique.io/integrations","https://www.strique.io/customers","107655","","Customers","200","OK","Crawlable","true","","","Root-Relative","//body/div[3]/nav/div/ul/li[@class='relative'][2]/span/a","Navigation","HTML"
"Hyperlink","https://www.strique.io/integrations/hubspot","https://www.strique.io/customers","107655","","Customers","200","OK","Crawlable","true","","","Root-Relative","//body/div[3]/nav/div/ul/li[@class='relative'][2]/span/a","Navigation","HTML"
"Hyperlink","https://www.strique.io/contact?intent=careers","https://www.strique.io/customers","107655","","Customers","200","OK","Crawlable","true","","","Root-Relative","//body/div[3]/nav/div/ul/li[@class='relative'][2]/span/a","Navigation","HTML"
"Hyperlink","https://www.strique.io/integrations/google-ads","https://www.strique.io/customers","107655","","Customers","200","OK","Crawlable","true","","","Root-Relative","//body/div[3]/nav/div/ul/li[@class='relative'][2]/span/a","Navigation","HTML"
"Hyperlink","https://www.strique.io/integrations/meta-ads","https://www.strique.io/customers","107655","","Customers","200","OK","Crawlable","true","","","Root-Relative","//body/div[3]/nav/div/ul/li[@class='relative'][2]/span/a","Navigation","HTML"
"Hyperlink","https://www.strique.io/careers/ai-apprentice-program","https://www.strique.io/customers","107655","","Customers","200","OK","Crawlable","true","","","Root-Relative","//body/div[3]/nav/div/ul/li[@class='relative'][2]/span/a","Navigation","HTML"
"Hyperlink","https://www.strique.io/careers/founding-customer-engineer","https://www.strique.io/customers","107655","","Customers","200","OK","Crawlable","true","","","Root-Relative","//body/div[3]/nav/div/ul/li[@class='relative'][2]/span/a","Navigation","HTML"
"Hyperlink","https://www.strique.io/careers/revenue-marketer","https://www.strique.io/customers","107655","","Customers","200","OK","Crawlable","true","","","Root-Relative","//body/div[3]/nav/div/ul/li[@class='relative'][2]/span/a","Navigation","HTML"
"Hyperlink","https://www.strique.io/careers/senior-full-stack-engineer","https://www.strique.io/customers","107655","","Customers","200","OK","Crawlable","true","","","Root-Relative","//body/div[3]/nav/div/ul/li[@class='relative'][2]/span/a","Navigation","HTML"
"Hyperlink","https://www.strique.io/careers/product-designer","https://www.strique.io/customers","107655","","Customers","200","OK","Crawlable","true","","","Root-Relative","//body/div[3]/nav/div/ul/li[@class='relative'][2]/span/a","Navigation","HTML"
"Hyperlink","https://www.strique.io/careers/agent-infrastructure-engineer","https://www.strique.io/customers","107655","","Customers","200","OK","Crawlable","true","","","Root-Relative","//body/div[3]/nav/div/ul/li[@class='relative'][2]/span/a","Navigation","HTML"
"Hyperlink","https://www.strique.io/careers/applied-ml-researcher","https://www.strique.io/customers","107655","","Customers","200","OK","Crawlable","true","","","Root-Relative","//body/div[3]/nav/div/ul/li[@class='relative'][2]/span/a","Navigation","HTML"
"Hyperlink","https://www.strique.io/careers/founding-growth-engineer","https://www.strique.io/customers","107655","","Customers","200","OK","Crawlable","true","","","Root-Relative","//body/div[3]/nav/div/ul/li[@class='relative'][2]/span/a","Navigation","HTML"
"Hyperlink","https://www.strique.io/solutions/local-services","https://www.strique.io/customers","107655","","Customers","200","OK","Crawlable","true","","","Root-Relative","//body/div[3]/nav/div/ul/li[@class='relative'][2]/span/a","Navigation","HTML"
"Hyperlink","https://www.strique.io/solutions/agencies","https://www.strique.io/customers","107655","","Customers","200","OK","Crawlable","true","","","Root-Relative","//body/div[3]/nav/div/ul/li[@class='relative'][2]/span/a","Navigation","HTML"
"Hyperlink","https://www.strique.io/solutions/b2b-saas","https://www.strique.io/customers","107655","","Customers","200","OK","Crawlable","true","","","Root-Relative","//body/div[3]/nav/div/ul/li[@class='relative'][2]/span/a","Navigation","HTML"
"Hyperlink","https://www.strique.io/solutions/ecommerce","https://www.strique.io/customers","107655","","Customers","200","OK","Crawlable","true","","","Root-Relative","//body/div[3]/nav/div/ul/li[@class='relative'][2]/span/a","Navigation","HTML"
"Hyperlink","https://www.strique.io/contact?intent=sales","https://www.strique.io/customers","107655","","Customers","200","OK","Crawlable","true","","","Root-Relative","//body/div[3]/nav/div/ul/li[@class='relative'][2]/span/a","Navigation","HTML"
"Hyperlink","https://www.strique.io/for/founders","https://www.strique.io/customers","107655","","Customers","200","OK","Crawlable","true","","","Root-Relative","//body/div[3]/nav/div/ul/li[@class='relative'][2]/span/a","Navigation","HTML"
"Hyperlink","https://www.strique.io/for/cmos","https://www.strique.io/customers","107655","","Customers","200","OK","Crawlable","true","","","Root-Relative","//body/div[3]/nav/div/ul/li[@class='relative'][2]/span/a","Navigation","HTML"
"Hyperlink","https://www.strique.io/for/marketing-managers","https://www.strique.io/customers","107655","","Customers","200","OK","Crawlable","true","","","Root-Relative","//body/div[3]/nav/div/ul/li[@class='relative'][2]/span/a","Navigation","HTML"
"Hyperlink","https://www.strique.io/vs/strique-vs-jasper","https://www.strique.io/customers","107655","","Customers","200","OK","Crawlable","true","","","Root-Relative","//body/div[3]/nav/div/ul/li[@class='relative'][2]/span/a","Navigation","HTML"
"Hyperlink","https://www.strique.io/vs","https://www.strique.io/customers","107655","","Customers","200","OK","Crawlable","true","","","Root-Relative","//body/div[3]/nav/div/ul/li[@class='relative'][2]/span/a","Navigation","HTML"
"Hyperlink","https://www.strique.io/vs/strique-vs-adroll","https://www.strique.io/customers","107655","","Customers","200","OK","Crawlable","true","","","Root-Relative","//body/div[3]/nav/div/ul/li[@class='relative'][2]/span/a","Navigation","HTML"
"Hyperlink","https://www.strique.io/contact?intent=demo","https://www.strique.io/customers","107655","","Customers","200","OK","Crawlable","true","","","Root-Relative","//body/div[3]/nav/div/ul/li[@class='relative'][2]/span/a","Navigation","HTML"
"Hyperlink","https://www.strique.io/contact?intent=careers&role=founding-growth-engineer","https://www.strique.io/customers","107655","","Customers","200","OK","Crawlable","true","","","Root-Relative","//body/div[3]/nav/div/ul/li[@class='relative'][2]/span/a","Navigation","HTML"
"Hyperlink","https://www.strique.io/contact?intent=careers&role=applied-ml-researcher","https://www.strique.io/customers","107655","","Customers","200","OK","Crawlable","true","","","Root-Relative","//body/div[3]/nav/div/ul/li[@class='relative'][2]/span/a","Navigation","HTML"
"Hyperlink","https://www.strique.io/contact?intent=careers&role=agent-infrastructure-engineer","https://www.strique.io/customers","107655","","Customers","200","OK","Crawlable","true","","","Root-Relative","//body/div[3]/nav/div/ul/li[@class='relative'][2]/span/a","Navigation","HTML"
"Hyperlink","https://www.strique.io/contact?intent=careers&role=product-designer","https://www.strique.io/customers","107655","","Customers","200","OK","Crawlable","true","","","Root-Relative","//body/div[3]/nav/div/ul/li[@class='relative'][2]/span/a","Navigation","HTML"
"Hyperlink","https://www.strique.io/contact?intent=careers&role=senior-full-stack-engineer","https://www.strique.io/customers","107655","","Customers","200","OK","Crawlable","true","","","Root-Relative","//body/div[3]/nav/div/ul/li[@class='relative'][2]/span/a","Navigation","HTML"
"Hyperlink","https://www.strique.io/contact?intent=careers&role=revenue-marketer","https://www.strique.io/customers","107655","","Customers","200","OK","Crawlable","true","","","Root-Relative","//body/div[3]/nav/div/ul/li[@class='relative'][2]/span/a","Navigation","HTML"
"Hyperlink","https://www.strique.io/contact?intent=careers&role=founding-customer-engineer","https://www.strique.io/customers","107655","","Customers","200","OK","Crawlable","true","","","Root-Relative","//body/div[3]/nav/div/ul/li[@class='relative'][2]/span/a","Navigation","HTML"
"Hyperlink","https://www.strique.io/contact?intent=careers&role=ai-apprentice-program","https://www.strique.io/customers","107655","","Customers","200","OK","Crawlable","true","","","Root-Relative","//body/div[3]/nav/div/ul/li[@class='relative'][2]/span/a","Navigation","HTML"
"HTML Canonical","https://www.strique.io/customers","https://www.strique.io/customers","107655","","","200","OK","Crawlable","true","","","Absolute","//head/link[12]","Head","HTML"
"Image","https://www.strique.io/","https://www.google.com/s2/favicons?domain=g2.com&sz=32","0","G2","","0","Blocked by robots.txt","Crawlable","true","","","Absolute","//body/div[3]/main/div/section[1]/div/div[1]/div/div/div[@class='fig-hero-ratings']/div[1]/img","Content","HTML"
"JavaScript","https://www.strique.io/","https://www.strique.io/_next/static/chunks/8727-a40e48e03e9b2d62.js","0","","","200","OK","Crawlable","true","","","Root-Relative","//head/script[6]","Head","HTML"
"JavaScript","https://www.strique.io/contact","https://www.strique.io/_next/static/chunks/8727-a40e48e03e9b2d62.js","0","","","200","OK","Crawlable","true","","","Root-Relative","//head/script[6]","Head","HTML"
"JavaScript","https://www.strique.io/customers/powerlook","https://www.strique.io/_next/static/chunks/8727-a40e48e03e9b2d62.js","0","","","200","OK","Crawlable","true","","","Root-Relative","//head/script[6]","Head","HTML"
"JavaScript","https://www.strique.io/customers/inc5","https://www.strique.io/_next/static/chunks/8727-a40e48e03e9b2d62.js","0","","","200","OK","Crawlable","true","","","Root-Relative","//head/script[6]","Head","HTML"
"JavaScript","https://www.strique.io/customers","https://www.strique.io/_next/static/chunks/8727-a40e48e03e9b2d62.js","0","","","200","OK","Crawlable","true","","","Root-Relative","//head/script[6]","Head","HTML"
"JavaScript","https://www.strique.io/product","https://www.strique.io/_next/static/chunks/8727-a40e48e03e9b2d62.js","0","","","200","OK","Crawlable","true","","","Root-Relative","//head/script[6]","Head","HTML"
"JavaScript","https://www.strique.io/terms","https://www.strique.io/_next/static/chunks/8727-a40e48e03e9b2d62.js","0","","","200","OK","Crawlable","true","","","Root-Relative","//head/script[6]","Head","HTML"
"JavaScript","https://www.strique.io/for","https://www.strique.io/_next/static/chunks/8727-a40e48e03e9b2d62.js","0","","","200","OK","Crawlable","true","","","Root-Relative","//head/script[6]","Head","HTML"
"JavaScript","https://www.strique.io/pricing","https://www.strique.io/_next/static/chunks/8727-a40e48e03e9b2d62.js","0","","","200","OK","Crawlable","true","","","Root-Relative","//head/script[6]","Head","HTML"
"JavaScript","https://www.strique.io/solutions","https://www.strique.io/_next/static/chunks/8727-a40e48e03e9b2d62.js","0","","","200","OK","Crawlable","true","","","Root-Relative","//head/script[6]","Head","HTML"
"JavaScript","https://www.strique.io/privacy-policy","https://www.strique.io/_next/static/chunks/8727-a40e48e03e9b2d62.js","0","","","200","OK","Crawlable","true","","","Root-Relative","//head/script[6]","Head","HTML"
"JavaScript","https://www.strique.io/trust-center","https://www.strique.io/_next/static/chunks/8727-a40e48e03e9b2d62.js","0","","","200","OK","Crawlable","true","","","Root-Relative","//head/script[6]","Head","HTML"
"JavaScript","https://www.strique.io/about","https://www.strique.io/_next/static/chunks/8727-a40e48e03e9b2d62.js","0","","","200","OK","Crawlable","true","","","Root-Relative","//head/script[6]","Head","HTML"
"JavaScript","https://www.strique.io/security","https://www.strique.io/_next/static/chunks/8727-a40e48e03e9b2d62.js","0","","","200","OK","Crawlable","true","","","Root-Relative","//head/script[6]","Head","HTML"
"JavaScript","https://www.strique.io/careers","https://www.strique.io/_next/static/chunks/8727-a40e48e03e9b2d62.js","0","","","200","OK","Crawlable","true","","","Root-Relative","//head/script[6]","Head","HTML"
"JavaScript","https://www.strique.io/customers/crimzon","https://www.strique.io/_next/static/chunks/8727-a40e48e03e9b2d62.js","0","","","200","OK","Crawlable","true","","","Root-Relative","//head/script[6]","Head","HTML"
"JavaScript","https://www.strique.io/integrations","https://www.strique.io/_next/static/chunks/8727-a40e48e03e9b2d62.js","0","","","200","OK","Crawlable","true","","","Root-Relative","//head/script[6]","Head","HTML"
"JavaScript","https://www.strique.io/integrations/hubspot","https://www.strique.io/_next/static/chunks/8727-a40e48e03e9b2d62.js","0","","","200","OK","Crawlable","true","","","Root-Relative","//head/script[6]","Head","HTML"
"JavaScript","https://www.strique.io/contact?intent=careers","https://www.strique.io/_next/static/chunks/8727-a40e48e03e9b2d62.js","0","","","200","OK","Crawlable","true","","","Root-Relative","//head/script[6]","Head","HTML"
"JavaScript","https://www.strique.io/integrations/google-ads","https://www.strique.io/_next/static/chunks/8727-a40e48e03e9b2d62.js","0","","","200","OK","Crawlable","true","","","Root-Relative","//head/script[6]","Head","HTML"
"JavaScript","https://www.strique.io/integrations/meta-ads","https://www.strique.io/_next/static/chunks/8727-a40e48e03e9b2d62.js","0","","","200","OK","Crawlable","true","","","Root-Relative","//head/script[6]","Head","HTML"
"JavaScript","https://www.strique.io/careers/ai-apprentice-program","https://www.strique.io/_next/static/chunks/8727-a40e48e03e9b2d62.js","0","","","200","OK","Crawlable","true","","","Root-Relative","//head/script[6]","Head","HTML"
"JavaScript","https://www.strique.io/careers/founding-customer-engineer","https://www.strique.io/_next/static/chunks/8727-a40e48e03e9b2d62.js","0","","","200","OK","Crawlable","true","","","Root-Relative","//head/script[6]","Head","HTML"
"JavaScript","https://www.strique.io/careers/revenue-marketer","https://www.strique.io/_next/static/chunks/8727-a40e48e03e9b2d62.js","0","","","200","OK","Crawlable","true","","","Root-Relative","//head/script[6]","Head","HTML"
"JavaScript","https://www.strique.io/careers/senior-full-stack-engineer","https://www.strique.io/_next/static/chunks/8727-a40e48e03e9b2d62.js","0","","","200","OK","Crawlable","true","","","Root-Relative","//head/script[6]","Head","HTML"
"JavaScript","https://www.strique.io/careers/product-designer","https://www.strique.io/_next/static/chunks/8727-a40e48e03e9b2d62.js","0","","","200","OK","Crawlable","true","","","Root-Relative","//head/script[6]","Head","HTML"
"JavaScript","https://www.strique.io/careers/agent-infrastructure-engineer","https://www.strique.io/_next/static/chunks/8727-a40e48e03e9b2d62.js","0","","","200","OK","Crawlable","true","","","Root-Relative","//head/script[6]","Head","HTML"
"JavaScript","https://www.strique.io/careers/applied-ml-researcher","https://www.strique.io/_next/static/chunks/8727-a40e48e03e9b2d62.js","0","","","200","OK","Crawlable","true","","","Root-Relative","//head/script[6]","Head","HTML"
"JavaScript","https://www.strique.io/careers/founding-growth-engineer","https://www.strique.io/_next/static/chunks/8727-a40e48e03e9b2d62.js","0","","","200","OK","Crawlable","true","","","Root-Relative","//head/script[6]","Head","HTML"
"JavaScript","https://www.strique.io/solutions/local-services","https://www.strique.io/_next/static/chunks/8727-a40e48e03e9b2d62.js","0","","","200","OK","Crawlable","true","","","Root-Relative","//head/script[6]","Head","HTML"
"JavaScript","https://www.strique.io/solutions/agencies","https://www.strique.io/_next/static/chunks/8727-a40e48e03e9b2d62.js","0","","","200","OK","Crawlable","true","","","Root-Relative","//head/script[6]","Head","HTML"
"JavaScript","https://www.strique.io/solutions/b2b-saas","https://www.strique.io/_next/static/chunks/8727-a40e48e03e9b2d62.js","0","","","200","OK","Crawlable","true","","","Root-Relative","//head/script[6]","Head","HTML"
"JavaScript","https://www.strique.io/solutions/ecommerce","https://www.strique.io/_next/static/chunks/8727-a40e48e03e9b2d62.js","0","","","200","OK","Crawlable","true","","","Root-Relative","//head/script[6]","Head","HTML"
"JavaScript","https://www.strique.io/contact?intent=sales","https://www.strique.io/_next/static/chunks/8727-a40e48e03e9b2d62.js","0","","","200","OK","Crawlable","true","","","Root-Relative","//head/script[6]","Head","HTML"
"JavaScript","https://www.strique.io/for/founders","https://www.strique.io/_next/static/chunks/8727-a40e48e03e9b2d62.js","0","","","200","OK","Crawlable","true","","","Root-Relative","//head/script[6]","Head","HTML"
"JavaScript","https://www.strique.io/for/cmos","https://www.strique.io/_next/static/chunks/8727-a40e48e03e9b2d62.js","0","","","200","OK","Crawlable","true","","","Root-Relative","//head/script[6]","Head","HTML"
"JavaScript","https://www.strique.io/for/marketing-managers","https://www.strique.io/_next/static/chunks/8727-a40e48e03e9b2d62.js","0","","","200","OK","Crawlable","true","","","Root-Relative","//head/script[6]","Head","HTML"
"JavaScript","https://www.strique.io/vs/strique-vs-jasper","https://www.strique.io/_next/static/chunks/8727-a40e48e03e9b2d62.js","0","","","200","OK","Crawlable","true","","","Root-Relative","//head/script[6]","Head","HTML"
"JavaScript","https://www.strique.io/vs","https://www.strique.io/_next/static/chunks/8727-a40e48e03e9b2d62.js","0","","","200","OK","Crawlable","true","","","Root-Relative","//head/script[6]","Head","HTML"
"JavaScript","https://www.strique.io/vs/strique-vs-adroll","https://www.strique.io/_next/static/chunks/8727-a40e48e03e9b2d62.js","0","","","200","OK","Crawlable","true","","","Root-Relative","//head/script[6]","Head","HTML"
"JavaScript","https://www.strique.io/contact?intent=demo","https://www.strique.io/_next/static/chunks/8727-a40e48e03e9b2d62.js","0","","","200","OK","Crawlable","true","","","Root-Relative","//head/script[6]","Head","HTML"
"JavaScript","https://www.strique.io/contact?intent=careers&role=founding-growth-engineer","https://www.strique.io/_next/static/chunks/8727-a40e48e03e9b2d62.js","0","","","200","OK","Crawlable","true","","","Root-Relative","//head/script[6]","Head","HTML"
"JavaScript","https://www.strique.io/contact?intent=careers&role=applied-ml-researcher","https://www.strique.io/_next/static/chunks/8727-a40e48e03e9b2d62.js","0","","","200","OK","Crawlable","true","","","Root-Relative","//head/script[6]","Head","HTML"
"JavaScript","https://www.strique.io/contact?intent=careers&role=agent-infrastructure-engineer","https://www.strique.io/_next/static/chunks/8727-a40e48e03e9b2d62.js","0","","","200","OK","Crawlable","true","","","Root-Relative","//head/script[6]","Head","HTML"
"JavaScript","https://www.strique.io/contact?intent=careers&role=product-designer","https://www.strique.io/_next/static/chunks/8727-a40e48e03e9b2d62.js","0","","","200","OK","Crawlable","true","","","Root-Relative","//head/script[6]","Head","HTML"
"JavaScript","https://www.strique.io/contact?intent=careers&role=senior-full-stack-engineer","https://www.strique.io/_next/static/chunks/8727-a40e48e03e9b2d62.js","0","","","200","OK","Crawlable","true","","","Root-Relative","//head/script[6]","Head","HTML"
"JavaScript","https://www.strique.io/contact?intent=careers&role=revenue-marketer","https://www.strique.io/_next/static/chunks/8727-a40e48e03e9b2d62.js","0","","","200","OK","Crawlable","true","","","Root-Relative","//head/script[6]","Head","HTML"
"JavaScript","https://www.strique.io/contact?intent=careers&role=founding-customer-engineer","https://www.strique.io/_next/static/chunks/8727-a40e48e03e9b2d62.js","0","","","200","OK","Crawlable","true","","","Root-Relative","//head/script[6]","Head","HTML"
"JavaScript","https://www.strique.io/contact?intent=careers&role=ai-apprentice-program","https://www.strique.io/_next/static/chunks/8727-a40e48e03e9b2d62.js","0","","","200","OK","Crawlable","true","","","Root-Relative","//head/script[6]","Head","HTML"
"Image","https://www.strique.io/","https://www.google.com/s2/favicons?domain=search.google.com&sz=64","0","Google Search Console","","0","Blocked by robots.txt","Crawlable","true","","","Absolute","//body/div[3]/main/div/section[6]/div[2]/div[2]/div/div[8]/img","Content","HTML"
"Image","https://www.strique.io/","https://www.google.com/s2/favicons?domain=search.google.com&sz=64","0","Google Search Console","","0","Blocked by robots.txt","Crawlable","true","","","Absolute","//body/div[3]/main/div/section[6]/div[2]/div[2]/div/div[18]/img","Content","HTML"
"Image","https://www.strique.io/product","https://www.google.com/s2/favicons?domain=search.google.com&sz=64","0","Google Search Console","","0","Blocked by robots.txt","Crawlable","true","","","Absolute","//body/div[3]/main/section[6]/div[2]/div[2]/div/div[8]/img","Content","HTML"
"Image","https://www.strique.io/product","https://www.google.com/s2/favicons?domain=search.google.com&sz=64","0","Google Search Console","","0","Blocked by robots.txt","Crawlable","true","","","Absolute","//body/div[3]/main/section[6]/div[2]/div[2]/div/div[18]/img","Content","HTML"
"JavaScript","https://www.strique.io/","https://www.strique.io/_next/static/chunks/3418-a9d0586ffac7dd78.js","0","","","200","OK","Crawlable","true","","","Root-Relative","//head/script[7]","Head","HTML"
"JavaScript","https://www.strique.io/contact","https://www.strique.io/_next/static/chunks/3418-a9d0586ffac7dd78.js","0","","","200","OK","Crawlable","true","","","Root-Relative","//head/script[7]","Head","HTML"
"JavaScript","https://www.strique.io/customers/powerlook","https://www.strique.io/_next/static/chunks/3418-a9d0586ffac7dd78.js","0","","","200","OK","Crawlable","true","","","Root-Relative","//head/script[7]","Head","HTML"
"JavaScript","https://www.strique.io/customers/inc5","https://www.strique.io/_next/static/chunks/3418-a9d0586ffac7dd78.js","0","","","200","OK","Crawlable","true","","","Root-Relative","//head/script[7]","Head","HTML"
"JavaScript","https://www.strique.io/customers","https://www.strique.io/_next/static/chunks/3418-a9d0586ffac7dd78.js","0","","","200","OK","Crawlable","true","","","Root-Relative","//head/script[7]","Head","HTML"
"JavaScript","https://www.strique.io/product","https://www.strique.io/_next/static/chunks/3418-a9d0586ffac7dd78.js","0","","","200","OK","Crawlable","true","","","Root-Relative","//head/script[7]","Head","HTML"
"JavaScript","https://www.strique.io/terms","https://www.strique.io/_next/static/chunks/3418-a9d0586ffac7dd78.js","0","","","200","OK","Crawlable","true","","","Root-Relative","//head/script[7]","Head","HTML"
"JavaScript","https://www.strique.io/for","https://www.strique.io/_next/static/chunks/3418-a9d0586ffac7dd78.js","0","","","200","OK","Crawlable","true","","","Root-Relative","//head/script[7]","Head","HTML"
"JavaScript","https://www.strique.io/pricing","https://www.strique.io/_next/static/chunks/3418-a9d0586ffac7dd78.js","0","","","200","OK","Crawlable","true","","","Root-Relative","//head/script[7]","Head","HTML"
"JavaScript","https://www.strique.io/solutions","https://www.strique.io/_next/static/chunks/3418-a9d0586ffac7dd78.js","0","","","200","OK","Crawlable","true","","","Root-Relative","//head/script[7]","Head","HTML"
"JavaScript","https://www.strique.io/privacy-policy","https://www.strique.io/_next/static/chunks/3418-a9d0586ffac7dd78.js","0","","","200","OK","Crawlable","true","","","Root-Relative","//head/script[7]","Head","HTML"
"JavaScript","https://www.strique.io/trust-center","https://www.strique.io/_next/static/chunks/3418-a9d0586ffac7dd78.js","0","","","200","OK","Crawlable","true","","","Root-Relative","//head/script[7]","Head","HTML"
"JavaScript","https://www.strique.io/about","https://www.strique.io/_next/static/chunks/3418-a9d0586ffac7dd78.js","0","","","200","OK","Crawlable","true","","","Root-Relative","//head/script[7]","Head","HTML"
"JavaScript","https://www.strique.io/security","https://www.strique.io/_next/static/chunks/3418-a9d0586ffac7dd78.js","0","","","200","OK","Crawlable","true","","","Root-Relative","//head/script[7]","Head","HTML"
"JavaScript","https://www.strique.io/careers","https://www.strique.io/_next/static/chunks/3418-a9d0586ffac7dd78.js","0","","","200","OK","Crawlable","true","","","Root-Relative","//head/script[7]","Head","HTML"
"JavaScript","https://www.strique.io/customers/crimzon","https://www.strique.io/_next/static/chunks/3418-a9d0586ffac7dd78.js","0","","","200","OK","Crawlable","true","","","Root-Relative","//head/script[7]","Head","HTML"
"JavaScript","https://www.strique.io/integrations","https://www.strique.io/_next/static/chunks/3418-a9d0586ffac7dd78.js","0","","","200","OK","Crawlable","true","","","Root-Relative","//head/script[7]","Head","HTML"
"JavaScript","https://www.strique.io/integrations/hubspot","https://www.strique.io/_next/static/chunks/3418-a9d0586ffac7dd78.js","0","","","200","OK","Crawlable","true","","","Root-Relative","//head/script[7]","Head","HTML"
"JavaScript","https://www.strique.io/contact?intent=careers","https://www.strique.io/_next/static/chunks/3418-a9d0586ffac7dd78.js","0","","","200","OK","Crawlable","true","","","Root-Relative","//head/script[7]","Head","HTML"
"JavaScript","https://www.strique.io/integrations/google-ads","https://www.strique.io/_next/static/chunks/3418-a9d0586ffac7dd78.js","0","","","200","OK","Crawlable","true","","","Root-Relative","//head/script[7]","Head","HTML"
"JavaScript","https://www.strique.io/integrations/meta-ads","https://www.strique.io/_next/static/chunks/3418-a9d0586ffac7dd78.js","0","","","200","OK","Crawlable","true","","","Root-Relative","//head/script[7]","Head","HTML"
"JavaScript","https://www.strique.io/careers/ai-apprentice-program","https://www.strique.io/_next/static/chunks/3418-a9d0586ffac7dd78.js","0","","","200","OK","Crawlable","true","","","Root-Relative","//head/script[7]","Head","HTML"
"JavaScript","https://www.strique.io/careers/founding-customer-engineer","https://www.strique.io/_next/static/chunks/3418-a9d0586ffac7dd78.js","0","","","200","OK","Crawlable","true","","","Root-Relative","//head/script[7]","Head","HTML"
"JavaScript","https://www.strique.io/careers/revenue-marketer","https://www.strique.io/_next/static/chunks/3418-a9d0586ffac7dd78.js","0","","","200","OK","Crawlable","true","","","Root-Relative","//head/script[7]","Head","HTML"
"JavaScript","https://www.strique.io/careers/senior-full-stack-engineer","https://www.strique.io/_next/static/chunks/3418-a9d0586ffac7dd78.js","0","","","200","OK","Crawlable","true","","","Root-Relative","//head/script[7]","Head","HTML"
"JavaScript","https://www.strique.io/careers/product-designer","https://www.strique.io/_next/static/chunks/3418-a9d0586ffac7dd78.js","0","","","200","OK","Crawlable","true","","","Root-Relative","//head/script[7]","Head","HTML"
"JavaScript","https://www.strique.io/careers/agent-infrastructure-engineer","https://www.strique.io/_next/static/chunks/3418-a9d0586ffac7dd78.js","0","","","200","OK","Crawlable","true","","","Root-Relative","//head/script[7]","Head","HTML"
"JavaScript","https://www.strique.io/careers/applied-ml-researcher","https://www.strique.io/_next/static/chunks/3418-a9d0586ffac7dd78.js","0","","","200","OK","Crawlable","true","","","Root-Relative","//head/script[7]","Head","HTML"
"JavaScript","https://www.strique.io/careers/founding-growth-engineer","https://www.strique.io/_next/static/chunks/3418-a9d0586ffac7dd78.js","0","","","200","OK","Crawlable","true","","","Root-Relative","//head/script[7]","Head","HTML"
"JavaScript","https://www.strique.io/solutions/local-services","https://www.strique.io/_next/static/chunks/3418-a9d0586ffac7dd78.js","0","","","200","OK","Crawlable","true","","","Root-Relative","//head/script[7]","Head","HTML"
"JavaScript","https://www.strique.io/solutions/agencies","https://www.strique.io/_next/static/chunks/3418-a9d0586ffac7dd78.js","0","","","200","OK","Crawlable","true","","","Root-Relative","//head/script[7]","Head","HTML"
"JavaScript","https://www.strique.io/solutions/b2b-saas","https://www.strique.io/_next/static/chunks/3418-a9d0586ffac7dd78.js","0","","","200","OK","Crawlable","true","","","Root-Relative","//head/script[7]","Head","HTML"
"JavaScript","https://www.strique.io/solutions/ecommerce","https://www.strique.io/_next/static/chunks/3418-a9d0586ffac7dd78.js","0","","","200","OK","Crawlable","true","","","Root-Relative","//head/script[7]","Head","HTML"
"JavaScript","https://www.strique.io/contact?intent=sales","https://www.strique.io/_next/static/chunks/3418-a9d0586ffac7dd78.js","0","","","200","OK","Crawlable","true","","","Root-Relative","//head/script[7]","Head","HTML"
"JavaScript","https://www.strique.io/for/founders","https://www.strique.io/_next/static/chunks/3418-a9d0586ffac7dd78.js","0","","","200","OK","Crawlable","true","","","Root-Relative","//head/script[7]","Head","HTML"
"JavaScript","https://www.strique.io/for/cmos","https://www.strique.io/_next/static/chunks/3418-a9d0586ffac7dd78.js","0","","","200","OK","Crawlable","true","","","Root-Relative","//head/script[7]","Head","HTML"
"JavaScript","https://www.strique.io/for/marketing-managers","https://www.strique.io/_next/static/chunks/3418-a9d0586ffac7dd78.js","0","","","200","OK","Crawlable","true","","","Root-Relative","//head/script[7]","Head","HTML"
"JavaScript","https://www.strique.io/vs/strique-vs-jasper","https://www.strique.io/_next/static/chunks/3418-a9d0586ffac7dd78.js","0","","","200","OK","Crawlable","true","","","Root-Relative","//head/script[7]","Head","HTML"
"JavaScript","https://www.strique.io/vs","https://www.strique.io/_next/static/chunks/3418-a9d0586ffac7dd78.js","0","","","200","OK","Crawlable","true","","","Root-Relative","//head/script[7]","Head","HTML"
"JavaScript","https://www.strique.io/vs/strique-vs-adroll","https://www.strique.io/_next/static/chunks/3418-a9d0586ffac7dd78.js","0","","","200","OK","Crawlable","true","","","Root-Relative","//head/script[7]","Head","HTML"
"JavaScript","https://www.strique.io/contact?intent=demo","https://www.strique.io/_next/static/chunks/3418-a9d0586ffac7dd78.js","0","","","200","OK","Crawlable","true","","","Root-Relative","//head/script[7]","Head","HTML"
"JavaScript","https://www.strique.io/contact?intent=careers&role=founding-growth-engineer","https://www.strique.io/_next/static/chunks/3418-a9d0586ffac7dd78.js","0","","","200","OK","Crawlable","true","","","Root-Relative","//head/script[7]","Head","HTML"
"JavaScript","https://www.strique.io/contact?intent=careers&role=applied-ml-researcher","https://www.strique.io/_next/static/chunks/3418-a9d0586ffac7dd78.js","0","","","200","OK","Crawlable","true","","","Root-Relative","//head/script[7]","Head","HTML"
"JavaScript","https://www.strique.io/contact?intent=careers&role=agent-infrastructure-engineer","https://www.strique.io/_next/static/chunks/3418-a9d0586ffac7dd78.js","0","","","200","OK","Crawlable","true","","","Root-Relative","//head/script[7]","Head","HTML"
"JavaScript","https://www.strique.io/contact?intent=careers&role=product-designer","https://www.strique.io/_next/static/chunks/3418-a9d0586ffac7dd78.js","0","","","200","OK","Crawlable","true","","","Root-Relative","//head/script[7]","Head","HTML"
"JavaScript","https://www.strique.io/contact?intent=careers&role=senior-full-stack-engineer","https://www.strique.io/_next/static/chunks/3418-a9d0586ffac7dd78.js","0","","","200","OK","Crawlable","true","","","Root-Relative","//head/script[7]","Head","HTML"
"JavaScript","https://www.strique.io/contact?intent=careers&role=revenue-marketer","https://www.strique.io/_next/static/chunks/3418-a9d0586ffac7dd78.js","0","","","200","OK","Crawlable","true","","","Root-Relative","//head/script[7]","Head","HTML"
"JavaScript","https://www.strique.io/contact?intent=careers&role=founding-customer-engineer","https://www.strique.io/_next/static/chunks/3418-a9d0586ffac7dd78.js","0","","","200","OK","Crawlable","true","","","Root-Relative","//head/script[7]","Head","HTML"
"JavaScript","https://www.strique.io/contact?intent=careers&role=ai-apprentice-program","https://www.strique.io/_next/static/chunks/3418-a9d0586ffac7dd78.js","0","","","200","OK","Crawlable","true","","","Root-Relative","//head/script[7]","Head","HTML"
"Hyperlink","https://www.strique.io/","https://www.strique.io/product","255270","","Product","200","OK","Crawlable","true","","","Root-Relative","//body/div[3]/nav/div/ul/li[1]/a","Navigation","HTML"
"Hyperlink","https://www.strique.io/","https://www.strique.io/product","255270","","Product","200","OK","Crawlable","true","","","Root-Relative","//body/div[3]/div/div[2]/ul/li[1]/a","Content","HTML"
"Hyperlink","https://www.strique.io/","https://www.strique.io/product","255270","","Product overview","200","OK","Crawlable","true","","","Root-Relative","//body/div[3]/footer/div/div[1]/div[2]/div[1]/ul/li[1]/a","Footer","HTML"
"Hyperlink","https://www.strique.io/contact","https://www.strique.io/product","255270","","Product","200","OK","Crawlable","true","","","Root-Relative","//body/div[3]/nav/div/ul/li[1]/a","Navigation","HTML"
"Hyperlink","https://www.strique.io/contact","https://www.strique.io/product","255270","","Product","200","OK","Crawlable","true","","","Root-Relative","//body/div[3]/div/div[2]/ul/li[1]/a","Content","HTML"
"Hyperlink","https://www.strique.io/contact","https://www.strique.io/product","255270","","Product overview","200","OK","Crawlable","true","","","Root-Relative","//body/div[3]/footer/div/div[1]/div[2]/div[1]/ul/li[1]/a","Footer","HTML"
"Hyperlink","https://www.strique.io/customers/powerlook","https://www.strique.io/product","255270","","Product","200","OK","Crawlable","true","","","Root-Relative","//body/div[3]/nav/div/ul/li[1]/a","Navigation","HTML"
"Hyperlink","https://www.strique.io/customers/powerlook","https://www.strique.io/product","255270","","Product","200","OK","Crawlable","true","","","Root-Relative","//body/div[3]/div/div[2]/ul/li[1]/a","Content","HTML"
"Hyperlink","https://www.strique.io/customers/powerlook","https://www.strique.io/product","255270","","Product overview","200","OK","Crawlable","true","","","Root-Relative","//body/div[3]/footer/div/div[1]/div[2]/div[1]/ul/li[1]/a","Footer","HTML"
"Hyperlink","https://www.strique.io/customers/inc5","https://www.strique.io/product","255270","","Product","200","OK","Crawlable","true","","","Root-Relative","//body/div[3]/nav/div/ul/li[1]/a","Navigation","HTML"
"Hyperlink","https://www.strique.io/customers/inc5","https://www.strique.io/product","255270","","Product","200","OK","Crawlable","true","","","Root-Relative","//body/div[3]/div/div[2]/ul/li[1]/a","Content","HTML"
"Hyperlink","https://www.strique.io/customers/inc5","https://www.strique.io/product","255270","","Product overview","200","OK","Crawlable","true","","","Root-Relative","//body/div[3]/footer/div/div[1]/div[2]/div[1]/ul/li[1]/a","Footer","HTML"
"Hyperlink","https://www.strique.io/customers","https://www.strique.io/product","255270","","Product","200","OK","Crawlable","true","","","Root-Relative","//body/div[3]/nav/div/ul/li[1]/a","Navigation","HTML"
"Hyperlink","https://www.strique.io/customers","https://www.strique.io/product","255270","","Product","200","OK","Crawlable","true","","","Root-Relative","//body/div[3]/div/div[2]/ul/li[1]/a","Content","HTML"
"Hyperlink","https://www.strique.io/customers","https://www.strique.io/product","255270","","Product overview","200","OK","Crawlable","true","","","Root-Relative","//body/div[3]/footer/div/div[1]/div[2]/div[1]/ul/li[1]/a","Footer","HTML"
"Hyperlink","https://www.strique.io/product","https://www.strique.io/product","255270","","Product","200","OK","Crawlable","true","","","Root-Relative","//body/div[3]/nav/div/ul/li[1]/a","Navigation","HTML"
"Hyperlink","https://www.strique.io/product","https://www.strique.io/product","255270","","Product","200","OK","Crawlable","true","","","Root-Relative","//body/div[3]/div/div[2]/ul/li[1]/a","Content","HTML"
"Hyperlink","https://www.strique.io/product","https://www.strique.io/product","255270","","Product overview","200","OK","Crawlable","true","","","Root-Relative","//body/div[3]/footer/div/div[1]/div[2]/div[1]/ul/li[1]/a","Footer","HTML"
"Hyperlink","https://www.strique.io/terms","https://www.strique.io/product","255270","","Product","200","OK","Crawlable","true","","","Root-Relative","//body/div[3]/nav/div/ul/li[1]/a","Navigation","HTML"
"Hyperlink","https://www.strique.io/terms","https://www.strique.io/product","255270","","Product","200","OK","Crawlable","true","","","Root-Relative","//body/div[3]/div/div[2]/ul/li[1]/a","Content","HTML"
"Hyperlink","https://www.strique.io/terms","https://www.strique.io/product","255270","","Product overview","200","OK","Crawlable","true","","","Root-Relative","//body/div[3]/footer/div/div[1]/div[2]/div[1]/ul/li[1]/a","Footer","HTML"
"Hyperlink","https://www.strique.io/for","https://www.strique.io/product","255270","","Product","200","OK","Crawlable","true","","","Root-Relative","//body/div[3]/nav/div/ul/li[1]/a","Navigation","HTML"
"Hyperlink","https://www.strique.io/for","https://www.strique.io/product","255270","","Product","200","OK","Crawlable","true","","","Root-Relative","//body/div[3]/div/div[2]/ul/li[1]/a","Content","HTML"
"Hyperlink","https://www.strique.io/for","https://www.strique.io/product","255270","","Product overview","200","OK","Crawlable","true","","","Root-Relative","//body/div[3]/footer/div/div[1]/div[2]/div[1]/ul/li[1]/a","Footer","HTML"
"Hyperlink","https://www.strique.io/pricing","https://www.strique.io/product","255270","","Product","200","OK","Crawlable","true","","","Root-Relative","//body/div[3]/nav/div/ul/li[1]/a","Navigation","HTML"
"Hyperlink","https://www.strique.io/pricing","https://www.strique.io/product","255270","","Product","200","OK","Crawlable","true","","","Root-Relative","//body/div[3]/div/div[2]/ul/li[1]/a","Content","HTML"
"Hyperlink","https://www.strique.io/pricing","https://www.strique.io/product","255270","","Product overview","200","OK","Crawlable","true","","","Root-Relative","//body/div[3]/footer/div/div[1]/div[2]/div[1]/ul/li[1]/a","Footer","HTML"
"Hyperlink","https://www.strique.io/solutions","https://www.strique.io/product","255270","","Product","200","OK","Crawlable","true","","","Root-Relative","//body/div[3]/nav/div/ul/li[1]/a","Navigation","HTML"
"Hyperlink","https://www.strique.io/solutions","https://www.strique.io/product","255270","","Product","200","OK","Crawlable","true","","","Root-Relative","//body/div[3]/div/div[2]/ul/li[1]/a","Content","HTML"
"Hyperlink","https://www.strique.io/solutions","https://www.strique.io/product","255270","","Product overview","200","OK","Crawlable","true","","","Root-Relative","//body/div[3]/footer/div/div[1]/div[2]/div[1]/ul/li[1]/a","Footer","HTML"
"Hyperlink","https://www.strique.io/privacy-policy","https://www.strique.io/product","255270","","Product","200","OK","Crawlable","true","","","Root-Relative","//body/div[3]/nav/div/ul/li[1]/a","Navigation","HTML"
"Hyperlink","https://www.strique.io/privacy-policy","https://www.strique.io/product","255270","","Product","200","OK","Crawlable","true","","","Root-Relative","//body/div[3]/div/div[2]/ul/li[1]/a","Content","HTML"
"Hyperlink","https://www.strique.io/privacy-policy","https://www.strique.io/product","255270","","Product overview","200","OK","Crawlable","true","","","Root-Relative","//body/div[3]/footer/div/div[1]/div[2]/div[1]/ul/li[1]/a","Footer","HTML"
"Hyperlink","https://www.strique.io/trust-center","https://www.strique.io/product","255270","","Product","200","OK","Crawlable","true","","","Root-Relative","//body/div[3]/nav/div/ul/li[1]/a","Navigation","HTML"
"Hyperlink","https://www.strique.io/trust-center","https://www.strique.io/product","255270","","Product","200","OK","Crawlable","true","","","Root-Relative","//body/div[3]/div/div[2]/ul/li[1]/a","Content","HTML"
"Hyperlink","https://www.strique.io/trust-center","https://www.strique.io/product","255270","","Product overview","200","OK","Crawlable","true","","","Root-Relative","//body/div[3]/footer/div/div[1]/div[2]/div[1]/ul/li[1]/a","Footer","HTML"
"Hyperlink","https://www.strique.io/about","https://www.strique.io/product","255270","","Product","200","OK","Crawlable","true","","","Root-Relative","//body/div[3]/nav/div/ul/li[1]/a","Navigation","HTML"
"Hyperlink","https://www.strique.io/about","https://www.strique.io/product","255270","","Product","200","OK","Crawlable","true","","","Root-Relative","//body/div[3]/div/div[2]/ul/li[1]/a","Content","HTML"
"Hyperlink","https://www.strique.io/about","https://www.strique.io/product","255270","","Product overview","200","OK","Crawlable","true","","","Root-Relative","//body/div[3]/footer/div/div[1]/div[2]/div[1]/ul/li[1]/a","Footer","HTML"
"Hyperlink","https://www.strique.io/security","https://www.strique.io/product","255270","","Product","200","OK","Crawlable","true","","","Root-Relative","//body/div[3]/nav/div/ul/li[1]/a","Navigation","HTML"
"Hyperlink","https://www.strique.io/security","https://www.strique.io/product","255270","","Product","200","OK","Crawlable","true","","","Root-Relative","//body/div[3]/div/div[2]/ul/li[1]/a","Content","HTML"
"Hyperlink","https://www.strique.io/security","https://www.strique.io/product","255270","","Product overview","200","OK","Crawlable","true","","","Root-Relative","//body/div[3]/footer/div/div[1]/div[2]/div[1]/ul/li[1]/a","Footer","HTML"
"Hyperlink","https://www.strique.io/careers","https://www.strique.io/product","255270","","Product","200","OK","Crawlable","true","","","Root-Relative","//body/div[3]/nav/div/ul/li[1]/a","Navigation","HTML"
"Hyperlink","https://www.strique.io/careers","https://www.strique.io/product","255270","","Product","200","OK","Crawlable","true","","","Root-Relative","//body/div[3]/div/div[2]/ul/li[1]/a","Content","HTML"
"Hyperlink","https://www.strique.io/careers","https://www.strique.io/product","255270","","Product overview","200","OK","Crawlable","true","","","Root-Relative","//body/div[3]/footer/div/div[1]/div[2]/div[1]/ul/li[1]/a","Footer","HTML"
"Hyperlink","https://www.strique.io/customers/crimzon","https://www.strique.io/product","255270","","Product","200","OK","Crawlable","true","","","Root-Relative","//body/div[3]/nav/div/ul/li[1]/a","Navigation","HTML"
"Hyperlink","https://www.strique.io/customers/crimzon","https://www.strique.io/product","255270","","Product","200","OK","Crawlable","true","","","Root-Relative","//body/div[3]/div/div[2]/ul/li[1]/a","Content","HTML"
"Hyperlink","https://www.strique.io/customers/crimzon","https://www.strique.io/product","255270","","Product overview","200","OK","Crawlable","true","","","Root-Relative","//body/div[3]/footer/div/div[1]/div[2]/div[1]/ul/li[1]/a","Footer","HTML"
"Hyperlink","https://www.strique.io/integrations","https://www.strique.io/product","255270","","Product","200","OK","Crawlable","true","","","Root-Relative","//body/div[3]/nav/div/ul/li[1]/a","Navigation","HTML"
"Hyperlink","https://www.strique.io/integrations","https://www.strique.io/product","255270","","Product","200","OK","Crawlable","true","","","Root-Relative","//body/div[3]/div/div[2]/ul/li[1]/a","Content","HTML"
"Hyperlink","https://www.strique.io/integrations","https://www.strique.io/product","255270","","Product overview","200","OK","Crawlable","true","","","Root-Relative","//body/div[3]/footer/div/div[1]/div[2]/div[1]/ul/li[1]/a","Footer","HTML"
"Hyperlink","https://www.strique.io/integrations/hubspot","https://www.strique.io/product","255270","","Product","200","OK","Crawlable","true","","","Root-Relative","//body/div[3]/nav/div/ul/li[1]/a","Navigation","HTML"
"Hyperlink","https://www.strique.io/integrations/hubspot","https://www.strique.io/product","255270","","Product","200","OK","Crawlable","true","","","Root-Relative","//body/div[3]/div/div[2]/ul/li[1]/a","Content","HTML"
"Hyperlink","https://www.strique.io/integrations/hubspot","https://www.strique.io/product","255270","","Product overview","200","OK","Crawlable","true","","","Root-Relative","//body/div[3]/footer/div/div[1]/div[2]/div[1]/ul/li[1]/a","Footer","HTML"
"Hyperlink","https://www.strique.io/contact?intent=careers","https://www.strique.io/product","255270","","Product","200","OK","Crawlable","true","","","Root-Relative","//body/div[3]/nav/div/ul/li[1]/a","Navigation","HTML"
"Hyperlink","https://www.strique.io/contact?intent=careers","https://www.strique.io/product","255270","","Product","200","OK","Crawlable","true","","","Root-Relative","//body/div[3]/div/div[2]/ul/li[1]/a","Content","HTML"
"Hyperlink","https://www.strique.io/contact?intent=careers","https://www.strique.io/product","255270","","Product overview","200","OK","Crawlable","true","","","Root-Relative","//body/div[3]/footer/div/div[1]/div[2]/div[1]/ul/li[1]/a","Footer","HTML"
"Hyperlink","https://www.strique.io/integrations/google-ads","https://www.strique.io/product","255270","","Product","200","OK","Crawlable","true","","","Root-Relative","//body/div[3]/nav/div/ul/li[1]/a","Navigation","HTML"
"Hyperlink","https://www.strique.io/integrations/google-ads","https://www.strique.io/product","255270","","Product","200","OK","Crawlable","true","","","Root-Relative","//body/div[3]/div/div[2]/ul/li[1]/a","Content","HTML"
"Hyperlink","https://www.strique.io/integrations/google-ads","https://www.strique.io/product","255270","","Product overview","200","OK","Crawlable","true","","","Root-Relative","//body/div[3]/footer/div/div[1]/div[2]/div[1]/ul/li[1]/a","Footer","HTML"
"Hyperlink","https://www.strique.io/integrations/meta-ads","https://www.strique.io/product","255270","","Product","200","OK","Crawlable","true","","","Root-Relative","//body/div[3]/nav/div/ul/li[1]/a","Navigation","HTML"
"Hyperlink","https://www.strique.io/integrations/meta-ads","https://www.strique.io/product","255270","","Product","200","OK","Crawlable","true","","","Root-Relative","//body/div[3]/div/div[2]/ul/li[1]/a","Content","HTML"
"Hyperlink","https://www.strique.io/integrations/meta-ads","https://www.strique.io/product","255270","","Product overview","200","OK","Crawlable","true","","","Root-Relative","//body/div[3]/footer/div/div[1]/div[2]/div[1]/ul/li[1]/a","Footer","HTML"
"Hyperlink","https://www.strique.io/careers/ai-apprentice-program","https://www.strique.io/product","255270","","Product","200","OK","Crawlable","true","","","Root-Relative","//body/div[3]/nav/div/ul/li[1]/a","Navigation","HTML"
"Hyperlink","https://www.strique.io/careers/ai-apprentice-program","https://www.strique.io/product","255270","","Product","200","OK","Crawlable","true","","","Root-Relative","//body/div[3]/div/div[2]/ul/li[1]/a","Content","HTML"
"Hyperlink","https://www.strique.io/careers/ai-apprentice-program","https://www.strique.io/product","255270","","Product overview","200","OK","Crawlable","true","","","Root-Relative","//body/div[3]/footer/div/div[1]/div[2]/div[1]/ul/li[1]/a","Footer","HTML"
"Hyperlink","https://www.strique.io/careers/founding-customer-engineer","https://www.strique.io/product","255270","","Product","200","OK","Crawlable","true","","","Root-Relative","//body/div[3]/nav/div/ul/li[1]/a","Navigation","HTML"
"Hyperlink","https://www.strique.io/careers/founding-customer-engineer","https://www.strique.io/product","255270","","Product","200","OK","Crawlable","true","","","Root-Relative","//body/div[3]/div/div[2]/ul/li[1]/a","Content","HTML"
"Hyperlink","https://www.strique.io/careers/founding-customer-engineer","https://www.strique.io/product","255270","","Product overview","200","OK","Crawlable","true","","","Root-Relative","//body/div[3]/footer/div/div[1]/div[2]/div[1]/ul/li[1]/a","Footer","HTML"
"Hyperlink","https://www.strique.io/careers/revenue-marketer","https://www.strique.io/product","255270","","Product","200","OK","Crawlable","true","","","Root-Relative","//body/div[3]/nav/div/ul/li[1]/a","Navigation","HTML"
"Hyperlink","https://www.strique.io/careers/revenue-marketer","https://www.strique.io/product","255270","","Product","200","OK","Crawlable","true","","","Root-Relative","//body/div[3]/div/div[2]/ul/li[1]/a","Content","HTML"
"Hyperlink","https://www.strique.io/careers/revenue-marketer","https://www.strique.io/product","255270","","Product overview","200","OK","Crawlable","true","","","Root-Relative","//body/div[3]/footer/div/div[1]/div[2]/div[1]/ul/li[1]/a","Footer","HTML"
"Hyperlink","https://www.strique.io/careers/senior-full-stack-engineer","https://www.strique.io/product","255270","","Product","200","OK","Crawlable","true","","","Root-Relative","//body/div[3]/nav/div/ul/li[1]/a","Navigation","HTML"
"Hyperlink","https://www.strique.io/careers/senior-full-stack-engineer","https://www.strique.io/product","255270","","Product","200","OK","Crawlable","true","","","Root-Relative","//body/div[3]/div/div[2]/ul/li[1]/a","Content","HTML"
"Hyperlink","https://www.strique.io/careers/senior-full-stack-engineer","https://www.strique.io/product","255270","","Product overview","200","OK","Crawlable","true","","","Root-Relative","//body/div[3]/footer/div/div[1]/div[2]/div[1]/ul/li[1]/a","Footer","HTML"
"Hyperlink","https://www.strique.io/careers/product-designer","https://www.strique.io/product","255270","","Product","200","OK","Crawlable","true","","","Root-Relative","//body/div[3]/nav/div/ul/li[1]/a","Navigation","HTML"
"Hyperlink","https://www.strique.io/careers/product-designer","https://www.strique.io/product","255270","","Product","200","OK","Crawlable","true","","","Root-Relative","//body/div[3]/div/div[2]/ul/li[1]/a","Content","HTML"
"Hyperlink","https://www.strique.io/careers/product-designer","https://www.strique.io/product","255270","","Product overview","200","OK","Crawlable","true","","","Root-Relative","//body/div[3]/footer/div/div[1]/div[2]/div[1]/ul/li[1]/a","Footer","HTML"
"Hyperlink","https://www.strique.io/careers/agent-infrastructure-engineer","https://www.strique.io/product","255270","","Product","200","OK","Crawlable","true","","","Root-Relative","//body/div[3]/nav/div/ul/li[1]/a","Navigation","HTML"
"Hyperlink","https://www.strique.io/careers/agent-infrastructure-engineer","https://www.strique.io/product","255270","","Product","200","OK","Crawlable","true","","","Root-Relative","//body/div[3]/div/div[2]/ul/li[1]/a","Content","HTML"
"Hyperlink","https://www.strique.io/careers/agent-infrastructure-engineer","https://www.strique.io/product","255270","","Product overview","200","OK","Crawlable","true","","","Root-Relative","//body/div[3]/footer/div/div[1]/div[2]/div[1]/ul/li[1]/a","Footer","HTML"
"Hyperlink","https://www.strique.io/careers/applied-ml-researcher","https://www.strique.io/product","255270","","Product","200","OK","Crawlable","true","","","Root-Relative","//body/div[3]/nav/div/ul/li[1]/a","Navigation","HTML"
"Hyperlink","https://www.strique.io/careers/applied-ml-researcher","https://www.strique.io/product","255270","","Product","200","OK","Crawlable","true","","","Root-Relative","//body/div[3]/div/div[2]/ul/li[1]/a","Content","HTML"
"Hyperlink","https://www.strique.io/careers/applied-ml-researcher","https://www.strique.io/product","255270","","Product overview","200","OK","Crawlable","true","","","Root-Relative","//body/div[3]/footer/div/div[1]/div[2]/div[1]/ul/li[1]/a","Footer","HTML"
"Hyperlink","https://www.strique.io/careers/founding-growth-engineer","https://www.strique.io/product","255270","","Product","200","OK","Crawlable","true","","","Root-Relative","//body/div[3]/nav/div/ul/li[1]/a","Navigation","HTML"
"Hyperlink","https://www.strique.io/careers/founding-growth-engineer","https://www.strique.io/product","255270","","Product","200","OK","Crawlable","true","","","Root-Relative","//body/div[3]/div/div[2]/ul/li[1]/a","Content","HTML"
"Hyperlink","https://www.strique.io/careers/founding-growth-engineer","https://www.strique.io/product","255270","","Product overview","200","OK","Crawlable","true","","","Root-Relative","//body/div[3]/footer/div/div[1]/div[2]/div[1]/ul/li[1]/a","Footer","HTML"
"Hyperlink","https://www.strique.io/solutions/local-services","https://www.strique.io/product","255270","","Product","200","OK","Crawlable","true","","","Root-Relative","//body/div[3]/nav/div/ul/li[1]/a","Navigation","HTML"
"Hyperlink","https://www.strique.io/solutions/local-services","https://www.strique.io/product","255270","","Product","200","OK","Crawlable","true","","","Root-Relative","//body/div[3]/div/div[2]/ul/li[1]/a","Content","HTML"
"Hyperlink","https://www.strique.io/solutions/local-services","https://www.strique.io/product","255270","","Product overview","200","OK","Crawlable","true","","","Root-Relative","//body/div[3]/footer/div/div[1]/div[2]/div[1]/ul/li[1]/a","Footer","HTML"
"Hyperlink","https://www.strique.io/solutions/agencies","https://www.strique.io/product","255270","","Product","200","OK","Crawlable","true","","","Root-Relative","//body/div[3]/nav/div/ul/li[1]/a","Navigation","HTML"
"Hyperlink","https://www.strique.io/solutions/agencies","https://www.strique.io/product","255270","","Product","200","OK","Crawlable","true","","","Root-Relative","//body/div[3]/div/div[2]/ul/li[1]/a","Content","HTML"
"Hyperlink","https://www.strique.io/solutions/agencies","https://www.strique.io/product","255270","","Product overview","200","OK","Crawlable","true","","","Root-Relative","//body/div[3]/footer/div/div[1]/div[2]/div[1]/ul/li[1]/a","Footer","HTML"
"Hyperlink","https://www.strique.io/solutions/b2b-saas","https://www.strique.io/product","255270","","Product","200","OK","Crawlable","true","","","Root-Relative","//body/div[3]/nav/div/ul/li[1]/a","Navigation","HTML"
"Hyperlink","https://www.strique.io/solutions/b2b-saas","https://www.strique.io/product","255270","","Product","200","OK","Crawlable","true","","","Root-Relative","//body/div[3]/div/div[2]/ul/li[1]/a","Content","HTML"
"Hyperlink","https://www.strique.io/solutions/b2b-saas","https://www.strique.io/product","255270","","Product overview","200","OK","Crawlable","true","","","Root-Relative","//body/div[3]/footer/div/div[1]/div[2]/div[1]/ul/li[1]/a","Footer","HTML"
"Hyperlink","https://www.strique.io/solutions/ecommerce","https://www.strique.io/product","255270","","Product","200","OK","Crawlable","true","","","Root-Relative","//body/div[3]/nav/div/ul/li[1]/a","Navigation","HTML"
"Hyperlink","https://www.strique.io/solutions/ecommerce","https://www.strique.io/product","255270","","Product","200","OK","Crawlable","true","","","Root-Relative","//body/div[3]/div/div[2]/ul/li[1]/a","Content","HTML"
"Hyperlink","https://www.strique.io/solutions/ecommerce","https://www.strique.io/product","255270","","Product overview","200","OK","Crawlable","true","","","Root-Relative","//body/div[3]/footer/div/div[1]/div[2]/div[1]/ul/li[1]/a","Footer","HTML"
"Hyperlink","https://www.strique.io/contact?intent=sales","https://www.strique.io/product","255270","","Product","200","OK","Crawlable","true","","","Root-Relative","//body/div[3]/nav/div/ul/li[1]/a","Navigation","HTML"
"Hyperlink","https://www.strique.io/contact?intent=sales","https://www.strique.io/product","255270","","Product","200","OK","Crawlable","true","","","Root-Relative","//body/div[3]/div/div[2]/ul/li[1]/a","Content","HTML"
"Hyperlink","https://www.strique.io/contact?intent=sales","https://www.strique.io/product","255270","","Product overview","200","OK","Crawlable","true","","","Root-Relative","//body/div[3]/footer/div/div[1]/div[2]/div[1]/ul/li[1]/a","Footer","HTML"
"Hyperlink","https://www.strique.io/for/founders","https://www.strique.io/product","255270","","Product","200","OK","Crawlable","true","","","Root-Relative","//body/div[3]/nav/div/ul/li[1]/a","Navigation","HTML"
"Hyperlink","https://www.strique.io/for/founders","https://www.strique.io/product","255270","","Product","200","OK","Crawlable","true","","","Root-Relative","//body/div[3]/div/div[2]/ul/li[1]/a","Content","HTML"
"Hyperlink","https://www.strique.io/for/founders","https://www.strique.io/product","255270","","Product overview","200","OK","Crawlable","true","","","Root-Relative","//body/div[3]/footer/div/div[1]/div[2]/div[1]/ul/li[1]/a","Footer","HTML"
"Hyperlink","https://www.strique.io/for/cmos","https://www.strique.io/product","255270","","Product","200","OK","Crawlable","true","","","Root-Relative","//body/div[3]/nav/div/ul/li[1]/a","Navigation","HTML"
"Hyperlink","https://www.strique.io/for/cmos","https://www.strique.io/product","255270","","Product","200","OK","Crawlable","true","","","Root-Relative","//body/div[3]/div/div[2]/ul/li[1]/a","Content","HTML"
"Hyperlink","https://www.strique.io/for/cmos","https://www.strique.io/product","255270","","Product overview","200","OK","Crawlable","true","","","Root-Relative","//body/div[3]/footer/div/div[1]/div[2]/div[1]/ul/li[1]/a","Footer","HTML"
"Hyperlink","https://www.strique.io/for/marketing-managers","https://www.strique.io/product","255270","","Product","200","OK","Crawlable","true","","","Root-Relative","//body/div[3]/nav/div/ul/li[1]/a","Navigation","HTML"
"Hyperlink","https://www.strique.io/for/marketing-managers","https://www.strique.io/product","255270","","Product","200","OK","Crawlable","true","","","Root-Relative","//body/div[3]/div/div[2]/ul/li[1]/a","Content","HTML"
"Hyperlink","https://www.strique.io/for/marketing-managers","https://www.strique.io/product","255270","","Product overview","200","OK","Crawlable","true","","","Root-Relative","//body/div[3]/footer/div/div[1]/div[2]/div[1]/ul/li[1]/a","Footer","HTML"
"Hyperlink","https://www.strique.io/vs/strique-vs-jasper","https://www.strique.io/product","255270","","Product","200","OK","Crawlable","true","","","Root-Relative","//body/div[3]/nav/div/ul/li[1]/a","Navigation","HTML"
"Hyperlink","https://www.strique.io/vs/strique-vs-jasper","https://www.strique.io/product","255270","","Product","200","OK","Crawlable","true","","","Root-Relative","//body/div[3]/div/div[2]/ul/li[1]/a","Content","HTML"
"Hyperlink","https://www.strique.io/vs/strique-vs-jasper","https://www.strique.io/product","255270","","Product overview","200","OK","Crawlable","true","","","Root-Relative","//body/div[3]/footer/div/div[1]/div[2]/div[1]/ul/li[1]/a","Footer","HTML"
"Hyperlink","https://www.strique.io/vs","https://www.strique.io/product","255270","","Product","200","OK","Crawlable","true","","","Root-Relative","//body/div[3]/nav/div/ul/li[1]/a","Navigation","HTML"
"Hyperlink","https://www.strique.io/vs","https://www.strique.io/product","255270","","Product","200","OK","Crawlable","true","","","Root-Relative","//body/div[3]/div/div[2]/ul/li[1]/a","Content","HTML"
"Hyperlink","https://www.strique.io/vs","https://www.strique.io/product","255270","","Product overview","200","OK","Crawlable","true","","","Root-Relative","//body/div[3]/footer/div/div[1]/div[2]/div[1]/ul/li[1]/a","Footer","HTML"
"Hyperlink","https://www.strique.io/vs/strique-vs-adroll","https://www.strique.io/product","255270","","Product","200","OK","Crawlable","true","","","Root-Relative","//body/div[3]/nav/div/ul/li[1]/a","Navigation","HTML"
"Hyperlink","https://www.strique.io/vs/strique-vs-adroll","https://www.strique.io/product","255270","","Product","200","OK","Crawlable","true","","","Root-Relative","//body/div[3]/div/div[2]/ul/li[1]/a","Content","HTML"
"Hyperlink","https://www.strique.io/vs/strique-vs-adroll","https://www.strique.io/product","255270","","Product overview","200","OK","Crawlable","true","","","Root-Relative","//body/div[3]/footer/div/div[1]/div[2]/div[1]/ul/li[1]/a","Footer","HTML"
"Hyperlink","https://www.strique.io/contact?intent=demo","https://www.strique.io/product","255270","","Product","200","OK","Crawlable","true","","","Root-Relative","//body/div[3]/nav/div/ul/li[1]/a","Navigation","HTML"
"Hyperlink","https://www.strique.io/contact?intent=demo","https://www.strique.io/product","255270","","Product","200","OK","Crawlable","true","","","Root-Relative","//body/div[3]/div/div[2]/ul/li[1]/a","Content","HTML"
"Hyperlink","https://www.strique.io/contact?intent=demo","https://www.strique.io/product","255270","","Product overview","200","OK","Crawlable","true","","","Root-Relative","//body/div[3]/footer/div/div[1]/div[2]/div[1]/ul/li[1]/a","Footer","HTML"
"Hyperlink","https://www.strique.io/contact?intent=careers&role=founding-growth-engineer","https://www.strique.io/product","255270","","Product","200","OK","Crawlable","true","","","Root-Relative","//body/div[3]/nav/div/ul/li[1]/a","Navigation","HTML"
"Hyperlink","https://www.strique.io/contact?intent=careers&role=founding-growth-engineer","https://www.strique.io/product","255270","","Product","200","OK","Crawlable","true","","","Root-Relative","//body/div[3]/div/div[2]/ul/li[1]/a","Content","HTML"
"Hyperlink","https://www.strique.io/contact?intent=careers&role=founding-growth-engineer","https://www.strique.io/product","255270","","Product overview","200","OK","Crawlable","true","","","Root-Relative","//body/div[3]/footer/div/div[1]/div[2]/div[1]/ul/li[1]/a","Footer","HTML"
"Hyperlink","https://www.strique.io/contact?intent=careers&role=applied-ml-researcher","https://www.strique.io/product","255270","","Product","200","OK","Crawlable","true","","","Root-Relative","//body/div[3]/nav/div/ul/li[1]/a","Navigation","HTML"
"Hyperlink","https://www.strique.io/contact?intent=careers&role=applied-ml-researcher","https://www.strique.io/product","255270","","Product","200","OK","Crawlable","true","","","Root-Relative","//body/div[3]/div/div[2]/ul/li[1]/a","Content","HTML"
"Hyperlink","https://www.strique.io/contact?intent=careers&role=applied-ml-researcher","https://www.strique.io/product","255270","","Product overview","200","OK","Crawlable","true","","","Root-Relative","//body/div[3]/footer/div/div[1]/div[2]/div[1]/ul/li[1]/a","Footer","HTML"
"Hyperlink","https://www.strique.io/contact?intent=careers&role=agent-infrastructure-engineer","https://www.strique.io/product","255270","","Product","200","OK","Crawlable","true","","","Root-Relative","//body/div[3]/nav/div/ul/li[1]/a","Navigation","HTML"
"Hyperlink","https://www.strique.io/contact?intent=careers&role=agent-infrastructure-engineer","https://www.strique.io/product","255270","","Product","200","OK","Crawlable","true","","","Root-Relative","//body/div[3]/div/div[2]/ul/li[1]/a","Content","HTML"
"Hyperlink","https://www.strique.io/contact?intent=careers&role=agent-infrastructure-engineer","https://www.strique.io/product","255270","","Product overview","200","OK","Crawlable","true","","","Root-Relative","//body/div[3]/footer/div/div[1]/div[2]/div[1]/ul/li[1]/a","Footer","HTML"
"Hyperlink","https://www.strique.io/contact?intent=careers&role=product-designer","https://www.strique.io/product","255270","","Product","200","OK","Crawlable","true","","","Root-Relative","//body/div[3]/nav/div/ul/li[1]/a","Navigation","HTML"
"Hyperlink","https://www.strique.io/contact?intent=careers&role=product-designer","https://www.strique.io/product","255270","","Product","200","OK","Crawlable","true","","","Root-Relative","//body/div[3]/div/div[2]/ul/li[1]/a","Content","HTML"
"Hyperlink","https://www.strique.io/contact?intent=careers&role=product-designer","https://www.strique.io/product","255270","","Product overview","200","OK","Crawlable","true","","","Root-Relative","//body/div[3]/footer/div/div[1]/div[2]/div[1]/ul/li[1]/a","Footer","HTML"
"Hyperlink","https://www.strique.io/contact?intent=careers&role=senior-full-stack-engineer","https://www.strique.io/product","255270","","Product","200","OK","Crawlable","true","","","Root-Relative","//body/div[3]/nav/div/ul/li[1]/a","Navigation","HTML"
"Hyperlink","https://www.strique.io/contact?intent=careers&role=senior-full-stack-engineer","https://www.strique.io/product","255270","","Product","200","OK","Crawlable","true","","","Root-Relative","//body/div[3]/div/div[2]/ul/li[1]/a","Content","HTML"
"Hyperlink","https://www.strique.io/contact?intent=careers&role=senior-full-stack-engineer","https://www.strique.io/product","255270","","Product overview","200","OK","Crawlable","true","","","Root-Relative","//body/div[3]/footer/div/div[1]/div[2]/div[1]/ul/li[1]/a","Footer","HTML"
"Hyperlink","https://www.strique.io/contact?intent=careers&role=revenue-marketer","https://www.strique.io/product","255270","","Product","200","OK","Crawlable","true","","","Root-Relative","//body/div[3]/nav/div/ul/li[1]/a","Navigation","HTML"
"Hyperlink","https://www.strique.io/contact?intent=careers&role=revenue-marketer","https://www.strique.io/product","255270","","Product","200","OK","Crawlable","true","","","Root-Relative","//body/div[3]/div/div[2]/ul/li[1]/a","Content","HTML"
"Hyperlink","https://www.strique.io/contact?intent=careers&role=revenue-marketer","https://www.strique.io/product","255270","","Product overview","200","OK","Crawlable","true","","","Root-Relative","//body/div[3]/footer/div/div[1]/div[2]/div[1]/ul/li[1]/a","Footer","HTML"
"Hyperlink","https://www.strique.io/contact?intent=careers&role=founding-customer-engineer","https://www.strique.io/product","255270","","Product","200","OK","Crawlable","true","","","Root-Relative","//body/div[3]/nav/div/ul/li[1]/a","Navigation","HTML"
"Hyperlink","https://www.strique.io/contact?intent=careers&role=founding-customer-engineer","https://www.strique.io/product","255270","","Product","200","OK","Crawlable","true","","","Root-Relative","//body/div[3]/div/div[2]/ul/li[1]/a","Content","HTML"
"Hyperlink","https://www.strique.io/contact?intent=careers&role=founding-customer-engineer","https://www.strique.io/product","255270","","Product overview","200","OK","Crawlable","true","","","Root-Relative","//body/div[3]/footer/div/div[1]/div[2]/div[1]/ul/li[1]/a","Footer","HTML"
"Hyperlink","https://www.strique.io/contact?intent=careers&role=ai-apprentice-program","https://www.strique.io/product","255270","","Product","200","OK","Crawlable","true","","","Root-Relative","//body/div[3]/nav/div/ul/li[1]/a","Navigation","HTML"
"Hyperlink","https://www.strique.io/contact?intent=careers&role=ai-apprentice-program","https://www.strique.io/product","255270","","Product","200","OK","Crawlable","true","","","Root-Relative","//body/div[3]/div/div[2]/ul/li[1]/a","Content","HTML"
"Hyperlink","https://www.strique.io/contact?intent=careers&role=ai-apprentice-program","https://www.strique.io/product","255270","","Product overview","200","OK","Crawlable","true","","","Root-Relative","//body/div[3]/footer/div/div[1]/div[2]/div[1]/ul/li[1]/a","Footer","HTML"
"HTML Canonical","https://www.strique.io/product","https://www.strique.io/product","255270","","","200","OK","Crawlable","true","","","Absolute","//head/link[39]","Head","HTML"
"Hyperlink","https://www.strique.io/","https://www.youtube.com/@strique_io","1028695","","","200","OK","Crawlable","true","_blank","noopener noreferrer","Absolute","//body/div[3]/footer/div/div[1]/ul/li[3]/a","Footer","HTML"
"Hyperlink","https://www.strique.io/contact","https://www.youtube.com/@strique_io","1028695","","","200","OK","Crawlable","true","_blank","noopener noreferrer","Absolute","//body/div[3]/footer/div/div[1]/ul/li[3]/a","Footer","HTML"
"Hyperlink","https://www.strique.io/customers/powerlook","https://www.youtube.com/@strique_io","1028695","","","200","OK","Crawlable","true","_blank","noopener noreferrer","Absolute","//body/div[3]/footer/div/div[1]/ul/li[3]/a","Footer","HTML"
"Hyperlink","https://www.strique.io/customers/inc5","https://www.youtube.com/@strique_io","1028695","","","200","OK","Crawlable","true","_blank","noopener noreferrer","Absolute","//body/div[3]/footer/div/div[1]/ul/li[3]/a","Footer","HTML"
"Hyperlink","https://www.strique.io/customers","https://www.youtube.com/@strique_io","1028695","","","200","OK","Crawlable","true","_blank","noopener noreferrer","Absolute","//body/div[3]/footer/div/div[1]/ul/li[3]/a","Footer","HTML"
"Hyperlink","https://www.strique.io/product","https://www.youtube.com/@strique_io","1028695","","","200","OK","Crawlable","true","_blank","noopener noreferrer","Absolute","//body/div[3]/footer/div/div[1]/ul/li[3]/a","Footer","HTML"
"Hyperlink","https://www.strique.io/terms","https://www.youtube.com/@strique_io","1028695","","","200","OK","Crawlable","true","_blank","noopener noreferrer","Absolute","//body/div[3]/footer/div/div[1]/ul/li[3]/a","Footer","HTML"
"Hyperlink","https://www.strique.io/for","https://www.youtube.com/@strique_io","1028695","","","200","OK","Crawlable","true","_blank","noopener noreferrer","Absolute","//body/div[3]/footer/div/div[1]/ul/li[3]/a","Footer","HTML"
"Hyperlink","https://www.strique.io/pricing","https://www.youtube.com/@strique_io","1028695","","","200","OK","Crawlable","true","_blank","noopener noreferrer","Absolute","//body/div[3]/footer/div/div[1]/ul/li[3]/a","Footer","HTML"
"Hyperlink","https://www.strique.io/solutions","https://www.youtube.com/@strique_io","1028695","","","200","OK","Crawlable","true","_blank","noopener noreferrer","Absolute","//body/div[3]/footer/div/div[1]/ul/li[3]/a","Footer","HTML"
"Hyperlink","https://www.strique.io/privacy-policy","https://www.youtube.com/@strique_io","1028695","","","200","OK","Crawlable","true","_blank","noopener noreferrer","Absolute","//body/div[3]/footer/div/div[1]/ul/li[3]/a","Footer","HTML"
"Hyperlink","https://www.strique.io/trust-center","https://www.youtube.com/@strique_io","1028695","","","200","OK","Crawlable","true","_blank","noopener noreferrer","Absolute","//body/div[3]/footer/div/div[1]/ul/li[3]/a","Footer","HTML"
"Hyperlink","https://www.strique.io/about","https://www.youtube.com/@strique_io","1028695","","","200","OK","Crawlable","true","_blank","noopener noreferrer","Absolute","//body/div[3]/footer/div/div[1]/ul/li[3]/a","Footer","HTML"
"Hyperlink","https://www.strique.io/security","https://www.youtube.com/@strique_io","1028695","","","200","OK","Crawlable","true","_blank","noopener noreferrer","Absolute","//body/div[3]/footer/div/div[1]/ul/li[3]/a","Footer","HTML"
"Hyperlink","https://www.strique.io/careers","https://www.youtube.com/@strique_io","1028695","","","200","OK","Crawlable","true","_blank","noopener noreferrer","Absolute","//body/div[3]/footer/div/div[1]/ul/li[3]/a","Footer","HTML"
"Hyperlink","https://www.strique.io/customers/crimzon","https://www.youtube.com/@strique_io","1028695","","","200","OK","Crawlable","true","_blank","noopener noreferrer","Absolute","//body/div[3]/footer/div/div[1]/ul/li[3]/a","Footer","HTML"
"Hyperlink","https://www.strique.io/integrations","https://www.youtube.com/@strique_io","1028695","","","200","OK","Crawlable","true","_blank","noopener noreferrer","Absolute","//body/div[3]/footer/div/div[1]/ul/li[3]/a","Footer","HTML"
"Hyperlink","https://www.strique.io/integrations/hubspot","https://www.youtube.com/@strique_io","1028695","","","200","OK","Crawlable","true","_blank","noopener noreferrer","Absolute","//body/div[3]/footer/div/div[1]/ul/li[3]/a","Footer","HTML"
"Hyperlink","https://www.strique.io/contact?intent=careers","https://www.youtube.com/@strique_io","1028695","","","200","OK","Crawlable","true","_blank","noopener noreferrer","Absolute","//body/div[3]/footer/div/div[1]/ul/li[3]/a","Footer","HTML"
"Hyperlink","https://www.strique.io/integrations/google-ads","https://www.youtube.com/@strique_io","1028695","","","200","OK","Crawlable","true","_blank","noopener noreferrer","Absolute","//body/div[3]/footer/div/div[1]/ul/li[3]/a","Footer","HTML"
"Hyperlink","https://www.strique.io/integrations/meta-ads","https://www.youtube.com/@strique_io","1028695","","","200","OK","Crawlable","true","_blank","noopener noreferrer","Absolute","//body/div[3]/footer/div/div[1]/ul/li[3]/a","Footer","HTML"
"Hyperlink","https://www.strique.io/careers/ai-apprentice-program","https://www.youtube.com/@strique_io","1028695","","","200","OK","Crawlable","true","_blank","noopener noreferrer","Absolute","//body/div[3]/footer/div/div[1]/ul/li[3]/a","Footer","HTML"
"Hyperlink","https://www.strique.io/careers/founding-customer-engineer","https://www.youtube.com/@strique_io","1028695","","","200","OK","Crawlable","true","_blank","noopener noreferrer","Absolute","//body/div[3]/footer/div/div[1]/ul/li[3]/a","Footer","HTML"
"Hyperlink","https://www.strique.io/careers/revenue-marketer","https://www.youtube.com/@strique_io","1028695","","","200","OK","Crawlable","true","_blank","noopener noreferrer","Absolute","//body/div[3]/footer/div/div[1]/ul/li[3]/a","Footer","HTML"
"Hyperlink","https://www.strique.io/careers/senior-full-stack-engineer","https://www.youtube.com/@strique_io","1028695","","","200","OK","Crawlable","true","_blank","noopener noreferrer","Absolute","//body/div[3]/footer/div/div[1]/ul/li[3]/a","Footer","HTML"
"Hyperlink","https://www.strique.io/careers/product-designer","https://www.youtube.com/@strique_io","1028695","","","200","OK","Crawlable","true","_blank","noopener noreferrer","Absolute","//body/div[3]/footer/div/div[1]/ul/li[3]/a","Footer","HTML"
"Hyperlink","https://www.strique.io/careers/agent-infrastructure-engineer","https://www.youtube.com/@strique_io","1028695","","","200","OK","Crawlable","true","_blank","noopener noreferrer","Absolute","//body/div[3]/footer/div/div[1]/ul/li[3]/a","Footer","HTML"
"Hyperlink","https://www.strique.io/careers/applied-ml-researcher","https://www.youtube.com/@strique_io","1028695","","","200","OK","Crawlable","true","_blank","noopener noreferrer","Absolute","//body/div[3]/footer/div/div[1]/ul/li[3]/a","Footer","HTML"
"Hyperlink","https://www.strique.io/careers/founding-growth-engineer","https://www.youtube.com/@strique_io","1028695","","","200","OK","Crawlable","true","_blank","noopener noreferrer","Absolute","//body/div[3]/footer/div/div[1]/ul/li[3]/a","Footer","HTML"
"Hyperlink","https://www.strique.io/solutions/local-services","https://www.youtube.com/@strique_io","1028695","","","200","OK","Crawlable","true","_blank","noopener noreferrer","Absolute","//body/div[3]/footer/div/div[1]/ul/li[3]/a","Footer","HTML"
"Hyperlink","https://www.strique.io/solutions/agencies","https://www.youtube.com/@strique_io","1028695","","","200","OK","Crawlable","true","_blank","noopener noreferrer","Absolute","//body/div[3]/footer/div/div[1]/ul/li[3]/a","Footer","HTML"
"Hyperlink","https://www.strique.io/solutions/b2b-saas","https://www.youtube.com/@strique_io","1028695","","","200","OK","Crawlable","true","_blank","noopener noreferrer","Absolute","//body/div[3]/footer/div/div[1]/ul/li[3]/a","Footer","HTML"
"Hyperlink","https://www.strique.io/solutions/ecommerce","https://www.youtube.com/@strique_io","1028695","","","200","OK","Crawlable","true","_blank","noopener noreferrer","Absolute","//body/div[3]/footer/div/div[1]/ul/li[3]/a","Footer","HTML"
"Hyperlink","https://www.strique.io/contact?intent=sales","https://www.youtube.com/@strique_io","1028695","","","200","OK","Crawlable","true","_blank","noopener noreferrer","Absolute","//body/div[3]/footer/div/div[1]/ul/li[3]/a","Footer","HTML"
"Hyperlink","https://www.strique.io/for/founders","https://www.youtube.com/@strique_io","1028695","","","200","OK","Crawlable","true","_blank","noopener noreferrer","Absolute","//body/div[3]/footer/div/div[1]/ul/li[3]/a","Footer","HTML"
"Hyperlink","https://www.strique.io/for/cmos","https://www.youtube.com/@strique_io","1028695","","","200","OK","Crawlable","true","_blank","noopener noreferrer","Absolute","//body/div[3]/footer/div/div[1]/ul/li[3]/a","Footer","HTML"
"Hyperlink","https://www.strique.io/for/marketing-managers","https://www.youtube.com/@strique_io","1028695","","","200","OK","Crawlable","true","_blank","noopener noreferrer","Absolute","//body/div[3]/footer/div/div[1]/ul/li[3]/a","Footer","HTML"
"Hyperlink","https://www.strique.io/vs/strique-vs-jasper","https://www.youtube.com/@strique_io","1028695","","","200","OK","Crawlable","true","_blank","noopener noreferrer","Absolute","//body/div[3]/footer/div/div[1]/ul/li[3]/a","Footer","HTML"
"Hyperlink","https://www.strique.io/vs","https://www.youtube.com/@strique_io","1028695","","","200","OK","Crawlable","true","_blank","noopener noreferrer","Absolute","//body/div[3]/footer/div/div[1]/ul/li[3]/a","Footer","HTML"
"Hyperlink","https://www.strique.io/vs/strique-vs-adroll","https://www.youtube.com/@strique_io","1028695","","","200","OK","Crawlable","true","_blank","noopener noreferrer","Absolute","//body/div[3]/footer/div/div[1]/ul/li[3]/a","Footer","HTML"
"Hyperlink","https://www.strique.io/contact?intent=demo","https://www.youtube.com/@strique_io","1028695","","","200","OK","Crawlable","true","_blank","noopener noreferrer","Absolute","//body/div[3]/footer/div/div[1]/ul/li[3]/a","Footer","HTML"
"Hyperlink","https://www.strique.io/contact?intent=careers&role=founding-growth-engineer","https://www.youtube.com/@strique_io","1028695","","","200","OK","Crawlable","true","_blank","noopener noreferrer","Absolute","//body/div[3]/footer/div/div[1]/ul/li[3]/a","Footer","HTML"
"Hyperlink","https://www.strique.io/contact?intent=careers&role=applied-ml-researcher","https://www.youtube.com/@strique_io","1028695","","","200","OK","Crawlable","true","_blank","noopener noreferrer","Absolute","//body/div[3]/footer/div/div[1]/ul/li[3]/a","Footer","HTML"
"Hyperlink","https://www.strique.io/contact?intent=careers&role=agent-infrastructure-engineer","https://www.youtube.com/@strique_io","1028695","","","200","OK","Crawlable","true","_blank","noopener noreferrer","Absolute","//body/div[3]/footer/div/div[1]/ul/li[3]/a","Footer","HTML"
"Hyperlink","https://www.strique.io/contact?intent=careers&role=product-designer","https://www.youtube.com/@strique_io","1028695","","","200","OK","Crawlable","true","_blank","noopener noreferrer","Absolute","//body/div[3]/footer/div/div[1]/ul/li[3]/a","Footer","HTML"
"Hyperlink","https://www.strique.io/contact?intent=careers&role=senior-full-stack-engineer","https://www.youtube.com/@strique_io","1028695","","","200","OK","Crawlable","true","_blank","noopener noreferrer","Absolute","//body/div[3]/footer/div/div[1]/ul/li[3]/a","Footer","HTML"
"Hyperlink","https://www.strique.io/contact?intent=careers&role=revenue-marketer","https://www.youtube.com/@strique_io","1028695","","","200","OK","Crawlable","true","_blank","noopener noreferrer","Absolute","//body/div[3]/footer/div/div[1]/ul/li[3]/a","Footer","HTML"
"Hyperlink","https://www.strique.io/contact?intent=careers&role=founding-customer-engineer","https://www.youtube.com/@strique_io","1028695","","","200","OK","Crawlable","true","_blank","noopener noreferrer","Absolute","//body/div[3]/footer/div/div[1]/ul/li[3]/a","Footer","HTML"
"Hyperlink","https://www.strique.io/contact?intent=careers&role=ai-apprentice-program","https://www.youtube.com/@strique_io","1028695","","","200","OK","Crawlable","true","_blank","noopener noreferrer","Absolute","//body/div[3]/footer/div/div[1]/ul/li[3]/a","Footer","HTML"
"Image","https://www.strique.io/","https://www.google.com/s2/favicons?domain=snapchat.com&sz=64","0","Snapchat","","0","Blocked by robots.txt","Crawlable","true","","","Absolute","//body/div[3]/main/div/section[6]/div[2]/div[1]/div/div[6]/img","Content","HTML"
"Image","https://www.strique.io/","https://www.google.com/s2/favicons?domain=snapchat.com&sz=64","0","Snapchat","","0","Blocked by robots.txt","Crawlable","true","","","Absolute","//body/div[3]/main/div/section[6]/div[2]/div[1]/div/div[16]/img","Content","HTML"
"Image","https://www.strique.io/product","https://www.google.com/s2/favicons?domain=snapchat.com&sz=64","0","Snapchat","","0","Blocked by robots.txt","Crawlable","true","","","Absolute","//body/div[3]/main/section[6]/div[2]/div[1]/div/div[6]/img","Content","HTML"
"Image","https://www.strique.io/product","https://www.google.com/s2/favicons?domain=snapchat.com&sz=64","0","Snapchat","","0","Blocked by robots.txt","Crawlable","true","","","Absolute","//body/div[3]/main/section[6]/div[2]/div[1]/div/div[16]/img","Content","HTML"
"Image","https://www.strique.io/","https://www.google.com/s2/favicons?domain=advertising.amazon.com&sz=64","0","Amazon Ads","","0","Blocked by robots.txt","Crawlable","true","","","Absolute","//body/div[3]/main/div/section[6]/div[2]/div[1]/div/div[5]/img","Content","HTML"
"Image","https://www.strique.io/","https://www.google.com/s2/favicons?domain=advertising.amazon.com&sz=64","0","Amazon Ads","","0","Blocked by robots.txt","Crawlable","true","","","Absolute","//body/div[3]/main/div/section[6]/div[2]/div[1]/div/div[15]/img","Content","HTML"
"Image","https://www.strique.io/product","https://www.google.com/s2/favicons?domain=advertising.amazon.com&sz=64","0","Amazon Ads","","0","Blocked by robots.txt","Crawlable","true","","","Absolute","//body/div[3]/main/section[6]/div[2]/div[1]/div/div[5]/img","Content","HTML"
"Image","https://www.strique.io/product","https://www.google.com/s2/favicons?domain=advertising.amazon.com&sz=64","0","Amazon Ads","","0","Blocked by robots.txt","Crawlable","true","","","Absolute","//body/div[3]/main/section[6]/div[2]/div[1]/div/div[15]/img","Content","HTML"
"Image","https://www.strique.io/","https://www.google.com/s2/favicons?domain=telegram.org&sz=64","0","Telegram","","0","Blocked by robots.txt","Crawlable","true","","","Absolute","//body/div[3]/main/div/section[6]/div[2]/div[2]/div/div[3]/img","Content","HTML"
"Image","https://www.strique.io/","https://www.google.com/s2/favicons?domain=telegram.org&sz=64","0","Telegram","","0","Blocked by robots.txt","Crawlable","true","","","Absolute","//body/div[3]/main/div/section[6]/div[2]/div[2]/div/div[13]/img","Content","HTML"
"Image","https://www.strique.io/product","https://www.google.com/s2/favicons?domain=telegram.org&sz=64","0","Telegram","","0","Blocked by robots.txt","Crawlable","true","","","Absolute","//body/div[3]/main/section[6]/div[2]/div[2]/div/div[3]/img","Content","HTML"
"Image","https://www.strique.io/product","https://www.google.com/s2/favicons?domain=telegram.org&sz=64","0","Telegram","","0","Blocked by robots.txt","Crawlable","true","","","Absolute","//body/div[3]/main/section[6]/div[2]/div[2]/div/div[13]/img","Content","HTML"
"Image","https://www.strique.io/","https://www.google.com/s2/favicons?domain=slack.com&sz=64","0","Slack","","0","Blocked by robots.txt","Crawlable","true","","","Absolute","//body/div[3]/main/div/section[6]/div[2]/div[2]/div/div[2]/img","Content","HTML"
"Image","https://www.strique.io/","https://www.google.com/s2/favicons?domain=slack.com&sz=64","0","Slack","","0","Blocked by robots.txt","Crawlable","true","","","Absolute","//body/div[3]/main/div/section[6]/div[2]/div[2]/div/div[12]/img","Content","HTML"
"Image","https://www.strique.io/product","https://www.google.com/s2/favicons?domain=slack.com&sz=64","0","Slack","","0","Blocked by robots.txt","Crawlable","true","","","Absolute","//body/div[3]/main/section[6]/div[2]/div[2]/div/div[2]/img","Content","HTML"
"Image","https://www.strique.io/product","https://www.google.com/s2/favicons?domain=slack.com&sz=64","0","Slack","","0","Blocked by robots.txt","Crawlable","true","","","Absolute","//body/div[3]/main/section[6]/div[2]/div[2]/div/div[12]/img","Content","HTML"
"Hyperlink","https://www.strique.io/","https://www.strique.io/terms","224393","","Terms of Use","200","OK","Crawlable","true","","","Root-Relative","//body/div[3]/footer/div/div[1]/div[2]/div[3]/ul/li[2]/a","Footer","HTML"
"Hyperlink","https://www.strique.io/contact","https://www.strique.io/terms","224393","","Terms of Use","200","OK","Crawlable","true","","","Root-Relative","//body/div[3]/footer/div/div[1]/div[2]/div[3]/ul/li[2]/a","Footer","HTML"
"Hyperlink","https://www.strique.io/customers/powerlook","https://www.strique.io/terms","224393","","Terms of Use","200","OK","Crawlable","true","","","Root-Relative","//body/div[3]/footer/div/div[1]/div[2]/div[3]/ul/li[2]/a","Footer","HTML"
"Hyperlink","https://www.strique.io/customers/inc5","https://www.strique.io/terms","224393","","Terms of Use","200","OK","Crawlable","true","","","Root-Relative","//body/div[3]/footer/div/div[1]/div[2]/div[3]/ul/li[2]/a","Footer","HTML"
"Hyperlink","https://www.strique.io/customers","https://www.strique.io/terms","224393","","Terms of Use","200","OK","Crawlable","true","","","Root-Relative","//body/div[3]/footer/div/div[1]/div[2]/div[3]/ul/li[2]/a","Footer","HTML"
"Hyperlink","https://www.strique.io/product","https://www.strique.io/terms","224393","","Terms of Use","200","OK","Crawlable","true","","","Root-Relative","//body/div[3]/footer/div/div[1]/div[2]/div[3]/ul/li[2]/a","Footer","HTML"
"Hyperlink","https://www.strique.io/terms","https://www.strique.io/terms","224393","","Scope of Terms of Use","200","OK","Crawlable","true","","","Path-Relative","//body/div[3]/main/article/div/div/div/div[@class='mb-8']/details/ol/li[1]/a","Content","HTML"
"Hyperlink","https://www.strique.io/terms","https://www.strique.io/terms","224393","","About us","200","OK","Crawlable","true","","","Path-Relative","//body/div[3]/main/article/div/div/div/div[@class='mb-8']/details/ol/li[2]/a","Content","HTML"
"Hyperlink","https://www.strique.io/terms","https://www.strique.io/terms","224393","","User Eligibility","200","OK","Crawlable","true","","","Path-Relative","//body/div[3]/main/article/div/div/div/div[@class='mb-8']/details/ol/li[3]/a","Content","HTML"
"Hyperlink","https://www.strique.io/terms","https://www.strique.io/terms","224393","","Account Registration","200","OK","Crawlable","true","","","Path-Relative","//body/div[3]/main/article/div/div/div/div[@class='mb-8']/details/ol/li[4]/a","Content","HTML"
"Hyperlink","https://www.strique.io/terms","https://www.strique.io/terms","224393","","Payment & Refunds","200","OK","Crawlable","true","","","Path-Relative","//body/div[3]/main/article/div/div/div/div[@class='mb-8']/details/ol/li[5]/a","Content","HTML"
"Hyperlink","https://www.strique.io/terms","https://www.strique.io/terms","224393","","Permitted Use","200","OK","Crawlable","true","","","Path-Relative","//body/div[3]/main/article/div/div/div/div[@class='mb-8']/details/ol/li[6]/a","Content","HTML"
"Hyperlink","https://www.strique.io/terms","https://www.strique.io/terms","224393","","Intellectual Property","200","OK","Crawlable","true","","","Path-Relative","//body/div[3]/main/article/div/div/div/div[@class='mb-8']/details/ol/li[7]/a","Content","HTML"
"Hyperlink","https://www.strique.io/terms","https://www.strique.io/terms","224393","","Copyright Violation","200","OK","Crawlable","true","","","Path-Relative","//body/div[3]/main/article/div/div/div/div[@class='mb-8']/details/ol/li[8]/a","Content","HTML"
"Hyperlink","https://www.strique.io/terms","https://www.strique.io/terms","224393","","Take Down Procedure for Copyright Infringement","200","OK","Crawlable","true","","","Path-Relative","//body/div[3]/main/article/div/div/div/div[@class='mb-8']/details/ol/li[9]/a","Content","HTML"
"Hyperlink","https://www.strique.io/terms","https://www.strique.io/terms","224393","","Trademark Violation","200","OK","Crawlable","true","","","Path-Relative","//body/div[3]/main/article/div/div/div/div[@class='mb-8']/details/ol/li[10]/a","Content","HTML"
"Hyperlink","https://www.strique.io/terms","https://www.strique.io/terms","224393","","Privacy","200","OK","Crawlable","true","","","Path-Relative","//body/div[3]/main/article/div/div/div/div[@class='mb-8']/details/ol/li[11]/a","Content","HTML"
"Hyperlink","https://www.strique.io/terms","https://www.strique.io/terms","224393","","Limitation of Liability","200","OK","Crawlable","true","","","Path-Relative","//body/div[3]/main/article/div/div/div/div[@class='mb-8']/details/ol/li[12]/a","Content","HTML"
"Hyperlink","https://www.strique.io/terms","https://www.strique.io/terms","224393","","Disclaimer of Warranties","200","OK","Crawlable","true","","","Path-Relative","//body/div[3]/main/article/div/div/div/div[@class='mb-8']/details/ol/li[13]/a","Content","HTML"
"Hyperlink","https://www.strique.io/terms","https://www.strique.io/terms","224393","","Indemnity","200","OK","Crawlable","true","","","Path-Relative","//body/div[3]/main/article/div/div/div/div[@class='mb-8']/details/ol/li[14]/a","Content","HTML"
"Hyperlink","https://www.strique.io/terms","https://www.strique.io/terms","224393","","Termination","200","OK","Crawlable","true","","","Path-Relative","//body/div[3]/main/article/div/div/div/div[@class='mb-8']/details/ol/li[15]/a","Content","HTML"
"Hyperlink","https://www.strique.io/terms","https://www.strique.io/terms","224393","","Miscellaneous","200","OK","Crawlable","true","","","Path-Relative","//body/div[3]/main/article/div/div/div/div[@class='mb-8']/details/ol/li[16]/a","Content","HTML"
"Hyperlink","https://www.strique.io/terms","https://www.strique.io/terms","224393","","Amendment","200","OK","Crawlable","true","","","Path-Relative","//body/div[3]/main/article/div/div/div/div[@class='mb-8']/details/ol/li[17]/a","Content","HTML"
"Hyperlink","https://www.strique.io/terms","https://www.strique.io/terms","224393","","Governing Law","200","OK","Crawlable","true","","","Path-Relative","//body/div[3]/main/article/div/div/div/div[@class='mb-8']/details/ol/li[18]/a","Content","HTML"
"Hyperlink","https://www.strique.io/terms","https://www.strique.io/terms","224393","","Compliance with applicable law","200","OK","Crawlable","true","","","Path-Relative","//body/div[3]/main/article/div/div/div/div[@class='mb-8']/details/ol/li[19]/a","Content","HTML"
"Hyperlink","https://www.strique.io/terms","https://www.strique.io/terms","224393","","Grievance Redressal","200","OK","Crawlable","true","","","Path-Relative","//body/div[3]/main/article/div/div/div/div[@class='mb-8']/details/ol/li[20]/a","Content","HTML"
"Hyperlink","https://www.strique.io/terms","https://www.strique.io/terms","224393","","General Information we collect on Strique Website","200","OK","Crawlable","true","","","Path-Relative","//body/div[3]/main/article/div/div/div/div[@class='mb-8']/details/ol/li[21]/a","Content","HTML"
"Hyperlink","https://www.strique.io/terms","https://www.strique.io/terms","224393","","Information that we collect from Client's Shopify or Magento Store","200","OK","Crawlable","true","","","Path-Relative","//body/div[3]/main/article/div/div/div/div[@class='mb-8']/details/ol/li[22]/a","Content","HTML"
"Hyperlink","https://www.strique.io/terms","https://www.strique.io/terms","224393","","Information that we collect from Client's Google Ad Accounts","200","OK","Crawlable","true","","","Path-Relative","//body/div[3]/main/article/div/div/div/div[@class='mb-8']/details/ol/li[23]/a","Content","HTML"
"Hyperlink","https://www.strique.io/terms","https://www.strique.io/terms","224393","","Tracking Technologies on our Website:","200","OK","Crawlable","true","","","Path-Relative","//body/div[3]/main/article/div/div/div/div[@class='mb-8']/details/ol/li[24]/a","Content","HTML"
"Hyperlink","https://www.strique.io/terms","https://www.strique.io/terms","224393","","1. Google Analytics","200","OK","Crawlable","true","","","Path-Relative","//body/div[3]/main/article/div/div/div/div[@class='mb-8']/details/ol/li[25]/a","Content","HTML"
"Hyperlink","https://www.strique.io/terms","https://www.strique.io/terms","224393","","2. Google AdWords","200","OK","Crawlable","true","","","Path-Relative","//body/div[3]/main/article/div/div/div/div[@class='mb-8']/details/ol/li[26]/a","Content","HTML"
"Hyperlink","https://www.strique.io/terms","https://www.strique.io/terms","224393","","3. LinkedIn","200","OK","Crawlable","true","","","Path-Relative","//body/div[3]/main/article/div/div/div/div[@class='mb-8']/details/ol/li[27]/a","Content","HTML"
"Hyperlink","https://www.strique.io/terms","https://www.strique.io/terms","224393","","4. Facebook Social Plugins","200","OK","Crawlable","true","","","Path-Relative","//body/div[3]/main/article/div/div/div/div[@class='mb-8']/details/ol/li[28]/a","Content","HTML"
"Hyperlink","https://www.strique.io/terms","https://www.strique.io/terms","224393","","5. Information that we collect from Client's Google Ad Accounts","200","OK","Crawlable","true","","","Path-Relative","//body/div[3]/main/article/div/div/div/div[@class='mb-8']/details/ol/li[29]/a","Content","HTML"
"Hyperlink","https://www.strique.io/terms","https://www.strique.io/terms","224393","","Why are we requesting Google user data:","200","OK","Crawlable","true","","","Path-Relative","//body/div[3]/main/article/div/div/div/div[@class='mb-8']/details/ol/li[30]/a","Content","HTML"
"Hyperlink","https://www.strique.io/terms","https://www.strique.io/terms","224393","","Information that we collect from Client's Amazon Ad Accounts:","200","OK","Crawlable","true","","","Path-Relative","//body/div[3]/main/article/div/div/div/div[@class='mb-8']/details/ol/li[31]/a","Content","HTML"
"Hyperlink","https://www.strique.io/terms","https://www.strique.io/terms","224393","","Google API Services User Data Policy Compliance Disclosure:","200","OK","Crawlable","true","","","Path-Relative","//body/div[3]/main/article/div/div/div/div[@class='mb-8']/details/ol/li[32]/a","Content","HTML"
"Hyperlink","https://www.strique.io/terms","https://www.strique.io/terms","224393","","Limited Use Policy Disclosure:","200","OK","Crawlable","true","","","Path-Relative","//body/div[3]/main/article/div/div/div/div[@class='mb-8']/details/ol/li[33]/a","Content","HTML"
"Hyperlink","https://www.strique.io/terms","https://www.strique.io/terms","224393","","Link to Google API Services User Data Policy:","200","OK","Crawlable","true","","","Path-Relative","//body/div[3]/main/article/div/div/div/div[@class='mb-8']/details/ol/li[34]/a","Content","HTML"
"Hyperlink","https://www.strique.io/terms","https://www.strique.io/terms","224393","","Cookie Policy","200","OK","Crawlable","true","","","Path-Relative","//body/div[3]/main/article/div/div/div/div[@class='mb-8']/details/ol/li[35]/a","Content","HTML"
"Hyperlink","https://www.strique.io/terms","https://www.strique.io/terms","224393","","Opting out from our marketing communications:","200","OK","Crawlable","true","","","Path-Relative","//body/div[3]/main/article/div/div/div/div[@class='mb-8']/details/ol/li[36]/a","Content","HTML"
"Hyperlink","https://www.strique.io/terms","https://www.strique.io/terms","224393","","Note for Minors:","200","OK","Crawlable","true","","","Path-Relative","//body/div[3]/main/article/div/div/div/div[@class='mb-8']/details/ol/li[37]/a","Content","HTML"
"Hyperlink","https://www.strique.io/terms","https://www.strique.io/terms","224393","","Outbound Links:","200","OK","Crawlable","true","","","Path-Relative","//body/div[3]/main/article/div/div/div/div[@class='mb-8']/details/ol/li[38]/a","Content","HTML"
"Hyperlink","https://www.strique.io/terms","https://www.strique.io/terms","224393","","Inbound Links:","200","OK","Crawlable","true","","","Path-Relative","//body/div[3]/main/article/div/div/div/div[@class='mb-8']/details/ol/li[39]/a","Content","HTML"
"Hyperlink","https://www.strique.io/terms","https://www.strique.io/terms","224393","","Your rights:","200","OK","Crawlable","true","","","Path-Relative","//body/div[3]/main/article/div/div/div/div[@class='mb-8']/details/ol/li[40]/a","Content","HTML"
"Hyperlink","https://www.strique.io/terms","https://www.strique.io/terms","224393","","No discrimination:","200","OK","Crawlable","true","","","Path-Relative","//body/div[3]/main/article/div/div/div/div[@class='mb-8']/details/ol/li[41]/a","Content","HTML"
"Hyperlink","https://www.strique.io/terms","https://www.strique.io/terms","224393","","Scope of Terms of Use","200","OK","Crawlable","true","","","Path-Relative","//body/div[3]/main/article/div/div/aside/div/nav/ol/li[1]/a","Navigation","HTML"
"Hyperlink","https://www.strique.io/terms","https://www.strique.io/terms","224393","","About us","200","OK","Crawlable","true","","","Path-Relative","//body/div[3]/main/article/div/div/aside/div/nav/ol/li[2]/a","Navigation","HTML"
"Hyperlink","https://www.strique.io/terms","https://www.strique.io/terms","224393","","User Eligibility","200","OK","Crawlable","true","","","Path-Relative","//body/div[3]/main/article/div/div/aside/div/nav/ol/li[3]/a","Navigation","HTML"
"Hyperlink","https://www.strique.io/terms","https://www.strique.io/terms","224393","","Account Registration","200","OK","Crawlable","true","","","Path-Relative","//body/div[3]/main/article/div/div/aside/div/nav/ol/li[4]/a","Navigation","HTML"
"Hyperlink","https://www.strique.io/terms","https://www.strique.io/terms","224393","","Payment & Refunds","200","OK","Crawlable","true","","","Path-Relative","//body/div[3]/main/article/div/div/aside/div/nav/ol/li[5]/a","Navigation","HTML"
"Hyperlink","https://www.strique.io/terms","https://www.strique.io/terms","224393","","Permitted Use","200","OK","Crawlable","true","","","Path-Relative","//body/div[3]/main/article/div/div/aside/div/nav/ol/li[6]/a","Navigation","HTML"
"Hyperlink","https://www.strique.io/terms","https://www.strique.io/terms","224393","","Intellectual Property","200","OK","Crawlable","true","","","Path-Relative","//body/div[3]/main/article/div/div/aside/div/nav/ol/li[7]/a","Navigation","HTML"
"Hyperlink","https://www.strique.io/terms","https://www.strique.io/terms","224393","","Copyright Violation","200","OK","Crawlable","true","","","Path-Relative","//body/div[3]/main/article/div/div/aside/div/nav/ol/li[8]/a","Navigation","HTML"
"Hyperlink","https://www.strique.io/terms","https://www.strique.io/terms","224393","","Take Down Procedure for Copyright Infringement","200","OK","Crawlable","true","","","Path-Relative","//body/div[3]/main/article/div/div/aside/div/nav/ol/li[9]/a","Navigation","HTML"
"Hyperlink","https://www.strique.io/terms","https://www.strique.io/terms","224393","","Trademark Violation","200","OK","Crawlable","true","","","Path-Relative","//body/div[3]/main/article/div/div/aside/div/nav/ol/li[10]/a","Navigation","HTML"
"Hyperlink","https://www.strique.io/terms","https://www.strique.io/terms","224393","","Privacy","200","OK","Crawlable","true","","","Path-Relative","//body/div[3]/main/article/div/div/aside/div/nav/ol/li[11]/a","Navigation","HTML"
"Hyperlink","https://www.strique.io/terms","https://www.strique.io/terms","224393","","Limitation of Liability","200","OK","Crawlable","true","","","Path-Relative","//body/div[3]/main/article/div/div/aside/div/nav/ol/li[12]/a","Navigation","HTML"
"Hyperlink","https://www.strique.io/terms","https://www.strique.io/terms","224393","","Disclaimer of Warranties","200","OK","Crawlable","true","","","Path-Relative","//body/div[3]/main/article/div/div/aside/div/nav/ol/li[13]/a","Navigation","HTML"
"Hyperlink","https://www.strique.io/terms","https://www.strique.io/terms","224393","","Indemnity","200","OK","Crawlable","true","","","Path-Relative","//body/div[3]/main/article/div/div/aside/div/nav/ol/li[14]/a","Navigation","HTML"
"Hyperlink","https://www.strique.io/terms","https://www.strique.io/terms","224393","","Termination","200","OK","Crawlable","true","","","Path-Relative","//body/div[3]/main/article/div/div/aside/div/nav/ol/li[15]/a","Navigation","HTML"
"Hyperlink","https://www.strique.io/terms","https://www.strique.io/terms","224393","","Miscellaneous","200","OK","Crawlable","true","","","Path-Relative","//body/div[3]/main/article/div/div/aside/div/nav/ol/li[16]/a","Navigation","HTML"
"Hyperlink","https://www.strique.io/terms","https://www.strique.io/terms","224393","","Amendment","200","OK","Crawlable","true","","","Path-Relative","//body/div[3]/main/article/div/div/aside/div/nav/ol/li[17]/a","Navigation","HTML"
"Hyperlink","https://www.strique.io/terms","https://www.strique.io/terms","224393","","Governing Law","200","OK","Crawlable","true","","","Path-Relative","//body/div[3]/main/article/div/div/aside/div/nav/ol/li[18]/a","Navigation","HTML"
"Hyperlink","https://www.strique.io/terms","https://www.strique.io/terms","224393","","Compliance with applicable law","200","OK","Crawlable","true","","","Path-Relative","//body/div[3]/main/article/div/div/aside/div/nav/ol/li[19]/a","Navigation","HTML"
"Hyperlink","https://www.strique.io/terms","https://www.strique.io/terms","224393","","Grievance Redressal","200","OK","Crawlable","true","","","Path-Relative","//body/div[3]/main/article/div/div/aside/div/nav/ol/li[20]/a","Navigation","HTML"
"Hyperlink","https://www.strique.io/terms","https://www.strique.io/terms","224393","","General Information we collect on Strique Website","200","OK","Crawlable","true","","","Path-Relative","//body/div[3]/main/article/div/div/aside/div/nav/ol/li[21]/a","Navigation","HTML"
"Hyperlink","https://www.strique.io/terms","https://www.strique.io/terms","224393","","Information that we collect from Client's Shopify or Magento Store","200","OK","Crawlable","true","","","Path-Relative","//body/div[3]/main/article/div/div/aside/div/nav/ol/li[22]/a","Navigation","HTML"
"Hyperlink","https://www.strique.io/terms","https://www.strique.io/terms","224393","","Information that we collect from Client's Google Ad Accounts","200","OK","Crawlable","true","","","Path-Relative","//body/div[3]/main/article/div/div/aside/div/nav/ol/li[23]/a","Navigation","HTML"
"Hyperlink","https://www.strique.io/terms","https://www.strique.io/terms","224393","","Tracking Technologies on our Website:","200","OK","Crawlable","true","","","Path-Relative","//body/div[3]/main/article/div/div/aside/div/nav/ol/li[24]/a","Navigation","HTML"
"Hyperlink","https://www.strique.io/terms","https://www.strique.io/terms","224393","","1. Google Analytics","200","OK","Crawlable","true","","","Path-Relative","//body/div[3]/main/article/div/div/aside/div/nav/ol/li[25]/a","Navigation","HTML"
"Hyperlink","https://www.strique.io/terms","https://www.strique.io/terms","224393","","2. Google AdWords","200","OK","Crawlable","true","","","Path-Relative","//body/div[3]/main/article/div/div/aside/div/nav/ol/li[26]/a","Navigation","HTML"
"Hyperlink","https://www.strique.io/terms","https://www.strique.io/terms","224393","","3. LinkedIn","200","OK","Crawlable","true","","","Path-Relative","//body/div[3]/main/article/div/div/aside/div/nav/ol/li[27]/a","Navigation","HTML"
"Hyperlink","https://www.strique.io/terms","https://www.strique.io/terms","224393","","4. Facebook Social Plugins","200","OK","Crawlable","true","","","Path-Relative","//body/div[3]/main/article/div/div/aside/div/nav/ol/li[28]/a","Navigation","HTML"
"Hyperlink","https://www.strique.io/terms","https://www.strique.io/terms","224393","","5. Information that we collect from Client's Google Ad Accounts","200","OK","Crawlable","true","","","Path-Relative","//body/div[3]/main/article/div/div/aside/div/nav/ol/li[29]/a","Navigation","HTML"
"Hyperlink","https://www.strique.io/terms","https://www.strique.io/terms","224393","","Why are we requesting Google user data:","200","OK","Crawlable","true","","","Path-Relative","//body/div[3]/main/article/div/div/aside/div/nav/ol/li[30]/a","Navigation","HTML"
"Hyperlink","https://www.strique.io/terms","https://www.strique.io/terms","224393","","Information that we collect from Client's Amazon Ad Accounts:","200","OK","Crawlable","true","","","Path-Relative","//body/div[3]/main/article/div/div/aside/div/nav/ol/li[31]/a","Navigation","HTML"
"Hyperlink","https://www.strique.io/terms","https://www.strique.io/terms","224393","","Google API Services User Data Policy Compliance Disclosure:","200","OK","Crawlable","true","","","Path-Relative","//body/div[3]/main/article/div/div/aside/div/nav/ol/li[32]/a","Navigation","HTML"
"Hyperlink","https://www.strique.io/terms","https://www.strique.io/terms","224393","","Limited Use Policy Disclosure:","200","OK","Crawlable","true","","","Path-Relative","//body/div[3]/main/article/div/div/aside/div/nav/ol/li[33]/a","Navigation","HTML"
"Hyperlink","https://www.strique.io/terms","https://www.strique.io/terms","224393","","Link to Google API Services User Data Policy:","200","OK","Crawlable","true","","","Path-Relative","//body/div[3]/main/article/div/div/aside/div/nav/ol/li[34]/a","Navigation","HTML"
"Hyperlink","https://www.strique.io/terms","https://www.strique.io/terms","224393","","Cookie Policy","200","OK","Crawlable","true","","","Path-Relative","//body/div[3]/main/article/div/div/aside/div/nav/ol/li[35]/a","Navigation","HTML"
"Hyperlink","https://www.strique.io/terms","https://www.strique.io/terms","224393","","Opting out from our marketing communications:","200","OK","Crawlable","true","","","Path-Relative","//body/div[3]/main/article/div/div/aside/div/nav/ol/li[36]/a","Navigation","HTML"
"Hyperlink","https://www.strique.io/terms","https://www.strique.io/terms","224393","","Note for Minors:","200","OK","Crawlable","true","","","Path-Relative","//body/div[3]/main/article/div/div/aside/div/nav/ol/li[37]/a","Navigation","HTML"
"Hyperlink","https://www.strique.io/terms","https://www.strique.io/terms","224393","","Outbound Links:","200","OK","Crawlable","true","","","Path-Relative","//body/div[3]/main/article/div/div/aside/div/nav/ol/li[38]/a","Navigation","HTML"
"Hyperlink","https://www.strique.io/terms","https://www.strique.io/terms","224393","","Inbound Links:","200","OK","Crawlable","true","","","Path-Relative","//body/div[3]/main/article/div/div/aside/div/nav/ol/li[39]/a","Navigation","HTML"
"Hyperlink","https://www.strique.io/terms","https://www.strique.io/terms","224393","","Your rights:","200","OK","Crawlable","true","","","Path-Relative","//body/div[3]/main/article/div/div/aside/div/nav/ol/li[40]/a","Navigation","HTML"
"Hyperlink","https://www.strique.io/terms","https://www.strique.io/terms","224393","","No discrimination:","200","OK","Crawlable","true","","","Path-Relative","//body/div[3]/main/article/div/div/aside/div/nav/ol/li[41]/a","Navigation","HTML"
"Hyperlink","https://www.strique.io/terms","https://www.strique.io/terms","224393","","Terms of Use","200","OK","Crawlable","true","","","Root-Relative","//body/div[3]/footer/div/div[1]/div[2]/div[3]/ul/li[2]/a","Footer","HTML"
"Hyperlink","https://www.strique.io/for","https://www.strique.io/terms","224393","","Terms of Use","200","OK","Crawlable","true","","","Root-Relative","//body/div[3]/footer/div/div[1]/div[2]/div[3]/ul/li[2]/a","Footer","HTML"
"Hyperlink","https://www.strique.io/pricing","https://www.strique.io/terms","224393","","Terms of Use","200","OK","Crawlable","true","","","Root-Relative","//body/div[3]/footer/div/div[1]/div[2]/div[3]/ul/li[2]/a","Footer","HTML"
"Hyperlink","https://www.strique.io/solutions","https://www.strique.io/terms","224393","","Terms of Use","200","OK","Crawlable","true","","","Root-Relative","//body/div[3]/footer/div/div[1]/div[2]/div[3]/ul/li[2]/a","Footer","HTML"
"Hyperlink","https://www.strique.io/privacy-policy","https://www.strique.io/terms","224393","","Terms of Use","200","OK","Crawlable","true","","","Root-Relative","//body/div[3]/footer/div/div[1]/div[2]/div[3]/ul/li[2]/a","Footer","HTML"
"Hyperlink","https://www.strique.io/trust-center","https://www.strique.io/terms","224393","","Terms of Use","200","OK","Crawlable","true","","","Root-Relative","//body/div[3]/footer/div/div[1]/div[2]/div[3]/ul/li[2]/a","Footer","HTML"
"Hyperlink","https://www.strique.io/about","https://www.strique.io/terms","224393","","Terms of Use","200","OK","Crawlable","true","","","Root-Relative","//body/div[3]/footer/div/div[1]/div[2]/div[3]/ul/li[2]/a","Footer","HTML"
"Hyperlink","https://www.strique.io/security","https://www.strique.io/terms","224393","","Terms of Use","200","OK","Crawlable","true","","","Root-Relative","//body/div[3]/footer/div/div[1]/div[2]/div[3]/ul/li[2]/a","Footer","HTML"
"Hyperlink","https://www.strique.io/careers","https://www.strique.io/terms","224393","","Terms of Use","200","OK","Crawlable","true","","","Root-Relative","//body/div[3]/footer/div/div[1]/div[2]/div[3]/ul/li[2]/a","Footer","HTML"
"Hyperlink","https://www.strique.io/customers/crimzon","https://www.strique.io/terms","224393","","Terms of Use","200","OK","Crawlable","true","","","Root-Relative","//body/div[3]/footer/div/div[1]/div[2]/div[3]/ul/li[2]/a","Footer","HTML"
"Hyperlink","https://www.strique.io/integrations","https://www.strique.io/terms","224393","","Terms of Use","200","OK","Crawlable","true","","","Root-Relative","//body/div[3]/footer/div/div[1]/div[2]/div[3]/ul/li[2]/a","Footer","HTML"
"Hyperlink","https://www.strique.io/integrations/hubspot","https://www.strique.io/terms","224393","","Terms of Use","200","OK","Crawlable","true","","","Root-Relative","//body/div[3]/footer/div/div[1]/div[2]/div[3]/ul/li[2]/a","Footer","HTML"
"Hyperlink","https://www.strique.io/contact?intent=careers","https://www.strique.io/terms","224393","","Terms of Use","200","OK","Crawlable","true","","","Root-Relative","//body/div[3]/footer/div/div[1]/div[2]/div[3]/ul/li[2]/a","Footer","HTML"
"Hyperlink","https://www.strique.io/integrations/google-ads","https://www.strique.io/terms","224393","","Terms of Use","200","OK","Crawlable","true","","","Root-Relative","//body/div[3]/footer/div/div[1]/div[2]/div[3]/ul/li[2]/a","Footer","HTML"
"Hyperlink","https://www.strique.io/integrations/meta-ads","https://www.strique.io/terms","224393","","Terms of Use","200","OK","Crawlable","true","","","Root-Relative","//body/div[3]/footer/div/div[1]/div[2]/div[3]/ul/li[2]/a","Footer","HTML"
"Hyperlink","https://www.strique.io/careers/ai-apprentice-program","https://www.strique.io/terms","224393","","Terms of Use","200","OK","Crawlable","true","","","Root-Relative","//body/div[3]/footer/div/div[1]/div[2]/div[3]/ul/li[2]/a","Footer","HTML"
"Hyperlink","https://www.strique.io/careers/founding-customer-engineer","https://www.strique.io/terms","224393","","Terms of Use","200","OK","Crawlable","true","","","Root-Relative","//body/div[3]/footer/div/div[1]/div[2]/div[3]/ul/li[2]/a","Footer","HTML"
"Hyperlink","https://www.strique.io/careers/revenue-marketer","https://www.strique.io/terms","224393","","Terms of Use","200","OK","Crawlable","true","","","Root-Relative","//body/div[3]/footer/div/div[1]/div[2]/div[3]/ul/li[2]/a","Footer","HTML"
"Hyperlink","https://www.strique.io/careers/senior-full-stack-engineer","https://www.strique.io/terms","224393","","Terms of Use","200","OK","Crawlable","true","","","Root-Relative","//body/div[3]/footer/div/div[1]/div[2]/div[3]/ul/li[2]/a","Footer","HTML"
"Hyperlink","https://www.strique.io/careers/product-designer","https://www.strique.io/terms","224393","","Terms of Use","200","OK","Crawlable","true","","","Root-Relative","//body/div[3]/footer/div/div[1]/div[2]/div[3]/ul/li[2]/a","Footer","HTML"
"Hyperlink","https://www.strique.io/careers/agent-infrastructure-engineer","https://www.strique.io/terms","224393","","Terms of Use","200","OK","Crawlable","true","","","Root-Relative","//body/div[3]/footer/div/div[1]/div[2]/div[3]/ul/li[2]/a","Footer","HTML"
"Hyperlink","https://www.strique.io/careers/applied-ml-researcher","https://www.strique.io/terms","224393","","Terms of Use","200","OK","Crawlable","true","","","Root-Relative","//body/div[3]/footer/div/div[1]/div[2]/div[3]/ul/li[2]/a","Footer","HTML"
"Hyperlink","https://www.strique.io/careers/founding-growth-engineer","https://www.strique.io/terms","224393","","Terms of Use","200","OK","Crawlable","true","","","Root-Relative","//body/div[3]/footer/div/div[1]/div[2]/div[3]/ul/li[2]/a","Footer","HTML"
"Hyperlink","https://www.strique.io/solutions/local-services","https://www.strique.io/terms","224393","","Terms of Use","200","OK","Crawlable","true","","","Root-Relative","//body/div[3]/footer/div/div[1]/div[2]/div[3]/ul/li[2]/a","Footer","HTML"
"Hyperlink","https://www.strique.io/solutions/agencies","https://www.strique.io/terms","224393","","Terms of Use","200","OK","Crawlable","true","","","Root-Relative","//body/div[3]/footer/div/div[1]/div[2]/div[3]/ul/li[2]/a","Footer","HTML"
"Hyperlink","https://www.strique.io/solutions/b2b-saas","https://www.strique.io/terms","224393","","Terms of Use","200","OK","Crawlable","true","","","Root-Relative","//body/div[3]/footer/div/div[1]/div[2]/div[3]/ul/li[2]/a","Footer","HTML"
"Hyperlink","https://www.strique.io/solutions/ecommerce","https://www.strique.io/terms","224393","","Terms of Use","200","OK","Crawlable","true","","","Root-Relative","//body/div[3]/footer/div/div[1]/div[2]/div[3]/ul/li[2]/a","Footer","HTML"
"Hyperlink","https://www.strique.io/contact?intent=sales","https://www.strique.io/terms","224393","","Terms of Use","200","OK","Crawlable","true","","","Root-Relative","//body/div[3]/footer/div/div[1]/div[2]/div[3]/ul/li[2]/a","Footer","HTML"
"Hyperlink","https://www.strique.io/for/founders","https://www.strique.io/terms","224393","","Terms of Use","200","OK","Crawlable","true","","","Root-Relative","//body/div[3]/footer/div/div[1]/div[2]/div[3]/ul/li[2]/a","Footer","HTML"
"Hyperlink","https://www.strique.io/for/cmos","https://www.strique.io/terms","224393","","Terms of Use","200","OK","Crawlable","true","","","Root-Relative","//body/div[3]/footer/div/div[1]/div[2]/div[3]/ul/li[2]/a","Footer","HTML"
"Hyperlink","https://www.strique.io/for/marketing-managers","https://www.strique.io/terms","224393","","Terms of Use","200","OK","Crawlable","true","","","Root-Relative","//body/div[3]/footer/div/div[1]/div[2]/div[3]/ul/li[2]/a","Footer","HTML"
"Hyperlink","https://www.strique.io/vs/strique-vs-jasper","https://www.strique.io/terms","224393","","Terms of Use","200","OK","Crawlable","true","","","Root-Relative","//body/div[3]/footer/div/div[1]/div[2]/div[3]/ul/li[2]/a","Footer","HTML"
"Hyperlink","https://www.strique.io/vs","https://www.strique.io/terms","224393","","Terms of Use","200","OK","Crawlable","true","","","Root-Relative","//body/div[3]/footer/div/div[1]/div[2]/div[3]/ul/li[2]/a","Footer","HTML"
"Hyperlink","https://www.strique.io/vs/strique-vs-adroll","https://www.strique.io/terms","224393","","Terms of Use","200","OK","Crawlable","true","","","Root-Relative","//body/div[3]/footer/div/div[1]/div[2]/div[3]/ul/li[2]/a","Footer","HTML"
"Hyperlink","https://www.strique.io/contact?intent=demo","https://www.strique.io/terms","224393","","Terms of Use","200","OK","Crawlable","true","","","Root-Relative","//body/div[3]/footer/div/div[1]/div[2]/div[3]/ul/li[2]/a","Footer","HTML"
"Hyperlink","https://www.strique.io/contact?intent=careers&role=founding-growth-engineer","https://www.strique.io/terms","224393","","Terms of Use","200","OK","Crawlable","true","","","Root-Relative","//body/div[3]/footer/div/div[1]/div[2]/div[3]/ul/li[2]/a","Footer","HTML"
"Hyperlink","https://www.strique.io/contact?intent=careers&role=applied-ml-researcher","https://www.strique.io/terms","224393","","Terms of Use","200","OK","Crawlable","true","","","Root-Relative","//body/div[3]/footer/div/div[1]/div[2]/div[3]/ul/li[2]/a","Footer","HTML"
"Hyperlink","https://www.strique.io/contact?intent=careers&role=agent-infrastructure-engineer","https://www.strique.io/terms","224393","","Terms of Use","200","OK","Crawlable","true","","","Root-Relative","//body/div[3]/footer/div/div[1]/div[2]/div[3]/ul/li[2]/a","Footer","HTML"
"Hyperlink","https://www.strique.io/contact?intent=careers&role=product-designer","https://www.strique.io/terms","224393","","Terms of Use","200","OK","Crawlable","true","","","Root-Relative","//body/div[3]/footer/div/div[1]/div[2]/div[3]/ul/li[2]/a","Footer","HTML"
"Hyperlink","https://www.strique.io/contact?intent=careers&role=senior-full-stack-engineer","https://www.strique.io/terms","224393","","Terms of Use","200","OK","Crawlable","true","","","Root-Relative","//body/div[3]/footer/div/div[1]/div[2]/div[3]/ul/li[2]/a","Footer","HTML"
"Hyperlink","https://www.strique.io/contact?intent=careers&role=revenue-marketer","https://www.strique.io/terms","224393","","Terms of Use","200","OK","Crawlable","true","","","Root-Relative","//body/div[3]/footer/div/div[1]/div[2]/div[3]/ul/li[2]/a","Footer","HTML"
"Hyperlink","https://www.strique.io/contact?intent=careers&role=founding-customer-engineer","https://www.strique.io/terms","224393","","Terms of Use","200","OK","Crawlable","true","","","Root-Relative","//body/div[3]/footer/div/div[1]/div[2]/div[3]/ul/li[2]/a","Footer","HTML"
"Hyperlink","https://www.strique.io/contact?intent=careers&role=ai-apprentice-program","https://www.strique.io/terms","224393","","Terms of Use","200","OK","Crawlable","true","","","Root-Relative","//body/div[3]/footer/div/div[1]/div[2]/div[3]/ul/li[2]/a","Footer","HTML"
"HTML Canonical","https://www.strique.io/terms","https://www.strique.io/terms","224393","","","200","OK","Crawlable","true","","","Absolute","//head/link[12]","Head","HTML"
"Image","https://www.strique.io/","https://www.google.com/s2/favicons?domain=sellercentral.amazon.com&sz=64","0","Amazon Seller","","0","Blocked by robots.txt","Crawlable","true","","","Absolute","//body/div[3]/main/div/section[6]/div[2]/div[2]/div/div[9]/img","Content","HTML"
"Image","https://www.strique.io/","https://www.google.com/s2/favicons?domain=sellercentral.amazon.com&sz=64","0","Amazon Seller","","0","Blocked by robots.txt","Crawlable","true","","","Absolute","//body/div[3]/main/div/section[6]/div[2]/div[2]/div/div[19]/img","Content","HTML"
"Image","https://www.strique.io/product","https://www.google.com/s2/favicons?domain=sellercentral.amazon.com&sz=64","0","Amazon Seller","","0","Blocked by robots.txt","Crawlable","true","","","Absolute","//body/div[3]/main/section[6]/div[2]/div[2]/div/div[9]/img","Content","HTML"
"Image","https://www.strique.io/product","https://www.google.com/s2/favicons?domain=sellercentral.amazon.com&sz=64","0","Amazon Seller","","0","Blocked by robots.txt","Crawlable","true","","","Absolute","//body/div[3]/main/section[6]/div[2]/div[2]/div/div[19]/img","Content","HTML"
"Image","https://www.strique.io/","https://www.strique.io/images/footer-strique-glow.svg","0","","","200","OK","Crawlable","true","","","Root-Relative","//body/div[3]/footer/div/div[4]/img","Footer","HTML"
"Image","https://www.strique.io/contact","https://www.strique.io/images/footer-strique-glow.svg","0","","","200","OK","Crawlable","true","","","Root-Relative","//body/div[3]/footer/div/div[4]/img","Footer","HTML"
"Image","https://www.strique.io/customers/powerlook","https://www.strique.io/images/footer-strique-glow.svg","0","","","200","OK","Crawlable","true","","","Root-Relative","//body/div[3]/footer/div/div[4]/img","Footer","HTML"
"Image","https://www.strique.io/customers/inc5","https://www.strique.io/images/footer-strique-glow.svg","0","","","200","OK","Crawlable","true","","","Root-Relative","//body/div[3]/footer/div/div[4]/img","Footer","HTML"
"Image","https://www.strique.io/customers","https://www.strique.io/images/footer-strique-glow.svg","0","","","200","OK","Crawlable","true","","","Root-Relative","//body/div[3]/footer/div/div[4]/img","Footer","HTML"
"Image","https://www.strique.io/product","https://www.strique.io/images/footer-strique-glow.svg","0","","","200","OK","Crawlable","true","","","Root-Relative","//body/div[3]/footer/div/div[4]/img","Footer","HTML"
"Image","https://www.strique.io/terms","https://www.strique.io/images/footer-strique-glow.svg","0","","","200","OK","Crawlable","true","","","Root-Relative","//body/div[3]/footer/div/div[4]/img","Footer","HTML"
"Image","https://www.strique.io/for","https://www.strique.io/images/footer-strique-glow.svg","0","","","200","OK","Crawlable","true","","","Root-Relative","//body/div[3]/footer/div/div[4]/img","Footer","HTML"
"Image","https://www.strique.io/pricing","https://www.strique.io/images/footer-strique-glow.svg","0","","","200","OK","Crawlable","true","","","Root-Relative","//body/div[3]/footer/div/div[4]/img","Footer","HTML"
"Image","https://www.strique.io/solutions","https://www.strique.io/images/footer-strique-glow.svg","0","","","200","OK","Crawlable","true","","","Root-Relative","//body/div[3]/footer/div/div[4]/img","Footer","HTML"
"Image","https://www.strique.io/privacy-policy","https://www.strique.io/images/footer-strique-glow.svg","0","","","200","OK","Crawlable","true","","","Root-Relative","//body/div[3]/footer/div/div[4]/img","Footer","HTML"
"Image","https://www.strique.io/trust-center","https://www.strique.io/images/footer-strique-glow.svg","0","","","200","OK","Crawlable","true","","","Root-Relative","//body/div[3]/footer/div/div[4]/img","Footer","HTML"
"Image","https://www.strique.io/about","https://www.strique.io/images/footer-strique-glow.svg","0","","","200","OK","Crawlable","true","","","Root-Relative","//body/div[3]/footer/div/div[4]/img","Footer","HTML"
"Image","https://www.strique.io/security","https://www.strique.io/images/footer-strique-glow.svg","0","","","200","OK","Crawlable","true","","","Root-Relative","//body/div[3]/footer/div/div[4]/img","Footer","HTML"
"Image","https://www.strique.io/careers","https://www.strique.io/images/footer-strique-glow.svg","0","","","200","OK","Crawlable","true","","","Root-Relative","//body/div[3]/footer/div/div[4]/img","Footer","HTML"
"Image","https://www.strique.io/customers/crimzon","https://www.strique.io/images/footer-strique-glow.svg","0","","","200","OK","Crawlable","true","","","Root-Relative","//body/div[3]/footer/div/div[4]/img","Footer","HTML"
"Image","https://www.strique.io/integrations","https://www.strique.io/images/footer-strique-glow.svg","0","","","200","OK","Crawlable","true","","","Root-Relative","//body/div[3]/footer/div/div[4]/img","Footer","HTML"
"Image","https://www.strique.io/integrations/hubspot","https://www.strique.io/images/footer-strique-glow.svg","0","","","200","OK","Crawlable","true","","","Root-Relative","//body/div[3]/footer/div/div[4]/img","Footer","HTML"
"Image","https://www.strique.io/contact?intent=careers","https://www.strique.io/images/footer-strique-glow.svg","0","","","200","OK","Crawlable","true","","","Root-Relative","//body/div[3]/footer/div/div[4]/img","Footer","HTML"
"Image","https://www.strique.io/integrations/google-ads","https://www.strique.io/images/footer-strique-glow.svg","0","","","200","OK","Crawlable","true","","","Root-Relative","//body/div[3]/footer/div/div[4]/img","Footer","HTML"
"Image","https://www.strique.io/integrations/meta-ads","https://www.strique.io/images/footer-strique-glow.svg","0","","","200","OK","Crawlable","true","","","Root-Relative","//body/div[3]/footer/div/div[4]/img","Footer","HTML"
"Image","https://www.strique.io/careers/ai-apprentice-program","https://www.strique.io/images/footer-strique-glow.svg","0","","","200","OK","Crawlable","true","","","Root-Relative","//body/div[3]/footer/div/div[4]/img","Footer","HTML"
"Image","https://www.strique.io/careers/founding-customer-engineer","https://www.strique.io/images/footer-strique-glow.svg","0","","","200","OK","Crawlable","true","","","Root-Relative","//body/div[3]/footer/div/div[4]/img","Footer","HTML"
"Image","https://www.strique.io/careers/revenue-marketer","https://www.strique.io/images/footer-strique-glow.svg","0","","","200","OK","Crawlable","true","","","Root-Relative","//body/div[3]/footer/div/div[4]/img","Footer","HTML"
"Image","https://www.strique.io/careers/senior-full-stack-engineer","https://www.strique.io/images/footer-strique-glow.svg","0","","","200","OK","Crawlable","true","","","Root-Relative","//body/div[3]/footer/div/div[4]/img","Footer","HTML"
"Image","https://www.strique.io/careers/product-designer","https://www.strique.io/images/footer-strique-glow.svg","0","","","200","OK","Crawlable","true","","","Root-Relative","//body/div[3]/footer/div/div[4]/img","Footer","HTML"
"Image","https://www.strique.io/careers/agent-infrastructure-engineer","https://www.strique.io/images/footer-strique-glow.svg","0","","","200","OK","Crawlable","true","","","Root-Relative","//body/div[3]/footer/div/div[4]/img","Footer","HTML"
"Image","https://www.strique.io/careers/applied-ml-researcher","https://www.strique.io/images/footer-strique-glow.svg","0","","","200","OK","Crawlable","true","","","Root-Relative","//body/div[3]/footer/div/div[4]/img","Footer","HTML"
"Image","https://www.strique.io/careers/founding-growth-engineer","https://www.strique.io/images/footer-strique-glow.svg","0","","","200","OK","Crawlable","true","","","Root-Relative","//body/div[3]/footer/div/div[4]/img","Footer","HTML"
"Image","https://www.strique.io/solutions/local-services","https://www.strique.io/images/footer-strique-glow.svg","0","","","200","OK","Crawlable","true","","","Root-Relative","//body/div[3]/footer/div/div[4]/img","Footer","HTML"
"Image","https://www.strique.io/solutions/agencies","https://www.strique.io/images/footer-strique-glow.svg","0","","","200","OK","Crawlable","true","","","Root-Relative","//body/div[3]/footer/div/div[4]/img","Footer","HTML"
"Image","https://www.strique.io/solutions/b2b-saas","https://www.strique.io/images/footer-strique-glow.svg","0","","","200","OK","Crawlable","true","","","Root-Relative","//body/div[3]/footer/div/div[4]/img","Footer","HTML"
"Image","https://www.strique.io/solutions/ecommerce","https://www.strique.io/images/footer-strique-glow.svg","0","","","200","OK","Crawlable","true","","","Root-Relative","//body/div[3]/footer/div/div[4]/img","Footer","HTML"
"Image","https://www.strique.io/contact?intent=sales","https://www.strique.io/images/footer-strique-glow.svg","0","","","200","OK","Crawlable","true","","","Root-Relative","//body/div[3]/footer/div/div[4]/img","Footer","HTML"
"Image","https://www.strique.io/for/founders","https://www.strique.io/images/footer-strique-glow.svg","0","","","200","OK","Crawlable","true","","","Root-Relative","//body/div[3]/footer/div/div[4]/img","Footer","HTML"
"Image","https://www.strique.io/for/cmos","https://www.strique.io/images/footer-strique-glow.svg","0","","","200","OK","Crawlable","true","","","Root-Relative","//body/div[3]/footer/div/div[4]/img","Footer","HTML"
"Image","https://www.strique.io/for/marketing-managers","https://www.strique.io/images/footer-strique-glow.svg","0","","","200","OK","Crawlable","true","","","Root-Relative","//body/div[3]/footer/div/div[4]/img","Footer","HTML"
"Image","https://www.strique.io/vs/strique-vs-jasper","https://www.strique.io/images/footer-strique-glow.svg","0","","","200","OK","Crawlable","true","","","Root-Relative","//body/div[3]/footer/div/div[4]/img","Footer","HTML"
"Image","https://www.strique.io/vs","https://www.strique.io/images/footer-strique-glow.svg","0","","","200","OK","Crawlable","true","","","Root-Relative","//body/div[3]/footer/div/div[4]/img","Footer","HTML"
"Image","https://www.strique.io/vs/strique-vs-adroll","https://www.strique.io/images/footer-strique-glow.svg","0","","","200","OK","Crawlable","true","","","Root-Relative","//body/div[3]/footer/div/div[4]/img","Footer","HTML"
"Image","https://www.strique.io/contact?intent=demo","https://www.strique.io/images/footer-strique-glow.svg","0","","","200","OK","Crawlable","true","","","Root-Relative","//body/div[3]/footer/div/div[4]/img","Footer","HTML"
"Image","https://www.strique.io/contact?intent=careers&role=founding-growth-engineer","https://www.strique.io/images/footer-strique-glow.svg","0","","","200","OK","Crawlable","true","","","Root-Relative","//body/div[3]/footer/div/div[4]/img","Footer","HTML"
"Image","https://www.strique.io/contact?intent=careers&role=applied-ml-researcher","https://www.strique.io/images/footer-strique-glow.svg","0","","","200","OK","Crawlable","true","","","Root-Relative","//body/div[3]/footer/div/div[4]/img","Footer","HTML"
"Image","https://www.strique.io/contact?intent=careers&role=agent-infrastructure-engineer","https://www.strique.io/images/footer-strique-glow.svg","0","","","200","OK","Crawlable","true","","","Root-Relative","//body/div[3]/footer/div/div[4]/img","Footer","HTML"
"Image","https://www.strique.io/contact?intent=careers&role=product-designer","https://www.strique.io/images/footer-strique-glow.svg","0","","","200","OK","Crawlable","true","","","Root-Relative","//body/div[3]/footer/div/div[4]/img","Footer","HTML"
"Image","https://www.strique.io/contact?intent=careers&role=senior-full-stack-engineer","https://www.strique.io/images/footer-strique-glow.svg","0","","","200","OK","Crawlable","true","","","Root-Relative","//body/div[3]/footer/div/div[4]/img","Footer","HTML"
"Image","https://www.strique.io/contact?intent=careers&role=revenue-marketer","https://www.strique.io/images/footer-strique-glow.svg","0","","","200","OK","Crawlable","true","","","Root-Relative","//body/div[3]/footer/div/div[4]/img","Footer","HTML"
"Image","https://www.strique.io/contact?intent=careers&role=founding-customer-engineer","https://www.strique.io/images/footer-strique-glow.svg","0","","","200","OK","Crawlable","true","","","Root-Relative","//body/div[3]/footer/div/div[4]/img","Footer","HTML"
"Image","https://www.strique.io/contact?intent=careers&role=ai-apprentice-program","https://www.strique.io/images/footer-strique-glow.svg","0","","","200","OK","Crawlable","true","","","Root-Relative","//body/div[3]/footer/div/div[4]/img","Footer","HTML"
"JavaScript","https://www.strique.io/","https://www.strique.io/_next/static/chunks/9912-ae48d376928a284b.js","0","","","200","OK","Crawlable","true","","","Root-Relative","//head/script[11]","Head","HTML"
"JavaScript","https://www.strique.io/contact","https://www.strique.io/_next/static/chunks/9912-ae48d376928a284b.js","0","","","200","OK","Crawlable","true","","","Root-Relative","//head/script[11]","Head","HTML"
"JavaScript","https://www.strique.io/pricing","https://www.strique.io/_next/static/chunks/9912-ae48d376928a284b.js","0","","","200","OK","Crawlable","true","","","Root-Relative","//head/script[11]","Head","HTML"
"JavaScript","https://www.strique.io/trust-center","https://www.strique.io/_next/static/chunks/9912-ae48d376928a284b.js","0","","","200","OK","Crawlable","true","","","Root-Relative","//head/script[11]","Head","HTML"
"JavaScript","https://www.strique.io/about","https://www.strique.io/_next/static/chunks/9912-ae48d376928a284b.js","0","","","200","OK","Crawlable","true","","","Root-Relative","//head/script[11]","Head","HTML"
"JavaScript","https://www.strique.io/security","https://www.strique.io/_next/static/chunks/9912-ae48d376928a284b.js","0","","","200","OK","Crawlable","true","","","Root-Relative","//head/script[11]","Head","HTML"
"JavaScript","https://www.strique.io/contact?intent=careers","https://www.strique.io/_next/static/chunks/9912-ae48d376928a284b.js","0","","","200","OK","Crawlable","true","","","Root-Relative","//head/script[11]","Head","HTML"
"JavaScript","https://www.strique.io/contact?intent=sales","https://www.strique.io/_next/static/chunks/9912-ae48d376928a284b.js","0","","","200","OK","Crawlable","true","","","Root-Relative","//head/script[11]","Head","HTML"
"JavaScript","https://www.strique.io/contact?intent=demo","https://www.strique.io/_next/static/chunks/9912-ae48d376928a284b.js","0","","","200","OK","Crawlable","true","","","Root-Relative","//head/script[11]","Head","HTML"
"JavaScript","https://www.strique.io/contact?intent=careers&role=founding-growth-engineer","https://www.strique.io/_next/static/chunks/9912-ae48d376928a284b.js","0","","","200","OK","Crawlable","true","","","Root-Relative","//head/script[11]","Head","HTML"
"JavaScript","https://www.strique.io/contact?intent=careers&role=applied-ml-researcher","https://www.strique.io/_next/static/chunks/9912-ae48d376928a284b.js","0","","","200","OK","Crawlable","true","","","Root-Relative","//head/script[11]","Head","HTML"
"JavaScript","https://www.strique.io/contact?intent=careers&role=agent-infrastructure-engineer","https://www.strique.io/_next/static/chunks/9912-ae48d376928a284b.js","0","","","200","OK","Crawlable","true","","","Root-Relative","//head/script[11]","Head","HTML"
"JavaScript","https://www.strique.io/contact?intent=careers&role=product-designer","https://www.strique.io/_next/static/chunks/9912-ae48d376928a284b.js","0","","","200","OK","Crawlable","true","","","Root-Relative","//head/script[11]","Head","HTML"
"JavaScript","https://www.strique.io/contact?intent=careers&role=senior-full-stack-engineer","https://www.strique.io/_next/static/chunks/9912-ae48d376928a284b.js","0","","","200","OK","Crawlable","true","","","Root-Relative","//head/script[11]","Head","HTML"
"JavaScript","https://www.strique.io/contact?intent=careers&role=revenue-marketer","https://www.strique.io/_next/static/chunks/9912-ae48d376928a284b.js","0","","","200","OK","Crawlable","true","","","Root-Relative","//head/script[11]","Head","HTML"
"JavaScript","https://www.strique.io/contact?intent=careers&role=founding-customer-engineer","https://www.strique.io/_next/static/chunks/9912-ae48d376928a284b.js","0","","","200","OK","Crawlable","true","","","Root-Relative","//head/script[11]","Head","HTML"
"JavaScript","https://www.strique.io/contact?intent=careers&role=ai-apprentice-program","https://www.strique.io/_next/static/chunks/9912-ae48d376928a284b.js","0","","","200","OK","Crawlable","true","","","Root-Relative","//head/script[11]","Head","HTML"
"Hyperlink","https://www.strique.io/","https://www.strique.io/for","106677","","Who is it for","200","OK","Crawlable","true","","","Root-Relative","//body/div[3]/main/div/section[5]/div/div[1]/a","Content","HTML"
"Hyperlink","https://www.strique.io/for/founders","https://www.strique.io/for","106677","","Other roles","200","OK","Crawlable","true","","","Root-Relative","//body/div[3]/main/section[1]/div[@class='fig-page-padded']/div/a[@class='btn-fill-to-white']","Content","HTML"
"Hyperlink","https://www.strique.io/for/founders","https://www.strique.io/for","106677","","All roles","200","OK","Crawlable","true","","","Root-Relative","//body/div[3]/main/section[3]/div/div[3]/a","Content","HTML"
"Hyperlink","https://www.strique.io/for/cmos","https://www.strique.io/for","106677","","Other roles","200","OK","Crawlable","true","","","Root-Relative","//body/div[3]/main/section[1]/div[@class='fig-page-padded']/div/a[@class='btn-fill-to-white']","Content","HTML"
"Hyperlink","https://www.strique.io/for/cmos","https://www.strique.io/for","106677","","All roles","200","OK","Crawlable","true","","","Root-Relative","//body/div[3]/main/section[3]/div/div[3]/a","Content","HTML"
"Hyperlink","https://www.strique.io/for/marketing-managers","https://www.strique.io/for","106677","","Other roles","200","OK","Crawlable","true","","","Root-Relative","//body/div[3]/main/section[1]/div[@class='fig-page-padded']/div/a[@class='btn-fill-to-white']","Content","HTML"
"Hyperlink","https://www.strique.io/for/marketing-managers","https://www.strique.io/for","106677","","All roles","200","OK","Crawlable","true","","","Root-Relative","//body/div[3]/main/section[3]/div/div[3]/a","Content","HTML"
"HTML Canonical","https://www.strique.io/for","https://www.strique.io/for","106677","","","200","OK","Crawlable","true","","","Absolute","//head/link[12]","Head","HTML"
"JavaScript","https://www.strique.io/","https://www.strique.io/_next/static/chunks/7642-eedec7de89ba12af.js","0","","","200","OK","Crawlable","true","","","Root-Relative","//head/script[4]","Head","HTML"
"JavaScript","https://www.strique.io/contact","https://www.strique.io/_next/static/chunks/7642-eedec7de89ba12af.js","0","","","200","OK","Crawlable","true","","","Root-Relative","//head/script[4]","Head","HTML"
"JavaScript","https://www.strique.io/customers/powerlook","https://www.strique.io/_next/static/chunks/7642-eedec7de89ba12af.js","0","","","200","OK","Crawlable","true","","","Root-Relative","//head/script[4]","Head","HTML"
"JavaScript","https://www.strique.io/customers/inc5","https://www.strique.io/_next/static/chunks/7642-eedec7de89ba12af.js","0","","","200","OK","Crawlable","true","","","Root-Relative","//head/script[4]","Head","HTML"
"JavaScript","https://www.strique.io/customers","https://www.strique.io/_next/static/chunks/7642-eedec7de89ba12af.js","0","","","200","OK","Crawlable","true","","","Root-Relative","//head/script[4]","Head","HTML"
"JavaScript","https://www.strique.io/product","https://www.strique.io/_next/static/chunks/7642-eedec7de89ba12af.js","0","","","200","OK","Crawlable","true","","","Root-Relative","//head/script[4]","Head","HTML"
"JavaScript","https://www.strique.io/terms","https://www.strique.io/_next/static/chunks/7642-eedec7de89ba12af.js","0","","","200","OK","Crawlable","true","","","Root-Relative","//head/script[4]","Head","HTML"
"JavaScript","https://www.strique.io/for","https://www.strique.io/_next/static/chunks/7642-eedec7de89ba12af.js","0","","","200","OK","Crawlable","true","","","Root-Relative","//head/script[4]","Head","HTML"
"JavaScript","https://www.strique.io/pricing","https://www.strique.io/_next/static/chunks/7642-eedec7de89ba12af.js","0","","","200","OK","Crawlable","true","","","Root-Relative","//head/script[4]","Head","HTML"
"JavaScript","https://www.strique.io/solutions","https://www.strique.io/_next/static/chunks/7642-eedec7de89ba12af.js","0","","","200","OK","Crawlable","true","","","Root-Relative","//head/script[4]","Head","HTML"
"JavaScript","https://www.strique.io/privacy-policy","https://www.strique.io/_next/static/chunks/7642-eedec7de89ba12af.js","0","","","200","OK","Crawlable","true","","","Root-Relative","//head/script[4]","Head","HTML"
"JavaScript","https://www.strique.io/trust-center","https://www.strique.io/_next/static/chunks/7642-eedec7de89ba12af.js","0","","","200","OK","Crawlable","true","","","Root-Relative","//head/script[4]","Head","HTML"
"JavaScript","https://www.strique.io/about","https://www.strique.io/_next/static/chunks/7642-eedec7de89ba12af.js","0","","","200","OK","Crawlable","true","","","Root-Relative","//head/script[4]","Head","HTML"
"JavaScript","https://www.strique.io/security","https://www.strique.io/_next/static/chunks/7642-eedec7de89ba12af.js","0","","","200","OK","Crawlable","true","","","Root-Relative","//head/script[4]","Head","HTML"
"JavaScript","https://www.strique.io/careers","https://www.strique.io/_next/static/chunks/7642-eedec7de89ba12af.js","0","","","200","OK","Crawlable","true","","","Root-Relative","//head/script[4]","Head","HTML"
"JavaScript","https://www.strique.io/customers/crimzon","https://www.strique.io/_next/static/chunks/7642-eedec7de89ba12af.js","0","","","200","OK","Crawlable","true","","","Root-Relative","//head/script[4]","Head","HTML"
"JavaScript","https://www.strique.io/integrations","https://www.strique.io/_next/static/chunks/7642-eedec7de89ba12af.js","0","","","200","OK","Crawlable","true","","","Root-Relative","//head/script[4]","Head","HTML"
"JavaScript","https://www.strique.io/integrations/hubspot","https://www.strique.io/_next/static/chunks/7642-eedec7de89ba12af.js","0","","","200","OK","Crawlable","true","","","Root-Relative","//head/script[4]","Head","HTML"
"JavaScript","https://www.strique.io/contact?intent=careers","https://www.strique.io/_next/static/chunks/7642-eedec7de89ba12af.js","0","","","200","OK","Crawlable","true","","","Root-Relative","//head/script[4]","Head","HTML"
"JavaScript","https://www.strique.io/integrations/google-ads","https://www.strique.io/_next/static/chunks/7642-eedec7de89ba12af.js","0","","","200","OK","Crawlable","true","","","Root-Relative","//head/script[4]","Head","HTML"
"JavaScript","https://www.strique.io/integrations/meta-ads","https://www.strique.io/_next/static/chunks/7642-eedec7de89ba12af.js","0","","","200","OK","Crawlable","true","","","Root-Relative","//head/script[4]","Head","HTML"
"JavaScript","https://www.strique.io/careers/ai-apprentice-program","https://www.strique.io/_next/static/chunks/7642-eedec7de89ba12af.js","0","","","200","OK","Crawlable","true","","","Root-Relative","//head/script[4]","Head","HTML"
"JavaScript","https://www.strique.io/careers/founding-customer-engineer","https://www.strique.io/_next/static/chunks/7642-eedec7de89ba12af.js","0","","","200","OK","Crawlable","true","","","Root-Relative","//head/script[4]","Head","HTML"
"JavaScript","https://www.strique.io/careers/revenue-marketer","https://www.strique.io/_next/static/chunks/7642-eedec7de89ba12af.js","0","","","200","OK","Crawlable","true","","","Root-Relative","//head/script[4]","Head","HTML"
"JavaScript","https://www.strique.io/careers/senior-full-stack-engineer","https://www.strique.io/_next/static/chunks/7642-eedec7de89ba12af.js","0","","","200","OK","Crawlable","true","","","Root-Relative","//head/script[4]","Head","HTML"
"JavaScript","https://www.strique.io/careers/product-designer","https://www.strique.io/_next/static/chunks/7642-eedec7de89ba12af.js","0","","","200","OK","Crawlable","true","","","Root-Relative","//head/script[4]","Head","HTML"
"JavaScript","https://www.strique.io/careers/agent-infrastructure-engineer","https://www.strique.io/_next/static/chunks/7642-eedec7de89ba12af.js","0","","","200","OK","Crawlable","true","","","Root-Relative","//head/script[4]","Head","HTML"
"JavaScript","https://www.strique.io/careers/applied-ml-researcher","https://www.strique.io/_next/static/chunks/7642-eedec7de89ba12af.js","0","","","200","OK","Crawlable","true","","","Root-Relative","//head/script[4]","Head","HTML"
"JavaScript","https://www.strique.io/careers/founding-growth-engineer","https://www.strique.io/_next/static/chunks/7642-eedec7de89ba12af.js","0","","","200","OK","Crawlable","true","","","Root-Relative","//head/script[4]","Head","HTML"
"JavaScript","https://www.strique.io/solutions/local-services","https://www.strique.io/_next/static/chunks/7642-eedec7de89ba12af.js","0","","","200","OK","Crawlable","true","","","Root-Relative","//head/script[4]","Head","HTML"
"JavaScript","https://www.strique.io/solutions/agencies","https://www.strique.io/_next/static/chunks/7642-eedec7de89ba12af.js","0","","","200","OK","Crawlable","true","","","Root-Relative","//head/script[4]","Head","HTML"
"JavaScript","https://www.strique.io/solutions/b2b-saas","https://www.strique.io/_next/static/chunks/7642-eedec7de89ba12af.js","0","","","200","OK","Crawlable","true","","","Root-Relative","//head/script[4]","Head","HTML"
"JavaScript","https://www.strique.io/solutions/ecommerce","https://www.strique.io/_next/static/chunks/7642-eedec7de89ba12af.js","0","","","200","OK","Crawlable","true","","","Root-Relative","//head/script[4]","Head","HTML"
"JavaScript","https://www.strique.io/contact?intent=sales","https://www.strique.io/_next/static/chunks/7642-eedec7de89ba12af.js","0","","","200","OK","Crawlable","true","","","Root-Relative","//head/script[4]","Head","HTML"
"JavaScript","https://www.strique.io/for/founders","https://www.strique.io/_next/static/chunks/7642-eedec7de89ba12af.js","0","","","200","OK","Crawlable","true","","","Root-Relative","//head/script[4]","Head","HTML"
"JavaScript","https://www.strique.io/for/cmos","https://www.strique.io/_next/static/chunks/7642-eedec7de89ba12af.js","0","","","200","OK","Crawlable","true","","","Root-Relative","//head/script[4]","Head","HTML"
"JavaScript","https://www.strique.io/for/marketing-managers","https://www.strique.io/_next/static/chunks/7642-eedec7de89ba12af.js","0","","","200","OK","Crawlable","true","","","Root-Relative","//head/script[4]","Head","HTML"
"JavaScript","https://www.strique.io/vs/strique-vs-jasper","https://www.strique.io/_next/static/chunks/7642-eedec7de89ba12af.js","0","","","200","OK","Crawlable","true","","","Root-Relative","//head/script[4]","Head","HTML"
"JavaScript","https://www.strique.io/vs","https://www.strique.io/_next/static/chunks/7642-eedec7de89ba12af.js","0","","","200","OK","Crawlable","true","","","Root-Relative","//head/script[4]","Head","HTML"
"JavaScript","https://www.strique.io/vs/strique-vs-adroll","https://www.strique.io/_next/static/chunks/7642-eedec7de89ba12af.js","0","","","200","OK","Crawlable","true","","","Root-Relative","//head/script[4]","Head","HTML"
"JavaScript","https://www.strique.io/contact?intent=demo","https://www.strique.io/_next/static/chunks/7642-eedec7de89ba12af.js","0","","","200","OK","Crawlable","true","","","Root-Relative","//head/script[4]","Head","HTML"
"JavaScript","https://www.strique.io/contact?intent=careers&role=founding-growth-engineer","https://www.strique.io/_next/static/chunks/7642-eedec7de89ba12af.js","0","","","200","OK","Crawlable","true","","","Root-Relative","//head/script[4]","Head","HTML"
"JavaScript","https://www.strique.io/contact?intent=careers&role=applied-ml-researcher","https://www.strique.io/_next/static/chunks/7642-eedec7de89ba12af.js","0","","","200","OK","Crawlable","true","","","Root-Relative","//head/script[4]","Head","HTML"
"JavaScript","https://www.strique.io/contact?intent=careers&role=agent-infrastructure-engineer","https://www.strique.io/_next/static/chunks/7642-eedec7de89ba12af.js","0","","","200","OK","Crawlable","true","","","Root-Relative","//head/script[4]","Head","HTML"
"JavaScript","https://www.strique.io/contact?intent=careers&role=product-designer","https://www.strique.io/_next/static/chunks/7642-eedec7de89ba12af.js","0","","","200","OK","Crawlable","true","","","Root-Relative","//head/script[4]","Head","HTML"
"JavaScript","https://www.strique.io/contact?intent=careers&role=senior-full-stack-engineer","https://www.strique.io/_next/static/chunks/7642-eedec7de89ba12af.js","0","","","200","OK","Crawlable","true","","","Root-Relative","//head/script[4]","Head","HTML"
"JavaScript","https://www.strique.io/contact?intent=careers&role=revenue-marketer","https://www.strique.io/_next/static/chunks/7642-eedec7de89ba12af.js","0","","","200","OK","Crawlable","true","","","Root-Relative","//head/script[4]","Head","HTML"
"JavaScript","https://www.strique.io/contact?intent=careers&role=founding-customer-engineer","https://www.strique.io/_next/static/chunks/7642-eedec7de89ba12af.js","0","","","200","OK","Crawlable","true","","","Root-Relative","//head/script[4]","Head","HTML"
"JavaScript","https://www.strique.io/contact?intent=careers&role=ai-apprentice-program","https://www.strique.io/_next/static/chunks/7642-eedec7de89ba12af.js","0","","","200","OK","Crawlable","true","","","Root-Relative","//head/script[4]","Head","HTML"
"Hyperlink","https://www.strique.io/","https://www.linkedin.com/company/strique","333127","","","200","OK","Crawlable","true","_blank","noopener noreferrer","Absolute","//body/div[3]/footer/div/div[1]/ul/li[2]/a","Footer","HTML"
"Hyperlink","https://www.strique.io/contact","https://www.linkedin.com/company/strique","333127","","","200","OK","Crawlable","true","_blank","noopener noreferrer","Absolute","//body/div[3]/footer/div/div[1]/ul/li[2]/a","Footer","HTML"
"Hyperlink","https://www.strique.io/customers/powerlook","https://www.linkedin.com/company/strique","333127","","","200","OK","Crawlable","true","_blank","noopener noreferrer","Absolute","//body/div[3]/footer/div/div[1]/ul/li[2]/a","Footer","HTML"
"Hyperlink","https://www.strique.io/customers/inc5","https://www.linkedin.com/company/strique","333127","","","200","OK","Crawlable","true","_blank","noopener noreferrer","Absolute","//body/div[3]/footer/div/div[1]/ul/li[2]/a","Footer","HTML"
"Hyperlink","https://www.strique.io/customers","https://www.linkedin.com/company/strique","333127","","","200","OK","Crawlable","true","_blank","noopener noreferrer","Absolute","//body/div[3]/footer/div/div[1]/ul/li[2]/a","Footer","HTML"
"Hyperlink","https://www.strique.io/product","https://www.linkedin.com/company/strique","333127","","","200","OK","Crawlable","true","_blank","noopener noreferrer","Absolute","//body/div[3]/footer/div/div[1]/ul/li[2]/a","Footer","HTML"
"Hyperlink","https://www.strique.io/terms","https://www.linkedin.com/company/strique","333127","","","200","OK","Crawlable","true","_blank","noopener noreferrer","Absolute","//body/div[3]/footer/div/div[1]/ul/li[2]/a","Footer","HTML"
"Hyperlink","https://www.strique.io/for","https://www.linkedin.com/company/strique","333127","","","200","OK","Crawlable","true","_blank","noopener noreferrer","Absolute","//body/div[3]/footer/div/div[1]/ul/li[2]/a","Footer","HTML"
"Hyperlink","https://www.strique.io/pricing","https://www.linkedin.com/company/strique","333127","","","200","OK","Crawlable","true","_blank","noopener noreferrer","Absolute","//body/div[3]/footer/div/div[1]/ul/li[2]/a","Footer","HTML"
"Hyperlink","https://www.strique.io/solutions","https://www.linkedin.com/company/strique","333127","","","200","OK","Crawlable","true","_blank","noopener noreferrer","Absolute","//body/div[3]/footer/div/div[1]/ul/li[2]/a","Footer","HTML"
"Hyperlink","https://www.strique.io/privacy-policy","https://www.linkedin.com/company/strique","333127","","","200","OK","Crawlable","true","_blank","noopener noreferrer","Absolute","//body/div[3]/footer/div/div[1]/ul/li[2]/a","Footer","HTML"
"Hyperlink","https://www.strique.io/trust-center","https://www.linkedin.com/company/strique","333127","","","200","OK","Crawlable","true","_blank","noopener noreferrer","Absolute","//body/div[3]/footer/div/div[1]/ul/li[2]/a","Footer","HTML"
"Hyperlink","https://www.strique.io/about","https://www.linkedin.com/company/strique","333127","","","200","OK","Crawlable","true","_blank","noopener noreferrer","Absolute","//body/div[3]/footer/div/div[1]/ul/li[2]/a","Footer","HTML"
"Hyperlink","https://www.strique.io/security","https://www.linkedin.com/company/strique","333127","","","200","OK","Crawlable","true","_blank","noopener noreferrer","Absolute","//body/div[3]/footer/div/div[1]/ul/li[2]/a","Footer","HTML"
"Hyperlink","https://www.strique.io/careers","https://www.linkedin.com/company/strique","333127","","","200","OK","Crawlable","true","_blank","noopener noreferrer","Absolute","//body/div[3]/footer/div/div[1]/ul/li[2]/a","Footer","HTML"
"Hyperlink","https://www.strique.io/customers/crimzon","https://www.linkedin.com/company/strique","333127","","","200","OK","Crawlable","true","_blank","noopener noreferrer","Absolute","//body/div[3]/footer/div/div[1]/ul/li[2]/a","Footer","HTML"
"Hyperlink","https://www.strique.io/integrations","https://www.linkedin.com/company/strique","333127","","","200","OK","Crawlable","true","_blank","noopener noreferrer","Absolute","//body/div[3]/footer/div/div[1]/ul/li[2]/a","Footer","HTML"
"Hyperlink","https://www.strique.io/integrations/hubspot","https://www.linkedin.com/company/strique","333127","","","200","OK","Crawlable","true","_blank","noopener noreferrer","Absolute","//body/div[3]/footer/div/div[1]/ul/li[2]/a","Footer","HTML"
"Hyperlink","https://www.strique.io/contact?intent=careers","https://www.linkedin.com/company/strique","333127","","","200","OK","Crawlable","true","_blank","noopener noreferrer","Absolute","//body/div[3]/footer/div/div[1]/ul/li[2]/a","Footer","HTML"
"Hyperlink","https://www.strique.io/integrations/google-ads","https://www.linkedin.com/company/strique","333127","","","200","OK","Crawlable","true","_blank","noopener noreferrer","Absolute","//body/div[3]/footer/div/div[1]/ul/li[2]/a","Footer","HTML"
"Hyperlink","https://www.strique.io/integrations/meta-ads","https://www.linkedin.com/company/strique","333127","","","200","OK","Crawlable","true","_blank","noopener noreferrer","Absolute","//body/div[3]/footer/div/div[1]/ul/li[2]/a","Footer","HTML"
"Hyperlink","https://www.strique.io/careers/ai-apprentice-program","https://www.linkedin.com/company/strique","333127","","","200","OK","Crawlable","true","_blank","noopener noreferrer","Absolute","//body/div[3]/footer/div/div[1]/ul/li[2]/a","Footer","HTML"
"Hyperlink","https://www.strique.io/careers/founding-customer-engineer","https://www.linkedin.com/company/strique","333127","","","200","OK","Crawlable","true","_blank","noopener noreferrer","Absolute","//body/div[3]/footer/div/div[1]/ul/li[2]/a","Footer","HTML"
"Hyperlink","https://www.strique.io/careers/revenue-marketer","https://www.linkedin.com/company/strique","333127","","","200","OK","Crawlable","true","_blank","noopener noreferrer","Absolute","//body/div[3]/footer/div/div[1]/ul/li[2]/a","Footer","HTML"
"Hyperlink","https://www.strique.io/careers/senior-full-stack-engineer","https://www.linkedin.com/company/strique","333127","","","200","OK","Crawlable","true","_blank","noopener noreferrer","Absolute","//body/div[3]/footer/div/div[1]/ul/li[2]/a","Footer","HTML"
"Hyperlink","https://www.strique.io/careers/product-designer","https://www.linkedin.com/company/strique","333127","","","200","OK","Crawlable","true","_blank","noopener noreferrer","Absolute","//body/div[3]/footer/div/div[1]/ul/li[2]/a","Footer","HTML"
"Hyperlink","https://www.strique.io/careers/agent-infrastructure-engineer","https://www.linkedin.com/company/strique","333127","","","200","OK","Crawlable","true","_blank","noopener noreferrer","Absolute","//body/div[3]/footer/div/div[1]/ul/li[2]/a","Footer","HTML"
"Hyperlink","https://www.strique.io/careers/applied-ml-researcher","https://www.linkedin.com/company/strique","333127","","","200","OK","Crawlable","true","_blank","noopener noreferrer","Absolute","//body/div[3]/footer/div/div[1]/ul/li[2]/a","Footer","HTML"
"Hyperlink","https://www.strique.io/careers/founding-growth-engineer","https://www.linkedin.com/company/strique","333127","","","200","OK","Crawlable","true","_blank","noopener noreferrer","Absolute","//body/div[3]/footer/div/div[1]/ul/li[2]/a","Footer","HTML"
"Hyperlink","https://www.strique.io/solutions/local-services","https://www.linkedin.com/company/strique","333127","","","200","OK","Crawlable","true","_blank","noopener noreferrer","Absolute","//body/div[3]/footer/div/div[1]/ul/li[2]/a","Footer","HTML"
"Hyperlink","https://www.strique.io/solutions/agencies","https://www.linkedin.com/company/strique","333127","","","200","OK","Crawlable","true","_blank","noopener noreferrer","Absolute","//body/div[3]/footer/div/div[1]/ul/li[2]/a","Footer","HTML"
"Hyperlink","https://www.strique.io/solutions/b2b-saas","https://www.linkedin.com/company/strique","333127","","","200","OK","Crawlable","true","_blank","noopener noreferrer","Absolute","//body/div[3]/footer/div/div[1]/ul/li[2]/a","Footer","HTML"
"Hyperlink","https://www.strique.io/solutions/ecommerce","https://www.linkedin.com/company/strique","333127","","","200","OK","Crawlable","true","_blank","noopener noreferrer","Absolute","//body/div[3]/footer/div/div[1]/ul/li[2]/a","Footer","HTML"
"Hyperlink","https://www.strique.io/contact?intent=sales","https://www.linkedin.com/company/strique","333127","","","200","OK","Crawlable","true","_blank","noopener noreferrer","Absolute","//body/div[3]/footer/div/div[1]/ul/li[2]/a","Footer","HTML"
"Hyperlink","https://www.strique.io/for/founders","https://www.linkedin.com/company/strique","333127","","","200","OK","Crawlable","true","_blank","noopener noreferrer","Absolute","//body/div[3]/footer/div/div[1]/ul/li[2]/a","Footer","HTML"
"Hyperlink","https://www.strique.io/for/cmos","https://www.linkedin.com/company/strique","333127","","","200","OK","Crawlable","true","_blank","noopener noreferrer","Absolute","//body/div[3]/footer/div/div[1]/ul/li[2]/a","Footer","HTML"
"Hyperlink","https://www.strique.io/for/marketing-managers","https://www.linkedin.com/company/strique","333127","","","200","OK","Crawlable","true","_blank","noopener noreferrer","Absolute","//body/div[3]/footer/div/div[1]/ul/li[2]/a","Footer","HTML"
"Hyperlink","https://www.strique.io/vs/strique-vs-jasper","https://www.linkedin.com/company/strique","333127","","","200","OK","Crawlable","true","_blank","noopener noreferrer","Absolute","//body/div[3]/footer/div/div[1]/ul/li[2]/a","Footer","HTML"
"Hyperlink","https://www.strique.io/vs","https://www.linkedin.com/company/strique","333127","","","200","OK","Crawlable","true","_blank","noopener noreferrer","Absolute","//body/div[3]/footer/div/div[1]/ul/li[2]/a","Footer","HTML"
"Hyperlink","https://www.strique.io/vs/strique-vs-adroll","https://www.linkedin.com/company/strique","333127","","","200","OK","Crawlable","true","_blank","noopener noreferrer","Absolute","//body/div[3]/footer/div/div[1]/ul/li[2]/a","Footer","HTML"
"Hyperlink","https://www.strique.io/contact?intent=demo","https://www.linkedin.com/company/strique","333127","","","200","OK","Crawlable","true","_blank","noopener noreferrer","Absolute","//body/div[3]/footer/div/div[1]/ul/li[2]/a","Footer","HTML"
"Hyperlink","https://www.strique.io/contact?intent=careers&role=founding-growth-engineer","https://www.linkedin.com/company/strique","333127","","","200","OK","Crawlable","true","_blank","noopener noreferrer","Absolute","//body/div[3]/footer/div/div[1]/ul/li[2]/a","Footer","HTML"
"Hyperlink","https://www.strique.io/contact?intent=careers&role=applied-ml-researcher","https://www.linkedin.com/company/strique","333127","","","200","OK","Crawlable","true","_blank","noopener noreferrer","Absolute","//body/div[3]/footer/div/div[1]/ul/li[2]/a","Footer","HTML"
"Hyperlink","https://www.strique.io/contact?intent=careers&role=agent-infrastructure-engineer","https://www.linkedin.com/company/strique","333127","","","200","OK","Crawlable","true","_blank","noopener noreferrer","Absolute","//body/div[3]/footer/div/div[1]/ul/li[2]/a","Footer","HTML"
"Hyperlink","https://www.strique.io/contact?intent=careers&role=product-designer","https://www.linkedin.com/company/strique","333127","","","200","OK","Crawlable","true","_blank","noopener noreferrer","Absolute","//body/div[3]/footer/div/div[1]/ul/li[2]/a","Footer","HTML"
"Hyperlink","https://www.strique.io/contact?intent=careers&role=senior-full-stack-engineer","https://www.linkedin.com/company/strique","333127","","","200","OK","Crawlable","true","_blank","noopener noreferrer","Absolute","//body/div[3]/footer/div/div[1]/ul/li[2]/a","Footer","HTML"
"Hyperlink","https://www.strique.io/contact?intent=careers&role=revenue-marketer","https://www.linkedin.com/company/strique","333127","","","200","OK","Crawlable","true","_blank","noopener noreferrer","Absolute","//body/div[3]/footer/div/div[1]/ul/li[2]/a","Footer","HTML"
"Hyperlink","https://www.strique.io/contact?intent=careers&role=founding-customer-engineer","https://www.linkedin.com/company/strique","333127","","","200","OK","Crawlable","true","_blank","noopener noreferrer","Absolute","//body/div[3]/footer/div/div[1]/ul/li[2]/a","Footer","HTML"
"Hyperlink","https://www.strique.io/contact?intent=careers&role=ai-apprentice-program","https://www.linkedin.com/company/strique","333127","","","200","OK","Crawlable","true","_blank","noopener noreferrer","Absolute","//body/div[3]/footer/div/div[1]/ul/li[2]/a","Footer","HTML"
"JavaScript","https://www.strique.io/","https://www.strique.io/_next/static/chunks/webpack-9e1b561f9d1ddec8.js","0","","","200","OK","Crawlable","true","","","Root-Relative","//body/script[@id='_R_']","Content","HTML"
"JavaScript","https://www.strique.io/contact","https://www.strique.io/_next/static/chunks/webpack-9e1b561f9d1ddec8.js","0","","","200","OK","Crawlable","true","","","Root-Relative","//body/script[@id='_R_']","Content","HTML"
"JavaScript","https://www.strique.io/customers/powerlook","https://www.strique.io/_next/static/chunks/webpack-9e1b561f9d1ddec8.js","0","","","200","OK","Crawlable","true","","","Root-Relative","//body/script[@id='_R_']","Content","HTML"
"JavaScript","https://www.strique.io/customers/inc5","https://www.strique.io/_next/static/chunks/webpack-9e1b561f9d1ddec8.js","0","","","200","OK","Crawlable","true","","","Root-Relative","//body/script[@id='_R_']","Content","HTML"
"JavaScript","https://www.strique.io/customers","https://www.strique.io/_next/static/chunks/webpack-9e1b561f9d1ddec8.js","0","","","200","OK","Crawlable","true","","","Root-Relative","//body/script[@id='_R_']","Content","HTML"
"JavaScript","https://www.strique.io/product","https://www.strique.io/_next/static/chunks/webpack-9e1b561f9d1ddec8.js","0","","","200","OK","Crawlable","true","","","Root-Relative","//body/script[@id='_R_']","Content","HTML"
"JavaScript","https://www.strique.io/terms","https://www.strique.io/_next/static/chunks/webpack-9e1b561f9d1ddec8.js","0","","","200","OK","Crawlable","true","","","Root-Relative","//body/script[@id='_R_']","Content","HTML"
"JavaScript","https://www.strique.io/for","https://www.strique.io/_next/static/chunks/webpack-9e1b561f9d1ddec8.js","0","","","200","OK","Crawlable","true","","","Root-Relative","//body/script[@id='_R_']","Content","HTML"
"JavaScript","https://www.strique.io/pricing","https://www.strique.io/_next/static/chunks/webpack-9e1b561f9d1ddec8.js","0","","","200","OK","Crawlable","true","","","Root-Relative","//body/script[@id='_R_']","Content","HTML"
"JavaScript","https://www.strique.io/solutions","https://www.strique.io/_next/static/chunks/webpack-9e1b561f9d1ddec8.js","0","","","200","OK","Crawlable","true","","","Root-Relative","//body/script[@id='_R_']","Content","HTML"
"JavaScript","https://www.strique.io/privacy-policy","https://www.strique.io/_next/static/chunks/webpack-9e1b561f9d1ddec8.js","0","","","200","OK","Crawlable","true","","","Root-Relative","//body/script[@id='_R_']","Content","HTML"
"JavaScript","https://www.strique.io/trust-center","https://www.strique.io/_next/static/chunks/webpack-9e1b561f9d1ddec8.js","0","","","200","OK","Crawlable","true","","","Root-Relative","//body/script[@id='_R_']","Content","HTML"
"JavaScript","https://www.strique.io/about","https://www.strique.io/_next/static/chunks/webpack-9e1b561f9d1ddec8.js","0","","","200","OK","Crawlable","true","","","Root-Relative","//body/script[@id='_R_']","Content","HTML"
"JavaScript","https://www.strique.io/security","https://www.strique.io/_next/static/chunks/webpack-9e1b561f9d1ddec8.js","0","","","200","OK","Crawlable","true","","","Root-Relative","//body/script[@id='_R_']","Content","HTML"
"JavaScript","https://www.strique.io/careers","https://www.strique.io/_next/static/chunks/webpack-9e1b561f9d1ddec8.js","0","","","200","OK","Crawlable","true","","","Root-Relative","//body/script[@id='_R_']","Content","HTML"
"JavaScript","https://www.strique.io/customers/crimzon","https://www.strique.io/_next/static/chunks/webpack-9e1b561f9d1ddec8.js","0","","","200","OK","Crawlable","true","","","Root-Relative","//body/script[@id='_R_']","Content","HTML"
"JavaScript","https://www.strique.io/integrations","https://www.strique.io/_next/static/chunks/webpack-9e1b561f9d1ddec8.js","0","","","200","OK","Crawlable","true","","","Root-Relative","//body/script[@id='_R_']","Content","HTML"
"JavaScript","https://www.strique.io/integrations/hubspot","https://www.strique.io/_next/static/chunks/webpack-9e1b561f9d1ddec8.js","0","","","200","OK","Crawlable","true","","","Root-Relative","//body/script[@id='_R_']","Content","HTML"
"JavaScript","https://www.strique.io/contact?intent=careers","https://www.strique.io/_next/static/chunks/webpack-9e1b561f9d1ddec8.js","0","","","200","OK","Crawlable","true","","","Root-Relative","//body/script[@id='_R_']","Content","HTML"
"JavaScript","https://www.strique.io/integrations/google-ads","https://www.strique.io/_next/static/chunks/webpack-9e1b561f9d1ddec8.js","0","","","200","OK","Crawlable","true","","","Root-Relative","//body/script[@id='_R_']","Content","HTML"
"JavaScript","https://www.strique.io/integrations/meta-ads","https://www.strique.io/_next/static/chunks/webpack-9e1b561f9d1ddec8.js","0","","","200","OK","Crawlable","true","","","Root-Relative","//body/script[@id='_R_']","Content","HTML"
"JavaScript","https://www.strique.io/careers/ai-apprentice-program","https://www.strique.io/_next/static/chunks/webpack-9e1b561f9d1ddec8.js","0","","","200","OK","Crawlable","true","","","Root-Relative","//body/script[@id='_R_']","Content","HTML"
"JavaScript","https://www.strique.io/careers/founding-customer-engineer","https://www.strique.io/_next/static/chunks/webpack-9e1b561f9d1ddec8.js","0","","","200","OK","Crawlable","true","","","Root-Relative","//body/script[@id='_R_']","Content","HTML"
"JavaScript","https://www.strique.io/careers/revenue-marketer","https://www.strique.io/_next/static/chunks/webpack-9e1b561f9d1ddec8.js","0","","","200","OK","Crawlable","true","","","Root-Relative","//body/script[@id='_R_']","Content","HTML"
"JavaScript","https://www.strique.io/careers/senior-full-stack-engineer","https://www.strique.io/_next/static/chunks/webpack-9e1b561f9d1ddec8.js","0","","","200","OK","Crawlable","true","","","Root-Relative","//body/script[@id='_R_']","Content","HTML"
"JavaScript","https://www.strique.io/careers/product-designer","https://www.strique.io/_next/static/chunks/webpack-9e1b561f9d1ddec8.js","0","","","200","OK","Crawlable","true","","","Root-Relative","//body/script[@id='_R_']","Content","HTML"
"JavaScript","https://www.strique.io/careers/agent-infrastructure-engineer","https://www.strique.io/_next/static/chunks/webpack-9e1b561f9d1ddec8.js","0","","","200","OK","Crawlable","true","","","Root-Relative","//body/script[@id='_R_']","Content","HTML"
"JavaScript","https://www.strique.io/careers/applied-ml-researcher","https://www.strique.io/_next/static/chunks/webpack-9e1b561f9d1ddec8.js","0","","","200","OK","Crawlable","true","","","Root-Relative","//body/script[@id='_R_']","Content","HTML"
"JavaScript","https://www.strique.io/careers/founding-growth-engineer","https://www.strique.io/_next/static/chunks/webpack-9e1b561f9d1ddec8.js","0","","","200","OK","Crawlable","true","","","Root-Relative","//body/script[@id='_R_']","Content","HTML"
"JavaScript","https://www.strique.io/solutions/local-services","https://www.strique.io/_next/static/chunks/webpack-9e1b561f9d1ddec8.js","0","","","200","OK","Crawlable","true","","","Root-Relative","//body/script[@id='_R_']","Content","HTML"
"JavaScript","https://www.strique.io/solutions/agencies","https://www.strique.io/_next/static/chunks/webpack-9e1b561f9d1ddec8.js","0","","","200","OK","Crawlable","true","","","Root-Relative","//body/script[@id='_R_']","Content","HTML"
"JavaScript","https://www.strique.io/solutions/b2b-saas","https://www.strique.io/_next/static/chunks/webpack-9e1b561f9d1ddec8.js","0","","","200","OK","Crawlable","true","","","Root-Relative","//body/script[@id='_R_']","Content","HTML"
"JavaScript","https://www.strique.io/solutions/ecommerce","https://www.strique.io/_next/static/chunks/webpack-9e1b561f9d1ddec8.js","0","","","200","OK","Crawlable","true","","","Root-Relative","//body/script[@id='_R_']","Content","HTML"
"JavaScript","https://www.strique.io/contact?intent=sales","https://www.strique.io/_next/static/chunks/webpack-9e1b561f9d1ddec8.js","0","","","200","OK","Crawlable","true","","","Root-Relative","//body/script[@id='_R_']","Content","HTML"
"JavaScript","https://www.strique.io/for/founders","https://www.strique.io/_next/static/chunks/webpack-9e1b561f9d1ddec8.js","0","","","200","OK","Crawlable","true","","","Root-Relative","//body/script[@id='_R_']","Content","HTML"
"JavaScript","https://www.strique.io/for/cmos","https://www.strique.io/_next/static/chunks/webpack-9e1b561f9d1ddec8.js","0","","","200","OK","Crawlable","true","","","Root-Relative","//body/script[@id='_R_']","Content","HTML"
"JavaScript","https://www.strique.io/for/marketing-managers","https://www.strique.io/_next/static/chunks/webpack-9e1b561f9d1ddec8.js","0","","","200","OK","Crawlable","true","","","Root-Relative","//body/script[@id='_R_']","Content","HTML"
"JavaScript","https://www.strique.io/vs/strique-vs-jasper","https://www.strique.io/_next/static/chunks/webpack-9e1b561f9d1ddec8.js","0","","","200","OK","Crawlable","true","","","Root-Relative","//body/script[@id='_R_']","Content","HTML"
"JavaScript","https://www.strique.io/vs","https://www.strique.io/_next/static/chunks/webpack-9e1b561f9d1ddec8.js","0","","","200","OK","Crawlable","true","","","Root-Relative","//body/script[@id='_R_']","Content","HTML"
"JavaScript","https://www.strique.io/vs/strique-vs-adroll","https://www.strique.io/_next/static/chunks/webpack-9e1b561f9d1ddec8.js","0","","","200","OK","Crawlable","true","","","Root-Relative","//body/script[@id='_R_']","Content","HTML"
"JavaScript","https://www.strique.io/contact?intent=demo","https://www.strique.io/_next/static/chunks/webpack-9e1b561f9d1ddec8.js","0","","","200","OK","Crawlable","true","","","Root-Relative","//body/script[@id='_R_']","Content","HTML"
"JavaScript","https://www.strique.io/contact?intent=careers&role=founding-growth-engineer","https://www.strique.io/_next/static/chunks/webpack-9e1b561f9d1ddec8.js","0","","","200","OK","Crawlable","true","","","Root-Relative","//body/script[@id='_R_']","Content","HTML"
"JavaScript","https://www.strique.io/contact?intent=careers&role=applied-ml-researcher","https://www.strique.io/_next/static/chunks/webpack-9e1b561f9d1ddec8.js","0","","","200","OK","Crawlable","true","","","Root-Relative","//body/script[@id='_R_']","Content","HTML"
"JavaScript","https://www.strique.io/contact?intent=careers&role=agent-infrastructure-engineer","https://www.strique.io/_next/static/chunks/webpack-9e1b561f9d1ddec8.js","0","","","200","OK","Crawlable","true","","","Root-Relative","//body/script[@id='_R_']","Content","HTML"
"JavaScript","https://www.strique.io/contact?intent=careers&role=product-designer","https://www.strique.io/_next/static/chunks/webpack-9e1b561f9d1ddec8.js","0","","","200","OK","Crawlable","true","","","Root-Relative","//body/script[@id='_R_']","Content","HTML"
"JavaScript","https://www.strique.io/contact?intent=careers&role=senior-full-stack-engineer","https://www.strique.io/_next/static/chunks/webpack-9e1b561f9d1ddec8.js","0","","","200","OK","Crawlable","true","","","Root-Relative","//body/script[@id='_R_']","Content","HTML"
"JavaScript","https://www.strique.io/contact?intent=careers&role=revenue-marketer","https://www.strique.io/_next/static/chunks/webpack-9e1b561f9d1ddec8.js","0","","","200","OK","Crawlable","true","","","Root-Relative","//body/script[@id='_R_']","Content","HTML"
"JavaScript","https://www.strique.io/contact?intent=careers&role=founding-customer-engineer","https://www.strique.io/_next/static/chunks/webpack-9e1b561f9d1ddec8.js","0","","","200","OK","Crawlable","true","","","Root-Relative","//body/script[@id='_R_']","Content","HTML"
"JavaScript","https://www.strique.io/contact?intent=careers&role=ai-apprentice-program","https://www.strique.io/_next/static/chunks/webpack-9e1b561f9d1ddec8.js","0","","","200","OK","Crawlable","true","","","Root-Relative","//body/script[@id='_R_']","Content","HTML"
"Hyperlink","https://www.strique.io/","https://www.strique.io/pricing","170578","","Pricing","200","OK","Crawlable","true","","","Root-Relative","//body/div[3]/nav/div/ul/li[5]/a","Navigation","HTML"
"Hyperlink","https://www.strique.io/","https://www.strique.io/pricing","170578","","Pricing","200","OK","Crawlable","true","","","Root-Relative","//body/div[3]/div/div[2]/ul/li[5]/a","Content","HTML"
"Hyperlink","https://www.strique.io/","https://www.strique.io/pricing","170578","","Pricing","200","OK","Crawlable","true","","","Root-Relative","//body/div[3]/main/div/section[10]/div/div/div[@class='fig-cta-buttons']/a[@class='fig-cta-btn'][2]","Content","HTML"
"Hyperlink","https://www.strique.io/","https://www.strique.io/pricing","170578","","Pricing","200","OK","Crawlable","true","","","Root-Relative","//body/div[3]/footer/div/div[1]/div[2]/div[1]/ul/li[2]/a","Footer","HTML"
"Hyperlink","https://www.strique.io/contact","https://www.strique.io/pricing","170578","","Pricing","200","OK","Crawlable","true","","","Root-Relative","//body/div[3]/nav/div/ul/li[5]/a","Navigation","HTML"
"Hyperlink","https://www.strique.io/contact","https://www.strique.io/pricing","170578","","Pricing","200","OK","Crawlable","true","","","Root-Relative","//body/div[3]/div/div[2]/ul/li[5]/a","Content","HTML"
"Hyperlink","https://www.strique.io/contact","https://www.strique.io/pricing","170578","","Pricing","200","OK","Crawlable","true","","","Root-Relative","//body/div[3]/footer/div/div[1]/div[2]/div[1]/ul/li[2]/a","Footer","HTML"
"Hyperlink","https://www.strique.io/customers/powerlook","https://www.strique.io/pricing","170578","","Pricing","200","OK","Crawlable","true","","","Root-Relative","//body/div[3]/nav/div/ul/li[5]/a","Navigation","HTML"
"Hyperlink","https://www.strique.io/customers/powerlook","https://www.strique.io/pricing","170578","","Pricing","200","OK","Crawlable","true","","","Root-Relative","//body/div[3]/div/div[2]/ul/li[5]/a","Content","HTML"
"Hyperlink","https://www.strique.io/customers/powerlook","https://www.strique.io/pricing","170578","","Pricing","200","OK","Crawlable","true","","","Root-Relative","//body/div[3]/footer/div/div[1]/div[2]/div[1]/ul/li[2]/a","Footer","HTML"
"Hyperlink","https://www.strique.io/customers/inc5","https://www.strique.io/pricing","170578","","Pricing","200","OK","Crawlable","true","","","Root-Relative","//body/div[3]/nav/div/ul/li[5]/a","Navigation","HTML"
"Hyperlink","https://www.strique.io/customers/inc5","https://www.strique.io/pricing","170578","","Pricing","200","OK","Crawlable","true","","","Root-Relative","//body/div[3]/div/div[2]/ul/li[5]/a","Content","HTML"
"Hyperlink","https://www.strique.io/customers/inc5","https://www.strique.io/pricing","170578","","Pricing","200","OK","Crawlable","true","","","Root-Relative","//body/div[3]/footer/div/div[1]/div[2]/div[1]/ul/li[2]/a","Footer","HTML"
"Hyperlink","https://www.strique.io/customers","https://www.strique.io/pricing","170578","","Pricing","200","OK","Crawlable","true","","","Root-Relative","//body/div[3]/nav/div/ul/li[5]/a","Navigation","HTML"
"Hyperlink","https://www.strique.io/customers","https://www.strique.io/pricing","170578","","Pricing","200","OK","Crawlable","true","","","Root-Relative","//body/div[3]/div/div[2]/ul/li[5]/a","Content","HTML"
"Hyperlink","https://www.strique.io/customers","https://www.strique.io/pricing","170578","","Pricing","200","OK","Crawlable","true","","","Root-Relative","//body/div[3]/footer/div/div[1]/div[2]/div[1]/ul/li[2]/a","Footer","HTML"
"Hyperlink","https://www.strique.io/product","https://www.strique.io/pricing","170578","","Pricing","200","OK","Crawlable","true","","","Root-Relative","//body/div[3]/nav/div/ul/li[5]/a","Navigation","HTML"
"Hyperlink","https://www.strique.io/product","https://www.strique.io/pricing","170578","","Pricing","200","OK","Crawlable","true","","","Root-Relative","//body/div[3]/div/div[2]/ul/li[5]/a","Content","HTML"
"Hyperlink","https://www.strique.io/product","https://www.strique.io/pricing","170578","","Get started","200","OK","Crawlable","true","","","Root-Relative","//body/div[3]/main/section[1]/div[@class='fig-page-padded']/div/a","Content","HTML"
"Hyperlink","https://www.strique.io/product","https://www.strique.io/pricing","170578","","See pricing","200","OK","Crawlable","true","","","Root-Relative","//body/div[3]/main/section[7]/div/div/div[@class='fig-final-cta-buttons']/a[2]","Content","HTML"
"Hyperlink","https://www.strique.io/product","https://www.strique.io/pricing","170578","","Pricing","200","OK","Crawlable","true","","","Root-Relative","//body/div[3]/footer/div/div[1]/div[2]/div[1]/ul/li[2]/a","Footer","HTML"
"Hyperlink","https://www.strique.io/terms","https://www.strique.io/pricing","170578","","Pricing","200","OK","Crawlable","true","","","Root-Relative","//body/div[3]/nav/div/ul/li[5]/a","Navigation","HTML"
"Hyperlink","https://www.strique.io/terms","https://www.strique.io/pricing","170578","","Pricing","200","OK","Crawlable","true","","","Root-Relative","//body/div[3]/div/div[2]/ul/li[5]/a","Content","HTML"
"Hyperlink","https://www.strique.io/terms","https://www.strique.io/pricing","170578","","Pricing","200","OK","Crawlable","true","","","Root-Relative","//body/div[3]/footer/div/div[1]/div[2]/div[1]/ul/li[2]/a","Footer","HTML"
"Hyperlink","https://www.strique.io/for","https://www.strique.io/pricing","170578","","Pricing","200","OK","Crawlable","true","","","Root-Relative","//body/div[3]/nav/div/ul/li[5]/a","Navigation","HTML"
"Hyperlink","https://www.strique.io/for","https://www.strique.io/pricing","170578","","Pricing","200","OK","Crawlable","true","","","Root-Relative","//body/div[3]/div/div[2]/ul/li[5]/a","Content","HTML"
"Hyperlink","https://www.strique.io/for","https://www.strique.io/pricing","170578","","Pricing","200","OK","Crawlable","true","","","Root-Relative","//body/div[3]/footer/div/div[1]/div[2]/div[1]/ul/li[2]/a","Footer","HTML"
"Hyperlink","https://www.strique.io/pricing","https://www.strique.io/pricing","170578","","Pricing","200","OK","Crawlable","true","","","Root-Relative","//body/div[3]/nav/div/ul/li[5]/a","Navigation","HTML"
"Hyperlink","https://www.strique.io/pricing","https://www.strique.io/pricing","170578","","Pricing","200","OK","Crawlable","true","","","Root-Relative","//body/div[3]/div/div[2]/ul/li[5]/a","Content","HTML"
"Hyperlink","https://www.strique.io/pricing","https://www.strique.io/pricing","170578","","Pricing","200","OK","Crawlable","true","","","Root-Relative","//body/div[3]/footer/div/div[1]/div[2]/div[1]/ul/li[2]/a","Footer","HTML"
"Hyperlink","https://www.strique.io/solutions","https://www.strique.io/pricing","170578","","Pricing","200","OK","Crawlable","true","","","Root-Relative","//body/div[3]/nav/div/ul/li[5]/a","Navigation","HTML"
"Hyperlink","https://www.strique.io/solutions","https://www.strique.io/pricing","170578","","Pricing","200","OK","Crawlable","true","","","Root-Relative","//body/div[3]/div/div[2]/ul/li[5]/a","Content","HTML"
"Hyperlink","https://www.strique.io/solutions","https://www.strique.io/pricing","170578","","Pricing","200","OK","Crawlable","true","","","Root-Relative","//body/div[3]/footer/div/div[1]/div[2]/div[1]/ul/li[2]/a","Footer","HTML"
"Hyperlink","https://www.strique.io/privacy-policy","https://www.strique.io/pricing","170578","","Pricing","200","OK","Crawlable","true","","","Root-Relative","//body/div[3]/nav/div/ul/li[5]/a","Navigation","HTML"
"Hyperlink","https://www.strique.io/privacy-policy","https://www.strique.io/pricing","170578","","Pricing","200","OK","Crawlable","true","","","Root-Relative","//body/div[3]/div/div[2]/ul/li[5]/a","Content","HTML"
"Hyperlink","https://www.strique.io/privacy-policy","https://www.strique.io/pricing","170578","","Pricing","200","OK","Crawlable","true","","","Root-Relative","//body/div[3]/footer/div/div[1]/div[2]/div[1]/ul/li[2]/a","Footer","HTML"
"Hyperlink","https://www.strique.io/trust-center","https://www.strique.io/pricing","170578","","Pricing","200","OK","Crawlable","true","","","Root-Relative","//body/div[3]/nav/div/ul/li[5]/a","Navigation","HTML"
"Hyperlink","https://www.strique.io/trust-center","https://www.strique.io/pricing","170578","","Pricing","200","OK","Crawlable","true","","","Root-Relative","//body/div[3]/div/div[2]/ul/li[5]/a","Content","HTML"
"Hyperlink","https://www.strique.io/trust-center","https://www.strique.io/pricing","170578","","Pricing","200","OK","Crawlable","true","","","Root-Relative","//body/div[3]/footer/div/div[1]/div[2]/div[1]/ul/li[2]/a","Footer","HTML"
"Hyperlink","https://www.strique.io/about","https://www.strique.io/pricing","170578","","Pricing","200","OK","Crawlable","true","","","Root-Relative","//body/div[3]/nav/div/ul/li[5]/a","Navigation","HTML"
"Hyperlink","https://www.strique.io/about","https://www.strique.io/pricing","170578","","Pricing","200","OK","Crawlable","true","","","Root-Relative","//body/div[3]/div/div[2]/ul/li[5]/a","Content","HTML"
"Hyperlink","https://www.strique.io/about","https://www.strique.io/pricing","170578","","Pricing","200","OK","Crawlable","true","","","Root-Relative","//body/div[3]/footer/div/div[1]/div[2]/div[1]/ul/li[2]/a","Footer","HTML"
"Hyperlink","https://www.strique.io/security","https://www.strique.io/pricing","170578","","Pricing","200","OK","Crawlable","true","","","Root-Relative","//body/div[3]/nav/div/ul/li[5]/a","Navigation","HTML"
"Hyperlink","https://www.strique.io/security","https://www.strique.io/pricing","170578","","Pricing","200","OK","Crawlable","true","","","Root-Relative","//body/div[3]/div/div[2]/ul/li[5]/a","Content","HTML"
"Hyperlink","https://www.strique.io/security","https://www.strique.io/pricing","170578","","Pricing","200","OK","Crawlable","true","","","Root-Relative","//body/div[3]/footer/div/div[1]/div[2]/div[1]/ul/li[2]/a","Footer","HTML"
"Hyperlink","https://www.strique.io/careers","https://www.strique.io/pricing","170578","","Pricing","200","OK","Crawlable","true","","","Root-Relative","//body/div[3]/nav/div/ul/li[5]/a","Navigation","HTML"
"Hyperlink","https://www.strique.io/careers","https://www.strique.io/pricing","170578","","Pricing","200","OK","Crawlable","true","","","Root-Relative","//body/div[3]/div/div[2]/ul/li[5]/a","Content","HTML"
"Hyperlink","https://www.strique.io/careers","https://www.strique.io/pricing","170578","","Pricing","200","OK","Crawlable","true","","","Root-Relative","//body/div[3]/footer/div/div[1]/div[2]/div[1]/ul/li[2]/a","Footer","HTML"
"Hyperlink","https://www.strique.io/customers/crimzon","https://www.strique.io/pricing","170578","","Pricing","200","OK","Crawlable","true","","","Root-Relative","//body/div[3]/nav/div/ul/li[5]/a","Navigation","HTML"
"Hyperlink","https://www.strique.io/customers/crimzon","https://www.strique.io/pricing","170578","","Pricing","200","OK","Crawlable","true","","","Root-Relative","//body/div[3]/div/div[2]/ul/li[5]/a","Content","HTML"
"Hyperlink","https://www.strique.io/customers/crimzon","https://www.strique.io/pricing","170578","","Pricing","200","OK","Crawlable","true","","","Root-Relative","//body/div[3]/footer/div/div[1]/div[2]/div[1]/ul/li[2]/a","Footer","HTML"
"Hyperlink","https://www.strique.io/integrations","https://www.strique.io/pricing","170578","","Pricing","200","OK","Crawlable","true","","","Root-Relative","//body/div[3]/nav/div/ul/li[5]/a","Navigation","HTML"
"Hyperlink","https://www.strique.io/integrations","https://www.strique.io/pricing","170578","","Pricing","200","OK","Crawlable","true","","","Root-Relative","//body/div[3]/div/div[2]/ul/li[5]/a","Content","HTML"
"Hyperlink","https://www.strique.io/integrations","https://www.strique.io/pricing","170578","","Pricing","200","OK","Crawlable","true","","","Root-Relative","//body/div[3]/footer/div/div[1]/div[2]/div[1]/ul/li[2]/a","Footer","HTML"
"Hyperlink","https://www.strique.io/integrations/hubspot","https://www.strique.io/pricing","170578","","Pricing","200","OK","Crawlable","true","","","Root-Relative","//body/div[3]/nav/div/ul/li[5]/a","Navigation","HTML"
"Hyperlink","https://www.strique.io/integrations/hubspot","https://www.strique.io/pricing","170578","","Pricing","200","OK","Crawlable","true","","","Root-Relative","//body/div[3]/div/div[2]/ul/li[5]/a","Content","HTML"
"Hyperlink","https://www.strique.io/integrations/hubspot","https://www.strique.io/pricing","170578","","Pricing","200","OK","Crawlable","true","","","Root-Relative","//body/div[3]/footer/div/div[1]/div[2]/div[1]/ul/li[2]/a","Footer","HTML"
"Hyperlink","https://www.strique.io/contact?intent=careers","https://www.strique.io/pricing","170578","","Pricing","200","OK","Crawlable","true","","","Root-Relative","//body/div[3]/nav/div/ul/li[5]/a","Navigation","HTML"
"Hyperlink","https://www.strique.io/contact?intent=careers","https://www.strique.io/pricing","170578","","Pricing","200","OK","Crawlable","true","","","Root-Relative","//body/div[3]/div/div[2]/ul/li[5]/a","Content","HTML"
"Hyperlink","https://www.strique.io/contact?intent=careers","https://www.strique.io/pricing","170578","","Pricing","200","OK","Crawlable","true","","","Root-Relative","//body/div[3]/footer/div/div[1]/div[2]/div[1]/ul/li[2]/a","Footer","HTML"
"Hyperlink","https://www.strique.io/integrations/google-ads","https://www.strique.io/pricing","170578","","Pricing","200","OK","Crawlable","true","","","Root-Relative","//body/div[3]/nav/div/ul/li[5]/a","Navigation","HTML"
"Hyperlink","https://www.strique.io/integrations/google-ads","https://www.strique.io/pricing","170578","","Pricing","200","OK","Crawlable","true","","","Root-Relative","//body/div[3]/div/div[2]/ul/li[5]/a","Content","HTML"
"Hyperlink","https://www.strique.io/integrations/google-ads","https://www.strique.io/pricing","170578","","Pricing","200","OK","Crawlable","true","","","Root-Relative","//body/div[3]/footer/div/div[1]/div[2]/div[1]/ul/li[2]/a","Footer","HTML"
"Hyperlink","https://www.strique.io/integrations/meta-ads","https://www.strique.io/pricing","170578","","Pricing","200","OK","Crawlable","true","","","Root-Relative","//body/div[3]/nav/div/ul/li[5]/a","Navigation","HTML"
"Hyperlink","https://www.strique.io/integrations/meta-ads","https://www.strique.io/pricing","170578","","Pricing","200","OK","Crawlable","true","","","Root-Relative","//body/div[3]/div/div[2]/ul/li[5]/a","Content","HTML"
"Hyperlink","https://www.strique.io/integrations/meta-ads","https://www.strique.io/pricing","170578","","Pricing","200","OK","Crawlable","true","","","Root-Relative","//body/div[3]/footer/div/div[1]/div[2]/div[1]/ul/li[2]/a","Footer","HTML"
"Hyperlink","https://www.strique.io/careers/ai-apprentice-program","https://www.strique.io/pricing","170578","","Pricing","200","OK","Crawlable","true","","","Root-Relative","//body/div[3]/nav/div/ul/li[5]/a","Navigation","HTML"
"Hyperlink","https://www.strique.io/careers/ai-apprentice-program","https://www.strique.io/pricing","170578","","Pricing","200","OK","Crawlable","true","","","Root-Relative","//body/div[3]/div/div[2]/ul/li[5]/a","Content","HTML"
"Hyperlink","https://www.strique.io/careers/ai-apprentice-program","https://www.strique.io/pricing","170578","","Pricing","200","OK","Crawlable","true","","","Root-Relative","//body/div[3]/footer/div/div[1]/div[2]/div[1]/ul/li[2]/a","Footer","HTML"
"Hyperlink","https://www.strique.io/careers/founding-customer-engineer","https://www.strique.io/pricing","170578","","Pricing","200","OK","Crawlable","true","","","Root-Relative","//body/div[3]/nav/div/ul/li[5]/a","Navigation","HTML"
"Hyperlink","https://www.strique.io/careers/founding-customer-engineer","https://www.strique.io/pricing","170578","","Pricing","200","OK","Crawlable","true","","","Root-Relative","//body/div[3]/div/div[2]/ul/li[5]/a","Content","HTML"
"Hyperlink","https://www.strique.io/careers/founding-customer-engineer","https://www.strique.io/pricing","170578","","Pricing","200","OK","Crawlable","true","","","Root-Relative","//body/div[3]/footer/div/div[1]/div[2]/div[1]/ul/li[2]/a","Footer","HTML"
"Hyperlink","https://www.strique.io/careers/revenue-marketer","https://www.strique.io/pricing","170578","","Pricing","200","OK","Crawlable","true","","","Root-Relative","//body/div[3]/nav/div/ul/li[5]/a","Navigation","HTML"
"Hyperlink","https://www.strique.io/careers/revenue-marketer","https://www.strique.io/pricing","170578","","Pricing","200","OK","Crawlable","true","","","Root-Relative","//body/div[3]/div/div[2]/ul/li[5]/a","Content","HTML"
"Hyperlink","https://www.strique.io/careers/revenue-marketer","https://www.strique.io/pricing","170578","","Pricing","200","OK","Crawlable","true","","","Root-Relative","//body/div[3]/footer/div/div[1]/div[2]/div[1]/ul/li[2]/a","Footer","HTML"
"Hyperlink","https://www.strique.io/careers/senior-full-stack-engineer","https://www.strique.io/pricing","170578","","Pricing","200","OK","Crawlable","true","","","Root-Relative","//body/div[3]/nav/div/ul/li[5]/a","Navigation","HTML"
"Hyperlink","https://www.strique.io/careers/senior-full-stack-engineer","https://www.strique.io/pricing","170578","","Pricing","200","OK","Crawlable","true","","","Root-Relative","//body/div[3]/div/div[2]/ul/li[5]/a","Content","HTML"
"Hyperlink","https://www.strique.io/careers/senior-full-stack-engineer","https://www.strique.io/pricing","170578","","Pricing","200","OK","Crawlable","true","","","Root-Relative","//body/div[3]/footer/div/div[1]/div[2]/div[1]/ul/li[2]/a","Footer","HTML"
"Hyperlink","https://www.strique.io/careers/product-designer","https://www.strique.io/pricing","170578","","Pricing","200","OK","Crawlable","true","","","Root-Relative","//body/div[3]/nav/div/ul/li[5]/a","Navigation","HTML"
"Hyperlink","https://www.strique.io/careers/product-designer","https://www.strique.io/pricing","170578","","Pricing","200","OK","Crawlable","true","","","Root-Relative","//body/div[3]/div/div[2]/ul/li[5]/a","Content","HTML"
"Hyperlink","https://www.strique.io/careers/product-designer","https://www.strique.io/pricing","170578","","Pricing","200","OK","Crawlable","true","","","Root-Relative","//body/div[3]/footer/div/div[1]/div[2]/div[1]/ul/li[2]/a","Footer","HTML"
"Hyperlink","https://www.strique.io/careers/agent-infrastructure-engineer","https://www.strique.io/pricing","170578","","Pricing","200","OK","Crawlable","true","","","Root-Relative","//body/div[3]/nav/div/ul/li[5]/a","Navigation","HTML"
"Hyperlink","https://www.strique.io/careers/agent-infrastructure-engineer","https://www.strique.io/pricing","170578","","Pricing","200","OK","Crawlable","true","","","Root-Relative","//body/div[3]/div/div[2]/ul/li[5]/a","Content","HTML"
"Hyperlink","https://www.strique.io/careers/agent-infrastructure-engineer","https://www.strique.io/pricing","170578","","Pricing","200","OK","Crawlable","true","","","Root-Relative","//body/div[3]/footer/div/div[1]/div[2]/div[1]/ul/li[2]/a","Footer","HTML"
"Hyperlink","https://www.strique.io/careers/applied-ml-researcher","https://www.strique.io/pricing","170578","","Pricing","200","OK","Crawlable","true","","","Root-Relative","//body/div[3]/nav/div/ul/li[5]/a","Navigation","HTML"
"Hyperlink","https://www.strique.io/careers/applied-ml-researcher","https://www.strique.io/pricing","170578","","Pricing","200","OK","Crawlable","true","","","Root-Relative","//body/div[3]/div/div[2]/ul/li[5]/a","Content","HTML"
"Hyperlink","https://www.strique.io/careers/applied-ml-researcher","https://www.strique.io/pricing","170578","","Pricing","200","OK","Crawlable","true","","","Root-Relative","//body/div[3]/footer/div/div[1]/div[2]/div[1]/ul/li[2]/a","Footer","HTML"
"Hyperlink","https://www.strique.io/careers/founding-growth-engineer","https://www.strique.io/pricing","170578","","Pricing","200","OK","Crawlable","true","","","Root-Relative","//body/div[3]/nav/div/ul/li[5]/a","Navigation","HTML"
"Hyperlink","https://www.strique.io/careers/founding-growth-engineer","https://www.strique.io/pricing","170578","","Pricing","200","OK","Crawlable","true","","","Root-Relative","//body/div[3]/div/div[2]/ul/li[5]/a","Content","HTML"
"Hyperlink","https://www.strique.io/careers/founding-growth-engineer","https://www.strique.io/pricing","170578","","Pricing","200","OK","Crawlable","true","","","Root-Relative","//body/div[3]/footer/div/div[1]/div[2]/div[1]/ul/li[2]/a","Footer","HTML"
"Hyperlink","https://www.strique.io/solutions/local-services","https://www.strique.io/pricing","170578","","Pricing","200","OK","Crawlable","true","","","Root-Relative","//body/div[3]/nav/div/ul/li[5]/a","Navigation","HTML"
"Hyperlink","https://www.strique.io/solutions/local-services","https://www.strique.io/pricing","170578","","Pricing","200","OK","Crawlable","true","","","Root-Relative","//body/div[3]/div/div[2]/ul/li[5]/a","Content","HTML"
"Hyperlink","https://www.strique.io/solutions/local-services","https://www.strique.io/pricing","170578","","Pricing","200","OK","Crawlable","true","","","Root-Relative","//body/div[3]/footer/div/div[1]/div[2]/div[1]/ul/li[2]/a","Footer","HTML"
"Hyperlink","https://www.strique.io/solutions/agencies","https://www.strique.io/pricing","170578","","Pricing","200","OK","Crawlable","true","","","Root-Relative","//body/div[3]/nav/div/ul/li[5]/a","Navigation","HTML"
"Hyperlink","https://www.strique.io/solutions/agencies","https://www.strique.io/pricing","170578","","Pricing","200","OK","Crawlable","true","","","Root-Relative","//body/div[3]/div/div[2]/ul/li[5]/a","Content","HTML"
"Hyperlink","https://www.strique.io/solutions/agencies","https://www.strique.io/pricing","170578","","Pricing","200","OK","Crawlable","true","","","Root-Relative","//body/div[3]/footer/div/div[1]/div[2]/div[1]/ul/li[2]/a","Footer","HTML"
"Hyperlink","https://www.strique.io/solutions/b2b-saas","https://www.strique.io/pricing","170578","","Pricing","200","OK","Crawlable","true","","","Root-Relative","//body/div[3]/nav/div/ul/li[5]/a","Navigation","HTML"
"Hyperlink","https://www.strique.io/solutions/b2b-saas","https://www.strique.io/pricing","170578","","Pricing","200","OK","Crawlable","true","","","Root-Relative","//body/div[3]/div/div[2]/ul/li[5]/a","Content","HTML"
"Hyperlink","https://www.strique.io/solutions/b2b-saas","https://www.strique.io/pricing","170578","","Pricing","200","OK","Crawlable","true","","","Root-Relative","//body/div[3]/footer/div/div[1]/div[2]/div[1]/ul/li[2]/a","Footer","HTML"
"Hyperlink","https://www.strique.io/solutions/ecommerce","https://www.strique.io/pricing","170578","","Pricing","200","OK","Crawlable","true","","","Root-Relative","//body/div[3]/nav/div/ul/li[5]/a","Navigation","HTML"
"Hyperlink","https://www.strique.io/solutions/ecommerce","https://www.strique.io/pricing","170578","","Pricing","200","OK","Crawlable","true","","","Root-Relative","//body/div[3]/div/div[2]/ul/li[5]/a","Content","HTML"
"Hyperlink","https://www.strique.io/solutions/ecommerce","https://www.strique.io/pricing","170578","","Pricing","200","OK","Crawlable","true","","","Root-Relative","//body/div[3]/footer/div/div[1]/div[2]/div[1]/ul/li[2]/a","Footer","HTML"
"Hyperlink","https://www.strique.io/contact?intent=sales","https://www.strique.io/pricing","170578","","Pricing","200","OK","Crawlable","true","","","Root-Relative","//body/div[3]/nav/div/ul/li[5]/a","Navigation","HTML"
"Hyperlink","https://www.strique.io/contact?intent=sales","https://www.strique.io/pricing","170578","","Pricing","200","OK","Crawlable","true","","","Root-Relative","//body/div[3]/div/div[2]/ul/li[5]/a","Content","HTML"
"Hyperlink","https://www.strique.io/contact?intent=sales","https://www.strique.io/pricing","170578","","Pricing","200","OK","Crawlable","true","","","Root-Relative","//body/div[3]/footer/div/div[1]/div[2]/div[1]/ul/li[2]/a","Footer","HTML"
"Hyperlink","https://www.strique.io/for/founders","https://www.strique.io/pricing","170578","","Pricing","200","OK","Crawlable","true","","","Root-Relative","//body/div[3]/nav/div/ul/li[5]/a","Navigation","HTML"
"Hyperlink","https://www.strique.io/for/founders","https://www.strique.io/pricing","170578","","Pricing","200","OK","Crawlable","true","","","Root-Relative","//body/div[3]/div/div[2]/ul/li[5]/a","Content","HTML"
"Hyperlink","https://www.strique.io/for/founders","https://www.strique.io/pricing","170578","","Pricing","200","OK","Crawlable","true","","","Root-Relative","//body/div[3]/footer/div/div[1]/div[2]/div[1]/ul/li[2]/a","Footer","HTML"
"Hyperlink","https://www.strique.io/for/cmos","https://www.strique.io/pricing","170578","","Pricing","200","OK","Crawlable","true","","","Root-Relative","//body/div[3]/nav/div/ul/li[5]/a","Navigation","HTML"
"Hyperlink","https://www.strique.io/for/cmos","https://www.strique.io/pricing","170578","","Pricing","200","OK","Crawlable","true","","","Root-Relative","//body/div[3]/div/div[2]/ul/li[5]/a","Content","HTML"
"Hyperlink","https://www.strique.io/for/cmos","https://www.strique.io/pricing","170578","","Pricing","200","OK","Crawlable","true","","","Root-Relative","//body/div[3]/footer/div/div[1]/div[2]/div[1]/ul/li[2]/a","Footer","HTML"
"Hyperlink","https://www.strique.io/for/marketing-managers","https://www.strique.io/pricing","170578","","Pricing","200","OK","Crawlable","true","","","Root-Relative","//body/div[3]/nav/div/ul/li[5]/a","Navigation","HTML"
"Hyperlink","https://www.strique.io/for/marketing-managers","https://www.strique.io/pricing","170578","","Pricing","200","OK","Crawlable","true","","","Root-Relative","//body/div[3]/div/div[2]/ul/li[5]/a","Content","HTML"
"Hyperlink","https://www.strique.io/for/marketing-managers","https://www.strique.io/pricing","170578","","Pricing","200","OK","Crawlable","true","","","Root-Relative","//body/div[3]/footer/div/div[1]/div[2]/div[1]/ul/li[2]/a","Footer","HTML"
"Hyperlink","https://www.strique.io/vs/strique-vs-jasper","https://www.strique.io/pricing","170578","","Pricing","200","OK","Crawlable","true","","","Root-Relative","//body/div[3]/nav/div/ul/li[5]/a","Navigation","HTML"
"Hyperlink","https://www.strique.io/vs/strique-vs-jasper","https://www.strique.io/pricing","170578","","Pricing","200","OK","Crawlable","true","","","Root-Relative","//body/div[3]/div/div[2]/ul/li[5]/a","Content","HTML"
"Hyperlink","https://www.strique.io/vs/strique-vs-jasper","https://www.strique.io/pricing","170578","","Pricing","200","OK","Crawlable","true","","","Root-Relative","//body/div[3]/footer/div/div[1]/div[2]/div[1]/ul/li[2]/a","Footer","HTML"
"Hyperlink","https://www.strique.io/vs","https://www.strique.io/pricing","170578","","Pricing","200","OK","Crawlable","true","","","Root-Relative","//body/div[3]/nav/div/ul/li[5]/a","Navigation","HTML"
"Hyperlink","https://www.strique.io/vs","https://www.strique.io/pricing","170578","","Pricing","200","OK","Crawlable","true","","","Root-Relative","//body/div[3]/div/div[2]/ul/li[5]/a","Content","HTML"
"Hyperlink","https://www.strique.io/vs","https://www.strique.io/pricing","170578","","Pricing","200","OK","Crawlable","true","","","Root-Relative","//body/div[3]/footer/div/div[1]/div[2]/div[1]/ul/li[2]/a","Footer","HTML"
"Hyperlink","https://www.strique.io/vs/strique-vs-adroll","https://www.strique.io/pricing","170578","","Pricing","200","OK","Crawlable","true","","","Root-Relative","//body/div[3]/nav/div/ul/li[5]/a","Navigation","HTML"
"Hyperlink","https://www.strique.io/vs/strique-vs-adroll","https://www.strique.io/pricing","170578","","Pricing","200","OK","Crawlable","true","","","Root-Relative","//body/div[3]/div/div[2]/ul/li[5]/a","Content","HTML"
"Hyperlink","https://www.strique.io/vs/strique-vs-adroll","https://www.strique.io/pricing","170578","","Pricing","200","OK","Crawlable","true","","","Root-Relative","//body/div[3]/footer/div/div[1]/div[2]/div[1]/ul/li[2]/a","Footer","HTML"
"Hyperlink","https://www.strique.io/contact?intent=demo","https://www.strique.io/pricing","170578","","Pricing","200","OK","Crawlable","true","","","Root-Relative","//body/div[3]/nav/div/ul/li[5]/a","Navigation","HTML"
"Hyperlink","https://www.strique.io/contact?intent=demo","https://www.strique.io/pricing","170578","","Pricing","200","OK","Crawlable","true","","","Root-Relative","//body/div[3]/div/div[2]/ul/li[5]/a","Content","HTML"
"Hyperlink","https://www.strique.io/contact?intent=demo","https://www.strique.io/pricing","170578","","Pricing","200","OK","Crawlable","true","","","Root-Relative","//body/div[3]/footer/div/div[1]/div[2]/div[1]/ul/li[2]/a","Footer","HTML"
"Hyperlink","https://www.strique.io/contact?intent=careers&role=founding-growth-engineer","https://www.strique.io/pricing","170578","","Pricing","200","OK","Crawlable","true","","","Root-Relative","//body/div[3]/nav/div/ul/li[5]/a","Navigation","HTML"
"Hyperlink","https://www.strique.io/contact?intent=careers&role=founding-growth-engineer","https://www.strique.io/pricing","170578","","Pricing","200","OK","Crawlable","true","","","Root-Relative","//body/div[3]/div/div[2]/ul/li[5]/a","Content","HTML"
"Hyperlink","https://www.strique.io/contact?intent=careers&role=founding-growth-engineer","https://www.strique.io/pricing","170578","","Pricing","200","OK","Crawlable","true","","","Root-Relative","//body/div[3]/footer/div/div[1]/div[2]/div[1]/ul/li[2]/a","Footer","HTML"
"Hyperlink","https://www.strique.io/contact?intent=careers&role=applied-ml-researcher","https://www.strique.io/pricing","170578","","Pricing","200","OK","Crawlable","true","","","Root-Relative","//body/div[3]/nav/div/ul/li[5]/a","Navigation","HTML"
"Hyperlink","https://www.strique.io/contact?intent=careers&role=applied-ml-researcher","https://www.strique.io/pricing","170578","","Pricing","200","OK","Crawlable","true","","","Root-Relative","//body/div[3]/div/div[2]/ul/li[5]/a","Content","HTML"
"Hyperlink","https://www.strique.io/contact?intent=careers&role=applied-ml-researcher","https://www.strique.io/pricing","170578","","Pricing","200","OK","Crawlable","true","","","Root-Relative","//body/div[3]/footer/div/div[1]/div[2]/div[1]/ul/li[2]/a","Footer","HTML"
"Hyperlink","https://www.strique.io/contact?intent=careers&role=agent-infrastructure-engineer","https://www.strique.io/pricing","170578","","Pricing","200","OK","Crawlable","true","","","Root-Relative","//body/div[3]/nav/div/ul/li[5]/a","Navigation","HTML"
"Hyperlink","https://www.strique.io/contact?intent=careers&role=agent-infrastructure-engineer","https://www.strique.io/pricing","170578","","Pricing","200","OK","Crawlable","true","","","Root-Relative","//body/div[3]/div/div[2]/ul/li[5]/a","Content","HTML"
"Hyperlink","https://www.strique.io/contact?intent=careers&role=agent-infrastructure-engineer","https://www.strique.io/pricing","170578","","Pricing","200","OK","Crawlable","true","","","Root-Relative","//body/div[3]/footer/div/div[1]/div[2]/div[1]/ul/li[2]/a","Footer","HTML"
"Hyperlink","https://www.strique.io/contact?intent=careers&role=product-designer","https://www.strique.io/pricing","170578","","Pricing","200","OK","Crawlable","true","","","Root-Relative","//body/div[3]/nav/div/ul/li[5]/a","Navigation","HTML"
"Hyperlink","https://www.strique.io/contact?intent=careers&role=product-designer","https://www.strique.io/pricing","170578","","Pricing","200","OK","Crawlable","true","","","Root-Relative","//body/div[3]/div/div[2]/ul/li[5]/a","Content","HTML"
"Hyperlink","https://www.strique.io/contact?intent=careers&role=product-designer","https://www.strique.io/pricing","170578","","Pricing","200","OK","Crawlable","true","","","Root-Relative","//body/div[3]/footer/div/div[1]/div[2]/div[1]/ul/li[2]/a","Footer","HTML"
"Hyperlink","https://www.strique.io/contact?intent=careers&role=senior-full-stack-engineer","https://www.strique.io/pricing","170578","","Pricing","200","OK","Crawlable","true","","","Root-Relative","//body/div[3]/nav/div/ul/li[5]/a","Navigation","HTML"
"Hyperlink","https://www.strique.io/contact?intent=careers&role=senior-full-stack-engineer","https://www.strique.io/pricing","170578","","Pricing","200","OK","Crawlable","true","","","Root-Relative","//body/div[3]/div/div[2]/ul/li[5]/a","Content","HTML"
"Hyperlink","https://www.strique.io/contact?intent=careers&role=senior-full-stack-engineer","https://www.strique.io/pricing","170578","","Pricing","200","OK","Crawlable","true","","","Root-Relative","//body/div[3]/footer/div/div[1]/div[2]/div[1]/ul/li[2]/a","Footer","HTML"
"Hyperlink","https://www.strique.io/contact?intent=careers&role=revenue-marketer","https://www.strique.io/pricing","170578","","Pricing","200","OK","Crawlable","true","","","Root-Relative","//body/div[3]/nav/div/ul/li[5]/a","Navigation","HTML"
"Hyperlink","https://www.strique.io/contact?intent=careers&role=revenue-marketer","https://www.strique.io/pricing","170578","","Pricing","200","OK","Crawlable","true","","","Root-Relative","//body/div[3]/div/div[2]/ul/li[5]/a","Content","HTML"
"Hyperlink","https://www.strique.io/contact?intent=careers&role=revenue-marketer","https://www.strique.io/pricing","170578","","Pricing","200","OK","Crawlable","true","","","Root-Relative","//body/div[3]/footer/div/div[1]/div[2]/div[1]/ul/li[2]/a","Footer","HTML"
"Hyperlink","https://www.strique.io/contact?intent=careers&role=founding-customer-engineer","https://www.strique.io/pricing","170578","","Pricing","200","OK","Crawlable","true","","","Root-Relative","//body/div[3]/nav/div/ul/li[5]/a","Navigation","HTML"
"Hyperlink","https://www.strique.io/contact?intent=careers&role=founding-customer-engineer","https://www.strique.io/pricing","170578","","Pricing","200","OK","Crawlable","true","","","Root-Relative","//body/div[3]/div/div[2]/ul/li[5]/a","Content","HTML"
"Hyperlink","https://www.strique.io/contact?intent=careers&role=founding-customer-engineer","https://www.strique.io/pricing","170578","","Pricing","200","OK","Crawlable","true","","","Root-Relative","//body/div[3]/footer/div/div[1]/div[2]/div[1]/ul/li[2]/a","Footer","HTML"
"Hyperlink","https://www.strique.io/contact?intent=careers&role=ai-apprentice-program","https://www.strique.io/pricing","170578","","Pricing","200","OK","Crawlable","true","","","Root-Relative","//body/div[3]/nav/div/ul/li[5]/a","Navigation","HTML"
"Hyperlink","https://www.strique.io/contact?intent=careers&role=ai-apprentice-program","https://www.strique.io/pricing","170578","","Pricing","200","OK","Crawlable","true","","","Root-Relative","//body/div[3]/div/div[2]/ul/li[5]/a","Content","HTML"
"Hyperlink","https://www.strique.io/contact?intent=careers&role=ai-apprentice-program","https://www.strique.io/pricing","170578","","Pricing","200","OK","Crawlable","true","","","Root-Relative","//body/div[3]/footer/div/div[1]/div[2]/div[1]/ul/li[2]/a","Footer","HTML"
"HTML Canonical","https://www.strique.io/pricing","https://www.strique.io/pricing","170578","","","200","OK","Crawlable","true","","","Absolute","//head/link[12]","Head","HTML"
"Hyperlink","https://www.strique.io/","https://www.strique.io/solutions","111124","","Use cases","200","OK","Crawlable","true","","","Root-Relative","//body/div[3]/nav/div/ul/li[@class='relative'][1]/span/a","Navigation","HTML"
"Hyperlink","https://www.strique.io/","https://www.strique.io/solutions","111124","","Use cases","200","OK","Crawlable","true","","","Root-Relative","//body/div[3]/footer/div/div[1]/div[2]/div[1]/ul/li[4]/a","Footer","HTML"
"Hyperlink","https://www.strique.io/contact","https://www.strique.io/solutions","111124","","Use cases","200","OK","Crawlable","true","","","Root-Relative","//body/div[3]/nav/div/ul/li[@class='relative'][1]/span/a","Navigation","HTML"
"Hyperlink","https://www.strique.io/contact","https://www.strique.io/solutions","111124","","Use cases","200","OK","Crawlable","true","","","Root-Relative","//body/div[3]/footer/div/div[1]/div[2]/div[1]/ul/li[4]/a","Footer","HTML"
"Hyperlink","https://www.strique.io/customers/powerlook","https://www.strique.io/solutions","111124","","Use cases","200","OK","Crawlable","true","","","Root-Relative","//body/div[3]/nav/div/ul/li[@class='relative'][1]/span/a","Navigation","HTML"
"Hyperlink","https://www.strique.io/customers/powerlook","https://www.strique.io/solutions","111124","","Use cases","200","OK","Crawlable","true","","","Root-Relative","//body/div[3]/footer/div/div[1]/div[2]/div[1]/ul/li[4]/a","Footer","HTML"
"Hyperlink","https://www.strique.io/customers/inc5","https://www.strique.io/solutions","111124","","Use cases","200","OK","Crawlable","true","","","Root-Relative","//body/div[3]/nav/div/ul/li[@class='relative'][1]/span/a","Navigation","HTML"
"Hyperlink","https://www.strique.io/customers/inc5","https://www.strique.io/solutions","111124","","Use cases","200","OK","Crawlable","true","","","Root-Relative","//body/div[3]/footer/div/div[1]/div[2]/div[1]/ul/li[4]/a","Footer","HTML"
"Hyperlink","https://www.strique.io/customers","https://www.strique.io/solutions","111124","","Use cases","200","OK","Crawlable","true","","","Root-Relative","//body/div[3]/nav/div/ul/li[@class='relative'][1]/span/a","Navigation","HTML"
"Hyperlink","https://www.strique.io/customers","https://www.strique.io/solutions","111124","","Use cases","200","OK","Crawlable","true","","","Root-Relative","//body/div[3]/footer/div/div[1]/div[2]/div[1]/ul/li[4]/a","Footer","HTML"
"Hyperlink","https://www.strique.io/product","https://www.strique.io/solutions","111124","","Use cases","200","OK","Crawlable","true","","","Root-Relative","//body/div[3]/nav/div/ul/li[@class='relative'][1]/span/a","Navigation","HTML"
"Hyperlink","https://www.strique.io/product","https://www.strique.io/solutions","111124","","Use cases","200","OK","Crawlable","true","","","Root-Relative","//body/div[3]/footer/div/div[1]/div[2]/div[1]/ul/li[4]/a","Footer","HTML"
"Hyperlink","https://www.strique.io/terms","https://www.strique.io/solutions","111124","","Use cases","200","OK","Crawlable","true","","","Root-Relative","//body/div[3]/nav/div/ul/li[@class='relative'][1]/span/a","Navigation","HTML"
"Hyperlink","https://www.strique.io/terms","https://www.strique.io/solutions","111124","","Use cases","200","OK","Crawlable","true","","","Root-Relative","//body/div[3]/footer/div/div[1]/div[2]/div[1]/ul/li[4]/a","Footer","HTML"
"Hyperlink","https://www.strique.io/for","https://www.strique.io/solutions","111124","","Use cases","200","OK","Crawlable","true","","","Root-Relative","//body/div[3]/nav/div/ul/li[@class='relative'][1]/span/a","Navigation","HTML"
"Hyperlink","https://www.strique.io/for","https://www.strique.io/solutions","111124","","Use cases","200","OK","Crawlable","true","","","Root-Relative","//body/div[3]/footer/div/div[1]/div[2]/div[1]/ul/li[4]/a","Footer","HTML"
"Hyperlink","https://www.strique.io/pricing","https://www.strique.io/solutions","111124","","Use cases","200","OK","Crawlable","true","","","Root-Relative","//body/div[3]/nav/div/ul/li[@class='relative'][1]/span/a","Navigation","HTML"
"Hyperlink","https://www.strique.io/pricing","https://www.strique.io/solutions","111124","","Use cases","200","OK","Crawlable","true","","","Root-Relative","//body/div[3]/footer/div/div[1]/div[2]/div[1]/ul/li[4]/a","Footer","HTML"
"Hyperlink","https://www.strique.io/solutions","https://www.strique.io/solutions","111124","","Use cases","200","OK","Crawlable","true","","","Root-Relative","//body/div[3]/nav/div/ul/li[@class='relative'][1]/span/a","Navigation","HTML"
"Hyperlink","https://www.strique.io/solutions","https://www.strique.io/solutions","111124","","Use cases","200","OK","Crawlable","true","","","Root-Relative","//body/div[3]/footer/div/div[1]/div[2]/div[1]/ul/li[4]/a","Footer","HTML"
"Hyperlink","https://www.strique.io/privacy-policy","https://www.strique.io/solutions","111124","","Use cases","200","OK","Crawlable","true","","","Root-Relative","//body/div[3]/nav/div/ul/li[@class='relative'][1]/span/a","Navigation","HTML"
"Hyperlink","https://www.strique.io/privacy-policy","https://www.strique.io/solutions","111124","","Use cases","200","OK","Crawlable","true","","","Root-Relative","//body/div[3]/footer/div/div[1]/div[2]/div[1]/ul/li[4]/a","Footer","HTML"
"Hyperlink","https://www.strique.io/trust-center","https://www.strique.io/solutions","111124","","Use cases","200","OK","Crawlable","true","","","Root-Relative","//body/div[3]/nav/div/ul/li[@class='relative'][1]/span/a","Navigation","HTML"
"Hyperlink","https://www.strique.io/trust-center","https://www.strique.io/solutions","111124","","Use cases","200","OK","Crawlable","true","","","Root-Relative","//body/div[3]/footer/div/div[1]/div[2]/div[1]/ul/li[4]/a","Footer","HTML"
"Hyperlink","https://www.strique.io/about","https://www.strique.io/solutions","111124","","Use cases","200","OK","Crawlable","true","","","Root-Relative","//body/div[3]/nav/div/ul/li[@class='relative'][1]/span/a","Navigation","HTML"
"Hyperlink","https://www.strique.io/about","https://www.strique.io/solutions","111124","","Use cases","200","OK","Crawlable","true","","","Root-Relative","//body/div[3]/footer/div/div[1]/div[2]/div[1]/ul/li[4]/a","Footer","HTML"
"Hyperlink","https://www.strique.io/security","https://www.strique.io/solutions","111124","","Use cases","200","OK","Crawlable","true","","","Root-Relative","//body/div[3]/nav/div/ul/li[@class='relative'][1]/span/a","Navigation","HTML"
"Hyperlink","https://www.strique.io/security","https://www.strique.io/solutions","111124","","Use cases","200","OK","Crawlable","true","","","Root-Relative","//body/div[3]/footer/div/div[1]/div[2]/div[1]/ul/li[4]/a","Footer","HTML"
"Hyperlink","https://www.strique.io/careers","https://www.strique.io/solutions","111124","","Use cases","200","OK","Crawlable","true","","","Root-Relative","//body/div[3]/nav/div/ul/li[@class='relative'][1]/span/a","Navigation","HTML"
"Hyperlink","https://www.strique.io/careers","https://www.strique.io/solutions","111124","","Use cases","200","OK","Crawlable","true","","","Root-Relative","//body/div[3]/footer/div/div[1]/div[2]/div[1]/ul/li[4]/a","Footer","HTML"
"Hyperlink","https://www.strique.io/customers/crimzon","https://www.strique.io/solutions","111124","","Use cases","200","OK","Crawlable","true","","","Root-Relative","//body/div[3]/nav/div/ul/li[@class='relative'][1]/span/a","Navigation","HTML"
"Hyperlink","https://www.strique.io/customers/crimzon","https://www.strique.io/solutions","111124","","Use cases","200","OK","Crawlable","true","","","Root-Relative","//body/div[3]/footer/div/div[1]/div[2]/div[1]/ul/li[4]/a","Footer","HTML"
"Hyperlink","https://www.strique.io/integrations","https://www.strique.io/solutions","111124","","Use cases","200","OK","Crawlable","true","","","Root-Relative","//body/div[3]/nav/div/ul/li[@class='relative'][1]/span/a","Navigation","HTML"
"Hyperlink","https://www.strique.io/integrations","https://www.strique.io/solutions","111124","","Use cases","200","OK","Crawlable","true","","","Root-Relative","//body/div[3]/footer/div/div[1]/div[2]/div[1]/ul/li[4]/a","Footer","HTML"
"Hyperlink","https://www.strique.io/integrations/hubspot","https://www.strique.io/solutions","111124","","Use cases","200","OK","Crawlable","true","","","Root-Relative","//body/div[3]/nav/div/ul/li[@class='relative'][1]/span/a","Navigation","HTML"
"Hyperlink","https://www.strique.io/integrations/hubspot","https://www.strique.io/solutions","111124","","Use cases","200","OK","Crawlable","true","","","Root-Relative","//body/div[3]/footer/div/div[1]/div[2]/div[1]/ul/li[4]/a","Footer","HTML"
"Hyperlink","https://www.strique.io/contact?intent=careers","https://www.strique.io/solutions","111124","","Use cases","200","OK","Crawlable","true","","","Root-Relative","//body/div[3]/nav/div/ul/li[@class='relative'][1]/span/a","Navigation","HTML"
"Hyperlink","https://www.strique.io/contact?intent=careers","https://www.strique.io/solutions","111124","","Use cases","200","OK","Crawlable","true","","","Root-Relative","//body/div[3]/footer/div/div[1]/div[2]/div[1]/ul/li[4]/a","Footer","HTML"
"Hyperlink","https://www.strique.io/integrations/google-ads","https://www.strique.io/solutions","111124","","Use cases","200","OK","Crawlable","true","","","Root-Relative","//body/div[3]/nav/div/ul/li[@class='relative'][1]/span/a","Navigation","HTML"
"Hyperlink","https://www.strique.io/integrations/google-ads","https://www.strique.io/solutions","111124","","Use cases","200","OK","Crawlable","true","","","Root-Relative","//body/div[3]/footer/div/div[1]/div[2]/div[1]/ul/li[4]/a","Footer","HTML"
"Hyperlink","https://www.strique.io/integrations/meta-ads","https://www.strique.io/solutions","111124","","Use cases","200","OK","Crawlable","true","","","Root-Relative","//body/div[3]/nav/div/ul/li[@class='relative'][1]/span/a","Navigation","HTML"
"Hyperlink","https://www.strique.io/integrations/meta-ads","https://www.strique.io/solutions","111124","","Use cases","200","OK","Crawlable","true","","","Root-Relative","//body/div[3]/footer/div/div[1]/div[2]/div[1]/ul/li[4]/a","Footer","HTML"
"Hyperlink","https://www.strique.io/careers/ai-apprentice-program","https://www.strique.io/solutions","111124","","Use cases","200","OK","Crawlable","true","","","Root-Relative","//body/div[3]/nav/div/ul/li[@class='relative'][1]/span/a","Navigation","HTML"
"Hyperlink","https://www.strique.io/careers/ai-apprentice-program","https://www.strique.io/solutions","111124","","Use cases","200","OK","Crawlable","true","","","Root-Relative","//body/div[3]/footer/div/div[1]/div[2]/div[1]/ul/li[4]/a","Footer","HTML"
"Hyperlink","https://www.strique.io/careers/founding-customer-engineer","https://www.strique.io/solutions","111124","","Use cases","200","OK","Crawlable","true","","","Root-Relative","//body/div[3]/nav/div/ul/li[@class='relative'][1]/span/a","Navigation","HTML"
"Hyperlink","https://www.strique.io/careers/founding-customer-engineer","https://www.strique.io/solutions","111124","","Use cases","200","OK","Crawlable","true","","","Root-Relative","//body/div[3]/footer/div/div[1]/div[2]/div[1]/ul/li[4]/a","Footer","HTML"
"Hyperlink","https://www.strique.io/careers/revenue-marketer","https://www.strique.io/solutions","111124","","Use cases","200","OK","Crawlable","true","","","Root-Relative","//body/div[3]/nav/div/ul/li[@class='relative'][1]/span/a","Navigation","HTML"
"Hyperlink","https://www.strique.io/careers/revenue-marketer","https://www.strique.io/solutions","111124","","Use cases","200","OK","Crawlable","true","","","Root-Relative","//body/div[3]/footer/div/div[1]/div[2]/div[1]/ul/li[4]/a","Footer","HTML"
"Hyperlink","https://www.strique.io/careers/senior-full-stack-engineer","https://www.strique.io/solutions","111124","","Use cases","200","OK","Crawlable","true","","","Root-Relative","//body/div[3]/nav/div/ul/li[@class='relative'][1]/span/a","Navigation","HTML"
"Hyperlink","https://www.strique.io/careers/senior-full-stack-engineer","https://www.strique.io/solutions","111124","","Use cases","200","OK","Crawlable","true","","","Root-Relative","//body/div[3]/footer/div/div[1]/div[2]/div[1]/ul/li[4]/a","Footer","HTML"
"Hyperlink","https://www.strique.io/careers/product-designer","https://www.strique.io/solutions","111124","","Use cases","200","OK","Crawlable","true","","","Root-Relative","//body/div[3]/nav/div/ul/li[@class='relative'][1]/span/a","Navigation","HTML"
"Hyperlink","https://www.strique.io/careers/product-designer","https://www.strique.io/solutions","111124","","Use cases","200","OK","Crawlable","true","","","Root-Relative","//body/div[3]/footer/div/div[1]/div[2]/div[1]/ul/li[4]/a","Footer","HTML"
"Hyperlink","https://www.strique.io/careers/agent-infrastructure-engineer","https://www.strique.io/solutions","111124","","Use cases","200","OK","Crawlable","true","","","Root-Relative","//body/div[3]/nav/div/ul/li[@class='relative'][1]/span/a","Navigation","HTML"
"Hyperlink","https://www.strique.io/careers/agent-infrastructure-engineer","https://www.strique.io/solutions","111124","","Use cases","200","OK","Crawlable","true","","","Root-Relative","//body/div[3]/footer/div/div[1]/div[2]/div[1]/ul/li[4]/a","Footer","HTML"
"Hyperlink","https://www.strique.io/careers/applied-ml-researcher","https://www.strique.io/solutions","111124","","Use cases","200","OK","Crawlable","true","","","Root-Relative","//body/div[3]/nav/div/ul/li[@class='relative'][1]/span/a","Navigation","HTML"
"Hyperlink","https://www.strique.io/careers/applied-ml-researcher","https://www.strique.io/solutions","111124","","Use cases","200","OK","Crawlable","true","","","Root-Relative","//body/div[3]/footer/div/div[1]/div[2]/div[1]/ul/li[4]/a","Footer","HTML"
"Hyperlink","https://www.strique.io/careers/founding-growth-engineer","https://www.strique.io/solutions","111124","","Use cases","200","OK","Crawlable","true","","","Root-Relative","//body/div[3]/nav/div/ul/li[@class='relative'][1]/span/a","Navigation","HTML"
"Hyperlink","https://www.strique.io/careers/founding-growth-engineer","https://www.strique.io/solutions","111124","","Use cases","200","OK","Crawlable","true","","","Root-Relative","//body/div[3]/footer/div/div[1]/div[2]/div[1]/ul/li[4]/a","Footer","HTML"
"Hyperlink","https://www.strique.io/solutions/local-services","https://www.strique.io/solutions","111124","","Use cases","200","OK","Crawlable","true","","","Root-Relative","//body/div[3]/nav/div/ul/li[@class='relative'][1]/span/a","Navigation","HTML"
"Hyperlink","https://www.strique.io/solutions/local-services","https://www.strique.io/solutions","111124","","See all solutions","200","OK","Crawlable","true","","","Root-Relative","//body/div[3]/main/section[1]/div[@class='fig-page-padded']/div/a[@class='btn-fill-to-white']","Content","HTML"
"Hyperlink","https://www.strique.io/solutions/local-services","https://www.strique.io/solutions","111124","","All solutions","200","OK","Crawlable","true","","","Root-Relative","//body/div[3]/main/section[3]/div/div[3]/a","Content","HTML"
"Hyperlink","https://www.strique.io/solutions/local-services","https://www.strique.io/solutions","111124","","Use cases","200","OK","Crawlable","true","","","Root-Relative","//body/div[3]/footer/div/div[1]/div[2]/div[1]/ul/li[4]/a","Footer","HTML"
"Hyperlink","https://www.strique.io/solutions/agencies","https://www.strique.io/solutions","111124","","Use cases","200","OK","Crawlable","true","","","Root-Relative","//body/div[3]/nav/div/ul/li[@class='relative'][1]/span/a","Navigation","HTML"
"Hyperlink","https://www.strique.io/solutions/agencies","https://www.strique.io/solutions","111124","","See all solutions","200","OK","Crawlable","true","","","Root-Relative","//body/div[3]/main/section[1]/div[@class='fig-page-padded']/div/a[@class='btn-fill-to-white']","Content","HTML"
"Hyperlink","https://www.strique.io/solutions/agencies","https://www.strique.io/solutions","111124","","All solutions","200","OK","Crawlable","true","","","Root-Relative","//body/div[3]/main/section[3]/div/div[3]/a","Content","HTML"
"Hyperlink","https://www.strique.io/solutions/agencies","https://www.strique.io/solutions","111124","","Use cases","200","OK","Crawlable","true","","","Root-Relative","//body/div[3]/footer/div/div[1]/div[2]/div[1]/ul/li[4]/a","Footer","HTML"
"Hyperlink","https://www.strique.io/solutions/b2b-saas","https://www.strique.io/solutions","111124","","Use cases","200","OK","Crawlable","true","","","Root-Relative","//body/div[3]/nav/div/ul/li[@class='relative'][1]/span/a","Navigation","HTML"
"Hyperlink","https://www.strique.io/solutions/b2b-saas","https://www.strique.io/solutions","111124","","See all solutions","200","OK","Crawlable","true","","","Root-Relative","//body/div[3]/main/section[1]/div[@class='fig-page-padded']/div/a[@class='btn-fill-to-white']","Content","HTML"
"Hyperlink","https://www.strique.io/solutions/b2b-saas","https://www.strique.io/solutions","111124","","All solutions","200","OK","Crawlable","true","","","Root-Relative","//body/div[3]/main/section[3]/div/div[3]/a","Content","HTML"
"Hyperlink","https://www.strique.io/solutions/b2b-saas","https://www.strique.io/solutions","111124","","Use cases","200","OK","Crawlable","true","","","Root-Relative","//body/div[3]/footer/div/div[1]/div[2]/div[1]/ul/li[4]/a","Footer","HTML"
"Hyperlink","https://www.strique.io/solutions/ecommerce","https://www.strique.io/solutions","111124","","Use cases","200","OK","Crawlable","true","","","Root-Relative","//body/div[3]/nav/div/ul/li[@class='relative'][1]/span/a","Navigation","HTML"
"Hyperlink","https://www.strique.io/solutions/ecommerce","https://www.strique.io/solutions","111124","","See all solutions","200","OK","Crawlable","true","","","Root-Relative","//body/div[3]/main/section[1]/div[@class='fig-page-padded']/div/a[@class='btn-fill-to-white']","Content","HTML"
"Hyperlink","https://www.strique.io/solutions/ecommerce","https://www.strique.io/solutions","111124","","All solutions","200","OK","Crawlable","true","","","Root-Relative","//body/div[3]/main/section[3]/div/div[3]/a","Content","HTML"
"Hyperlink","https://www.strique.io/solutions/ecommerce","https://www.strique.io/solutions","111124","","Use cases","200","OK","Crawlable","true","","","Root-Relative","//body/div[3]/footer/div/div[1]/div[2]/div[1]/ul/li[4]/a","Footer","HTML"
"Hyperlink","https://www.strique.io/contact?intent=sales","https://www.strique.io/solutions","111124","","Use cases","200","OK","Crawlable","true","","","Root-Relative","//body/div[3]/nav/div/ul/li[@class='relative'][1]/span/a","Navigation","HTML"
"Hyperlink","https://www.strique.io/contact?intent=sales","https://www.strique.io/solutions","111124","","Use cases","200","OK","Crawlable","true","","","Root-Relative","//body/div[3]/footer/div/div[1]/div[2]/div[1]/ul/li[4]/a","Footer","HTML"
"Hyperlink","https://www.strique.io/for/founders","https://www.strique.io/solutions","111124","","Use cases","200","OK","Crawlable","true","","","Root-Relative","//body/div[3]/nav/div/ul/li[@class='relative'][1]/span/a","Navigation","HTML"
"Hyperlink","https://www.strique.io/for/founders","https://www.strique.io/solutions","111124","","Use cases","200","OK","Crawlable","true","","","Root-Relative","//body/div[3]/footer/div/div[1]/div[2]/div[1]/ul/li[4]/a","Footer","HTML"
"Hyperlink","https://www.strique.io/for/cmos","https://www.strique.io/solutions","111124","","Use cases","200","OK","Crawlable","true","","","Root-Relative","//body/div[3]/nav/div/ul/li[@class='relative'][1]/span/a","Navigation","HTML"
"Hyperlink","https://www.strique.io/for/cmos","https://www.strique.io/solutions","111124","","Use cases","200","OK","Crawlable","true","","","Root-Relative","//body/div[3]/footer/div/div[1]/div[2]/div[1]/ul/li[4]/a","Footer","HTML"
"Hyperlink","https://www.strique.io/for/marketing-managers","https://www.strique.io/solutions","111124","","Use cases","200","OK","Crawlable","true","","","Root-Relative","//body/div[3]/nav/div/ul/li[@class='relative'][1]/span/a","Navigation","HTML"
"Hyperlink","https://www.strique.io/for/marketing-managers","https://www.strique.io/solutions","111124","","Use cases","200","OK","Crawlable","true","","","Root-Relative","//body/div[3]/footer/div/div[1]/div[2]/div[1]/ul/li[4]/a","Footer","HTML"
"Hyperlink","https://www.strique.io/vs/strique-vs-jasper","https://www.strique.io/solutions","111124","","Use cases","200","OK","Crawlable","true","","","Root-Relative","//body/div[3]/nav/div/ul/li[@class='relative'][1]/span/a","Navigation","HTML"
"Hyperlink","https://www.strique.io/vs/strique-vs-jasper","https://www.strique.io/solutions","111124","","Use cases","200","OK","Crawlable","true","","","Root-Relative","//body/div[3]/footer/div/div[1]/div[2]/div[1]/ul/li[4]/a","Footer","HTML"
"Hyperlink","https://www.strique.io/vs","https://www.strique.io/solutions","111124","","Use cases","200","OK","Crawlable","true","","","Root-Relative","//body/div[3]/nav/div/ul/li[@class='relative'][1]/span/a","Navigation","HTML"
"Hyperlink","https://www.strique.io/vs","https://www.strique.io/solutions","111124","","Use cases","200","OK","Crawlable","true","","","Root-Relative","//body/div[3]/footer/div/div[1]/div[2]/div[1]/ul/li[4]/a","Footer","HTML"
"Hyperlink","https://www.strique.io/vs/strique-vs-adroll","https://www.strique.io/solutions","111124","","Use cases","200","OK","Crawlable","true","","","Root-Relative","//body/div[3]/nav/div/ul/li[@class='relative'][1]/span/a","Navigation","HTML"
"Hyperlink","https://www.strique.io/vs/strique-vs-adroll","https://www.strique.io/solutions","111124","","Use cases","200","OK","Crawlable","true","","","Root-Relative","//body/div[3]/footer/div/div[1]/div[2]/div[1]/ul/li[4]/a","Footer","HTML"
"Hyperlink","https://www.strique.io/contact?intent=demo","https://www.strique.io/solutions","111124","","Use cases","200","OK","Crawlable","true","","","Root-Relative","//body/div[3]/nav/div/ul/li[@class='relative'][1]/span/a","Navigation","HTML"
"Hyperlink","https://www.strique.io/contact?intent=demo","https://www.strique.io/solutions","111124","","Use cases","200","OK","Crawlable","true","","","Root-Relative","//body/div[3]/footer/div/div[1]/div[2]/div[1]/ul/li[4]/a","Footer","HTML"
"Hyperlink","https://www.strique.io/contact?intent=careers&role=founding-growth-engineer","https://www.strique.io/solutions","111124","","Use cases","200","OK","Crawlable","true","","","Root-Relative","//body/div[3]/nav/div/ul/li[@class='relative'][1]/span/a","Navigation","HTML"
"Hyperlink","https://www.strique.io/contact?intent=careers&role=founding-growth-engineer","https://www.strique.io/solutions","111124","","Use cases","200","OK","Crawlable","true","","","Root-Relative","//body/div[3]/footer/div/div[1]/div[2]/div[1]/ul/li[4]/a","Footer","HTML"
"Hyperlink","https://www.strique.io/contact?intent=careers&role=applied-ml-researcher","https://www.strique.io/solutions","111124","","Use cases","200","OK","Crawlable","true","","","Root-Relative","//body/div[3]/nav/div/ul/li[@class='relative'][1]/span/a","Navigation","HTML"
"Hyperlink","https://www.strique.io/contact?intent=careers&role=applied-ml-researcher","https://www.strique.io/solutions","111124","","Use cases","200","OK","Crawlable","true","","","Root-Relative","//body/div[3]/footer/div/div[1]/div[2]/div[1]/ul/li[4]/a","Footer","HTML"
"Hyperlink","https://www.strique.io/contact?intent=careers&role=agent-infrastructure-engineer","https://www.strique.io/solutions","111124","","Use cases","200","OK","Crawlable","true","","","Root-Relative","//body/div[3]/nav/div/ul/li[@class='relative'][1]/span/a","Navigation","HTML"
"Hyperlink","https://www.strique.io/contact?intent=careers&role=agent-infrastructure-engineer","https://www.strique.io/solutions","111124","","Use cases","200","OK","Crawlable","true","","","Root-Relative","//body/div[3]/footer/div/div[1]/div[2]/div[1]/ul/li[4]/a","Footer","HTML"
"Hyperlink","https://www.strique.io/contact?intent=careers&role=product-designer","https://www.strique.io/solutions","111124","","Use cases","200","OK","Crawlable","true","","","Root-Relative","//body/div[3]/nav/div/ul/li[@class='relative'][1]/span/a","Navigation","HTML"
"Hyperlink","https://www.strique.io/contact?intent=careers&role=product-designer","https://www.strique.io/solutions","111124","","Use cases","200","OK","Crawlable","true","","","Root-Relative","//body/div[3]/footer/div/div[1]/div[2]/div[1]/ul/li[4]/a","Footer","HTML"
"Hyperlink","https://www.strique.io/contact?intent=careers&role=senior-full-stack-engineer","https://www.strique.io/solutions","111124","","Use cases","200","OK","Crawlable","true","","","Root-Relative","//body/div[3]/nav/div/ul/li[@class='relative'][1]/span/a","Navigation","HTML"
"Hyperlink","https://www.strique.io/contact?intent=careers&role=senior-full-stack-engineer","https://www.strique.io/solutions","111124","","Use cases","200","OK","Crawlable","true","","","Root-Relative","//body/div[3]/footer/div/div[1]/div[2]/div[1]/ul/li[4]/a","Footer","HTML"
"Hyperlink","https://www.strique.io/contact?intent=careers&role=revenue-marketer","https://www.strique.io/solutions","111124","","Use cases","200","OK","Crawlable","true","","","Root-Relative","//body/div[3]/nav/div/ul/li[@class='relative'][1]/span/a","Navigation","HTML"
"Hyperlink","https://www.strique.io/contact?intent=careers&role=revenue-marketer","https://www.strique.io/solutions","111124","","Use cases","200","OK","Crawlable","true","","","Root-Relative","//body/div[3]/footer/div/div[1]/div[2]/div[1]/ul/li[4]/a","Footer","HTML"
"Hyperlink","https://www.strique.io/contact?intent=careers&role=founding-customer-engineer","https://www.strique.io/solutions","111124","","Use cases","200","OK","Crawlable","true","","","Root-Relative","//body/div[3]/nav/div/ul/li[@class='relative'][1]/span/a","Navigation","HTML"
"Hyperlink","https://www.strique.io/contact?intent=careers&role=founding-customer-engineer","https://www.strique.io/solutions","111124","","Use cases","200","OK","Crawlable","true","","","Root-Relative","//body/div[3]/footer/div/div[1]/div[2]/div[1]/ul/li[4]/a","Footer","HTML"
"Hyperlink","https://www.strique.io/contact?intent=careers&role=ai-apprentice-program","https://www.strique.io/solutions","111124","","Use cases","200","OK","Crawlable","true","","","Root-Relative","//body/div[3]/nav/div/ul/li[@class='relative'][1]/span/a","Navigation","HTML"
"Hyperlink","https://www.strique.io/contact?intent=careers&role=ai-apprentice-program","https://www.strique.io/solutions","111124","","Use cases","200","OK","Crawlable","true","","","Root-Relative","//body/div[3]/footer/div/div[1]/div[2]/div[1]/ul/li[4]/a","Footer","HTML"
"HTML Canonical","https://www.strique.io/solutions","https://www.strique.io/solutions","111124","","","200","OK","Crawlable","true","","","Absolute","//head/link[12]","Head","HTML"
"Hyperlink","https://www.strique.io/","https://www.strique.io/privacy-policy","172699","","Privacy Policy","200","OK","Crawlable","true","","","Root-Relative","//body/div[3]/footer/div/div[1]/div[2]/div[3]/ul/li[1]/a","Footer","HTML"
"Hyperlink","https://www.strique.io/contact","https://www.strique.io/privacy-policy","172699","","Privacy Policy","200","OK","Crawlable","true","","","Root-Relative","//body/div[3]/footer/div/div[1]/div[2]/div[3]/ul/li[1]/a","Footer","HTML"
"Hyperlink","https://www.strique.io/customers/powerlook","https://www.strique.io/privacy-policy","172699","","Privacy Policy","200","OK","Crawlable","true","","","Root-Relative","//body/div[3]/footer/div/div[1]/div[2]/div[3]/ul/li[1]/a","Footer","HTML"
"Hyperlink","https://www.strique.io/customers/inc5","https://www.strique.io/privacy-policy","172699","","Privacy Policy","200","OK","Crawlable","true","","","Root-Relative","//body/div[3]/footer/div/div[1]/div[2]/div[3]/ul/li[1]/a","Footer","HTML"
"Hyperlink","https://www.strique.io/customers","https://www.strique.io/privacy-policy","172699","","Privacy Policy","200","OK","Crawlable","true","","","Root-Relative","//body/div[3]/footer/div/div[1]/div[2]/div[3]/ul/li[1]/a","Footer","HTML"
"Hyperlink","https://www.strique.io/product","https://www.strique.io/privacy-policy","172699","","Privacy Policy","200","OK","Crawlable","true","","","Root-Relative","//body/div[3]/footer/div/div[1]/div[2]/div[3]/ul/li[1]/a","Footer","HTML"
"Hyperlink","https://www.strique.io/terms","https://www.strique.io/privacy-policy","172699","","Privacy Policy","200","OK","Crawlable","true","","","Root-Relative","//body/div[3]/footer/div/div[1]/div[2]/div[3]/ul/li[1]/a","Footer","HTML"
"Hyperlink","https://www.strique.io/for","https://www.strique.io/privacy-policy","172699","","Privacy Policy","200","OK","Crawlable","true","","","Root-Relative","//body/div[3]/footer/div/div[1]/div[2]/div[3]/ul/li[1]/a","Footer","HTML"
"Hyperlink","https://www.strique.io/pricing","https://www.strique.io/privacy-policy","172699","","Privacy Policy","200","OK","Crawlable","true","","","Root-Relative","//body/div[3]/footer/div/div[1]/div[2]/div[3]/ul/li[1]/a","Footer","HTML"
"Hyperlink","https://www.strique.io/solutions","https://www.strique.io/privacy-policy","172699","","Privacy Policy","200","OK","Crawlable","true","","","Root-Relative","//body/div[3]/footer/div/div[1]/div[2]/div[3]/ul/li[1]/a","Footer","HTML"
"Hyperlink","https://www.strique.io/privacy-policy","https://www.strique.io/privacy-policy","172699","","General Information we collect on Strique Website","200","OK","Crawlable","true","","","Path-Relative","//body/div[3]/main/article/div/div/div/div[@class='mb-8']/details/ol/li[1]/a","Content","HTML"
"Hyperlink","https://www.strique.io/privacy-policy","https://www.strique.io/privacy-policy","172699","","Information that we collect from Client's Shopify or Magento Store","200","OK","Crawlable","true","","","Path-Relative","//body/div[3]/main/article/div/div/div/div[@class='mb-8']/details/ol/li[2]/a","Content","HTML"
"Hyperlink","https://www.strique.io/privacy-policy","https://www.strique.io/privacy-policy","172699","","Information that we collect from Client's Google Ad Accounts","200","OK","Crawlable","true","","","Path-Relative","//body/div[3]/main/article/div/div/div/div[@class='mb-8']/details/ol/li[3]/a","Content","HTML"
"Hyperlink","https://www.strique.io/privacy-policy","https://www.strique.io/privacy-policy","172699","","Tracking Technologies on our Website","200","OK","Crawlable","true","","","Path-Relative","//body/div[3]/main/article/div/div/div/div[@class='mb-8']/details/ol/li[4]/a","Content","HTML"
"Hyperlink","https://www.strique.io/privacy-policy","https://www.strique.io/privacy-policy","172699","","Google Analytics","200","OK","Crawlable","true","","","Path-Relative","//body/div[3]/main/article/div/div/div/div[@class='mb-8']/details/ol/li[5]/a","Content","HTML"
"Hyperlink","https://www.strique.io/privacy-policy","https://www.strique.io/privacy-policy","172699","","Google AdWords","200","OK","Crawlable","true","","","Path-Relative","//body/div[3]/main/article/div/div/div/div[@class='mb-8']/details/ol/li[6]/a","Content","HTML"
"Hyperlink","https://www.strique.io/privacy-policy","https://www.strique.io/privacy-policy","172699","","LinkedIn","200","OK","Crawlable","true","","","Path-Relative","//body/div[3]/main/article/div/div/div/div[@class='mb-8']/details/ol/li[7]/a","Content","HTML"
"Hyperlink","https://www.strique.io/privacy-policy","https://www.strique.io/privacy-policy","172699","","Facebook Social Plugins","200","OK","Crawlable","true","","","Path-Relative","//body/div[3]/main/article/div/div/div/div[@class='mb-8']/details/ol/li[8]/a","Content","HTML"
"Hyperlink","https://www.strique.io/privacy-policy","https://www.strique.io/privacy-policy","172699","","Information that we collect from Client's Google Ad Accounts","200","OK","Crawlable","true","","","Path-Relative","//body/div[3]/main/article/div/div/div/div[@class='mb-8']/details/ol/li[9]/a","Content","HTML"
"Hyperlink","https://www.strique.io/privacy-policy","https://www.strique.io/privacy-policy","172699","","Why are we requesting Google user data","200","OK","Crawlable","true","","","Path-Relative","//body/div[3]/main/article/div/div/div/div[@class='mb-8']/details/ol/li[10]/a","Content","HTML"
"Hyperlink","https://www.strique.io/privacy-policy","https://www.strique.io/privacy-policy","172699","","Information that we collect from Client's Amazon Ad Accounts","200","OK","Crawlable","true","","","Path-Relative","//body/div[3]/main/article/div/div/div/div[@class='mb-8']/details/ol/li[11]/a","Content","HTML"
"Hyperlink","https://www.strique.io/privacy-policy","https://www.strique.io/privacy-policy","172699","","Google API Services User Data Policy Compliance Disclosure","200","OK","Crawlable","true","","","Path-Relative","//body/div[3]/main/article/div/div/div/div[@class='mb-8']/details/ol/li[12]/a","Content","HTML"
"Hyperlink","https://www.strique.io/privacy-policy","https://www.strique.io/privacy-policy","172699","","Limited Use Policy Disclosure","200","OK","Crawlable","true","","","Path-Relative","//body/div[3]/main/article/div/div/div/div[@class='mb-8']/details/ol/li[13]/a","Content","HTML"
"Hyperlink","https://www.strique.io/privacy-policy","https://www.strique.io/privacy-policy","172699","","Link to Google API Services User Data Policy","200","OK","Crawlable","true","","","Path-Relative","//body/div[3]/main/article/div/div/div/div[@class='mb-8']/details/ol/li[14]/a","Content","HTML"
"Hyperlink","https://www.strique.io/privacy-policy","https://www.strique.io/privacy-policy","172699","","Cookie Policy","200","OK","Crawlable","true","","","Path-Relative","//body/div[3]/main/article/div/div/div/div[@class='mb-8']/details/ol/li[15]/a","Content","HTML"
"Hyperlink","https://www.strique.io/privacy-policy","https://www.strique.io/privacy-policy","172699","","Opting out from our marketing communications","200","OK","Crawlable","true","","","Path-Relative","//body/div[3]/main/article/div/div/div/div[@class='mb-8']/details/ol/li[16]/a","Content","HTML"
"Hyperlink","https://www.strique.io/privacy-policy","https://www.strique.io/privacy-policy","172699","","Note for Minors","200","OK","Crawlable","true","","","Path-Relative","//body/div[3]/main/article/div/div/div/div[@class='mb-8']/details/ol/li[17]/a","Content","HTML"
"Hyperlink","https://www.strique.io/privacy-policy","https://www.strique.io/privacy-policy","172699","","Outbound Links","200","OK","Crawlable","true","","","Path-Relative","//body/div[3]/main/article/div/div/div/div[@class='mb-8']/details/ol/li[18]/a","Content","HTML"
"Hyperlink","https://www.strique.io/privacy-policy","https://www.strique.io/privacy-policy","172699","","Inbound Links","200","OK","Crawlable","true","","","Path-Relative","//body/div[3]/main/article/div/div/div/div[@class='mb-8']/details/ol/li[19]/a","Content","HTML"
"Hyperlink","https://www.strique.io/privacy-policy","https://www.strique.io/privacy-policy","172699","","Your rights","200","OK","Crawlable","true","","","Path-Relative","//body/div[3]/main/article/div/div/div/div[@class='mb-8']/details/ol/li[20]/a","Content","HTML"
"Hyperlink","https://www.strique.io/privacy-policy","https://www.strique.io/privacy-policy","172699","","No discrimination","200","OK","Crawlable","true","","","Path-Relative","//body/div[3]/main/article/div/div/div/div[@class='mb-8']/details/ol/li[21]/a","Content","HTML"
"Hyperlink","https://www.strique.io/privacy-policy","https://www.strique.io/privacy-policy","172699","","Consent and Legal Basis for Processing","200","OK","Crawlable","true","","","Path-Relative","//body/div[3]/main/article/div/div/div/div[@class='mb-8']/details/ol/li[22]/a","Content","HTML"
"Hyperlink","https://www.strique.io/privacy-policy","https://www.strique.io/privacy-policy","172699","","Withdrawal of Consent","200","OK","Crawlable","true","","","Path-Relative","//body/div[3]/main/article/div/div/div/div[@class='mb-8']/details/ol/li[23]/a","Content","HTML"
"Hyperlink","https://www.strique.io/privacy-policy","https://www.strique.io/privacy-policy","172699","","Consent Records","200","OK","Crawlable","true","","","Path-Relative","//body/div[3]/main/article/div/div/div/div[@class='mb-8']/details/ol/li[24]/a","Content","HTML"
"Hyperlink","https://www.strique.io/privacy-policy","https://www.strique.io/privacy-policy","172699","","Google User Data Handling","200","OK","Crawlable","true","","","Path-Relative","//body/div[3]/main/article/div/div/div/div[@class='mb-8']/details/ol/li[25]/a","Content","HTML"
"Hyperlink","https://www.strique.io/privacy-policy","https://www.strique.io/privacy-policy","172699","","1. Use of AI/ML Models","200","OK","Crawlable","true","","","Path-Relative","//body/div[3]/main/article/div/div/div/div[@class='mb-8']/details/ol/li[26]/a","Content","HTML"
"Hyperlink","https://www.strique.io/privacy-policy","https://www.strique.io/privacy-policy","172699","","2. Data Sharing and Disclosure","200","OK","Crawlable","true","","","Path-Relative","//body/div[3]/main/article/div/div/div/div[@class='mb-8']/details/ol/li[27]/a","Content","HTML"
"Hyperlink","https://www.strique.io/privacy-policy","https://www.strique.io/privacy-policy","172699","","3. Data Protection and Security Measures","200","OK","Crawlable","true","","","Path-Relative","//body/div[3]/main/article/div/div/div/div[@class='mb-8']/details/ol/li[28]/a","Content","HTML"
"Hyperlink","https://www.strique.io/privacy-policy","https://www.strique.io/privacy-policy","172699","","General Information we collect on Strique Website","200","OK","Crawlable","true","","","Path-Relative","//body/div[3]/main/article/div/div/aside/div/nav/ol/li[1]/a","Navigation","HTML"
"Hyperlink","https://www.strique.io/privacy-policy","https://www.strique.io/privacy-policy","172699","","Information that we collect from Client's Shopify or Magento Store","200","OK","Crawlable","true","","","Path-Relative","//body/div[3]/main/article/div/div/aside/div/nav/ol/li[2]/a","Navigation","HTML"
"Hyperlink","https://www.strique.io/privacy-policy","https://www.strique.io/privacy-policy","172699","","Information that we collect from Client's Google Ad Accounts","200","OK","Crawlable","true","","","Path-Relative","//body/div[3]/main/article/div/div/aside/div/nav/ol/li[3]/a","Navigation","HTML"
"Hyperlink","https://www.strique.io/privacy-policy","https://www.strique.io/privacy-policy","172699","","Tracking Technologies on our Website","200","OK","Crawlable","true","","","Path-Relative","//body/div[3]/main/article/div/div/aside/div/nav/ol/li[4]/a","Navigation","HTML"
"Hyperlink","https://www.strique.io/privacy-policy","https://www.strique.io/privacy-policy","172699","","Google Analytics","200","OK","Crawlable","true","","","Path-Relative","//body/div[3]/main/article/div/div/aside/div/nav/ol/li[5]/a","Navigation","HTML"
"Hyperlink","https://www.strique.io/privacy-policy","https://www.strique.io/privacy-policy","172699","","Google AdWords","200","OK","Crawlable","true","","","Path-Relative","//body/div[3]/main/article/div/div/aside/div/nav/ol/li[6]/a","Navigation","HTML"
"Hyperlink","https://www.strique.io/privacy-policy","https://www.strique.io/privacy-policy","172699","","LinkedIn","200","OK","Crawlable","true","","","Path-Relative","//body/div[3]/main/article/div/div/aside/div/nav/ol/li[7]/a","Navigation","HTML"
"Hyperlink","https://www.strique.io/privacy-policy","https://www.strique.io/privacy-policy","172699","","Facebook Social Plugins","200","OK","Crawlable","true","","","Path-Relative","//body/div[3]/main/article/div/div/aside/div/nav/ol/li[8]/a","Navigation","HTML"
"Hyperlink","https://www.strique.io/privacy-policy","https://www.strique.io/privacy-policy","172699","","Information that we collect from Client's Google Ad Accounts","200","OK","Crawlable","true","","","Path-Relative","//body/div[3]/main/article/div/div/aside/div/nav/ol/li[9]/a","Navigation","HTML"
"Hyperlink","https://www.strique.io/privacy-policy","https://www.strique.io/privacy-policy","172699","","Why are we requesting Google user data","200","OK","Crawlable","true","","","Path-Relative","//body/div[3]/main/article/div/div/aside/div/nav/ol/li[10]/a","Navigation","HTML"
"Hyperlink","https://www.strique.io/privacy-policy","https://www.strique.io/privacy-policy","172699","","Information that we collect from Client's Amazon Ad Accounts","200","OK","Crawlable","true","","","Path-Relative","//body/div[3]/main/article/div/div/aside/div/nav/ol/li[11]/a","Navigation","HTML"
"Hyperlink","https://www.strique.io/privacy-policy","https://www.strique.io/privacy-policy","172699","","Google API Services User Data Policy Compliance Disclosure","200","OK","Crawlable","true","","","Path-Relative","//body/div[3]/main/article/div/div/aside/div/nav/ol/li[12]/a","Navigation","HTML"
"Hyperlink","https://www.strique.io/privacy-policy","https://www.strique.io/privacy-policy","172699","","Limited Use Policy Disclosure","200","OK","Crawlable","true","","","Path-Relative","//body/div[3]/main/article/div/div/aside/div/nav/ol/li[13]/a","Navigation","HTML"
"Hyperlink","https://www.strique.io/privacy-policy","https://www.strique.io/privacy-policy","172699","","Link to Google API Services User Data Policy","200","OK","Crawlable","true","","","Path-Relative","//body/div[3]/main/article/div/div/aside/div/nav/ol/li[14]/a","Navigation","HTML"
"Hyperlink","https://www.strique.io/privacy-policy","https://www.strique.io/privacy-policy","172699","","Cookie Policy","200","OK","Crawlable","true","","","Path-Relative","//body/div[3]/main/article/div/div/aside/div/nav/ol/li[15]/a","Navigation","HTML"
"Hyperlink","https://www.strique.io/privacy-policy","https://www.strique.io/privacy-policy","172699","","Opting out from our marketing communications","200","OK","Crawlable","true","","","Path-Relative","//body/div[3]/main/article/div/div/aside/div/nav/ol/li[16]/a","Navigation","HTML"
"Hyperlink","https://www.strique.io/privacy-policy","https://www.strique.io/privacy-policy","172699","","Note for Minors","200","OK","Crawlable","true","","","Path-Relative","//body/div[3]/main/article/div/div/aside/div/nav/ol/li[17]/a","Navigation","HTML"
"Hyperlink","https://www.strique.io/privacy-policy","https://www.strique.io/privacy-policy","172699","","Outbound Links","200","OK","Crawlable","true","","","Path-Relative","//body/div[3]/main/article/div/div/aside/div/nav/ol/li[18]/a","Navigation","HTML"
"Hyperlink","https://www.strique.io/privacy-policy","https://www.strique.io/privacy-policy","172699","","Inbound Links","200","OK","Crawlable","true","","","Path-Relative","//body/div[3]/main/article/div/div/aside/div/nav/ol/li[19]/a","Navigation","HTML"
"Hyperlink","https://www.strique.io/privacy-policy","https://www.strique.io/privacy-policy","172699","","Your rights","200","OK","Crawlable","true","","","Path-Relative","//body/div[3]/main/article/div/div/aside/div/nav/ol/li[20]/a","Navigation","HTML"
"Hyperlink","https://www.strique.io/privacy-policy","https://www.strique.io/privacy-policy","172699","","No discrimination","200","OK","Crawlable","true","","","Path-Relative","//body/div[3]/main/article/div/div/aside/div/nav/ol/li[21]/a","Navigation","HTML"
"Hyperlink","https://www.strique.io/privacy-policy","https://www.strique.io/privacy-policy","172699","","Consent and Legal Basis for Processing","200","OK","Crawlable","true","","","Path-Relative","//body/div[3]/main/article/div/div/aside/div/nav/ol/li[22]/a","Navigation","HTML"
"Hyperlink","https://www.strique.io/privacy-policy","https://www.strique.io/privacy-policy","172699","","Withdrawal of Consent","200","OK","Crawlable","true","","","Path-Relative","//body/div[3]/main/article/div/div/aside/div/nav/ol/li[23]/a","Navigation","HTML"
"Hyperlink","https://www.strique.io/privacy-policy","https://www.strique.io/privacy-policy","172699","","Consent Records","200","OK","Crawlable","true","","","Path-Relative","//body/div[3]/main/article/div/div/aside/div/nav/ol/li[24]/a","Navigation","HTML"
"Hyperlink","https://www.strique.io/privacy-policy","https://www.strique.io/privacy-policy","172699","","Google User Data Handling","200","OK","Crawlable","true","","","Path-Relative","//body/div[3]/main/article/div/div/aside/div/nav/ol/li[25]/a","Navigation","HTML"
"Hyperlink","https://www.strique.io/privacy-policy","https://www.strique.io/privacy-policy","172699","","1. Use of AI/ML Models","200","OK","Crawlable","true","","","Path-Relative","//body/div[3]/main/article/div/div/aside/div/nav/ol/li[26]/a","Navigation","HTML"
"Hyperlink","https://www.strique.io/privacy-policy","https://www.strique.io/privacy-policy","172699","","2. Data Sharing and Disclosure","200","OK","Crawlable","true","","","Path-Relative","//body/div[3]/main/article/div/div/aside/div/nav/ol/li[27]/a","Navigation","HTML"
"Hyperlink","https://www.strique.io/privacy-policy","https://www.strique.io/privacy-policy","172699","","3. Data Protection and Security Measures","200","OK","Crawlable","true","","","Path-Relative","//body/div[3]/main/article/div/div/aside/div/nav/ol/li[28]/a","Navigation","HTML"
"Hyperlink","https://www.strique.io/privacy-policy","https://www.strique.io/privacy-policy","172699","","Privacy Policy","200","OK","Crawlable","true","","","Root-Relative","//body/div[3]/footer/div/div[1]/div[2]/div[3]/ul/li[1]/a","Footer","HTML"
"Hyperlink","https://www.strique.io/trust-center","https://www.strique.io/privacy-policy","172699","","Privacy Policy","200","OK","Crawlable","true","","","Root-Relative","//body/div[3]/footer/div/div[1]/div[2]/div[3]/ul/li[1]/a","Footer","HTML"
"Hyperlink","https://www.strique.io/trust-center","https://www.strique.io/privacy-policy","172699","","privacy policy","200","OK","Crawlable","true","","","Root-Relative","//body/div[@id='S:0']/form/label[2]/span/a","Content","HTML"
"Hyperlink","https://www.strique.io/about","https://www.strique.io/privacy-policy","172699","","Privacy Policy","200","OK","Crawlable","true","","","Root-Relative","//body/div[3]/footer/div/div[1]/div[2]/div[3]/ul/li[1]/a","Footer","HTML"
"Hyperlink","https://www.strique.io/security","https://www.strique.io/privacy-policy","172699","","Privacy Policy","200","OK","Crawlable","true","","","Root-Relative","//body/div[3]/footer/div/div[1]/div[2]/div[3]/ul/li[1]/a","Footer","HTML"
"Hyperlink","https://www.strique.io/careers","https://www.strique.io/privacy-policy","172699","","Privacy Policy","200","OK","Crawlable","true","","","Root-Relative","//body/div[3]/footer/div/div[1]/div[2]/div[3]/ul/li[1]/a","Footer","HTML"
"Hyperlink","https://www.strique.io/customers/crimzon","https://www.strique.io/privacy-policy","172699","","Privacy Policy","200","OK","Crawlable","true","","","Root-Relative","//body/div[3]/footer/div/div[1]/div[2]/div[3]/ul/li[1]/a","Footer","HTML"
"Hyperlink","https://www.strique.io/integrations","https://www.strique.io/privacy-policy","172699","","Privacy Policy","200","OK","Crawlable","true","","","Root-Relative","//body/div[3]/footer/div/div[1]/div[2]/div[3]/ul/li[1]/a","Footer","HTML"
"Hyperlink","https://www.strique.io/integrations/hubspot","https://www.strique.io/privacy-policy","172699","","Privacy Policy","200","OK","Crawlable","true","","","Root-Relative","//body/div[3]/footer/div/div[1]/div[2]/div[3]/ul/li[1]/a","Footer","HTML"
"Hyperlink","https://www.strique.io/contact?intent=careers","https://www.strique.io/privacy-policy","172699","","Privacy Policy","200","OK","Crawlable","true","","","Root-Relative","//body/div[3]/footer/div/div[1]/div[2]/div[3]/ul/li[1]/a","Footer","HTML"
"Hyperlink","https://www.strique.io/integrations/google-ads","https://www.strique.io/privacy-policy","172699","","Privacy Policy","200","OK","Crawlable","true","","","Root-Relative","//body/div[3]/footer/div/div[1]/div[2]/div[3]/ul/li[1]/a","Footer","HTML"
"Hyperlink","https://www.strique.io/integrations/meta-ads","https://www.strique.io/privacy-policy","172699","","Privacy Policy","200","OK","Crawlable","true","","","Root-Relative","//body/div[3]/footer/div/div[1]/div[2]/div[3]/ul/li[1]/a","Footer","HTML"
"Hyperlink","https://www.strique.io/careers/ai-apprentice-program","https://www.strique.io/privacy-policy","172699","","Privacy Policy","200","OK","Crawlable","true","","","Root-Relative","//body/div[3]/footer/div/div[1]/div[2]/div[3]/ul/li[1]/a","Footer","HTML"
"Hyperlink","https://www.strique.io/careers/founding-customer-engineer","https://www.strique.io/privacy-policy","172699","","Privacy Policy","200","OK","Crawlable","true","","","Root-Relative","//body/div[3]/footer/div/div[1]/div[2]/div[3]/ul/li[1]/a","Footer","HTML"
"Hyperlink","https://www.strique.io/careers/revenue-marketer","https://www.strique.io/privacy-policy","172699","","Privacy Policy","200","OK","Crawlable","true","","","Root-Relative","//body/div[3]/footer/div/div[1]/div[2]/div[3]/ul/li[1]/a","Footer","HTML"
"Hyperlink","https://www.strique.io/careers/senior-full-stack-engineer","https://www.strique.io/privacy-policy","172699","","Privacy Policy","200","OK","Crawlable","true","","","Root-Relative","//body/div[3]/footer/div/div[1]/div[2]/div[3]/ul/li[1]/a","Footer","HTML"
"Hyperlink","https://www.strique.io/careers/product-designer","https://www.strique.io/privacy-policy","172699","","Privacy Policy","200","OK","Crawlable","true","","","Root-Relative","//body/div[3]/footer/div/div[1]/div[2]/div[3]/ul/li[1]/a","Footer","HTML"
"Hyperlink","https://www.strique.io/careers/agent-infrastructure-engineer","https://www.strique.io/privacy-policy","172699","","Privacy Policy","200","OK","Crawlable","true","","","Root-Relative","//body/div[3]/footer/div/div[1]/div[2]/div[3]/ul/li[1]/a","Footer","HTML"
"Hyperlink","https://www.strique.io/careers/applied-ml-researcher","https://www.strique.io/privacy-policy","172699","","Privacy Policy","200","OK","Crawlable","true","","","Root-Relative","//body/div[3]/footer/div/div[1]/div[2]/div[3]/ul/li[1]/a","Footer","HTML"
"Hyperlink","https://www.strique.io/careers/founding-growth-engineer","https://www.strique.io/privacy-policy","172699","","Privacy Policy","200","OK","Crawlable","true","","","Root-Relative","//body/div[3]/footer/div/div[1]/div[2]/div[3]/ul/li[1]/a","Footer","HTML"
"Hyperlink","https://www.strique.io/solutions/local-services","https://www.strique.io/privacy-policy","172699","","Privacy Policy","200","OK","Crawlable","true","","","Root-Relative","//body/div[3]/footer/div/div[1]/div[2]/div[3]/ul/li[1]/a","Footer","HTML"
"Hyperlink","https://www.strique.io/solutions/agencies","https://www.strique.io/privacy-policy","172699","","Privacy Policy","200","OK","Crawlable","true","","","Root-Relative","//body/div[3]/footer/div/div[1]/div[2]/div[3]/ul/li[1]/a","Footer","HTML"
"Hyperlink","https://www.strique.io/solutions/b2b-saas","https://www.strique.io/privacy-policy","172699","","Privacy Policy","200","OK","Crawlable","true","","","Root-Relative","//body/div[3]/footer/div/div[1]/div[2]/div[3]/ul/li[1]/a","Footer","HTML"
"Hyperlink","https://www.strique.io/solutions/ecommerce","https://www.strique.io/privacy-policy","172699","","Privacy Policy","200","OK","Crawlable","true","","","Root-Relative","//body/div[3]/footer/div/div[1]/div[2]/div[3]/ul/li[1]/a","Footer","HTML"
"Hyperlink","https://www.strique.io/contact?intent=sales","https://www.strique.io/privacy-policy","172699","","Privacy Policy","200","OK","Crawlable","true","","","Root-Relative","//body/div[3]/footer/div/div[1]/div[2]/div[3]/ul/li[1]/a","Footer","HTML"
"Hyperlink","https://www.strique.io/for/founders","https://www.strique.io/privacy-policy","172699","","Privacy Policy","200","OK","Crawlable","true","","","Root-Relative","//body/div[3]/footer/div/div[1]/div[2]/div[3]/ul/li[1]/a","Footer","HTML"
"Hyperlink","https://www.strique.io/for/cmos","https://www.strique.io/privacy-policy","172699","","Privacy Policy","200","OK","Crawlable","true","","","Root-Relative","//body/div[3]/footer/div/div[1]/div[2]/div[3]/ul/li[1]/a","Footer","HTML"
"Hyperlink","https://www.strique.io/for/marketing-managers","https://www.strique.io/privacy-policy","172699","","Privacy Policy","200","OK","Crawlable","true","","","Root-Relative","//body/div[3]/footer/div/div[1]/div[2]/div[3]/ul/li[1]/a","Footer","HTML"
"Hyperlink","https://www.strique.io/vs/strique-vs-jasper","https://www.strique.io/privacy-policy","172699","","Privacy Policy","200","OK","Crawlable","true","","","Root-Relative","//body/div[3]/footer/div/div[1]/div[2]/div[3]/ul/li[1]/a","Footer","HTML"
"Hyperlink","https://www.strique.io/vs","https://www.strique.io/privacy-policy","172699","","Privacy Policy","200","OK","Crawlable","true","","","Root-Relative","//body/div[3]/footer/div/div[1]/div[2]/div[3]/ul/li[1]/a","Footer","HTML"
"Hyperlink","https://www.strique.io/vs/strique-vs-adroll","https://www.strique.io/privacy-policy","172699","","Privacy Policy","200","OK","Crawlable","true","","","Root-Relative","//body/div[3]/footer/div/div[1]/div[2]/div[3]/ul/li[1]/a","Footer","HTML"
"Hyperlink","https://www.strique.io/contact?intent=demo","https://www.strique.io/privacy-policy","172699","","Privacy Policy","200","OK","Crawlable","true","","","Root-Relative","//body/div[3]/footer/div/div[1]/div[2]/div[3]/ul/li[1]/a","Footer","HTML"
"Hyperlink","https://www.strique.io/contact?intent=careers&role=founding-growth-engineer","https://www.strique.io/privacy-policy","172699","","Privacy Policy","200","OK","Crawlable","true","","","Root-Relative","//body/div[3]/footer/div/div[1]/div[2]/div[3]/ul/li[1]/a","Footer","HTML"
"Hyperlink","https://www.strique.io/contact?intent=careers&role=applied-ml-researcher","https://www.strique.io/privacy-policy","172699","","Privacy Policy","200","OK","Crawlable","true","","","Root-Relative","//body/div[3]/footer/div/div[1]/div[2]/div[3]/ul/li[1]/a","Footer","HTML"
"Hyperlink","https://www.strique.io/contact?intent=careers&role=agent-infrastructure-engineer","https://www.strique.io/privacy-policy","172699","","Privacy Policy","200","OK","Crawlable","true","","","Root-Relative","//body/div[3]/footer/div/div[1]/div[2]/div[3]/ul/li[1]/a","Footer","HTML"
"Hyperlink","https://www.strique.io/contact?intent=careers&role=product-designer","https://www.strique.io/privacy-policy","172699","","Privacy Policy","200","OK","Crawlable","true","","","Root-Relative","//body/div[3]/footer/div/div[1]/div[2]/div[3]/ul/li[1]/a","Footer","HTML"
"Hyperlink","https://www.strique.io/contact?intent=careers&role=senior-full-stack-engineer","https://www.strique.io/privacy-policy","172699","","Privacy Policy","200","OK","Crawlable","true","","","Root-Relative","//body/div[3]/footer/div/div[1]/div[2]/div[3]/ul/li[1]/a","Footer","HTML"
"Hyperlink","https://www.strique.io/contact?intent=careers&role=revenue-marketer","https://www.strique.io/privacy-policy","172699","","Privacy Policy","200","OK","Crawlable","true","","","Root-Relative","//body/div[3]/footer/div/div[1]/div[2]/div[3]/ul/li[1]/a","Footer","HTML"
"Hyperlink","https://www.strique.io/contact?intent=careers&role=founding-customer-engineer","https://www.strique.io/privacy-policy","172699","","Privacy Policy","200","OK","Crawlable","true","","","Root-Relative","//body/div[3]/footer/div/div[1]/div[2]/div[3]/ul/li[1]/a","Footer","HTML"
"Hyperlink","https://www.strique.io/contact?intent=careers&role=ai-apprentice-program","https://www.strique.io/privacy-policy","172699","","Privacy Policy","200","OK","Crawlable","true","","","Root-Relative","//body/div[3]/footer/div/div[1]/div[2]/div[3]/ul/li[1]/a","Footer","HTML"
"HTML Canonical","https://www.strique.io/privacy-policy","https://www.strique.io/privacy-policy","172699","","","200","OK","Crawlable","true","","","Absolute","//head/link[12]","Head","HTML"
"Hyperlink","https://www.strique.io/","https://www.strique.io/trust-center","177267","","Trust center","200","OK","Crawlable","true","","","Root-Relative","//body/div[3]/footer/div/div[1]/div[2]/div[2]/ul/li[4]/a","Footer","HTML"
"Hyperlink","https://www.strique.io/","https://www.strique.io/trust-center","177267","","Strique Trust Center","200","OK","Crawlable","true","","","Root-Relative","//body/div[3]/footer/div/div[2]/div[3]/div[2]/a","Footer","HTML"
"Hyperlink","https://www.strique.io/contact","https://www.strique.io/trust-center","177267","","Trust center","200","OK","Crawlable","true","","","Root-Relative","//body/div[3]/footer/div/div[1]/div[2]/div[2]/ul/li[4]/a","Footer","HTML"
"Hyperlink","https://www.strique.io/contact","https://www.strique.io/trust-center","177267","","Strique Trust Center","200","OK","Crawlable","true","","","Root-Relative","//body/div[3]/footer/div/div[2]/div[3]/div[2]/a","Footer","HTML"
"Hyperlink","https://www.strique.io/customers/powerlook","https://www.strique.io/trust-center","177267","","Trust center","200","OK","Crawlable","true","","","Root-Relative","//body/div[3]/footer/div/div[1]/div[2]/div[2]/ul/li[4]/a","Footer","HTML"
"Hyperlink","https://www.strique.io/customers/powerlook","https://www.strique.io/trust-center","177267","","Strique Trust Center","200","OK","Crawlable","true","","","Root-Relative","//body/div[3]/footer/div/div[2]/div[3]/div[2]/a","Footer","HTML"
"Hyperlink","https://www.strique.io/customers/inc5","https://www.strique.io/trust-center","177267","","Trust center","200","OK","Crawlable","true","","","Root-Relative","//body/div[3]/footer/div/div[1]/div[2]/div[2]/ul/li[4]/a","Footer","HTML"
"Hyperlink","https://www.strique.io/customers/inc5","https://www.strique.io/trust-center","177267","","Strique Trust Center","200","OK","Crawlable","true","","","Root-Relative","//body/div[3]/footer/div/div[2]/div[3]/div[2]/a","Footer","HTML"
"Hyperlink","https://www.strique.io/customers","https://www.strique.io/trust-center","177267","","Trust center","200","OK","Crawlable","true","","","Root-Relative","//body/div[3]/footer/div/div[1]/div[2]/div[2]/ul/li[4]/a","Footer","HTML"
"Hyperlink","https://www.strique.io/customers","https://www.strique.io/trust-center","177267","","Strique Trust Center","200","OK","Crawlable","true","","","Root-Relative","//body/div[3]/footer/div/div[2]/div[3]/div[2]/a","Footer","HTML"
"Hyperlink","https://www.strique.io/product","https://www.strique.io/trust-center","177267","","Trust center","200","OK","Crawlable","true","","","Root-Relative","//body/div[3]/footer/div/div[1]/div[2]/div[2]/ul/li[4]/a","Footer","HTML"
"Hyperlink","https://www.strique.io/product","https://www.strique.io/trust-center","177267","","Strique Trust Center","200","OK","Crawlable","true","","","Root-Relative","//body/div[3]/footer/div/div[2]/div[3]/div[2]/a","Footer","HTML"
"Hyperlink","https://www.strique.io/terms","https://www.strique.io/trust-center","177267","","Trust center","200","OK","Crawlable","true","","","Root-Relative","//body/div[3]/footer/div/div[1]/div[2]/div[2]/ul/li[4]/a","Footer","HTML"
"Hyperlink","https://www.strique.io/terms","https://www.strique.io/trust-center","177267","","Strique Trust Center","200","OK","Crawlable","true","","","Root-Relative","//body/div[3]/footer/div/div[2]/div[3]/div[2]/a","Footer","HTML"
"Hyperlink","https://www.strique.io/for","https://www.strique.io/trust-center","177267","","Trust center","200","OK","Crawlable","true","","","Root-Relative","//body/div[3]/footer/div/div[1]/div[2]/div[2]/ul/li[4]/a","Footer","HTML"
"Hyperlink","https://www.strique.io/for","https://www.strique.io/trust-center","177267","","Strique Trust Center","200","OK","Crawlable","true","","","Root-Relative","//body/div[3]/footer/div/div[2]/div[3]/div[2]/a","Footer","HTML"
"Hyperlink","https://www.strique.io/pricing","https://www.strique.io/trust-center","177267","","Trust center","200","OK","Crawlable","true","","","Root-Relative","//body/div[3]/footer/div/div[1]/div[2]/div[2]/ul/li[4]/a","Footer","HTML"
"Hyperlink","https://www.strique.io/pricing","https://www.strique.io/trust-center","177267","","Strique Trust Center","200","OK","Crawlable","true","","","Root-Relative","//body/div[3]/footer/div/div[2]/div[3]/div[2]/a","Footer","HTML"
"Hyperlink","https://www.strique.io/solutions","https://www.strique.io/trust-center","177267","","Trust center","200","OK","Crawlable","true","","","Root-Relative","//body/div[3]/footer/div/div[1]/div[2]/div[2]/ul/li[4]/a","Footer","HTML"
"Hyperlink","https://www.strique.io/solutions","https://www.strique.io/trust-center","177267","","Strique Trust Center","200","OK","Crawlable","true","","","Root-Relative","//body/div[3]/footer/div/div[2]/div[3]/div[2]/a","Footer","HTML"
"Hyperlink","https://www.strique.io/privacy-policy","https://www.strique.io/trust-center","177267","","Trust center","200","OK","Crawlable","true","","","Root-Relative","//body/div[3]/footer/div/div[1]/div[2]/div[2]/ul/li[4]/a","Footer","HTML"
"Hyperlink","https://www.strique.io/privacy-policy","https://www.strique.io/trust-center","177267","","Strique Trust Center","200","OK","Crawlable","true","","","Root-Relative","//body/div[3]/footer/div/div[2]/div[3]/div[2]/a","Footer","HTML"
"Hyperlink","https://www.strique.io/trust-center","https://www.strique.io/trust-center","177267","","Request documents","200","OK","Crawlable","true","","","Path-Relative","//body/div[3]/main/section[2]/div/div[2]/a","Content","HTML"
"Hyperlink","https://www.strique.io/trust-center","https://www.strique.io/trust-center","177267","","Request documents","200","OK","Crawlable","true","","","Root-Relative","//body/div[3]/main/section[7]/div/div/div[@class='fig-final-cta-buttons']/a","Content","HTML"
"Hyperlink","https://www.strique.io/trust-center","https://www.strique.io/trust-center","177267","","Trust center","200","OK","Crawlable","true","","","Root-Relative","//body/div[3]/footer/div/div[1]/div[2]/div[2]/ul/li[4]/a","Footer","HTML"
"Hyperlink","https://www.strique.io/trust-center","https://www.strique.io/trust-center","177267","","Strique Trust Center","200","OK","Crawlable","true","","","Root-Relative","//body/div[3]/footer/div/div[2]/div[3]/div[2]/a","Footer","HTML"
"Hyperlink","https://www.strique.io/about","https://www.strique.io/trust-center","177267","","Trust center","200","OK","Crawlable","true","","","Root-Relative","//body/div[3]/footer/div/div[1]/div[2]/div[2]/ul/li[4]/a","Footer","HTML"
"Hyperlink","https://www.strique.io/about","https://www.strique.io/trust-center","177267","","Strique Trust Center","200","OK","Crawlable","true","","","Root-Relative","//body/div[3]/footer/div/div[2]/div[3]/div[2]/a","Footer","HTML"
"Hyperlink","https://www.strique.io/security","https://www.strique.io/trust-center","177267","","Visit the Trust Center","200","OK","Crawlable","true","","","Root-Relative","//body/div[3]/main/section[2]/div/div[3]/a","Content","HTML"
"Hyperlink","https://www.strique.io/security","https://www.strique.io/trust-center","177267","","Visit the Trust Center","200","OK","Crawlable","true","","","Root-Relative","//body/div[3]/main/section[5]/div/div/div[@class='fig-final-cta-buttons']/a","Content","HTML"
"Hyperlink","https://www.strique.io/security","https://www.strique.io/trust-center","177267","","Trust center","200","OK","Crawlable","true","","","Root-Relative","//body/div[3]/footer/div/div[1]/div[2]/div[2]/ul/li[4]/a","Footer","HTML"
"Hyperlink","https://www.strique.io/security","https://www.strique.io/trust-center","177267","","Strique Trust Center","200","OK","Crawlable","true","","","Root-Relative","//body/div[3]/footer/div/div[2]/div[3]/div[2]/a","Footer","HTML"
"Hyperlink","https://www.strique.io/careers","https://www.strique.io/trust-center","177267","","Trust center","200","OK","Crawlable","true","","","Root-Relative","//body/div[3]/footer/div/div[1]/div[2]/div[2]/ul/li[4]/a","Footer","HTML"
"Hyperlink","https://www.strique.io/careers","https://www.strique.io/trust-center","177267","","Strique Trust Center","200","OK","Crawlable","true","","","Root-Relative","//body/div[3]/footer/div/div[2]/div[3]/div[2]/a","Footer","HTML"
"Hyperlink","https://www.strique.io/customers/crimzon","https://www.strique.io/trust-center","177267","","Trust center","200","OK","Crawlable","true","","","Root-Relative","//body/div[3]/footer/div/div[1]/div[2]/div[2]/ul/li[4]/a","Footer","HTML"
"Hyperlink","https://www.strique.io/customers/crimzon","https://www.strique.io/trust-center","177267","","Strique Trust Center","200","OK","Crawlable","true","","","Root-Relative","//body/div[3]/footer/div/div[2]/div[3]/div[2]/a","Footer","HTML"
"Hyperlink","https://www.strique.io/integrations","https://www.strique.io/trust-center","177267","","Trust center","200","OK","Crawlable","true","","","Root-Relative","//body/div[3]/footer/div/div[1]/div[2]/div[2]/ul/li[4]/a","Footer","HTML"
"Hyperlink","https://www.strique.io/integrations","https://www.strique.io/trust-center","177267","","Strique Trust Center","200","OK","Crawlable","true","","","Root-Relative","//body/div[3]/footer/div/div[2]/div[3]/div[2]/a","Footer","HTML"
"Hyperlink","https://www.strique.io/integrations/hubspot","https://www.strique.io/trust-center","177267","","Trust center","200","OK","Crawlable","true","","","Root-Relative","//body/div[3]/footer/div/div[1]/div[2]/div[2]/ul/li[4]/a","Footer","HTML"
"Hyperlink","https://www.strique.io/integrations/hubspot","https://www.strique.io/trust-center","177267","","Strique Trust Center","200","OK","Crawlable","true","","","Root-Relative","//body/div[3]/footer/div/div[2]/div[3]/div[2]/a","Footer","HTML"
"Hyperlink","https://www.strique.io/contact?intent=careers","https://www.strique.io/trust-center","177267","","Trust center","200","OK","Crawlable","true","","","Root-Relative","//body/div[3]/footer/div/div[1]/div[2]/div[2]/ul/li[4]/a","Footer","HTML"
"Hyperlink","https://www.strique.io/contact?intent=careers","https://www.strique.io/trust-center","177267","","Strique Trust Center","200","OK","Crawlable","true","","","Root-Relative","//body/div[3]/footer/div/div[2]/div[3]/div[2]/a","Footer","HTML"
"Hyperlink","https://www.strique.io/integrations/google-ads","https://www.strique.io/trust-center","177267","","Trust center","200","OK","Crawlable","true","","","Root-Relative","//body/div[3]/footer/div/div[1]/div[2]/div[2]/ul/li[4]/a","Footer","HTML"
"Hyperlink","https://www.strique.io/integrations/google-ads","https://www.strique.io/trust-center","177267","","Strique Trust Center","200","OK","Crawlable","true","","","Root-Relative","//body/div[3]/footer/div/div[2]/div[3]/div[2]/a","Footer","HTML"
"Hyperlink","https://www.strique.io/integrations/meta-ads","https://www.strique.io/trust-center","177267","","Trust center","200","OK","Crawlable","true","","","Root-Relative","//body/div[3]/footer/div/div[1]/div[2]/div[2]/ul/li[4]/a","Footer","HTML"
"Hyperlink","https://www.strique.io/integrations/meta-ads","https://www.strique.io/trust-center","177267","","Strique Trust Center","200","OK","Crawlable","true","","","Root-Relative","//body/div[3]/footer/div/div[2]/div[3]/div[2]/a","Footer","HTML"
"Hyperlink","https://www.strique.io/careers/ai-apprentice-program","https://www.strique.io/trust-center","177267","","Trust center","200","OK","Crawlable","true","","","Root-Relative","//body/div[3]/footer/div/div[1]/div[2]/div[2]/ul/li[4]/a","Footer","HTML"
"Hyperlink","https://www.strique.io/careers/ai-apprentice-program","https://www.strique.io/trust-center","177267","","Strique Trust Center","200","OK","Crawlable","true","","","Root-Relative","//body/div[3]/footer/div/div[2]/div[3]/div[2]/a","Footer","HTML"
"Hyperlink","https://www.strique.io/careers/founding-customer-engineer","https://www.strique.io/trust-center","177267","","Trust center","200","OK","Crawlable","true","","","Root-Relative","//body/div[3]/footer/div/div[1]/div[2]/div[2]/ul/li[4]/a","Footer","HTML"
"Hyperlink","https://www.strique.io/careers/founding-customer-engineer","https://www.strique.io/trust-center","177267","","Strique Trust Center","200","OK","Crawlable","true","","","Root-Relative","//body/div[3]/footer/div/div[2]/div[3]/div[2]/a","Footer","HTML"
"Hyperlink","https://www.strique.io/careers/revenue-marketer","https://www.strique.io/trust-center","177267","","Trust center","200","OK","Crawlable","true","","","Root-Relative","//body/div[3]/footer/div/div[1]/div[2]/div[2]/ul/li[4]/a","Footer","HTML"
"Hyperlink","https://www.strique.io/careers/revenue-marketer","https://www.strique.io/trust-center","177267","","Strique Trust Center","200","OK","Crawlable","true","","","Root-Relative","//body/div[3]/footer/div/div[2]/div[3]/div[2]/a","Footer","HTML"
"Hyperlink","https://www.strique.io/careers/senior-full-stack-engineer","https://www.strique.io/trust-center","177267","","Trust center","200","OK","Crawlable","true","","","Root-Relative","//body/div[3]/footer/div/div[1]/div[2]/div[2]/ul/li[4]/a","Footer","HTML"
"Hyperlink","https://www.strique.io/careers/senior-full-stack-engineer","https://www.strique.io/trust-center","177267","","Strique Trust Center","200","OK","Crawlable","true","","","Root-Relative","//body/div[3]/footer/div/div[2]/div[3]/div[2]/a","Footer","HTML"
"Hyperlink","https://www.strique.io/careers/product-designer","https://www.strique.io/trust-center","177267","","Trust center","200","OK","Crawlable","true","","","Root-Relative","//body/div[3]/footer/div/div[1]/div[2]/div[2]/ul/li[4]/a","Footer","HTML"
"Hyperlink","https://www.strique.io/careers/product-designer","https://www.strique.io/trust-center","177267","","Strique Trust Center","200","OK","Crawlable","true","","","Root-Relative","//body/div[3]/footer/div/div[2]/div[3]/div[2]/a","Footer","HTML"
"Hyperlink","https://www.strique.io/careers/agent-infrastructure-engineer","https://www.strique.io/trust-center","177267","","Trust center","200","OK","Crawlable","true","","","Root-Relative","//body/div[3]/footer/div/div[1]/div[2]/div[2]/ul/li[4]/a","Footer","HTML"
"Hyperlink","https://www.strique.io/careers/agent-infrastructure-engineer","https://www.strique.io/trust-center","177267","","Strique Trust Center","200","OK","Crawlable","true","","","Root-Relative","//body/div[3]/footer/div/div[2]/div[3]/div[2]/a","Footer","HTML"
"Hyperlink","https://www.strique.io/careers/applied-ml-researcher","https://www.strique.io/trust-center","177267","","Trust center","200","OK","Crawlable","true","","","Root-Relative","//body/div[3]/footer/div/div[1]/div[2]/div[2]/ul/li[4]/a","Footer","HTML"
"Hyperlink","https://www.strique.io/careers/applied-ml-researcher","https://www.strique.io/trust-center","177267","","Strique Trust Center","200","OK","Crawlable","true","","","Root-Relative","//body/div[3]/footer/div/div[2]/div[3]/div[2]/a","Footer","HTML"
"Hyperlink","https://www.strique.io/careers/founding-growth-engineer","https://www.strique.io/trust-center","177267","","Trust center","200","OK","Crawlable","true","","","Root-Relative","//body/div[3]/footer/div/div[1]/div[2]/div[2]/ul/li[4]/a","Footer","HTML"
"Hyperlink","https://www.strique.io/careers/founding-growth-engineer","https://www.strique.io/trust-center","177267","","Strique Trust Center","200","OK","Crawlable","true","","","Root-Relative","//body/div[3]/footer/div/div[2]/div[3]/div[2]/a","Footer","HTML"
"Hyperlink","https://www.strique.io/solutions/local-services","https://www.strique.io/trust-center","177267","","Trust center","200","OK","Crawlable","true","","","Root-Relative","//body/div[3]/footer/div/div[1]/div[2]/div[2]/ul/li[4]/a","Footer","HTML"
"Hyperlink","https://www.strique.io/solutions/local-services","https://www.strique.io/trust-center","177267","","Strique Trust Center","200","OK","Crawlable","true","","","Root-Relative","//body/div[3]/footer/div/div[2]/div[3]/div[2]/a","Footer","HTML"
"Hyperlink","https://www.strique.io/solutions/agencies","https://www.strique.io/trust-center","177267","","Trust center","200","OK","Crawlable","true","","","Root-Relative","//body/div[3]/footer/div/div[1]/div[2]/div[2]/ul/li[4]/a","Footer","HTML"
"Hyperlink","https://www.strique.io/solutions/agencies","https://www.strique.io/trust-center","177267","","Strique Trust Center","200","OK","Crawlable","true","","","Root-Relative","//body/div[3]/footer/div/div[2]/div[3]/div[2]/a","Footer","HTML"
"Hyperlink","https://www.strique.io/solutions/b2b-saas","https://www.strique.io/trust-center","177267","","Trust center","200","OK","Crawlable","true","","","Root-Relative","//body/div[3]/footer/div/div[1]/div[2]/div[2]/ul/li[4]/a","Footer","HTML"
"Hyperlink","https://www.strique.io/solutions/b2b-saas","https://www.strique.io/trust-center","177267","","Strique Trust Center","200","OK","Crawlable","true","","","Root-Relative","//body/div[3]/footer/div/div[2]/div[3]/div[2]/a","Footer","HTML"
"Hyperlink","https://www.strique.io/solutions/ecommerce","https://www.strique.io/trust-center","177267","","Trust center","200","OK","Crawlable","true","","","Root-Relative","//body/div[3]/footer/div/div[1]/div[2]/div[2]/ul/li[4]/a","Footer","HTML"
"Hyperlink","https://www.strique.io/solutions/ecommerce","https://www.strique.io/trust-center","177267","","Strique Trust Center","200","OK","Crawlable","true","","","Root-Relative","//body/div[3]/footer/div/div[2]/div[3]/div[2]/a","Footer","HTML"
"Hyperlink","https://www.strique.io/contact?intent=sales","https://www.strique.io/trust-center","177267","","Trust center","200","OK","Crawlable","true","","","Root-Relative","//body/div[3]/footer/div/div[1]/div[2]/div[2]/ul/li[4]/a","Footer","HTML"
"Hyperlink","https://www.strique.io/contact?intent=sales","https://www.strique.io/trust-center","177267","","Strique Trust Center","200","OK","Crawlable","true","","","Root-Relative","//body/div[3]/footer/div/div[2]/div[3]/div[2]/a","Footer","HTML"
"Hyperlink","https://www.strique.io/for/founders","https://www.strique.io/trust-center","177267","","Trust center","200","OK","Crawlable","true","","","Root-Relative","//body/div[3]/footer/div/div[1]/div[2]/div[2]/ul/li[4]/a","Footer","HTML"
"Hyperlink","https://www.strique.io/for/founders","https://www.strique.io/trust-center","177267","","Strique Trust Center","200","OK","Crawlable","true","","","Root-Relative","//body/div[3]/footer/div/div[2]/div[3]/div[2]/a","Footer","HTML"
"Hyperlink","https://www.strique.io/for/cmos","https://www.strique.io/trust-center","177267","","Trust center","200","OK","Crawlable","true","","","Root-Relative","//body/div[3]/footer/div/div[1]/div[2]/div[2]/ul/li[4]/a","Footer","HTML"
"Hyperlink","https://www.strique.io/for/cmos","https://www.strique.io/trust-center","177267","","Strique Trust Center","200","OK","Crawlable","true","","","Root-Relative","//body/div[3]/footer/div/div[2]/div[3]/div[2]/a","Footer","HTML"
"Hyperlink","https://www.strique.io/for/marketing-managers","https://www.strique.io/trust-center","177267","","Trust center","200","OK","Crawlable","true","","","Root-Relative","//body/div[3]/footer/div/div[1]/div[2]/div[2]/ul/li[4]/a","Footer","HTML"
"Hyperlink","https://www.strique.io/for/marketing-managers","https://www.strique.io/trust-center","177267","","Strique Trust Center","200","OK","Crawlable","true","","","Root-Relative","//body/div[3]/footer/div/div[2]/div[3]/div[2]/a","Footer","HTML"
"Hyperlink","https://www.strique.io/vs/strique-vs-jasper","https://www.strique.io/trust-center","177267","","Trust center","200","OK","Crawlable","true","","","Root-Relative","//body/div[3]/footer/div/div[1]/div[2]/div[2]/ul/li[4]/a","Footer","HTML"
"Hyperlink","https://www.strique.io/vs/strique-vs-jasper","https://www.strique.io/trust-center","177267","","Strique Trust Center","200","OK","Crawlable","true","","","Root-Relative","//body/div[3]/footer/div/div[2]/div[3]/div[2]/a","Footer","HTML"
"Hyperlink","https://www.strique.io/vs","https://www.strique.io/trust-center","177267","","Trust center","200","OK","Crawlable","true","","","Root-Relative","//body/div[3]/footer/div/div[1]/div[2]/div[2]/ul/li[4]/a","Footer","HTML"
"Hyperlink","https://www.strique.io/vs","https://www.strique.io/trust-center","177267","","Strique Trust Center","200","OK","Crawlable","true","","","Root-Relative","//body/div[3]/footer/div/div[2]/div[3]/div[2]/a","Footer","HTML"
"Hyperlink","https://www.strique.io/vs/strique-vs-adroll","https://www.strique.io/trust-center","177267","","Trust center","200","OK","Crawlable","true","","","Root-Relative","//body/div[3]/footer/div/div[1]/div[2]/div[2]/ul/li[4]/a","Footer","HTML"
"Hyperlink","https://www.strique.io/vs/strique-vs-adroll","https://www.strique.io/trust-center","177267","","Strique Trust Center","200","OK","Crawlable","true","","","Root-Relative","//body/div[3]/footer/div/div[2]/div[3]/div[2]/a","Footer","HTML"
"Hyperlink","https://www.strique.io/contact?intent=demo","https://www.strique.io/trust-center","177267","","Trust center","200","OK","Crawlable","true","","","Root-Relative","//body/div[3]/footer/div/div[1]/div[2]/div[2]/ul/li[4]/a","Footer","HTML"
"Hyperlink","https://www.strique.io/contact?intent=demo","https://www.strique.io/trust-center","177267","","Strique Trust Center","200","OK","Crawlable","true","","","Root-Relative","//body/div[3]/footer/div/div[2]/div[3]/div[2]/a","Footer","HTML"
"Hyperlink","https://www.strique.io/contact?intent=careers&role=founding-growth-engineer","https://www.strique.io/trust-center","177267","","Trust center","200","OK","Crawlable","true","","","Root-Relative","//body/div[3]/footer/div/div[1]/div[2]/div[2]/ul/li[4]/a","Footer","HTML"
"Hyperlink","https://www.strique.io/contact?intent=careers&role=founding-growth-engineer","https://www.strique.io/trust-center","177267","","Strique Trust Center","200","OK","Crawlable","true","","","Root-Relative","//body/div[3]/footer/div/div[2]/div[3]/div[2]/a","Footer","HTML"
"Hyperlink","https://www.strique.io/contact?intent=careers&role=applied-ml-researcher","https://www.strique.io/trust-center","177267","","Trust center","200","OK","Crawlable","true","","","Root-Relative","//body/div[3]/footer/div/div[1]/div[2]/div[2]/ul/li[4]/a","Footer","HTML"
"Hyperlink","https://www.strique.io/contact?intent=careers&role=applied-ml-researcher","https://www.strique.io/trust-center","177267","","Strique Trust Center","200","OK","Crawlable","true","","","Root-Relative","//body/div[3]/footer/div/div[2]/div[3]/div[2]/a","Footer","HTML"
"Hyperlink","https://www.strique.io/contact?intent=careers&role=agent-infrastructure-engineer","https://www.strique.io/trust-center","177267","","Trust center","200","OK","Crawlable","true","","","Root-Relative","//body/div[3]/footer/div/div[1]/div[2]/div[2]/ul/li[4]/a","Footer","HTML"
"Hyperlink","https://www.strique.io/contact?intent=careers&role=agent-infrastructure-engineer","https://www.strique.io/trust-center","177267","","Strique Trust Center","200","OK","Crawlable","true","","","Root-Relative","//body/div[3]/footer/div/div[2]/div[3]/div[2]/a","Footer","HTML"
"Hyperlink","https://www.strique.io/contact?intent=careers&role=product-designer","https://www.strique.io/trust-center","177267","","Trust center","200","OK","Crawlable","true","","","Root-Relative","//body/div[3]/footer/div/div[1]/div[2]/div[2]/ul/li[4]/a","Footer","HTML"
"Hyperlink","https://www.strique.io/contact?intent=careers&role=product-designer","https://www.strique.io/trust-center","177267","","Strique Trust Center","200","OK","Crawlable","true","","","Root-Relative","//body/div[3]/footer/div/div[2]/div[3]/div[2]/a","Footer","HTML"
"Hyperlink","https://www.strique.io/contact?intent=careers&role=senior-full-stack-engineer","https://www.strique.io/trust-center","177267","","Trust center","200","OK","Crawlable","true","","","Root-Relative","//body/div[3]/footer/div/div[1]/div[2]/div[2]/ul/li[4]/a","Footer","HTML"
"Hyperlink","https://www.strique.io/contact?intent=careers&role=senior-full-stack-engineer","https://www.strique.io/trust-center","177267","","Strique Trust Center","200","OK","Crawlable","true","","","Root-Relative","//body/div[3]/footer/div/div[2]/div[3]/div[2]/a","Footer","HTML"
"Hyperlink","https://www.strique.io/contact?intent=careers&role=revenue-marketer","https://www.strique.io/trust-center","177267","","Trust center","200","OK","Crawlable","true","","","Root-Relative","//body/div[3]/footer/div/div[1]/div[2]/div[2]/ul/li[4]/a","Footer","HTML"
"Hyperlink","https://www.strique.io/contact?intent=careers&role=revenue-marketer","https://www.strique.io/trust-center","177267","","Strique Trust Center","200","OK","Crawlable","true","","","Root-Relative","//body/div[3]/footer/div/div[2]/div[3]/div[2]/a","Footer","HTML"
"Hyperlink","https://www.strique.io/contact?intent=careers&role=founding-customer-engineer","https://www.strique.io/trust-center","177267","","Trust center","200","OK","Crawlable","true","","","Root-Relative","//body/div[3]/footer/div/div[1]/div[2]/div[2]/ul/li[4]/a","Footer","HTML"
"Hyperlink","https://www.strique.io/contact?intent=careers&role=founding-customer-engineer","https://www.strique.io/trust-center","177267","","Strique Trust Center","200","OK","Crawlable","true","","","Root-Relative","//body/div[3]/footer/div/div[2]/div[3]/div[2]/a","Footer","HTML"
"Hyperlink","https://www.strique.io/contact?intent=careers&role=ai-apprentice-program","https://www.strique.io/trust-center","177267","","Trust center","200","OK","Crawlable","true","","","Root-Relative","//body/div[3]/footer/div/div[1]/div[2]/div[2]/ul/li[4]/a","Footer","HTML"
"Hyperlink","https://www.strique.io/contact?intent=careers&role=ai-apprentice-program","https://www.strique.io/trust-center","177267","","Strique Trust Center","200","OK","Crawlable","true","","","Root-Relative","//body/div[3]/footer/div/div[2]/div[3]/div[2]/a","Footer","HTML"
"HTML Canonical","https://www.strique.io/trust-center","https://www.strique.io/trust-center","177267","","","200","OK","Crawlable","true","","","Absolute","//head/link[24]","Head","HTML"
"Image","https://www.strique.io/","https://www.google.com/s2/favicons?domain=n8n.io&sz=64","0","n8n","","0","Blocked by robots.txt","Crawlable","true","","","Absolute","//body/div[3]/main/div/section[6]/div[2]/div[2]/div/div[5]/img","Content","HTML"
"Image","https://www.strique.io/","https://www.google.com/s2/favicons?domain=n8n.io&sz=64","0","n8n","","0","Blocked by robots.txt","Crawlable","true","","","Absolute","//body/div[3]/main/div/section[6]/div[2]/div[2]/div/div[15]/img","Content","HTML"
"Image","https://www.strique.io/product","https://www.google.com/s2/favicons?domain=n8n.io&sz=64","0","n8n","","0","Blocked by robots.txt","Crawlable","true","","","Absolute","//body/div[3]/main/section[6]/div[2]/div[2]/div/div[5]/img","Content","HTML"
"Image","https://www.strique.io/product","https://www.google.com/s2/favicons?domain=n8n.io&sz=64","0","n8n","","0","Blocked by robots.txt","Crawlable","true","","","Absolute","//body/div[3]/main/section[6]/div[2]/div[2]/div/div[15]/img","Content","HTML"
"Image","https://www.strique.io/","https://www.strique.io/images/figma/crimzon-logo.png","11636","Crimzon","","200","OK","Crawlable","true","","","Root-Relative","//body/div[3]/main/div/section[2]/div/div[@class='fig-trust-header']/div/div[4]/img","Header","HTML"
"Hyperlink","https://www.strique.io/","https://www.strique.io/about","109424","","About","200","OK","Crawlable","true","","","Root-Relative","//body/div[3]/footer/div/div[1]/div[2]/div[2]/ul/li[1]/a","Footer","HTML"
"Hyperlink","https://www.strique.io/contact","https://www.strique.io/about","109424","","About","200","OK","Crawlable","true","","","Root-Relative","//body/div[3]/footer/div/div[1]/div[2]/div[2]/ul/li[1]/a","Footer","HTML"
"Hyperlink","https://www.strique.io/customers/powerlook","https://www.strique.io/about","109424","","About","200","OK","Crawlable","true","","","Root-Relative","//body/div[3]/footer/div/div[1]/div[2]/div[2]/ul/li[1]/a","Footer","HTML"
"Hyperlink","https://www.strique.io/customers/inc5","https://www.strique.io/about","109424","","About","200","OK","Crawlable","true","","","Root-Relative","//body/div[3]/footer/div/div[1]/div[2]/div[2]/ul/li[1]/a","Footer","HTML"
"Hyperlink","https://www.strique.io/customers","https://www.strique.io/about","109424","","About","200","OK","Crawlable","true","","","Root-Relative","//body/div[3]/footer/div/div[1]/div[2]/div[2]/ul/li[1]/a","Footer","HTML"
"Hyperlink","https://www.strique.io/product","https://www.strique.io/about","109424","","About","200","OK","Crawlable","true","","","Root-Relative","//body/div[3]/footer/div/div[1]/div[2]/div[2]/ul/li[1]/a","Footer","HTML"
"Hyperlink","https://www.strique.io/terms","https://www.strique.io/about","109424","","About","200","OK","Crawlable","true","","","Root-Relative","//body/div[3]/footer/div/div[1]/div[2]/div[2]/ul/li[1]/a","Footer","HTML"
"Hyperlink","https://www.strique.io/for","https://www.strique.io/about","109424","","About","200","OK","Crawlable","true","","","Root-Relative","//body/div[3]/footer/div/div[1]/div[2]/div[2]/ul/li[1]/a","Footer","HTML"
"Hyperlink","https://www.strique.io/pricing","https://www.strique.io/about","109424","","About","200","OK","Crawlable","true","","","Root-Relative","//body/div[3]/footer/div/div[1]/div[2]/div[2]/ul/li[1]/a","Footer","HTML"
"Hyperlink","https://www.strique.io/solutions","https://www.strique.io/about","109424","","About","200","OK","Crawlable","true","","","Root-Relative","//body/div[3]/footer/div/div[1]/div[2]/div[2]/ul/li[1]/a","Footer","HTML"
"Hyperlink","https://www.strique.io/privacy-policy","https://www.strique.io/about","109424","","About","200","OK","Crawlable","true","","","Root-Relative","//body/div[3]/footer/div/div[1]/div[2]/div[2]/ul/li[1]/a","Footer","HTML"
"Hyperlink","https://www.strique.io/trust-center","https://www.strique.io/about","109424","","About","200","OK","Crawlable","true","","","Root-Relative","//body/div[3]/footer/div/div[1]/div[2]/div[2]/ul/li[1]/a","Footer","HTML"
"Hyperlink","https://www.strique.io/about","https://www.strique.io/about","109424","","About","200","OK","Crawlable","true","","","Root-Relative","//body/div[3]/footer/div/div[1]/div[2]/div[2]/ul/li[1]/a","Footer","HTML"
"Hyperlink","https://www.strique.io/security","https://www.strique.io/about","109424","","About","200","OK","Crawlable","true","","","Root-Relative","//body/div[3]/footer/div/div[1]/div[2]/div[2]/ul/li[1]/a","Footer","HTML"
"Hyperlink","https://www.strique.io/careers","https://www.strique.io/about","109424","","About","200","OK","Crawlable","true","","","Root-Relative","//body/div[3]/footer/div/div[1]/div[2]/div[2]/ul/li[1]/a","Footer","HTML"
"Hyperlink","https://www.strique.io/customers/crimzon","https://www.strique.io/about","109424","","About","200","OK","Crawlable","true","","","Root-Relative","//body/div[3]/footer/div/div[1]/div[2]/div[2]/ul/li[1]/a","Footer","HTML"
"Hyperlink","https://www.strique.io/integrations","https://www.strique.io/about","109424","","About","200","OK","Crawlable","true","","","Root-Relative","//body/div[3]/footer/div/div[1]/div[2]/div[2]/ul/li[1]/a","Footer","HTML"
"Hyperlink","https://www.strique.io/integrations/hubspot","https://www.strique.io/about","109424","","About","200","OK","Crawlable","true","","","Root-Relative","//body/div[3]/footer/div/div[1]/div[2]/div[2]/ul/li[1]/a","Footer","HTML"
"Hyperlink","https://www.strique.io/contact?intent=careers","https://www.strique.io/about","109424","","About","200","OK","Crawlable","true","","","Root-Relative","//body/div[3]/footer/div/div[1]/div[2]/div[2]/ul/li[1]/a","Footer","HTML"
"Hyperlink","https://www.strique.io/integrations/google-ads","https://www.strique.io/about","109424","","About","200","OK","Crawlable","true","","","Root-Relative","//body/div[3]/footer/div/div[1]/div[2]/div[2]/ul/li[1]/a","Footer","HTML"
"Hyperlink","https://www.strique.io/integrations/meta-ads","https://www.strique.io/about","109424","","About","200","OK","Crawlable","true","","","Root-Relative","//body/div[3]/footer/div/div[1]/div[2]/div[2]/ul/li[1]/a","Footer","HTML"
"Hyperlink","https://www.strique.io/careers/ai-apprentice-program","https://www.strique.io/about","109424","","About","200","OK","Crawlable","true","","","Root-Relative","//body/div[3]/footer/div/div[1]/div[2]/div[2]/ul/li[1]/a","Footer","HTML"
"Hyperlink","https://www.strique.io/careers/founding-customer-engineer","https://www.strique.io/about","109424","","About","200","OK","Crawlable","true","","","Root-Relative","//body/div[3]/footer/div/div[1]/div[2]/div[2]/ul/li[1]/a","Footer","HTML"
"Hyperlink","https://www.strique.io/careers/revenue-marketer","https://www.strique.io/about","109424","","About","200","OK","Crawlable","true","","","Root-Relative","//body/div[3]/footer/div/div[1]/div[2]/div[2]/ul/li[1]/a","Footer","HTML"
"Hyperlink","https://www.strique.io/careers/senior-full-stack-engineer","https://www.strique.io/about","109424","","About","200","OK","Crawlable","true","","","Root-Relative","//body/div[3]/footer/div/div[1]/div[2]/div[2]/ul/li[1]/a","Footer","HTML"
"Hyperlink","https://www.strique.io/careers/product-designer","https://www.strique.io/about","109424","","About","200","OK","Crawlable","true","","","Root-Relative","//body/div[3]/footer/div/div[1]/div[2]/div[2]/ul/li[1]/a","Footer","HTML"
"Hyperlink","https://www.strique.io/careers/agent-infrastructure-engineer","https://www.strique.io/about","109424","","About","200","OK","Crawlable","true","","","Root-Relative","//body/div[3]/footer/div/div[1]/div[2]/div[2]/ul/li[1]/a","Footer","HTML"
"Hyperlink","https://www.strique.io/careers/applied-ml-researcher","https://www.strique.io/about","109424","","About","200","OK","Crawlable","true","","","Root-Relative","//body/div[3]/footer/div/div[1]/div[2]/div[2]/ul/li[1]/a","Footer","HTML"
"Hyperlink","https://www.strique.io/careers/founding-growth-engineer","https://www.strique.io/about","109424","","About","200","OK","Crawlable","true","","","Root-Relative","//body/div[3]/footer/div/div[1]/div[2]/div[2]/ul/li[1]/a","Footer","HTML"
"Hyperlink","https://www.strique.io/solutions/local-services","https://www.strique.io/about","109424","","About","200","OK","Crawlable","true","","","Root-Relative","//body/div[3]/footer/div/div[1]/div[2]/div[2]/ul/li[1]/a","Footer","HTML"
"Hyperlink","https://www.strique.io/solutions/agencies","https://www.strique.io/about","109424","","About","200","OK","Crawlable","true","","","Root-Relative","//body/div[3]/footer/div/div[1]/div[2]/div[2]/ul/li[1]/a","Footer","HTML"
"Hyperlink","https://www.strique.io/solutions/b2b-saas","https://www.strique.io/about","109424","","About","200","OK","Crawlable","true","","","Root-Relative","//body/div[3]/footer/div/div[1]/div[2]/div[2]/ul/li[1]/a","Footer","HTML"
"Hyperlink","https://www.strique.io/solutions/ecommerce","https://www.strique.io/about","109424","","About","200","OK","Crawlable","true","","","Root-Relative","//body/div[3]/footer/div/div[1]/div[2]/div[2]/ul/li[1]/a","Footer","HTML"
"Hyperlink","https://www.strique.io/contact?intent=sales","https://www.strique.io/about","109424","","About","200","OK","Crawlable","true","","","Root-Relative","//body/div[3]/footer/div/div[1]/div[2]/div[2]/ul/li[1]/a","Footer","HTML"
"Hyperlink","https://www.strique.io/for/founders","https://www.strique.io/about","109424","","About","200","OK","Crawlable","true","","","Root-Relative","//body/div[3]/footer/div/div[1]/div[2]/div[2]/ul/li[1]/a","Footer","HTML"
"Hyperlink","https://www.strique.io/for/cmos","https://www.strique.io/about","109424","","About","200","OK","Crawlable","true","","","Root-Relative","//body/div[3]/footer/div/div[1]/div[2]/div[2]/ul/li[1]/a","Footer","HTML"
"Hyperlink","https://www.strique.io/for/marketing-managers","https://www.strique.io/about","109424","","About","200","OK","Crawlable","true","","","Root-Relative","//body/div[3]/footer/div/div[1]/div[2]/div[2]/ul/li[1]/a","Footer","HTML"
"Hyperlink","https://www.strique.io/vs/strique-vs-jasper","https://www.strique.io/about","109424","","About","200","OK","Crawlable","true","","","Root-Relative","//body/div[3]/footer/div/div[1]/div[2]/div[2]/ul/li[1]/a","Footer","HTML"
"Hyperlink","https://www.strique.io/vs","https://www.strique.io/about","109424","","About","200","OK","Crawlable","true","","","Root-Relative","//body/div[3]/footer/div/div[1]/div[2]/div[2]/ul/li[1]/a","Footer","HTML"
"Hyperlink","https://www.strique.io/vs/strique-vs-adroll","https://www.strique.io/about","109424","","About","200","OK","Crawlable","true","","","Root-Relative","//body/div[3]/footer/div/div[1]/div[2]/div[2]/ul/li[1]/a","Footer","HTML"
"Hyperlink","https://www.strique.io/contact?intent=demo","https://www.strique.io/about","109424","","About","200","OK","Crawlable","true","","","Root-Relative","//body/div[3]/footer/div/div[1]/div[2]/div[2]/ul/li[1]/a","Footer","HTML"
"Hyperlink","https://www.strique.io/contact?intent=careers&role=founding-growth-engineer","https://www.strique.io/about","109424","","About","200","OK","Crawlable","true","","","Root-Relative","//body/div[3]/footer/div/div[1]/div[2]/div[2]/ul/li[1]/a","Footer","HTML"
"Hyperlink","https://www.strique.io/contact?intent=careers&role=applied-ml-researcher","https://www.strique.io/about","109424","","About","200","OK","Crawlable","true","","","Root-Relative","//body/div[3]/footer/div/div[1]/div[2]/div[2]/ul/li[1]/a","Footer","HTML"
"Hyperlink","https://www.strique.io/contact?intent=careers&role=agent-infrastructure-engineer","https://www.strique.io/about","109424","","About","200","OK","Crawlable","true","","","Root-Relative","//body/div[3]/footer/div/div[1]/div[2]/div[2]/ul/li[1]/a","Footer","HTML"
"Hyperlink","https://www.strique.io/contact?intent=careers&role=product-designer","https://www.strique.io/about","109424","","About","200","OK","Crawlable","true","","","Root-Relative","//body/div[3]/footer/div/div[1]/div[2]/div[2]/ul/li[1]/a","Footer","HTML"
"Hyperlink","https://www.strique.io/contact?intent=careers&role=senior-full-stack-engineer","https://www.strique.io/about","109424","","About","200","OK","Crawlable","true","","","Root-Relative","//body/div[3]/footer/div/div[1]/div[2]/div[2]/ul/li[1]/a","Footer","HTML"
"Hyperlink","https://www.strique.io/contact?intent=careers&role=revenue-marketer","https://www.strique.io/about","109424","","About","200","OK","Crawlable","true","","","Root-Relative","//body/div[3]/footer/div/div[1]/div[2]/div[2]/ul/li[1]/a","Footer","HTML"
"Hyperlink","https://www.strique.io/contact?intent=careers&role=founding-customer-engineer","https://www.strique.io/about","109424","","About","200","OK","Crawlable","true","","","Root-Relative","//body/div[3]/footer/div/div[1]/div[2]/div[2]/ul/li[1]/a","Footer","HTML"
"Hyperlink","https://www.strique.io/contact?intent=careers&role=ai-apprentice-program","https://www.strique.io/about","109424","","About","200","OK","Crawlable","true","","","Root-Relative","//body/div[3]/footer/div/div[1]/div[2]/div[2]/ul/li[1]/a","Footer","HTML"
"HTML Canonical","https://www.strique.io/about","https://www.strique.io/about","109424","","","200","OK","Crawlable","true","","","Absolute","//head/link[12]","Head","HTML"
"Image","https://www.strique.io/","https://www.google.com/s2/favicons?domain=ads.google.com&sz=64","0","Google Ads","","0","Blocked by robots.txt","Crawlable","true","","","Absolute","//body/div[3]/main/div/section[6]/div[2]/div[1]/div/div[2]/img","Content","HTML"
"Image","https://www.strique.io/","https://www.google.com/s2/favicons?domain=ads.google.com&sz=64","0","Google Ads","","0","Blocked by robots.txt","Crawlable","true","","","Absolute","//body/div[3]/main/div/section[6]/div[2]/div[1]/div/div[12]/img","Content","HTML"
"Image","https://www.strique.io/product","https://www.google.com/s2/favicons?domain=ads.google.com&sz=64","0","Google Ads","","0","Blocked by robots.txt","Crawlable","true","","","Absolute","//body/div[3]/main/section[6]/div[2]/div[1]/div/div[2]/img","Content","HTML"
"Image","https://www.strique.io/product","https://www.google.com/s2/favicons?domain=ads.google.com&sz=64","0","Google Ads","","0","Blocked by robots.txt","Crawlable","true","","","Absolute","//body/div[3]/main/section[6]/div[2]/div[1]/div/div[12]/img","Content","HTML"
"JavaScript","https://www.strique.io/","https://www.strique.io/_next/static/chunks/2c3511fe-5e924dd31e2cd67a.js","0","","","200","OK","Crawlable","true","","","Root-Relative","//head/script[1]","Head","HTML"
"JavaScript","https://www.strique.io/contact","https://www.strique.io/_next/static/chunks/2c3511fe-5e924dd31e2cd67a.js","0","","","200","OK","Crawlable","true","","","Root-Relative","//head/script[1]","Head","HTML"
"JavaScript","https://www.strique.io/customers/powerlook","https://www.strique.io/_next/static/chunks/2c3511fe-5e924dd31e2cd67a.js","0","","","200","OK","Crawlable","true","","","Root-Relative","//head/script[1]","Head","HTML"
"JavaScript","https://www.strique.io/customers/inc5","https://www.strique.io/_next/static/chunks/2c3511fe-5e924dd31e2cd67a.js","0","","","200","OK","Crawlable","true","","","Root-Relative","//head/script[1]","Head","HTML"
"JavaScript","https://www.strique.io/customers","https://www.strique.io/_next/static/chunks/2c3511fe-5e924dd31e2cd67a.js","0","","","200","OK","Crawlable","true","","","Root-Relative","//head/script[1]","Head","HTML"
"JavaScript","https://www.strique.io/product","https://www.strique.io/_next/static/chunks/2c3511fe-5e924dd31e2cd67a.js","0","","","200","OK","Crawlable","true","","","Root-Relative","//head/script[1]","Head","HTML"
"JavaScript","https://www.strique.io/terms","https://www.strique.io/_next/static/chunks/2c3511fe-5e924dd31e2cd67a.js","0","","","200","OK","Crawlable","true","","","Root-Relative","//head/script[1]","Head","HTML"
"JavaScript","https://www.strique.io/for","https://www.strique.io/_next/static/chunks/2c3511fe-5e924dd31e2cd67a.js","0","","","200","OK","Crawlable","true","","","Root-Relative","//head/script[1]","Head","HTML"
"JavaScript","https://www.strique.io/pricing","https://www.strique.io/_next/static/chunks/2c3511fe-5e924dd31e2cd67a.js","0","","","200","OK","Crawlable","true","","","Root-Relative","//head/script[1]","Head","HTML"
"JavaScript","https://www.strique.io/solutions","https://www.strique.io/_next/static/chunks/2c3511fe-5e924dd31e2cd67a.js","0","","","200","OK","Crawlable","true","","","Root-Relative","//head/script[1]","Head","HTML"
"JavaScript","https://www.strique.io/privacy-policy","https://www.strique.io/_next/static/chunks/2c3511fe-5e924dd31e2cd67a.js","0","","","200","OK","Crawlable","true","","","Root-Relative","//head/script[1]","Head","HTML"
"JavaScript","https://www.strique.io/trust-center","https://www.strique.io/_next/static/chunks/2c3511fe-5e924dd31e2cd67a.js","0","","","200","OK","Crawlable","true","","","Root-Relative","//head/script[1]","Head","HTML"
"JavaScript","https://www.strique.io/about","https://www.strique.io/_next/static/chunks/2c3511fe-5e924dd31e2cd67a.js","0","","","200","OK","Crawlable","true","","","Root-Relative","//head/script[1]","Head","HTML"
"JavaScript","https://www.strique.io/security","https://www.strique.io/_next/static/chunks/2c3511fe-5e924dd31e2cd67a.js","0","","","200","OK","Crawlable","true","","","Root-Relative","//head/script[1]","Head","HTML"
"JavaScript","https://www.strique.io/careers","https://www.strique.io/_next/static/chunks/2c3511fe-5e924dd31e2cd67a.js","0","","","200","OK","Crawlable","true","","","Root-Relative","//head/script[1]","Head","HTML"
"JavaScript","https://www.strique.io/customers/crimzon","https://www.strique.io/_next/static/chunks/2c3511fe-5e924dd31e2cd67a.js","0","","","200","OK","Crawlable","true","","","Root-Relative","//head/script[1]","Head","HTML"
"JavaScript","https://www.strique.io/integrations","https://www.strique.io/_next/static/chunks/2c3511fe-5e924dd31e2cd67a.js","0","","","200","OK","Crawlable","true","","","Root-Relative","//head/script[1]","Head","HTML"
"JavaScript","https://www.strique.io/integrations/hubspot","https://www.strique.io/_next/static/chunks/2c3511fe-5e924dd31e2cd67a.js","0","","","200","OK","Crawlable","true","","","Root-Relative","//head/script[1]","Head","HTML"
"JavaScript","https://www.strique.io/contact?intent=careers","https://www.strique.io/_next/static/chunks/2c3511fe-5e924dd31e2cd67a.js","0","","","200","OK","Crawlable","true","","","Root-Relative","//head/script[1]","Head","HTML"
"JavaScript","https://www.strique.io/integrations/google-ads","https://www.strique.io/_next/static/chunks/2c3511fe-5e924dd31e2cd67a.js","0","","","200","OK","Crawlable","true","","","Root-Relative","//head/script[1]","Head","HTML"
"JavaScript","https://www.strique.io/integrations/meta-ads","https://www.strique.io/_next/static/chunks/2c3511fe-5e924dd31e2cd67a.js","0","","","200","OK","Crawlable","true","","","Root-Relative","//head/script[1]","Head","HTML"
"JavaScript","https://www.strique.io/careers/ai-apprentice-program","https://www.strique.io/_next/static/chunks/2c3511fe-5e924dd31e2cd67a.js","0","","","200","OK","Crawlable","true","","","Root-Relative","//head/script[1]","Head","HTML"
"JavaScript","https://www.strique.io/careers/founding-customer-engineer","https://www.strique.io/_next/static/chunks/2c3511fe-5e924dd31e2cd67a.js","0","","","200","OK","Crawlable","true","","","Root-Relative","//head/script[1]","Head","HTML"
"JavaScript","https://www.strique.io/careers/revenue-marketer","https://www.strique.io/_next/static/chunks/2c3511fe-5e924dd31e2cd67a.js","0","","","200","OK","Crawlable","true","","","Root-Relative","//head/script[1]","Head","HTML"
"JavaScript","https://www.strique.io/careers/senior-full-stack-engineer","https://www.strique.io/_next/static/chunks/2c3511fe-5e924dd31e2cd67a.js","0","","","200","OK","Crawlable","true","","","Root-Relative","//head/script[1]","Head","HTML"
"JavaScript","https://www.strique.io/careers/product-designer","https://www.strique.io/_next/static/chunks/2c3511fe-5e924dd31e2cd67a.js","0","","","200","OK","Crawlable","true","","","Root-Relative","//head/script[1]","Head","HTML"
"JavaScript","https://www.strique.io/careers/agent-infrastructure-engineer","https://www.strique.io/_next/static/chunks/2c3511fe-5e924dd31e2cd67a.js","0","","","200","OK","Crawlable","true","","","Root-Relative","//head/script[1]","Head","HTML"
"JavaScript","https://www.strique.io/careers/applied-ml-researcher","https://www.strique.io/_next/static/chunks/2c3511fe-5e924dd31e2cd67a.js","0","","","200","OK","Crawlable","true","","","Root-Relative","//head/script[1]","Head","HTML"
"JavaScript","https://www.strique.io/careers/founding-growth-engineer","https://www.strique.io/_next/static/chunks/2c3511fe-5e924dd31e2cd67a.js","0","","","200","OK","Crawlable","true","","","Root-Relative","//head/script[1]","Head","HTML"
"JavaScript","https://www.strique.io/solutions/local-services","https://www.strique.io/_next/static/chunks/2c3511fe-5e924dd31e2cd67a.js","0","","","200","OK","Crawlable","true","","","Root-Relative","//head/script[1]","Head","HTML"
"JavaScript","https://www.strique.io/solutions/agencies","https://www.strique.io/_next/static/chunks/2c3511fe-5e924dd31e2cd67a.js","0","","","200","OK","Crawlable","true","","","Root-Relative","//head/script[1]","Head","HTML"
"JavaScript","https://www.strique.io/solutions/b2b-saas","https://www.strique.io/_next/static/chunks/2c3511fe-5e924dd31e2cd67a.js","0","","","200","OK","Crawlable","true","","","Root-Relative","//head/script[1]","Head","HTML"
"JavaScript","https://www.strique.io/solutions/ecommerce","https://www.strique.io/_next/static/chunks/2c3511fe-5e924dd31e2cd67a.js","0","","","200","OK","Crawlable","true","","","Root-Relative","//head/script[1]","Head","HTML"
"JavaScript","https://www.strique.io/contact?intent=sales","https://www.strique.io/_next/static/chunks/2c3511fe-5e924dd31e2cd67a.js","0","","","200","OK","Crawlable","true","","","Root-Relative","//head/script[1]","Head","HTML"
"JavaScript","https://www.strique.io/for/founders","https://www.strique.io/_next/static/chunks/2c3511fe-5e924dd31e2cd67a.js","0","","","200","OK","Crawlable","true","","","Root-Relative","//head/script[1]","Head","HTML"
"JavaScript","https://www.strique.io/for/cmos","https://www.strique.io/_next/static/chunks/2c3511fe-5e924dd31e2cd67a.js","0","","","200","OK","Crawlable","true","","","Root-Relative","//head/script[1]","Head","HTML"
"JavaScript","https://www.strique.io/for/marketing-managers","https://www.strique.io/_next/static/chunks/2c3511fe-5e924dd31e2cd67a.js","0","","","200","OK","Crawlable","true","","","Root-Relative","//head/script[1]","Head","HTML"
"JavaScript","https://www.strique.io/vs/strique-vs-jasper","https://www.strique.io/_next/static/chunks/2c3511fe-5e924dd31e2cd67a.js","0","","","200","OK","Crawlable","true","","","Root-Relative","//head/script[1]","Head","HTML"
"JavaScript","https://www.strique.io/vs","https://www.strique.io/_next/static/chunks/2c3511fe-5e924dd31e2cd67a.js","0","","","200","OK","Crawlable","true","","","Root-Relative","//head/script[1]","Head","HTML"
"JavaScript","https://www.strique.io/vs/strique-vs-adroll","https://www.strique.io/_next/static/chunks/2c3511fe-5e924dd31e2cd67a.js","0","","","200","OK","Crawlable","true","","","Root-Relative","//head/script[1]","Head","HTML"
"JavaScript","https://www.strique.io/contact?intent=demo","https://www.strique.io/_next/static/chunks/2c3511fe-5e924dd31e2cd67a.js","0","","","200","OK","Crawlable","true","","","Root-Relative","//head/script[1]","Head","HTML"
"JavaScript","https://www.strique.io/contact?intent=careers&role=founding-growth-engineer","https://www.strique.io/_next/static/chunks/2c3511fe-5e924dd31e2cd67a.js","0","","","200","OK","Crawlable","true","","","Root-Relative","//head/script[1]","Head","HTML"
"JavaScript","https://www.strique.io/contact?intent=careers&role=applied-ml-researcher","https://www.strique.io/_next/static/chunks/2c3511fe-5e924dd31e2cd67a.js","0","","","200","OK","Crawlable","true","","","Root-Relative","//head/script[1]","Head","HTML"
"JavaScript","https://www.strique.io/contact?intent=careers&role=agent-infrastructure-engineer","https://www.strique.io/_next/static/chunks/2c3511fe-5e924dd31e2cd67a.js","0","","","200","OK","Crawlable","true","","","Root-Relative","//head/script[1]","Head","HTML"
"JavaScript","https://www.strique.io/contact?intent=careers&role=product-designer","https://www.strique.io/_next/static/chunks/2c3511fe-5e924dd31e2cd67a.js","0","","","200","OK","Crawlable","true","","","Root-Relative","//head/script[1]","Head","HTML"
"JavaScript","https://www.strique.io/contact?intent=careers&role=senior-full-stack-engineer","https://www.strique.io/_next/static/chunks/2c3511fe-5e924dd31e2cd67a.js","0","","","200","OK","Crawlable","true","","","Root-Relative","//head/script[1]","Head","HTML"
"JavaScript","https://www.strique.io/contact?intent=careers&role=revenue-marketer","https://www.strique.io/_next/static/chunks/2c3511fe-5e924dd31e2cd67a.js","0","","","200","OK","Crawlable","true","","","Root-Relative","//head/script[1]","Head","HTML"
"JavaScript","https://www.strique.io/contact?intent=careers&role=founding-customer-engineer","https://www.strique.io/_next/static/chunks/2c3511fe-5e924dd31e2cd67a.js","0","","","200","OK","Crawlable","true","","","Root-Relative","//head/script[1]","Head","HTML"
"JavaScript","https://www.strique.io/contact?intent=careers&role=ai-apprentice-program","https://www.strique.io/_next/static/chunks/2c3511fe-5e924dd31e2cd67a.js","0","","","200","OK","Crawlable","true","","","Root-Relative","//head/script[1]","Head","HTML"
"Image","https://www.strique.io/","https://www.strique.io/images/figma/inc5-logo.png","7415","Inc.5 Shoes","","200","OK","Crawlable","true","","","Root-Relative","//body/div[3]/main/div/section[2]/div/div[@class='fig-trust-header']/div/div[5]/img","Header","HTML"
"Image","https://www.strique.io/","https://www.google.com/s2/favicons?domain=shopify.com&sz=32","0","Shopify","","0","Blocked by robots.txt","Crawlable","true","","","Absolute","//body/div[3]/main/div/section[1]/div/div[1]/div/div/div[@class='fig-hero-ratings']/div[3]/img","Content","HTML"
"Image","https://www.strique.io/","https://www.strique.io/ad%20examples/ad-8.png","10779000","","","200","OK","Crawlable","true","","","Root-Relative","//body/div[3]/main/div/section[7]/div[2]/div/div[6]/img","Content","HTML"
"Image","https://www.strique.io/","https://www.strique.io/ad%20examples/ad-8.png","10779000","","","200","OK","Crawlable","true","","","Root-Relative","//body/div[3]/main/div/section[7]/div[2]/div/div[15]/img","Content","HTML"
"Hyperlink","https://www.strique.io/","https://www.strique.io/security","123958","","Security","200","OK","Crawlable","true","","","Root-Relative","//body/div[3]/footer/div/div[1]/div[2]/div[3]/ul/li[3]/a","Footer","HTML"
"Hyperlink","https://www.strique.io/contact","https://www.strique.io/security","123958","","Security","200","OK","Crawlable","true","","","Root-Relative","//body/div[3]/footer/div/div[1]/div[2]/div[3]/ul/li[3]/a","Footer","HTML"
"Hyperlink","https://www.strique.io/customers/powerlook","https://www.strique.io/security","123958","","Security","200","OK","Crawlable","true","","","Root-Relative","//body/div[3]/footer/div/div[1]/div[2]/div[3]/ul/li[3]/a","Footer","HTML"
"Hyperlink","https://www.strique.io/customers/inc5","https://www.strique.io/security","123958","","Security","200","OK","Crawlable","true","","","Root-Relative","//body/div[3]/footer/div/div[1]/div[2]/div[3]/ul/li[3]/a","Footer","HTML"
"Hyperlink","https://www.strique.io/customers","https://www.strique.io/security","123958","","Security","200","OK","Crawlable","true","","","Root-Relative","//body/div[3]/footer/div/div[1]/div[2]/div[3]/ul/li[3]/a","Footer","HTML"
"Hyperlink","https://www.strique.io/product","https://www.strique.io/security","123958","","Security","200","OK","Crawlable","true","","","Root-Relative","//body/div[3]/footer/div/div[1]/div[2]/div[3]/ul/li[3]/a","Footer","HTML"
"Hyperlink","https://www.strique.io/terms","https://www.strique.io/security","123958","","Security","200","OK","Crawlable","true","","","Root-Relative","//body/div[3]/footer/div/div[1]/div[2]/div[3]/ul/li[3]/a","Footer","HTML"
"Hyperlink","https://www.strique.io/for","https://www.strique.io/security","123958","","Security","200","OK","Crawlable","true","","","Root-Relative","//body/div[3]/footer/div/div[1]/div[2]/div[3]/ul/li[3]/a","Footer","HTML"
"Hyperlink","https://www.strique.io/pricing","https://www.strique.io/security","123958","","Security","200","OK","Crawlable","true","","","Root-Relative","//body/div[3]/footer/div/div[1]/div[2]/div[3]/ul/li[3]/a","Footer","HTML"
"Hyperlink","https://www.strique.io/solutions","https://www.strique.io/security","123958","","Security","200","OK","Crawlable","true","","","Root-Relative","//body/div[3]/footer/div/div[1]/div[2]/div[3]/ul/li[3]/a","Footer","HTML"
"Hyperlink","https://www.strique.io/privacy-policy","https://www.strique.io/security","123958","","Security","200","OK","Crawlable","true","","","Root-Relative","//body/div[3]/footer/div/div[1]/div[2]/div[3]/ul/li[3]/a","Footer","HTML"
"Hyperlink","https://www.strique.io/trust-center","https://www.strique.io/security","123958","","Security","200","OK","Crawlable","true","","","Root-Relative","//body/div[3]/footer/div/div[1]/div[2]/div[3]/ul/li[3]/a","Footer","HTML"
"Hyperlink","https://www.strique.io/about","https://www.strique.io/security","123958","","Security","200","OK","Crawlable","true","","","Root-Relative","//body/div[3]/footer/div/div[1]/div[2]/div[3]/ul/li[3]/a","Footer","HTML"
"Hyperlink","https://www.strique.io/security","https://www.strique.io/security","123958","","Security","200","OK","Crawlable","true","","","Root-Relative","//body/div[3]/footer/div/div[1]/div[2]/div[3]/ul/li[3]/a","Footer","HTML"
"Hyperlink","https://www.strique.io/careers","https://www.strique.io/security","123958","","Security","200","OK","Crawlable","true","","","Root-Relative","//body/div[3]/footer/div/div[1]/div[2]/div[3]/ul/li[3]/a","Footer","HTML"
"Hyperlink","https://www.strique.io/customers/crimzon","https://www.strique.io/security","123958","","Security","200","OK","Crawlable","true","","","Root-Relative","//body/div[3]/footer/div/div[1]/div[2]/div[3]/ul/li[3]/a","Footer","HTML"
"Hyperlink","https://www.strique.io/integrations","https://www.strique.io/security","123958","","Security","200","OK","Crawlable","true","","","Root-Relative","//body/div[3]/footer/div/div[1]/div[2]/div[3]/ul/li[3]/a","Footer","HTML"
"Hyperlink","https://www.strique.io/integrations/hubspot","https://www.strique.io/security","123958","","Security","200","OK","Crawlable","true","","","Root-Relative","//body/div[3]/footer/div/div[1]/div[2]/div[3]/ul/li[3]/a","Footer","HTML"
"Hyperlink","https://www.strique.io/contact?intent=careers","https://www.strique.io/security","123958","","Security","200","OK","Crawlable","true","","","Root-Relative","//body/div[3]/footer/div/div[1]/div[2]/div[3]/ul/li[3]/a","Footer","HTML"
"Hyperlink","https://www.strique.io/integrations/google-ads","https://www.strique.io/security","123958","","Security","200","OK","Crawlable","true","","","Root-Relative","//body/div[3]/footer/div/div[1]/div[2]/div[3]/ul/li[3]/a","Footer","HTML"
"Hyperlink","https://www.strique.io/integrations/meta-ads","https://www.strique.io/security","123958","","Security","200","OK","Crawlable","true","","","Root-Relative","//body/div[3]/footer/div/div[1]/div[2]/div[3]/ul/li[3]/a","Footer","HTML"
"Hyperlink","https://www.strique.io/careers/ai-apprentice-program","https://www.strique.io/security","123958","","Security","200","OK","Crawlable","true","","","Root-Relative","//body/div[3]/footer/div/div[1]/div[2]/div[3]/ul/li[3]/a","Footer","HTML"
"Hyperlink","https://www.strique.io/careers/founding-customer-engineer","https://www.strique.io/security","123958","","Security","200","OK","Crawlable","true","","","Root-Relative","//body/div[3]/footer/div/div[1]/div[2]/div[3]/ul/li[3]/a","Footer","HTML"
"Hyperlink","https://www.strique.io/careers/revenue-marketer","https://www.strique.io/security","123958","","Security","200","OK","Crawlable","true","","","Root-Relative","//body/div[3]/footer/div/div[1]/div[2]/div[3]/ul/li[3]/a","Footer","HTML"
"Hyperlink","https://www.strique.io/careers/senior-full-stack-engineer","https://www.strique.io/security","123958","","Security","200","OK","Crawlable","true","","","Root-Relative","//body/div[3]/footer/div/div[1]/div[2]/div[3]/ul/li[3]/a","Footer","HTML"
"Hyperlink","https://www.strique.io/careers/product-designer","https://www.strique.io/security","123958","","Security","200","OK","Crawlable","true","","","Root-Relative","//body/div[3]/footer/div/div[1]/div[2]/div[3]/ul/li[3]/a","Footer","HTML"
"Hyperlink","https://www.strique.io/careers/agent-infrastructure-engineer","https://www.strique.io/security","123958","","Security","200","OK","Crawlable","true","","","Root-Relative","//body/div[3]/footer/div/div[1]/div[2]/div[3]/ul/li[3]/a","Footer","HTML"
"Hyperlink","https://www.strique.io/careers/applied-ml-researcher","https://www.strique.io/security","123958","","Security","200","OK","Crawlable","true","","","Root-Relative","//body/div[3]/footer/div/div[1]/div[2]/div[3]/ul/li[3]/a","Footer","HTML"
"Hyperlink","https://www.strique.io/careers/founding-growth-engineer","https://www.strique.io/security","123958","","Security","200","OK","Crawlable","true","","","Root-Relative","//body/div[3]/footer/div/div[1]/div[2]/div[3]/ul/li[3]/a","Footer","HTML"
"Hyperlink","https://www.strique.io/solutions/local-services","https://www.strique.io/security","123958","","Security","200","OK","Crawlable","true","","","Root-Relative","//body/div[3]/footer/div/div[1]/div[2]/div[3]/ul/li[3]/a","Footer","HTML"
"Hyperlink","https://www.strique.io/solutions/agencies","https://www.strique.io/security","123958","","Security","200","OK","Crawlable","true","","","Root-Relative","//body/div[3]/footer/div/div[1]/div[2]/div[3]/ul/li[3]/a","Footer","HTML"
"Hyperlink","https://www.strique.io/solutions/b2b-saas","https://www.strique.io/security","123958","","Security","200","OK","Crawlable","true","","","Root-Relative","//body/div[3]/footer/div/div[1]/div[2]/div[3]/ul/li[3]/a","Footer","HTML"
"Hyperlink","https://www.strique.io/solutions/ecommerce","https://www.strique.io/security","123958","","Security","200","OK","Crawlable","true","","","Root-Relative","//body/div[3]/footer/div/div[1]/div[2]/div[3]/ul/li[3]/a","Footer","HTML"
"Hyperlink","https://www.strique.io/contact?intent=sales","https://www.strique.io/security","123958","","Security","200","OK","Crawlable","true","","","Root-Relative","//body/div[3]/footer/div/div[1]/div[2]/div[3]/ul/li[3]/a","Footer","HTML"
"Hyperlink","https://www.strique.io/for/founders","https://www.strique.io/security","123958","","Security","200","OK","Crawlable","true","","","Root-Relative","//body/div[3]/footer/div/div[1]/div[2]/div[3]/ul/li[3]/a","Footer","HTML"
"Hyperlink","https://www.strique.io/for/cmos","https://www.strique.io/security","123958","","Security","200","OK","Crawlable","true","","","Root-Relative","//body/div[3]/footer/div/div[1]/div[2]/div[3]/ul/li[3]/a","Footer","HTML"
"Hyperlink","https://www.strique.io/for/marketing-managers","https://www.strique.io/security","123958","","Security","200","OK","Crawlable","true","","","Root-Relative","//body/div[3]/footer/div/div[1]/div[2]/div[3]/ul/li[3]/a","Footer","HTML"
"Hyperlink","https://www.strique.io/vs/strique-vs-jasper","https://www.strique.io/security","123958","","Security","200","OK","Crawlable","true","","","Root-Relative","//body/div[3]/footer/div/div[1]/div[2]/div[3]/ul/li[3]/a","Footer","HTML"
"Hyperlink","https://www.strique.io/vs","https://www.strique.io/security","123958","","Security","200","OK","Crawlable","true","","","Root-Relative","//body/div[3]/footer/div/div[1]/div[2]/div[3]/ul/li[3]/a","Footer","HTML"
"Hyperlink","https://www.strique.io/vs/strique-vs-adroll","https://www.strique.io/security","123958","","Security","200","OK","Crawlable","true","","","Root-Relative","//body/div[3]/footer/div/div[1]/div[2]/div[3]/ul/li[3]/a","Footer","HTML"
"Hyperlink","https://www.strique.io/contact?intent=demo","https://www.strique.io/security","123958","","Security","200","OK","Crawlable","true","","","Root-Relative","//body/div[3]/footer/div/div[1]/div[2]/div[3]/ul/li[3]/a","Footer","HTML"
"Hyperlink","https://www.strique.io/contact?intent=careers&role=founding-growth-engineer","https://www.strique.io/security","123958","","Security","200","OK","Crawlable","true","","","Root-Relative","//body/div[3]/footer/div/div[1]/div[2]/div[3]/ul/li[3]/a","Footer","HTML"
"Hyperlink","https://www.strique.io/contact?intent=careers&role=applied-ml-researcher","https://www.strique.io/security","123958","","Security","200","OK","Crawlable","true","","","Root-Relative","//body/div[3]/footer/div/div[1]/div[2]/div[3]/ul/li[3]/a","Footer","HTML"
"Hyperlink","https://www.strique.io/contact?intent=careers&role=agent-infrastructure-engineer","https://www.strique.io/security","123958","","Security","200","OK","Crawlable","true","","","Root-Relative","//body/div[3]/footer/div/div[1]/div[2]/div[3]/ul/li[3]/a","Footer","HTML"
"Hyperlink","https://www.strique.io/contact?intent=careers&role=product-designer","https://www.strique.io/security","123958","","Security","200","OK","Crawlable","true","","","Root-Relative","//body/div[3]/footer/div/div[1]/div[2]/div[3]/ul/li[3]/a","Footer","HTML"
"Hyperlink","https://www.strique.io/contact?intent=careers&role=senior-full-stack-engineer","https://www.strique.io/security","123958","","Security","200","OK","Crawlable","true","","","Root-Relative","//body/div[3]/footer/div/div[1]/div[2]/div[3]/ul/li[3]/a","Footer","HTML"
"Hyperlink","https://www.strique.io/contact?intent=careers&role=revenue-marketer","https://www.strique.io/security","123958","","Security","200","OK","Crawlable","true","","","Root-Relative","//body/div[3]/footer/div/div[1]/div[2]/div[3]/ul/li[3]/a","Footer","HTML"
"Hyperlink","https://www.strique.io/contact?intent=careers&role=founding-customer-engineer","https://www.strique.io/security","123958","","Security","200","OK","Crawlable","true","","","Root-Relative","//body/div[3]/footer/div/div[1]/div[2]/div[3]/ul/li[3]/a","Footer","HTML"
"Hyperlink","https://www.strique.io/contact?intent=careers&role=ai-apprentice-program","https://www.strique.io/security","123958","","Security","200","OK","Crawlable","true","","","Root-Relative","//body/div[3]/footer/div/div[1]/div[2]/div[3]/ul/li[3]/a","Footer","HTML"
"HTML Canonical","https://www.strique.io/security","https://www.strique.io/security","123958","","","200","OK","Crawlable","true","","","Absolute","//head/link[12]","Head","HTML"
"JavaScript","https://www.strique.io/","https://www.strique.io/_next/static/chunks/app/layout-08221f52ccadf891.js","0","","","200","OK","Crawlable","true","","","Root-Relative","//head/script[10]","Head","HTML"
"JavaScript","https://www.strique.io/contact","https://www.strique.io/_next/static/chunks/app/layout-08221f52ccadf891.js","0","","","200","OK","Crawlable","true","","","Root-Relative","//head/script[10]","Head","HTML"
"JavaScript","https://www.strique.io/customers/powerlook","https://www.strique.io/_next/static/chunks/app/layout-08221f52ccadf891.js","0","","","200","OK","Crawlable","true","","","Root-Relative","//head/script[10]","Head","HTML"
"JavaScript","https://www.strique.io/customers/inc5","https://www.strique.io/_next/static/chunks/app/layout-08221f52ccadf891.js","0","","","200","OK","Crawlable","true","","","Root-Relative","//head/script[10]","Head","HTML"
"JavaScript","https://www.strique.io/customers","https://www.strique.io/_next/static/chunks/app/layout-08221f52ccadf891.js","0","","","200","OK","Crawlable","true","","","Root-Relative","//head/script[10]","Head","HTML"
"JavaScript","https://www.strique.io/product","https://www.strique.io/_next/static/chunks/app/layout-08221f52ccadf891.js","0","","","200","OK","Crawlable","true","","","Root-Relative","//head/script[10]","Head","HTML"
"JavaScript","https://www.strique.io/terms","https://www.strique.io/_next/static/chunks/app/layout-08221f52ccadf891.js","0","","","200","OK","Crawlable","true","","","Root-Relative","//head/script[10]","Head","HTML"
"JavaScript","https://www.strique.io/for","https://www.strique.io/_next/static/chunks/app/layout-08221f52ccadf891.js","0","","","200","OK","Crawlable","true","","","Root-Relative","//head/script[10]","Head","HTML"
"JavaScript","https://www.strique.io/pricing","https://www.strique.io/_next/static/chunks/app/layout-08221f52ccadf891.js","0","","","200","OK","Crawlable","true","","","Root-Relative","//head/script[10]","Head","HTML"
"JavaScript","https://www.strique.io/solutions","https://www.strique.io/_next/static/chunks/app/layout-08221f52ccadf891.js","0","","","200","OK","Crawlable","true","","","Root-Relative","//head/script[10]","Head","HTML"
"JavaScript","https://www.strique.io/privacy-policy","https://www.strique.io/_next/static/chunks/app/layout-08221f52ccadf891.js","0","","","200","OK","Crawlable","true","","","Root-Relative","//head/script[10]","Head","HTML"
"JavaScript","https://www.strique.io/trust-center","https://www.strique.io/_next/static/chunks/app/layout-08221f52ccadf891.js","0","","","200","OK","Crawlable","true","","","Root-Relative","//head/script[10]","Head","HTML"
"JavaScript","https://www.strique.io/about","https://www.strique.io/_next/static/chunks/app/layout-08221f52ccadf891.js","0","","","200","OK","Crawlable","true","","","Root-Relative","//head/script[10]","Head","HTML"
"JavaScript","https://www.strique.io/security","https://www.strique.io/_next/static/chunks/app/layout-08221f52ccadf891.js","0","","","200","OK","Crawlable","true","","","Root-Relative","//head/script[10]","Head","HTML"
"JavaScript","https://www.strique.io/careers","https://www.strique.io/_next/static/chunks/app/layout-08221f52ccadf891.js","0","","","200","OK","Crawlable","true","","","Root-Relative","//head/script[10]","Head","HTML"
"JavaScript","https://www.strique.io/customers/crimzon","https://www.strique.io/_next/static/chunks/app/layout-08221f52ccadf891.js","0","","","200","OK","Crawlable","true","","","Root-Relative","//head/script[10]","Head","HTML"
"JavaScript","https://www.strique.io/integrations","https://www.strique.io/_next/static/chunks/app/layout-08221f52ccadf891.js","0","","","200","OK","Crawlable","true","","","Root-Relative","//head/script[10]","Head","HTML"
"JavaScript","https://www.strique.io/integrations/hubspot","https://www.strique.io/_next/static/chunks/app/layout-08221f52ccadf891.js","0","","","200","OK","Crawlable","true","","","Root-Relative","//head/script[10]","Head","HTML"
"JavaScript","https://www.strique.io/contact?intent=careers","https://www.strique.io/_next/static/chunks/app/layout-08221f52ccadf891.js","0","","","200","OK","Crawlable","true","","","Root-Relative","//head/script[10]","Head","HTML"
"JavaScript","https://www.strique.io/integrations/google-ads","https://www.strique.io/_next/static/chunks/app/layout-08221f52ccadf891.js","0","","","200","OK","Crawlable","true","","","Root-Relative","//head/script[10]","Head","HTML"
"JavaScript","https://www.strique.io/integrations/meta-ads","https://www.strique.io/_next/static/chunks/app/layout-08221f52ccadf891.js","0","","","200","OK","Crawlable","true","","","Root-Relative","//head/script[10]","Head","HTML"
"JavaScript","https://www.strique.io/careers/ai-apprentice-program","https://www.strique.io/_next/static/chunks/app/layout-08221f52ccadf891.js","0","","","200","OK","Crawlable","true","","","Root-Relative","//head/script[10]","Head","HTML"
"JavaScript","https://www.strique.io/careers/founding-customer-engineer","https://www.strique.io/_next/static/chunks/app/layout-08221f52ccadf891.js","0","","","200","OK","Crawlable","true","","","Root-Relative","//head/script[10]","Head","HTML"
"JavaScript","https://www.strique.io/careers/revenue-marketer","https://www.strique.io/_next/static/chunks/app/layout-08221f52ccadf891.js","0","","","200","OK","Crawlable","true","","","Root-Relative","//head/script[10]","Head","HTML"
"JavaScript","https://www.strique.io/careers/senior-full-stack-engineer","https://www.strique.io/_next/static/chunks/app/layout-08221f52ccadf891.js","0","","","200","OK","Crawlable","true","","","Root-Relative","//head/script[10]","Head","HTML"
"JavaScript","https://www.strique.io/careers/product-designer","https://www.strique.io/_next/static/chunks/app/layout-08221f52ccadf891.js","0","","","200","OK","Crawlable","true","","","Root-Relative","//head/script[10]","Head","HTML"
"JavaScript","https://www.strique.io/careers/agent-infrastructure-engineer","https://www.strique.io/_next/static/chunks/app/layout-08221f52ccadf891.js","0","","","200","OK","Crawlable","true","","","Root-Relative","//head/script[10]","Head","HTML"
"JavaScript","https://www.strique.io/careers/applied-ml-researcher","https://www.strique.io/_next/static/chunks/app/layout-08221f52ccadf891.js","0","","","200","OK","Crawlable","true","","","Root-Relative","//head/script[10]","Head","HTML"
"JavaScript","https://www.strique.io/careers/founding-growth-engineer","https://www.strique.io/_next/static/chunks/app/layout-08221f52ccadf891.js","0","","","200","OK","Crawlable","true","","","Root-Relative","//head/script[10]","Head","HTML"
"JavaScript","https://www.strique.io/solutions/local-services","https://www.strique.io/_next/static/chunks/app/layout-08221f52ccadf891.js","0","","","200","OK","Crawlable","true","","","Root-Relative","//head/script[10]","Head","HTML"
"JavaScript","https://www.strique.io/solutions/agencies","https://www.strique.io/_next/static/chunks/app/layout-08221f52ccadf891.js","0","","","200","OK","Crawlable","true","","","Root-Relative","//head/script[10]","Head","HTML"
"JavaScript","https://www.strique.io/solutions/b2b-saas","https://www.strique.io/_next/static/chunks/app/layout-08221f52ccadf891.js","0","","","200","OK","Crawlable","true","","","Root-Relative","//head/script[10]","Head","HTML"
"JavaScript","https://www.strique.io/solutions/ecommerce","https://www.strique.io/_next/static/chunks/app/layout-08221f52ccadf891.js","0","","","200","OK","Crawlable","true","","","Root-Relative","//head/script[10]","Head","HTML"
"JavaScript","https://www.strique.io/contact?intent=sales","https://www.strique.io/_next/static/chunks/app/layout-08221f52ccadf891.js","0","","","200","OK","Crawlable","true","","","Root-Relative","//head/script[10]","Head","HTML"
"JavaScript","https://www.strique.io/for/founders","https://www.strique.io/_next/static/chunks/app/layout-08221f52ccadf891.js","0","","","200","OK","Crawlable","true","","","Root-Relative","//head/script[10]","Head","HTML"
"JavaScript","https://www.strique.io/for/cmos","https://www.strique.io/_next/static/chunks/app/layout-08221f52ccadf891.js","0","","","200","OK","Crawlable","true","","","Root-Relative","//head/script[10]","Head","HTML"
"JavaScript","https://www.strique.io/for/marketing-managers","https://www.strique.io/_next/static/chunks/app/layout-08221f52ccadf891.js","0","","","200","OK","Crawlable","true","","","Root-Relative","//head/script[10]","Head","HTML"
"JavaScript","https://www.strique.io/vs/strique-vs-jasper","https://www.strique.io/_next/static/chunks/app/layout-08221f52ccadf891.js","0","","","200","OK","Crawlable","true","","","Root-Relative","//head/script[10]","Head","HTML"
"JavaScript","https://www.strique.io/vs","https://www.strique.io/_next/static/chunks/app/layout-08221f52ccadf891.js","0","","","200","OK","Crawlable","true","","","Root-Relative","//head/script[10]","Head","HTML"
"JavaScript","https://www.strique.io/vs/strique-vs-adroll","https://www.strique.io/_next/static/chunks/app/layout-08221f52ccadf891.js","0","","","200","OK","Crawlable","true","","","Root-Relative","//head/script[10]","Head","HTML"
"JavaScript","https://www.strique.io/contact?intent=demo","https://www.strique.io/_next/static/chunks/app/layout-08221f52ccadf891.js","0","","","200","OK","Crawlable","true","","","Root-Relative","//head/script[10]","Head","HTML"
"JavaScript","https://www.strique.io/contact?intent=careers&role=founding-growth-engineer","https://www.strique.io/_next/static/chunks/app/layout-08221f52ccadf891.js","0","","","200","OK","Crawlable","true","","","Root-Relative","//head/script[10]","Head","HTML"
"JavaScript","https://www.strique.io/contact?intent=careers&role=applied-ml-researcher","https://www.strique.io/_next/static/chunks/app/layout-08221f52ccadf891.js","0","","","200","OK","Crawlable","true","","","Root-Relative","//head/script[10]","Head","HTML"
"JavaScript","https://www.strique.io/contact?intent=careers&role=agent-infrastructure-engineer","https://www.strique.io/_next/static/chunks/app/layout-08221f52ccadf891.js","0","","","200","OK","Crawlable","true","","","Root-Relative","//head/script[10]","Head","HTML"
"JavaScript","https://www.strique.io/contact?intent=careers&role=product-designer","https://www.strique.io/_next/static/chunks/app/layout-08221f52ccadf891.js","0","","","200","OK","Crawlable","true","","","Root-Relative","//head/script[10]","Head","HTML"
"JavaScript","https://www.strique.io/contact?intent=careers&role=senior-full-stack-engineer","https://www.strique.io/_next/static/chunks/app/layout-08221f52ccadf891.js","0","","","200","OK","Crawlable","true","","","Root-Relative","//head/script[10]","Head","HTML"
"JavaScript","https://www.strique.io/contact?intent=careers&role=revenue-marketer","https://www.strique.io/_next/static/chunks/app/layout-08221f52ccadf891.js","0","","","200","OK","Crawlable","true","","","Root-Relative","//head/script[10]","Head","HTML"
"JavaScript","https://www.strique.io/contact?intent=careers&role=founding-customer-engineer","https://www.strique.io/_next/static/chunks/app/layout-08221f52ccadf891.js","0","","","200","OK","Crawlable","true","","","Root-Relative","//head/script[10]","Head","HTML"
"JavaScript","https://www.strique.io/contact?intent=careers&role=ai-apprentice-program","https://www.strique.io/_next/static/chunks/app/layout-08221f52ccadf891.js","0","","","200","OK","Crawlable","true","","","Root-Relative","//head/script[10]","Head","HTML"
"Hyperlink","https://www.strique.io/","https://www.strique.io/careers","127533","","Careers","200","OK","Crawlable","true","","","Root-Relative","//body/div[3]/footer/div/div[1]/div[2]/div[2]/ul/li[2]/a","Footer","HTML"
"Hyperlink","https://www.strique.io/contact","https://www.strique.io/careers","127533","","Careers","200","OK","Crawlable","true","","","Root-Relative","//body/div[3]/footer/div/div[1]/div[2]/div[2]/ul/li[2]/a","Footer","HTML"
"Hyperlink","https://www.strique.io/customers/powerlook","https://www.strique.io/careers","127533","","Careers","200","OK","Crawlable","true","","","Root-Relative","//body/div[3]/footer/div/div[1]/div[2]/div[2]/ul/li[2]/a","Footer","HTML"
"Hyperlink","https://www.strique.io/customers/inc5","https://www.strique.io/careers","127533","","Careers","200","OK","Crawlable","true","","","Root-Relative","//body/div[3]/footer/div/div[1]/div[2]/div[2]/ul/li[2]/a","Footer","HTML"
"Hyperlink","https://www.strique.io/customers","https://www.strique.io/careers","127533","","Careers","200","OK","Crawlable","true","","","Root-Relative","//body/div[3]/footer/div/div[1]/div[2]/div[2]/ul/li[2]/a","Footer","HTML"
"Hyperlink","https://www.strique.io/product","https://www.strique.io/careers","127533","","Careers","200","OK","Crawlable","true","","","Root-Relative","//body/div[3]/footer/div/div[1]/div[2]/div[2]/ul/li[2]/a","Footer","HTML"
"Hyperlink","https://www.strique.io/terms","https://www.strique.io/careers","127533","","Careers","200","OK","Crawlable","true","","","Root-Relative","//body/div[3]/footer/div/div[1]/div[2]/div[2]/ul/li[2]/a","Footer","HTML"
"Hyperlink","https://www.strique.io/for","https://www.strique.io/careers","127533","","Careers","200","OK","Crawlable","true","","","Root-Relative","//body/div[3]/footer/div/div[1]/div[2]/div[2]/ul/li[2]/a","Footer","HTML"
"Hyperlink","https://www.strique.io/pricing","https://www.strique.io/careers","127533","","Careers","200","OK","Crawlable","true","","","Root-Relative","//body/div[3]/footer/div/div[1]/div[2]/div[2]/ul/li[2]/a","Footer","HTML"
"Hyperlink","https://www.strique.io/solutions","https://www.strique.io/careers","127533","","Careers","200","OK","Crawlable","true","","","Root-Relative","//body/div[3]/footer/div/div[1]/div[2]/div[2]/ul/li[2]/a","Footer","HTML"
"Hyperlink","https://www.strique.io/privacy-policy","https://www.strique.io/careers","127533","","Careers","200","OK","Crawlable","true","","","Root-Relative","//body/div[3]/footer/div/div[1]/div[2]/div[2]/ul/li[2]/a","Footer","HTML"
"Hyperlink","https://www.strique.io/trust-center","https://www.strique.io/careers","127533","","Careers","200","OK","Crawlable","true","","","Root-Relative","//body/div[3]/footer/div/div[1]/div[2]/div[2]/ul/li[2]/a","Footer","HTML"
"Hyperlink","https://www.strique.io/about","https://www.strique.io/careers","127533","","Careers","200","OK","Crawlable","true","","","Root-Relative","//body/div[3]/footer/div/div[1]/div[2]/div[2]/ul/li[2]/a","Footer","HTML"
"Hyperlink","https://www.strique.io/security","https://www.strique.io/careers","127533","","Careers","200","OK","Crawlable","true","","","Root-Relative","//body/div[3]/footer/div/div[1]/div[2]/div[2]/ul/li[2]/a","Footer","HTML"
"Hyperlink","https://www.strique.io/careers","https://www.strique.io/careers","127533","","Careers","200","OK","Crawlable","true","","","Root-Relative","//body/div[3]/footer/div/div[1]/div[2]/div[2]/ul/li[2]/a","Footer","HTML"
"Hyperlink","https://www.strique.io/customers/crimzon","https://www.strique.io/careers","127533","","Careers","200","OK","Crawlable","true","","","Root-Relative","//body/div[3]/footer/div/div[1]/div[2]/div[2]/ul/li[2]/a","Footer","HTML"
"Hyperlink","https://www.strique.io/integrations","https://www.strique.io/careers","127533","","Careers","200","OK","Crawlable","true","","","Root-Relative","//body/div[3]/footer/div/div[1]/div[2]/div[2]/ul/li[2]/a","Footer","HTML"
"Hyperlink","https://www.strique.io/integrations/hubspot","https://www.strique.io/careers","127533","","Careers","200","OK","Crawlable","true","","","Root-Relative","//body/div[3]/footer/div/div[1]/div[2]/div[2]/ul/li[2]/a","Footer","HTML"
"Hyperlink","https://www.strique.io/contact?intent=careers","https://www.strique.io/careers","127533","","Careers","200","OK","Crawlable","true","","","Root-Relative","//body/div[3]/footer/div/div[1]/div[2]/div[2]/ul/li[2]/a","Footer","HTML"
"Hyperlink","https://www.strique.io/integrations/google-ads","https://www.strique.io/careers","127533","","Careers","200","OK","Crawlable","true","","","Root-Relative","//body/div[3]/footer/div/div[1]/div[2]/div[2]/ul/li[2]/a","Footer","HTML"
"Hyperlink","https://www.strique.io/integrations/meta-ads","https://www.strique.io/careers","127533","","Careers","200","OK","Crawlable","true","","","Root-Relative","//body/div[3]/footer/div/div[1]/div[2]/div[2]/ul/li[2]/a","Footer","HTML"
"Hyperlink","https://www.strique.io/careers/ai-apprentice-program","https://www.strique.io/careers","127533","","Back to all roles","200","OK","Crawlable","true","","","Root-Relative","//body/div[3]/main/section[2]/div/div[2]/a[2]","Content","HTML"
"Hyperlink","https://www.strique.io/careers/ai-apprentice-program","https://www.strique.io/careers","127533","","Careers","200","OK","Crawlable","true","","","Root-Relative","//body/div[3]/footer/div/div[1]/div[2]/div[2]/ul/li[2]/a","Footer","HTML"
"Hyperlink","https://www.strique.io/careers/founding-customer-engineer","https://www.strique.io/careers","127533","","Back to all roles","200","OK","Crawlable","true","","","Root-Relative","//body/div[3]/main/section[2]/div/div[2]/a[2]","Content","HTML"
"Hyperlink","https://www.strique.io/careers/founding-customer-engineer","https://www.strique.io/careers","127533","","Careers","200","OK","Crawlable","true","","","Root-Relative","//body/div[3]/footer/div/div[1]/div[2]/div[2]/ul/li[2]/a","Footer","HTML"
"Hyperlink","https://www.strique.io/careers/revenue-marketer","https://www.strique.io/careers","127533","","Back to all roles","200","OK","Crawlable","true","","","Root-Relative","//body/div[3]/main/section[2]/div/div[2]/a[2]","Content","HTML"
"Hyperlink","https://www.strique.io/careers/revenue-marketer","https://www.strique.io/careers","127533","","Careers","200","OK","Crawlable","true","","","Root-Relative","//body/div[3]/footer/div/div[1]/div[2]/div[2]/ul/li[2]/a","Footer","HTML"
"Hyperlink","https://www.strique.io/careers/senior-full-stack-engineer","https://www.strique.io/careers","127533","","Back to all roles","200","OK","Crawlable","true","","","Root-Relative","//body/div[3]/main/section[2]/div/div[2]/a[2]","Content","HTML"
"Hyperlink","https://www.strique.io/careers/senior-full-stack-engineer","https://www.strique.io/careers","127533","","Careers","200","OK","Crawlable","true","","","Root-Relative","//body/div[3]/footer/div/div[1]/div[2]/div[2]/ul/li[2]/a","Footer","HTML"
"Hyperlink","https://www.strique.io/careers/product-designer","https://www.strique.io/careers","127533","","Back to all roles","200","OK","Crawlable","true","","","Root-Relative","//body/div[3]/main/section[2]/div/div[2]/a[2]","Content","HTML"
"Hyperlink","https://www.strique.io/careers/product-designer","https://www.strique.io/careers","127533","","Careers","200","OK","Crawlable","true","","","Root-Relative","//body/div[3]/footer/div/div[1]/div[2]/div[2]/ul/li[2]/a","Footer","HTML"
"Hyperlink","https://www.strique.io/careers/agent-infrastructure-engineer","https://www.strique.io/careers","127533","","Back to all roles","200","OK","Crawlable","true","","","Root-Relative","//body/div[3]/main/section[2]/div/div[2]/a[2]","Content","HTML"
"Hyperlink","https://www.strique.io/careers/agent-infrastructure-engineer","https://www.strique.io/careers","127533","","Careers","200","OK","Crawlable","true","","","Root-Relative","//body/div[3]/footer/div/div[1]/div[2]/div[2]/ul/li[2]/a","Footer","HTML"
"Hyperlink","https://www.strique.io/careers/applied-ml-researcher","https://www.strique.io/careers","127533","","Back to all roles","200","OK","Crawlable","true","","","Root-Relative","//body/div[3]/main/section[2]/div/div[2]/a[2]","Content","HTML"
"Hyperlink","https://www.strique.io/careers/applied-ml-researcher","https://www.strique.io/careers","127533","","Careers","200","OK","Crawlable","true","","","Root-Relative","//body/div[3]/footer/div/div[1]/div[2]/div[2]/ul/li[2]/a","Footer","HTML"
"Hyperlink","https://www.strique.io/careers/founding-growth-engineer","https://www.strique.io/careers","127533","","Back to all roles","200","OK","Crawlable","true","","","Root-Relative","//body/div[3]/main/section[2]/div/div[2]/a[2]","Content","HTML"
"Hyperlink","https://www.strique.io/careers/founding-growth-engineer","https://www.strique.io/careers","127533","","Careers","200","OK","Crawlable","true","","","Root-Relative","//body/div[3]/footer/div/div[1]/div[2]/div[2]/ul/li[2]/a","Footer","HTML"
"Hyperlink","https://www.strique.io/solutions/local-services","https://www.strique.io/careers","127533","","Careers","200","OK","Crawlable","true","","","Root-Relative","//body/div[3]/footer/div/div[1]/div[2]/div[2]/ul/li[2]/a","Footer","HTML"
"Hyperlink","https://www.strique.io/solutions/agencies","https://www.strique.io/careers","127533","","Careers","200","OK","Crawlable","true","","","Root-Relative","//body/div[3]/footer/div/div[1]/div[2]/div[2]/ul/li[2]/a","Footer","HTML"
"Hyperlink","https://www.strique.io/solutions/b2b-saas","https://www.strique.io/careers","127533","","Careers","200","OK","Crawlable","true","","","Root-Relative","//body/div[3]/footer/div/div[1]/div[2]/div[2]/ul/li[2]/a","Footer","HTML"
"Hyperlink","https://www.strique.io/solutions/ecommerce","https://www.strique.io/careers","127533","","Careers","200","OK","Crawlable","true","","","Root-Relative","//body/div[3]/footer/div/div[1]/div[2]/div[2]/ul/li[2]/a","Footer","HTML"
"Hyperlink","https://www.strique.io/contact?intent=sales","https://www.strique.io/careers","127533","","Careers","200","OK","Crawlable","true","","","Root-Relative","//body/div[3]/footer/div/div[1]/div[2]/div[2]/ul/li[2]/a","Footer","HTML"
"Hyperlink","https://www.strique.io/for/founders","https://www.strique.io/careers","127533","","Careers","200","OK","Crawlable","true","","","Root-Relative","//body/div[3]/footer/div/div[1]/div[2]/div[2]/ul/li[2]/a","Footer","HTML"
"Hyperlink","https://www.strique.io/for/cmos","https://www.strique.io/careers","127533","","Careers","200","OK","Crawlable","true","","","Root-Relative","//body/div[3]/footer/div/div[1]/div[2]/div[2]/ul/li[2]/a","Footer","HTML"
"Hyperlink","https://www.strique.io/for/marketing-managers","https://www.strique.io/careers","127533","","Careers","200","OK","Crawlable","true","","","Root-Relative","//body/div[3]/footer/div/div[1]/div[2]/div[2]/ul/li[2]/a","Footer","HTML"
"Hyperlink","https://www.strique.io/vs/strique-vs-jasper","https://www.strique.io/careers","127533","","Careers","200","OK","Crawlable","true","","","Root-Relative","//body/div[3]/footer/div/div[1]/div[2]/div[2]/ul/li[2]/a","Footer","HTML"
"Hyperlink","https://www.strique.io/vs","https://www.strique.io/careers","127533","","Careers","200","OK","Crawlable","true","","","Root-Relative","//body/div[3]/footer/div/div[1]/div[2]/div[2]/ul/li[2]/a","Footer","HTML"
"Hyperlink","https://www.strique.io/vs/strique-vs-adroll","https://www.strique.io/careers","127533","","Careers","200","OK","Crawlable","true","","","Root-Relative","//body/div[3]/footer/div/div[1]/div[2]/div[2]/ul/li[2]/a","Footer","HTML"
"Hyperlink","https://www.strique.io/contact?intent=demo","https://www.strique.io/careers","127533","","Careers","200","OK","Crawlable","true","","","Root-Relative","//body/div[3]/footer/div/div[1]/div[2]/div[2]/ul/li[2]/a","Footer","HTML"
"Hyperlink","https://www.strique.io/contact?intent=careers&role=founding-growth-engineer","https://www.strique.io/careers","127533","","Careers","200","OK","Crawlable","true","","","Root-Relative","//body/div[3]/footer/div/div[1]/div[2]/div[2]/ul/li[2]/a","Footer","HTML"
"Hyperlink","https://www.strique.io/contact?intent=careers&role=applied-ml-researcher","https://www.strique.io/careers","127533","","Careers","200","OK","Crawlable","true","","","Root-Relative","//body/div[3]/footer/div/div[1]/div[2]/div[2]/ul/li[2]/a","Footer","HTML"
"Hyperlink","https://www.strique.io/contact?intent=careers&role=agent-infrastructure-engineer","https://www.strique.io/careers","127533","","Careers","200","OK","Crawlable","true","","","Root-Relative","//body/div[3]/footer/div/div[1]/div[2]/div[2]/ul/li[2]/a","Footer","HTML"
"Hyperlink","https://www.strique.io/contact?intent=careers&role=product-designer","https://www.strique.io/careers","127533","","Careers","200","OK","Crawlable","true","","","Root-Relative","//body/div[3]/footer/div/div[1]/div[2]/div[2]/ul/li[2]/a","Footer","HTML"
"Hyperlink","https://www.strique.io/contact?intent=careers&role=senior-full-stack-engineer","https://www.strique.io/careers","127533","","Careers","200","OK","Crawlable","true","","","Root-Relative","//body/div[3]/footer/div/div[1]/div[2]/div[2]/ul/li[2]/a","Footer","HTML"
"Hyperlink","https://www.strique.io/contact?intent=careers&role=revenue-marketer","https://www.strique.io/careers","127533","","Careers","200","OK","Crawlable","true","","","Root-Relative","//body/div[3]/footer/div/div[1]/div[2]/div[2]/ul/li[2]/a","Footer","HTML"
"Hyperlink","https://www.strique.io/contact?intent=careers&role=founding-customer-engineer","https://www.strique.io/careers","127533","","Careers","200","OK","Crawlable","true","","","Root-Relative","//body/div[3]/footer/div/div[1]/div[2]/div[2]/ul/li[2]/a","Footer","HTML"
"Hyperlink","https://www.strique.io/contact?intent=careers&role=ai-apprentice-program","https://www.strique.io/careers","127533","","Careers","200","OK","Crawlable","true","","","Root-Relative","//body/div[3]/footer/div/div[1]/div[2]/div[2]/ul/li[2]/a","Footer","HTML"
"HTML Canonical","https://www.strique.io/careers","https://www.strique.io/careers","127533","","","200","OK","Crawlable","true","","","Absolute","//head/link[12]","Head","HTML"
"Hyperlink","https://www.strique.io/","https://www.strique.io/customers/crimzon","117490","","Read case","200","OK","Crawlable","true","","","Root-Relative","//body/div[3]/main/div/section[@id='case-studies']/div/div[@class='fig-case-studies-cards']/div[3]/a","Content","HTML"
"Hyperlink","https://www.strique.io/customers/powerlook","https://www.strique.io/customers/crimzon","117490","Crimzon brand campaign","D2C lifestyle · Crimzon Crimzon grew revenue 163% and lifted ROAS 21% while scaling spend 2×. Read","200","OK","Crawlable","true","","","Root-Relative","//body/div[3]/main/section[1]/div/ul/li[2]/a","Content","HTML"
"Hyperlink","https://www.strique.io/customers/inc5","https://www.strique.io/customers/crimzon","117490","Crimzon brand campaign","D2C lifestyle · Crimzon Crimzon grew revenue 163% and lifted ROAS 21% while scaling spend 2×. Read","200","OK","Crawlable","true","","","Root-Relative","//body/div[3]/main/section[1]/div/ul/li[2]/a","Content","HTML"
"Hyperlink","https://www.strique.io/customers","https://www.strique.io/customers/crimzon","117490","Crimzon brand campaign","D2C lifestyleCrimzon Crimzon grew revenue 163% and lifted ROAS 21% while scaling spend 2×. Crimzon used Strique to scale paid acquisition aggressively without ROAS collapse, pairing creative velocity with conversion-rate gains and AOV uplift. Read more","200","OK","Crawlable","true","","","Root-Relative","//body/div[3]/main/section[2]/div/div/div[3]/a","Content","HTML"
"HTML Canonical","https://www.strique.io/customers/crimzon","https://www.strique.io/customers/crimzon","117490","","","200","OK","Crawlable","true","","","Absolute","//head/link[13]","Head","HTML"
"Image","https://www.strique.io/","https://www.google.com/s2/favicons?domain=hubspot.com&sz=64","0","HubSpot","","0","Blocked by robots.txt","Crawlable","true","","","Absolute","//body/div[3]/main/div/section[6]/div[2]/div[1]/div/div[7]/img","Content","HTML"
"Image","https://www.strique.io/","https://www.google.com/s2/favicons?domain=hubspot.com&sz=64","0","HubSpot","","0","Blocked by robots.txt","Crawlable","true","","","Absolute","//body/div[3]/main/div/section[6]/div[2]/div[1]/div/div[17]/img","Content","HTML"
"Image","https://www.strique.io/product","https://www.google.com/s2/favicons?domain=hubspot.com&sz=64","0","HubSpot","","0","Blocked by robots.txt","Crawlable","true","","","Absolute","//body/div[3]/main/section[6]/div[2]/div[1]/div/div[7]/img","Content","HTML"
"Image","https://www.strique.io/product","https://www.google.com/s2/favicons?domain=hubspot.com&sz=64","0","HubSpot","","0","Blocked by robots.txt","Crawlable","true","","","Absolute","//body/div[3]/main/section[6]/div[2]/div[1]/div/div[17]/img","Content","HTML"
"JavaScript","https://www.strique.io/","https://www.strique.io/_next/static/chunks/app/page-8e9f37411eb9c4ff.js","0","","","200","OK","Crawlable","true","","","Root-Relative","//head/script[12]","Head","HTML"
"JavaScript","https://www.strique.io/contact","https://www.strique.io/_next/static/chunks/app/page-8e9f37411eb9c4ff.js","0","","","200","OK","Crawlable","true","","","Root-Relative","//head/script[12]","Head","HTML"
"JavaScript","https://www.strique.io/pricing","https://www.strique.io/_next/static/chunks/app/page-8e9f37411eb9c4ff.js","0","","","200","OK","Crawlable","true","","","Root-Relative","//head/script[12]","Head","HTML"
"JavaScript","https://www.strique.io/trust-center","https://www.strique.io/_next/static/chunks/app/page-8e9f37411eb9c4ff.js","0","","","200","OK","Crawlable","true","","","Root-Relative","//head/script[12]","Head","HTML"
"JavaScript","https://www.strique.io/about","https://www.strique.io/_next/static/chunks/app/page-8e9f37411eb9c4ff.js","0","","","200","OK","Crawlable","true","","","Root-Relative","//head/script[12]","Head","HTML"
"JavaScript","https://www.strique.io/security","https://www.strique.io/_next/static/chunks/app/page-8e9f37411eb9c4ff.js","0","","","200","OK","Crawlable","true","","","Root-Relative","//head/script[12]","Head","HTML"
"JavaScript","https://www.strique.io/contact?intent=careers","https://www.strique.io/_next/static/chunks/app/page-8e9f37411eb9c4ff.js","0","","","200","OK","Crawlable","true","","","Root-Relative","//head/script[12]","Head","HTML"
"JavaScript","https://www.strique.io/contact?intent=sales","https://www.strique.io/_next/static/chunks/app/page-8e9f37411eb9c4ff.js","0","","","200","OK","Crawlable","true","","","Root-Relative","//head/script[12]","Head","HTML"
"JavaScript","https://www.strique.io/contact?intent=demo","https://www.strique.io/_next/static/chunks/app/page-8e9f37411eb9c4ff.js","0","","","200","OK","Crawlable","true","","","Root-Relative","//head/script[12]","Head","HTML"
"JavaScript","https://www.strique.io/contact?intent=careers&role=founding-growth-engineer","https://www.strique.io/_next/static/chunks/app/page-8e9f37411eb9c4ff.js","0","","","200","OK","Crawlable","true","","","Root-Relative","//head/script[12]","Head","HTML"
"JavaScript","https://www.strique.io/contact?intent=careers&role=applied-ml-researcher","https://www.strique.io/_next/static/chunks/app/page-8e9f37411eb9c4ff.js","0","","","200","OK","Crawlable","true","","","Root-Relative","//head/script[12]","Head","HTML"
"JavaScript","https://www.strique.io/contact?intent=careers&role=agent-infrastructure-engineer","https://www.strique.io/_next/static/chunks/app/page-8e9f37411eb9c4ff.js","0","","","200","OK","Crawlable","true","","","Root-Relative","//head/script[12]","Head","HTML"
"JavaScript","https://www.strique.io/contact?intent=careers&role=product-designer","https://www.strique.io/_next/static/chunks/app/page-8e9f37411eb9c4ff.js","0","","","200","OK","Crawlable","true","","","Root-Relative","//head/script[12]","Head","HTML"
"JavaScript","https://www.strique.io/contact?intent=careers&role=senior-full-stack-engineer","https://www.strique.io/_next/static/chunks/app/page-8e9f37411eb9c4ff.js","0","","","200","OK","Crawlable","true","","","Root-Relative","//head/script[12]","Head","HTML"
"JavaScript","https://www.strique.io/contact?intent=careers&role=revenue-marketer","https://www.strique.io/_next/static/chunks/app/page-8e9f37411eb9c4ff.js","0","","","200","OK","Crawlable","true","","","Root-Relative","//head/script[12]","Head","HTML"
"JavaScript","https://www.strique.io/contact?intent=careers&role=founding-customer-engineer","https://www.strique.io/_next/static/chunks/app/page-8e9f37411eb9c4ff.js","0","","","200","OK","Crawlable","true","","","Root-Relative","//head/script[12]","Head","HTML"
"JavaScript","https://www.strique.io/contact?intent=careers&role=ai-apprentice-program","https://www.strique.io/_next/static/chunks/app/page-8e9f37411eb9c4ff.js","0","","","200","OK","Crawlable","true","","","Root-Relative","//head/script[12]","Head","HTML"
"Iframe","https://www.strique.io/","https://www.googletagmanager.com/ns.html?id=GTM-TPWTGTGG","732","","","200","OK","Crawlable","true","","","Absolute","//body/noscript/iframe","Content","HTML"
"Iframe","https://www.strique.io/contact","https://www.googletagmanager.com/ns.html?id=GTM-TPWTGTGG","732","","","200","OK","Crawlable","true","","","Absolute","//body/noscript/iframe","Content","HTML"
"Iframe","https://www.strique.io/customers/powerlook","https://www.googletagmanager.com/ns.html?id=GTM-TPWTGTGG","732","","","200","OK","Crawlable","true","","","Absolute","//body/noscript/iframe","Content","HTML"
"Iframe","https://www.strique.io/customers/inc5","https://www.googletagmanager.com/ns.html?id=GTM-TPWTGTGG","732","","","200","OK","Crawlable","true","","","Absolute","//body/noscript/iframe","Content","HTML"
"Iframe","https://www.strique.io/customers","https://www.googletagmanager.com/ns.html?id=GTM-TPWTGTGG","732","","","200","OK","Crawlable","true","","","Absolute","//body/noscript/iframe","Content","HTML"
"Iframe","https://www.strique.io/product","https://www.googletagmanager.com/ns.html?id=GTM-TPWTGTGG","732","","","200","OK","Crawlable","true","","","Absolute","//body/noscript/iframe","Content","HTML"
"Iframe","https://www.strique.io/terms","https://www.googletagmanager.com/ns.html?id=GTM-TPWTGTGG","732","","","200","OK","Crawlable","true","","","Absolute","//body/noscript/iframe","Content","HTML"
"Iframe","https://www.strique.io/for","https://www.googletagmanager.com/ns.html?id=GTM-TPWTGTGG","732","","","200","OK","Crawlable","true","","","Absolute","//body/noscript/iframe","Content","HTML"
"Iframe","https://www.strique.io/pricing","https://www.googletagmanager.com/ns.html?id=GTM-TPWTGTGG","732","","","200","OK","Crawlable","true","","","Absolute","//body/noscript/iframe","Content","HTML"
"Iframe","https://www.strique.io/solutions","https://www.googletagmanager.com/ns.html?id=GTM-TPWTGTGG","732","","","200","OK","Crawlable","true","","","Absolute","//body/noscript/iframe","Content","HTML"
"Iframe","https://www.strique.io/privacy-policy","https://www.googletagmanager.com/ns.html?id=GTM-TPWTGTGG","732","","","200","OK","Crawlable","true","","","Absolute","//body/noscript/iframe","Content","HTML"
"Iframe","https://www.strique.io/trust-center","https://www.googletagmanager.com/ns.html?id=GTM-TPWTGTGG","732","","","200","OK","Crawlable","true","","","Absolute","//body/noscript/iframe","Content","HTML"
"Iframe","https://www.strique.io/about","https://www.googletagmanager.com/ns.html?id=GTM-TPWTGTGG","732","","","200","OK","Crawlable","true","","","Absolute","//body/noscript/iframe","Content","HTML"
"Iframe","https://www.strique.io/security","https://www.googletagmanager.com/ns.html?id=GTM-TPWTGTGG","732","","","200","OK","Crawlable","true","","","Absolute","//body/noscript/iframe","Content","HTML"
"Iframe","https://www.strique.io/careers","https://www.googletagmanager.com/ns.html?id=GTM-TPWTGTGG","732","","","200","OK","Crawlable","true","","","Absolute","//body/noscript/iframe","Content","HTML"
"Iframe","https://www.strique.io/customers/crimzon","https://www.googletagmanager.com/ns.html?id=GTM-TPWTGTGG","732","","","200","OK","Crawlable","true","","","Absolute","//body/noscript/iframe","Content","HTML"
"Iframe","https://www.strique.io/integrations","https://www.googletagmanager.com/ns.html?id=GTM-TPWTGTGG","732","","","200","OK","Crawlable","true","","","Absolute","//body/noscript/iframe","Content","HTML"
"Iframe","https://www.strique.io/integrations/hubspot","https://www.googletagmanager.com/ns.html?id=GTM-TPWTGTGG","732","","","200","OK","Crawlable","true","","","Absolute","//body/noscript/iframe","Content","HTML"
"Iframe","https://www.strique.io/contact?intent=careers","https://www.googletagmanager.com/ns.html?id=GTM-TPWTGTGG","732","","","200","OK","Crawlable","true","","","Absolute","//body/noscript/iframe","Content","HTML"
"Iframe","https://www.strique.io/integrations/google-ads","https://www.googletagmanager.com/ns.html?id=GTM-TPWTGTGG","732","","","200","OK","Crawlable","true","","","Absolute","//body/noscript/iframe","Content","HTML"
"Iframe","https://www.strique.io/integrations/meta-ads","https://www.googletagmanager.com/ns.html?id=GTM-TPWTGTGG","732","","","200","OK","Crawlable","true","","","Absolute","//body/noscript/iframe","Content","HTML"
"Iframe","https://www.strique.io/careers/ai-apprentice-program","https://www.googletagmanager.com/ns.html?id=GTM-TPWTGTGG","732","","","200","OK","Crawlable","true","","","Absolute","//body/noscript/iframe","Content","HTML"
"Iframe","https://www.strique.io/careers/founding-customer-engineer","https://www.googletagmanager.com/ns.html?id=GTM-TPWTGTGG","732","","","200","OK","Crawlable","true","","","Absolute","//body/noscript/iframe","Content","HTML"
"Iframe","https://www.strique.io/careers/revenue-marketer","https://www.googletagmanager.com/ns.html?id=GTM-TPWTGTGG","732","","","200","OK","Crawlable","true","","","Absolute","//body/noscript/iframe","Content","HTML"
"Iframe","https://www.strique.io/careers/senior-full-stack-engineer","https://www.googletagmanager.com/ns.html?id=GTM-TPWTGTGG","732","","","200","OK","Crawlable","true","","","Absolute","//body/noscript/iframe","Content","HTML"
"Iframe","https://www.strique.io/careers/product-designer","https://www.googletagmanager.com/ns.html?id=GTM-TPWTGTGG","732","","","200","OK","Crawlable","true","","","Absolute","//body/noscript/iframe","Content","HTML"
"Iframe","https://www.strique.io/careers/agent-infrastructure-engineer","https://www.googletagmanager.com/ns.html?id=GTM-TPWTGTGG","732","","","200","OK","Crawlable","true","","","Absolute","//body/noscript/iframe","Content","HTML"
"Iframe","https://www.strique.io/careers/applied-ml-researcher","https://www.googletagmanager.com/ns.html?id=GTM-TPWTGTGG","732","","","200","OK","Crawlable","true","","","Absolute","//body/noscript/iframe","Content","HTML"
"Iframe","https://www.strique.io/careers/founding-growth-engineer","https://www.googletagmanager.com/ns.html?id=GTM-TPWTGTGG","732","","","200","OK","Crawlable","true","","","Absolute","//body/noscript/iframe","Content","HTML"
"Iframe","https://www.strique.io/solutions/local-services","https://www.googletagmanager.com/ns.html?id=GTM-TPWTGTGG","732","","","200","OK","Crawlable","true","","","Absolute","//body/noscript/iframe","Content","HTML"
"Iframe","https://www.strique.io/solutions/agencies","https://www.googletagmanager.com/ns.html?id=GTM-TPWTGTGG","732","","","200","OK","Crawlable","true","","","Absolute","//body/noscript/iframe","Content","HTML"
"Iframe","https://www.strique.io/solutions/b2b-saas","https://www.googletagmanager.com/ns.html?id=GTM-TPWTGTGG","732","","","200","OK","Crawlable","true","","","Absolute","//body/noscript/iframe","Content","HTML"
"Iframe","https://www.strique.io/solutions/ecommerce","https://www.googletagmanager.com/ns.html?id=GTM-TPWTGTGG","732","","","200","OK","Crawlable","true","","","Absolute","//body/noscript/iframe","Content","HTML"
"Iframe","https://www.strique.io/contact?intent=sales","https://www.googletagmanager.com/ns.html?id=GTM-TPWTGTGG","732","","","200","OK","Crawlable","true","","","Absolute","//body/noscript/iframe","Content","HTML"
"Iframe","https://www.strique.io/for/founders","https://www.googletagmanager.com/ns.html?id=GTM-TPWTGTGG","732","","","200","OK","Crawlable","true","","","Absolute","//body/noscript/iframe","Content","HTML"
"Iframe","https://www.strique.io/for/cmos","https://www.googletagmanager.com/ns.html?id=GTM-TPWTGTGG","732","","","200","OK","Crawlable","true","","","Absolute","//body/noscript/iframe","Content","HTML"
"Iframe","https://www.strique.io/for/marketing-managers","https://www.googletagmanager.com/ns.html?id=GTM-TPWTGTGG","732","","","200","OK","Crawlable","true","","","Absolute","//body/noscript/iframe","Content","HTML"
"Iframe","https://www.strique.io/vs/strique-vs-jasper","https://www.googletagmanager.com/ns.html?id=GTM-TPWTGTGG","732","","","200","OK","Crawlable","true","","","Absolute","//body/noscript/iframe","Content","HTML"
"Iframe","https://www.strique.io/vs","https://www.googletagmanager.com/ns.html?id=GTM-TPWTGTGG","732","","","200","OK","Crawlable","true","","","Absolute","//body/noscript/iframe","Content","HTML"
"Iframe","https://www.strique.io/vs/strique-vs-adroll","https://www.googletagmanager.com/ns.html?id=GTM-TPWTGTGG","732","","","200","OK","Crawlable","true","","","Absolute","//body/noscript/iframe","Content","HTML"
"Iframe","https://www.strique.io/contact?intent=demo","https://www.googletagmanager.com/ns.html?id=GTM-TPWTGTGG","732","","","200","OK","Crawlable","true","","","Absolute","//body/noscript/iframe","Content","HTML"
"Iframe","https://www.strique.io/contact?intent=careers&role=founding-growth-engineer","https://www.googletagmanager.com/ns.html?id=GTM-TPWTGTGG","732","","","200","OK","Crawlable","true","","","Absolute","//body/noscript/iframe","Content","HTML"
"Iframe","https://www.strique.io/contact?intent=careers&role=applied-ml-researcher","https://www.googletagmanager.com/ns.html?id=GTM-TPWTGTGG","732","","","200","OK","Crawlable","true","","","Absolute","//body/noscript/iframe","Content","HTML"
"Iframe","https://www.strique.io/contact?intent=careers&role=agent-infrastructure-engineer","https://www.googletagmanager.com/ns.html?id=GTM-TPWTGTGG","732","","","200","OK","Crawlable","true","","","Absolute","//body/noscript/iframe","Content","HTML"
"Iframe","https://www.strique.io/contact?intent=careers&role=product-designer","https://www.googletagmanager.com/ns.html?id=GTM-TPWTGTGG","732","","","200","OK","Crawlable","true","","","Absolute","//body/noscript/iframe","Content","HTML"
"Iframe","https://www.strique.io/contact?intent=careers&role=senior-full-stack-engineer","https://www.googletagmanager.com/ns.html?id=GTM-TPWTGTGG","732","","","200","OK","Crawlable","true","","","Absolute","//body/noscript/iframe","Content","HTML"
"Iframe","https://www.strique.io/contact?intent=careers&role=revenue-marketer","https://www.googletagmanager.com/ns.html?id=GTM-TPWTGTGG","732","","","200","OK","Crawlable","true","","","Absolute","//body/noscript/iframe","Content","HTML"
"Iframe","https://www.strique.io/contact?intent=careers&role=founding-customer-engineer","https://www.googletagmanager.com/ns.html?id=GTM-TPWTGTGG","732","","","200","OK","Crawlable","true","","","Absolute","//body/noscript/iframe","Content","HTML"
"Iframe","https://www.strique.io/contact?intent=careers&role=ai-apprentice-program","https://www.googletagmanager.com/ns.html?id=GTM-TPWTGTGG","732","","","200","OK","Crawlable","true","","","Absolute","//body/noscript/iframe","Content","HTML"
"Image","https://www.strique.io/","https://www.google.com/s2/favicons?domain=notion.so&sz=64","0","Notion","","0","Blocked by robots.txt","Crawlable","true","","","Absolute","//body/div[3]/main/div/section[6]/div[2]/div[2]/div/div[6]/img","Content","HTML"
"Image","https://www.strique.io/","https://www.google.com/s2/favicons?domain=notion.so&sz=64","0","Notion","","0","Blocked by robots.txt","Crawlable","true","","","Absolute","//body/div[3]/main/div/section[6]/div[2]/div[2]/div/div[16]/img","Content","HTML"
"Image","https://www.strique.io/product","https://www.google.com/s2/favicons?domain=notion.so&sz=64","0","Notion","","0","Blocked by robots.txt","Crawlable","true","","","Absolute","//body/div[3]/main/section[6]/div[2]/div[2]/div/div[6]/img","Content","HTML"
"Image","https://www.strique.io/product","https://www.google.com/s2/favicons?domain=notion.so&sz=64","0","Notion","","0","Blocked by robots.txt","Crawlable","true","","","Absolute","//body/div[3]/main/section[6]/div[2]/div[2]/div/div[16]/img","Content","HTML"
"Image","https://www.strique.io/","https://www.google.com/s2/favicons?domain=zapier.com&sz=64","0","Zapier","","0","Blocked by robots.txt","Crawlable","true","","","Absolute","//body/div[3]/main/div/section[6]/div[2]/div[2]/div/div[4]/img","Content","HTML"
"Image","https://www.strique.io/","https://www.google.com/s2/favicons?domain=zapier.com&sz=64","0","Zapier","","0","Blocked by robots.txt","Crawlable","true","","","Absolute","//body/div[3]/main/div/section[6]/div[2]/div[2]/div/div[14]/img","Content","HTML"
"Image","https://www.strique.io/product","https://www.google.com/s2/favicons?domain=zapier.com&sz=64","0","Zapier","","0","Blocked by robots.txt","Crawlable","true","","","Absolute","//body/div[3]/main/section[6]/div[2]/div[2]/div/div[4]/img","Content","HTML"
"Image","https://www.strique.io/product","https://www.google.com/s2/favicons?domain=zapier.com&sz=64","0","Zapier","","0","Blocked by robots.txt","Crawlable","true","","","Absolute","//body/div[3]/main/section[6]/div[2]/div[2]/div/div[14]/img","Content","HTML"
"Image","https://www.strique.io/","https://www.strique.io/images/figma/powerlook-logo.png","13884","Powerlook","","200","OK","Crawlable","true","","","Root-Relative","//body/div[3]/main/div/section[2]/div/div[@class='fig-trust-header']/div/div[2]/img","Header","HTML"
"JavaScript","https://www.strique.io/","https://www.strique.io/_next/static/chunks/8903-602387cd0f3b41b8.js","0","","","200","OK","Crawlable","true","","","Root-Relative","//head/script[8]","Head","HTML"
"JavaScript","https://www.strique.io/contact","https://www.strique.io/_next/static/chunks/8903-602387cd0f3b41b8.js","0","","","200","OK","Crawlable","true","","","Root-Relative","//head/script[8]","Head","HTML"
"JavaScript","https://www.strique.io/customers/powerlook","https://www.strique.io/_next/static/chunks/8903-602387cd0f3b41b8.js","0","","","200","OK","Crawlable","true","","","Root-Relative","//head/script[8]","Head","HTML"
"JavaScript","https://www.strique.io/customers/inc5","https://www.strique.io/_next/static/chunks/8903-602387cd0f3b41b8.js","0","","","200","OK","Crawlable","true","","","Root-Relative","//head/script[8]","Head","HTML"
"JavaScript","https://www.strique.io/customers","https://www.strique.io/_next/static/chunks/8903-602387cd0f3b41b8.js","0","","","200","OK","Crawlable","true","","","Root-Relative","//head/script[8]","Head","HTML"
"JavaScript","https://www.strique.io/product","https://www.strique.io/_next/static/chunks/8903-602387cd0f3b41b8.js","0","","","200","OK","Crawlable","true","","","Root-Relative","//head/script[8]","Head","HTML"
"JavaScript","https://www.strique.io/terms","https://www.strique.io/_next/static/chunks/8903-602387cd0f3b41b8.js","0","","","200","OK","Crawlable","true","","","Root-Relative","//head/script[8]","Head","HTML"
"JavaScript","https://www.strique.io/for","https://www.strique.io/_next/static/chunks/8903-602387cd0f3b41b8.js","0","","","200","OK","Crawlable","true","","","Root-Relative","//head/script[8]","Head","HTML"
"JavaScript","https://www.strique.io/pricing","https://www.strique.io/_next/static/chunks/8903-602387cd0f3b41b8.js","0","","","200","OK","Crawlable","true","","","Root-Relative","//head/script[8]","Head","HTML"
"JavaScript","https://www.strique.io/solutions","https://www.strique.io/_next/static/chunks/8903-602387cd0f3b41b8.js","0","","","200","OK","Crawlable","true","","","Root-Relative","//head/script[8]","Head","HTML"
"JavaScript","https://www.strique.io/privacy-policy","https://www.strique.io/_next/static/chunks/8903-602387cd0f3b41b8.js","0","","","200","OK","Crawlable","true","","","Root-Relative","//head/script[8]","Head","HTML"
"JavaScript","https://www.strique.io/trust-center","https://www.strique.io/_next/static/chunks/8903-602387cd0f3b41b8.js","0","","","200","OK","Crawlable","true","","","Root-Relative","//head/script[8]","Head","HTML"
"JavaScript","https://www.strique.io/about","https://www.strique.io/_next/static/chunks/8903-602387cd0f3b41b8.js","0","","","200","OK","Crawlable","true","","","Root-Relative","//head/script[8]","Head","HTML"
"JavaScript","https://www.strique.io/security","https://www.strique.io/_next/static/chunks/8903-602387cd0f3b41b8.js","0","","","200","OK","Crawlable","true","","","Root-Relative","//head/script[8]","Head","HTML"
"JavaScript","https://www.strique.io/careers","https://www.strique.io/_next/static/chunks/8903-602387cd0f3b41b8.js","0","","","200","OK","Crawlable","true","","","Root-Relative","//head/script[8]","Head","HTML"
"JavaScript","https://www.strique.io/customers/crimzon","https://www.strique.io/_next/static/chunks/8903-602387cd0f3b41b8.js","0","","","200","OK","Crawlable","true","","","Root-Relative","//head/script[8]","Head","HTML"
"JavaScript","https://www.strique.io/integrations","https://www.strique.io/_next/static/chunks/8903-602387cd0f3b41b8.js","0","","","200","OK","Crawlable","true","","","Root-Relative","//head/script[8]","Head","HTML"
"JavaScript","https://www.strique.io/integrations/hubspot","https://www.strique.io/_next/static/chunks/8903-602387cd0f3b41b8.js","0","","","200","OK","Crawlable","true","","","Root-Relative","//head/script[8]","Head","HTML"
"JavaScript","https://www.strique.io/contact?intent=careers","https://www.strique.io/_next/static/chunks/8903-602387cd0f3b41b8.js","0","","","200","OK","Crawlable","true","","","Root-Relative","//head/script[8]","Head","HTML"
"JavaScript","https://www.strique.io/integrations/google-ads","https://www.strique.io/_next/static/chunks/8903-602387cd0f3b41b8.js","0","","","200","OK","Crawlable","true","","","Root-Relative","//head/script[8]","Head","HTML"
"JavaScript","https://www.strique.io/integrations/meta-ads","https://www.strique.io/_next/static/chunks/8903-602387cd0f3b41b8.js","0","","","200","OK","Crawlable","true","","","Root-Relative","//head/script[8]","Head","HTML"
"JavaScript","https://www.strique.io/careers/ai-apprentice-program","https://www.strique.io/_next/static/chunks/8903-602387cd0f3b41b8.js","0","","","200","OK","Crawlable","true","","","Root-Relative","//head/script[8]","Head","HTML"
"JavaScript","https://www.strique.io/careers/founding-customer-engineer","https://www.strique.io/_next/static/chunks/8903-602387cd0f3b41b8.js","0","","","200","OK","Crawlable","true","","","Root-Relative","//head/script[8]","Head","HTML"
"JavaScript","https://www.strique.io/careers/revenue-marketer","https://www.strique.io/_next/static/chunks/8903-602387cd0f3b41b8.js","0","","","200","OK","Crawlable","true","","","Root-Relative","//head/script[8]","Head","HTML"
"JavaScript","https://www.strique.io/careers/senior-full-stack-engineer","https://www.strique.io/_next/static/chunks/8903-602387cd0f3b41b8.js","0","","","200","OK","Crawlable","true","","","Root-Relative","//head/script[8]","Head","HTML"
"JavaScript","https://www.strique.io/careers/product-designer","https://www.strique.io/_next/static/chunks/8903-602387cd0f3b41b8.js","0","","","200","OK","Crawlable","true","","","Root-Relative","//head/script[8]","Head","HTML"
"JavaScript","https://www.strique.io/careers/agent-infrastructure-engineer","https://www.strique.io/_next/static/chunks/8903-602387cd0f3b41b8.js","0","","","200","OK","Crawlable","true","","","Root-Relative","//head/script[8]","Head","HTML"
"JavaScript","https://www.strique.io/careers/applied-ml-researcher","https://www.strique.io/_next/static/chunks/8903-602387cd0f3b41b8.js","0","","","200","OK","Crawlable","true","","","Root-Relative","//head/script[8]","Head","HTML"
"JavaScript","https://www.strique.io/careers/founding-growth-engineer","https://www.strique.io/_next/static/chunks/8903-602387cd0f3b41b8.js","0","","","200","OK","Crawlable","true","","","Root-Relative","//head/script[8]","Head","HTML"
"JavaScript","https://www.strique.io/solutions/local-services","https://www.strique.io/_next/static/chunks/8903-602387cd0f3b41b8.js","0","","","200","OK","Crawlable","true","","","Root-Relative","//head/script[8]","Head","HTML"
"JavaScript","https://www.strique.io/solutions/agencies","https://www.strique.io/_next/static/chunks/8903-602387cd0f3b41b8.js","0","","","200","OK","Crawlable","true","","","Root-Relative","//head/script[8]","Head","HTML"
"JavaScript","https://www.strique.io/solutions/b2b-saas","https://www.strique.io/_next/static/chunks/8903-602387cd0f3b41b8.js","0","","","200","OK","Crawlable","true","","","Root-Relative","//head/script[8]","Head","HTML"
"JavaScript","https://www.strique.io/solutions/ecommerce","https://www.strique.io/_next/static/chunks/8903-602387cd0f3b41b8.js","0","","","200","OK","Crawlable","true","","","Root-Relative","//head/script[8]","Head","HTML"
"JavaScript","https://www.strique.io/contact?intent=sales","https://www.strique.io/_next/static/chunks/8903-602387cd0f3b41b8.js","0","","","200","OK","Crawlable","true","","","Root-Relative","//head/script[8]","Head","HTML"
"JavaScript","https://www.strique.io/for/founders","https://www.strique.io/_next/static/chunks/8903-602387cd0f3b41b8.js","0","","","200","OK","Crawlable","true","","","Root-Relative","//head/script[8]","Head","HTML"
"JavaScript","https://www.strique.io/for/cmos","https://www.strique.io/_next/static/chunks/8903-602387cd0f3b41b8.js","0","","","200","OK","Crawlable","true","","","Root-Relative","//head/script[8]","Head","HTML"
"JavaScript","https://www.strique.io/for/marketing-managers","https://www.strique.io/_next/static/chunks/8903-602387cd0f3b41b8.js","0","","","200","OK","Crawlable","true","","","Root-Relative","//head/script[8]","Head","HTML"
"JavaScript","https://www.strique.io/vs/strique-vs-jasper","https://www.strique.io/_next/static/chunks/8903-602387cd0f3b41b8.js","0","","","200","OK","Crawlable","true","","","Root-Relative","//head/script[8]","Head","HTML"
"JavaScript","https://www.strique.io/vs","https://www.strique.io/_next/static/chunks/8903-602387cd0f3b41b8.js","0","","","200","OK","Crawlable","true","","","Root-Relative","//head/script[8]","Head","HTML"
"JavaScript","https://www.strique.io/vs/strique-vs-adroll","https://www.strique.io/_next/static/chunks/8903-602387cd0f3b41b8.js","0","","","200","OK","Crawlable","true","","","Root-Relative","//head/script[8]","Head","HTML"
"JavaScript","https://www.strique.io/contact?intent=demo","https://www.strique.io/_next/static/chunks/8903-602387cd0f3b41b8.js","0","","","200","OK","Crawlable","true","","","Root-Relative","//head/script[8]","Head","HTML"
"JavaScript","https://www.strique.io/contact?intent=careers&role=founding-growth-engineer","https://www.strique.io/_next/static/chunks/8903-602387cd0f3b41b8.js","0","","","200","OK","Crawlable","true","","","Root-Relative","//head/script[8]","Head","HTML"
"JavaScript","https://www.strique.io/contact?intent=careers&role=applied-ml-researcher","https://www.strique.io/_next/static/chunks/8903-602387cd0f3b41b8.js","0","","","200","OK","Crawlable","true","","","Root-Relative","//head/script[8]","Head","HTML"
"JavaScript","https://www.strique.io/contact?intent=careers&role=agent-infrastructure-engineer","https://www.strique.io/_next/static/chunks/8903-602387cd0f3b41b8.js","0","","","200","OK","Crawlable","true","","","Root-Relative","//head/script[8]","Head","HTML"
"JavaScript","https://www.strique.io/contact?intent=careers&role=product-designer","https://www.strique.io/_next/static/chunks/8903-602387cd0f3b41b8.js","0","","","200","OK","Crawlable","true","","","Root-Relative","//head/script[8]","Head","HTML"
"JavaScript","https://www.strique.io/contact?intent=careers&role=senior-full-stack-engineer","https://www.strique.io/_next/static/chunks/8903-602387cd0f3b41b8.js","0","","","200","OK","Crawlable","true","","","Root-Relative","//head/script[8]","Head","HTML"
"JavaScript","https://www.strique.io/contact?intent=careers&role=revenue-marketer","https://www.strique.io/_next/static/chunks/8903-602387cd0f3b41b8.js","0","","","200","OK","Crawlable","true","","","Root-Relative","//head/script[8]","Head","HTML"
"JavaScript","https://www.strique.io/contact?intent=careers&role=founding-customer-engineer","https://www.strique.io/_next/static/chunks/8903-602387cd0f3b41b8.js","0","","","200","OK","Crawlable","true","","","Root-Relative","//head/script[8]","Head","HTML"
"JavaScript","https://www.strique.io/contact?intent=careers&role=ai-apprentice-program","https://www.strique.io/_next/static/chunks/8903-602387cd0f3b41b8.js","0","","","200","OK","Crawlable","true","","","Root-Relative","//head/script[8]","Head","HTML"
"Image","https://www.strique.io/","https://www.strique.io/images/figma/chemistry-logo.png","11099","Chemistry","","200","OK","Crawlable","true","","","Root-Relative","//body/div[3]/main/div/section[2]/div/div[@class='fig-trust-header']/div/div[1]/img","Header","HTML"
"Image","https://www.strique.io/","https://www.strique.io/images/figma/cottonworld-logo.png","13889","Cottonworld","","200","OK","Crawlable","true","","","Root-Relative","//body/div[3]/main/div/section[2]/div/div[@class='fig-trust-header']/div/div[3]/img","Header","HTML"
"Image","https://www.strique.io/","https://www.strique.io/images/footer-iso-ring.png","1400","","","200","OK","Crawlable","true","","","Root-Relative","//body/div[3]/footer/div/div[2]/div[2]/div[1]/div/div/img","Footer","HTML"
"Image","https://www.strique.io/contact","https://www.strique.io/images/footer-iso-ring.png","1400","","","200","OK","Crawlable","true","","","Root-Relative","//body/div[3]/footer/div/div[2]/div[2]/div[1]/div/div/img","Footer","HTML"
"Image","https://www.strique.io/customers/powerlook","https://www.strique.io/images/footer-iso-ring.png","1400","","","200","OK","Crawlable","true","","","Root-Relative","//body/div[3]/footer/div/div[2]/div[2]/div[1]/div/div/img","Footer","HTML"
"Image","https://www.strique.io/customers/inc5","https://www.strique.io/images/footer-iso-ring.png","1400","","","200","OK","Crawlable","true","","","Root-Relative","//body/div[3]/footer/div/div[2]/div[2]/div[1]/div/div/img","Footer","HTML"
"Image","https://www.strique.io/customers","https://www.strique.io/images/footer-iso-ring.png","1400","","","200","OK","Crawlable","true","","","Root-Relative","//body/div[3]/footer/div/div[2]/div[2]/div[1]/div/div/img","Footer","HTML"
"Image","https://www.strique.io/product","https://www.strique.io/images/footer-iso-ring.png","1400","","","200","OK","Crawlable","true","","","Root-Relative","//body/div[3]/footer/div/div[2]/div[2]/div[1]/div/div/img","Footer","HTML"
"Image","https://www.strique.io/terms","https://www.strique.io/images/footer-iso-ring.png","1400","","","200","OK","Crawlable","true","","","Root-Relative","//body/div[3]/footer/div/div[2]/div[2]/div[1]/div/div/img","Footer","HTML"
"Image","https://www.strique.io/for","https://www.strique.io/images/footer-iso-ring.png","1400","","","200","OK","Crawlable","true","","","Root-Relative","//body/div[3]/footer/div/div[2]/div[2]/div[1]/div/div/img","Footer","HTML"
"Image","https://www.strique.io/pricing","https://www.strique.io/images/footer-iso-ring.png","1400","","","200","OK","Crawlable","true","","","Root-Relative","//body/div[3]/footer/div/div[2]/div[2]/div[1]/div/div/img","Footer","HTML"
"Image","https://www.strique.io/solutions","https://www.strique.io/images/footer-iso-ring.png","1400","","","200","OK","Crawlable","true","","","Root-Relative","//body/div[3]/footer/div/div[2]/div[2]/div[1]/div/div/img","Footer","HTML"
"Image","https://www.strique.io/privacy-policy","https://www.strique.io/images/footer-iso-ring.png","1400","","","200","OK","Crawlable","true","","","Root-Relative","//body/div[3]/footer/div/div[2]/div[2]/div[1]/div/div/img","Footer","HTML"
"Image","https://www.strique.io/trust-center","https://www.strique.io/images/footer-iso-ring.png","1400","","","200","OK","Crawlable","true","","","Root-Relative","//body/div[3]/footer/div/div[2]/div[2]/div[1]/div/div/img","Footer","HTML"
"Image","https://www.strique.io/about","https://www.strique.io/images/footer-iso-ring.png","1400","","","200","OK","Crawlable","true","","","Root-Relative","//body/div[3]/footer/div/div[2]/div[2]/div[1]/div/div/img","Footer","HTML"
"Image","https://www.strique.io/security","https://www.strique.io/images/footer-iso-ring.png","1400","","","200","OK","Crawlable","true","","","Root-Relative","//body/div[3]/footer/div/div[2]/div[2]/div[1]/div/div/img","Footer","HTML"
"Image","https://www.strique.io/careers","https://www.strique.io/images/footer-iso-ring.png","1400","","","200","OK","Crawlable","true","","","Root-Relative","//body/div[3]/footer/div/div[2]/div[2]/div[1]/div/div/img","Footer","HTML"
"Image","https://www.strique.io/customers/crimzon","https://www.strique.io/images/footer-iso-ring.png","1400","","","200","OK","Crawlable","true","","","Root-Relative","//body/div[3]/footer/div/div[2]/div[2]/div[1]/div/div/img","Footer","HTML"
"Image","https://www.strique.io/integrations","https://www.strique.io/images/footer-iso-ring.png","1400","","","200","OK","Crawlable","true","","","Root-Relative","//body/div[3]/footer/div/div[2]/div[2]/div[1]/div/div/img","Footer","HTML"
"Image","https://www.strique.io/integrations/hubspot","https://www.strique.io/images/footer-iso-ring.png","1400","","","200","OK","Crawlable","true","","","Root-Relative","//body/div[3]/footer/div/div[2]/div[2]/div[1]/div/div/img","Footer","HTML"
"Image","https://www.strique.io/contact?intent=careers","https://www.strique.io/images/footer-iso-ring.png","1400","","","200","OK","Crawlable","true","","","Root-Relative","//body/div[3]/footer/div/div[2]/div[2]/div[1]/div/div/img","Footer","HTML"
"Image","https://www.strique.io/integrations/google-ads","https://www.strique.io/images/footer-iso-ring.png","1400","","","200","OK","Crawlable","true","","","Root-Relative","//body/div[3]/footer/div/div[2]/div[2]/div[1]/div/div/img","Footer","HTML"
"Image","https://www.strique.io/integrations/meta-ads","https://www.strique.io/images/footer-iso-ring.png","1400","","","200","OK","Crawlable","true","","","Root-Relative","//body/div[3]/footer/div/div[2]/div[2]/div[1]/div/div/img","Footer","HTML"
"Image","https://www.strique.io/careers/ai-apprentice-program","https://www.strique.io/images/footer-iso-ring.png","1400","","","200","OK","Crawlable","true","","","Root-Relative","//body/div[3]/footer/div/div[2]/div[2]/div[1]/div/div/img","Footer","HTML"
"Image","https://www.strique.io/careers/founding-customer-engineer","https://www.strique.io/images/footer-iso-ring.png","1400","","","200","OK","Crawlable","true","","","Root-Relative","//body/div[3]/footer/div/div[2]/div[2]/div[1]/div/div/img","Footer","HTML"
"Image","https://www.strique.io/careers/revenue-marketer","https://www.strique.io/images/footer-iso-ring.png","1400","","","200","OK","Crawlable","true","","","Root-Relative","//body/div[3]/footer/div/div[2]/div[2]/div[1]/div/div/img","Footer","HTML"
"Image","https://www.strique.io/careers/senior-full-stack-engineer","https://www.strique.io/images/footer-iso-ring.png","1400","","","200","OK","Crawlable","true","","","Root-Relative","//body/div[3]/footer/div/div[2]/div[2]/div[1]/div/div/img","Footer","HTML"
"Image","https://www.strique.io/careers/product-designer","https://www.strique.io/images/footer-iso-ring.png","1400","","","200","OK","Crawlable","true","","","Root-Relative","//body/div[3]/footer/div/div[2]/div[2]/div[1]/div/div/img","Footer","HTML"
"Image","https://www.strique.io/careers/agent-infrastructure-engineer","https://www.strique.io/images/footer-iso-ring.png","1400","","","200","OK","Crawlable","true","","","Root-Relative","//body/div[3]/footer/div/div[2]/div[2]/div[1]/div/div/img","Footer","HTML"
"Image","https://www.strique.io/careers/applied-ml-researcher","https://www.strique.io/images/footer-iso-ring.png","1400","","","200","OK","Crawlable","true","","","Root-Relative","//body/div[3]/footer/div/div[2]/div[2]/div[1]/div/div/img","Footer","HTML"
"Image","https://www.strique.io/careers/founding-growth-engineer","https://www.strique.io/images/footer-iso-ring.png","1400","","","200","OK","Crawlable","true","","","Root-Relative","//body/div[3]/footer/div/div[2]/div[2]/div[1]/div/div/img","Footer","HTML"
"Image","https://www.strique.io/solutions/local-services","https://www.strique.io/images/footer-iso-ring.png","1400","","","200","OK","Crawlable","true","","","Root-Relative","//body/div[3]/footer/div/div[2]/div[2]/div[1]/div/div/img","Footer","HTML"
"Image","https://www.strique.io/solutions/agencies","https://www.strique.io/images/footer-iso-ring.png","1400","","","200","OK","Crawlable","true","","","Root-Relative","//body/div[3]/footer/div/div[2]/div[2]/div[1]/div/div/img","Footer","HTML"
"Image","https://www.strique.io/solutions/b2b-saas","https://www.strique.io/images/footer-iso-ring.png","1400","","","200","OK","Crawlable","true","","","Root-Relative","//body/div[3]/footer/div/div[2]/div[2]/div[1]/div/div/img","Footer","HTML"
"Image","https://www.strique.io/solutions/ecommerce","https://www.strique.io/images/footer-iso-ring.png","1400","","","200","OK","Crawlable","true","","","Root-Relative","//body/div[3]/footer/div/div[2]/div[2]/div[1]/div/div/img","Footer","HTML"
"Image","https://www.strique.io/contact?intent=sales","https://www.strique.io/images/footer-iso-ring.png","1400","","","200","OK","Crawlable","true","","","Root-Relative","//body/div[3]/footer/div/div[2]/div[2]/div[1]/div/div/img","Footer","HTML"
"Image","https://www.strique.io/for/founders","https://www.strique.io/images/footer-iso-ring.png","1400","","","200","OK","Crawlable","true","","","Root-Relative","//body/div[3]/footer/div/div[2]/div[2]/div[1]/div/div/img","Footer","HTML"
"Image","https://www.strique.io/for/cmos","https://www.strique.io/images/footer-iso-ring.png","1400","","","200","OK","Crawlable","true","","","Root-Relative","//body/div[3]/footer/div/div[2]/div[2]/div[1]/div/div/img","Footer","HTML"
"Image","https://www.strique.io/for/marketing-managers","https://www.strique.io/images/footer-iso-ring.png","1400","","","200","OK","Crawlable","true","","","Root-Relative","//body/div[3]/footer/div/div[2]/div[2]/div[1]/div/div/img","Footer","HTML"
"Image","https://www.strique.io/vs/strique-vs-jasper","https://www.strique.io/images/footer-iso-ring.png","1400","","","200","OK","Crawlable","true","","","Root-Relative","//body/div[3]/footer/div/div[2]/div[2]/div[1]/div/div/img","Footer","HTML"
"Image","https://www.strique.io/vs","https://www.strique.io/images/footer-iso-ring.png","1400","","","200","OK","Crawlable","true","","","Root-Relative","//body/div[3]/footer/div/div[2]/div[2]/div[1]/div/div/img","Footer","HTML"
"Image","https://www.strique.io/vs/strique-vs-adroll","https://www.strique.io/images/footer-iso-ring.png","1400","","","200","OK","Crawlable","true","","","Root-Relative","//body/div[3]/footer/div/div[2]/div[2]/div[1]/div/div/img","Footer","HTML"
"Image","https://www.strique.io/contact?intent=demo","https://www.strique.io/images/footer-iso-ring.png","1400","","","200","OK","Crawlable","true","","","Root-Relative","//body/div[3]/footer/div/div[2]/div[2]/div[1]/div/div/img","Footer","HTML"
"Image","https://www.strique.io/contact?intent=careers&role=founding-growth-engineer","https://www.strique.io/images/footer-iso-ring.png","1400","","","200","OK","Crawlable","true","","","Root-Relative","//body/div[3]/footer/div/div[2]/div[2]/div[1]/div/div/img","Footer","HTML"
"Image","https://www.strique.io/contact?intent=careers&role=applied-ml-researcher","https://www.strique.io/images/footer-iso-ring.png","1400","","","200","OK","Crawlable","true","","","Root-Relative","//body/div[3]/footer/div/div[2]/div[2]/div[1]/div/div/img","Footer","HTML"
"Image","https://www.strique.io/contact?intent=careers&role=agent-infrastructure-engineer","https://www.strique.io/images/footer-iso-ring.png","1400","","","200","OK","Crawlable","true","","","Root-Relative","//body/div[3]/footer/div/div[2]/div[2]/div[1]/div/div/img","Footer","HTML"
"Image","https://www.strique.io/contact?intent=careers&role=product-designer","https://www.strique.io/images/footer-iso-ring.png","1400","","","200","OK","Crawlable","true","","","Root-Relative","//body/div[3]/footer/div/div[2]/div[2]/div[1]/div/div/img","Footer","HTML"
"Image","https://www.strique.io/contact?intent=careers&role=senior-full-stack-engineer","https://www.strique.io/images/footer-iso-ring.png","1400","","","200","OK","Crawlable","true","","","Root-Relative","//body/div[3]/footer/div/div[2]/div[2]/div[1]/div/div/img","Footer","HTML"
"Image","https://www.strique.io/contact?intent=careers&role=revenue-marketer","https://www.strique.io/images/footer-iso-ring.png","1400","","","200","OK","Crawlable","true","","","Root-Relative","//body/div[3]/footer/div/div[2]/div[2]/div[1]/div/div/img","Footer","HTML"
"Image","https://www.strique.io/contact?intent=careers&role=founding-customer-engineer","https://www.strique.io/images/footer-iso-ring.png","1400","","","200","OK","Crawlable","true","","","Root-Relative","//body/div[3]/footer/div/div[2]/div[2]/div[1]/div/div/img","Footer","HTML"
"Image","https://www.strique.io/contact?intent=careers&role=ai-apprentice-program","https://www.strique.io/images/footer-iso-ring.png","1400","","","200","OK","Crawlable","true","","","Root-Relative","//body/div[3]/footer/div/div[2]/div[2]/div[1]/div/div/img","Footer","HTML"
"Hyperlink","https://www.strique.io/","https://www.strique.io/integrations","107778","","Integrations","200","OK","Crawlable","true","","","Root-Relative","//body/div[3]/footer/div/div[1]/div[2]/div[1]/ul/li[3]/a","Footer","HTML"
"Hyperlink","https://www.strique.io/contact","https://www.strique.io/integrations","107778","","Integrations","200","OK","Crawlable","true","","","Root-Relative","//body/div[3]/footer/div/div[1]/div[2]/div[1]/ul/li[3]/a","Footer","HTML"
"Hyperlink","https://www.strique.io/customers/powerlook","https://www.strique.io/integrations","107778","","Integrations","200","OK","Crawlable","true","","","Root-Relative","//body/div[3]/footer/div/div[1]/div[2]/div[1]/ul/li[3]/a","Footer","HTML"
"Hyperlink","https://www.strique.io/customers/inc5","https://www.strique.io/integrations","107778","","Integrations","200","OK","Crawlable","true","","","Root-Relative","//body/div[3]/footer/div/div[1]/div[2]/div[1]/ul/li[3]/a","Footer","HTML"
"Hyperlink","https://www.strique.io/customers","https://www.strique.io/integrations","107778","","Integrations","200","OK","Crawlable","true","","","Root-Relative","//body/div[3]/footer/div/div[1]/div[2]/div[1]/ul/li[3]/a","Footer","HTML"
"Hyperlink","https://www.strique.io/product","https://www.strique.io/integrations","107778","","Integrations","200","OK","Crawlable","true","","","Root-Relative","//body/div[3]/footer/div/div[1]/div[2]/div[1]/ul/li[3]/a","Footer","HTML"
"Hyperlink","https://www.strique.io/terms","https://www.strique.io/integrations","107778","","Integrations","200","OK","Crawlable","true","","","Root-Relative","//body/div[3]/footer/div/div[1]/div[2]/div[1]/ul/li[3]/a","Footer","HTML"
"Hyperlink","https://www.strique.io/for","https://www.strique.io/integrations","107778","","Integrations","200","OK","Crawlable","true","","","Root-Relative","//body/div[3]/footer/div/div[1]/div[2]/div[1]/ul/li[3]/a","Footer","HTML"
"Hyperlink","https://www.strique.io/pricing","https://www.strique.io/integrations","107778","","Integrations","200","OK","Crawlable","true","","","Root-Relative","//body/div[3]/footer/div/div[1]/div[2]/div[1]/ul/li[3]/a","Footer","HTML"
"Hyperlink","https://www.strique.io/solutions","https://www.strique.io/integrations","107778","","Integrations","200","OK","Crawlable","true","","","Root-Relative","//body/div[3]/footer/div/div[1]/div[2]/div[1]/ul/li[3]/a","Footer","HTML"
"Hyperlink","https://www.strique.io/privacy-policy","https://www.strique.io/integrations","107778","","Integrations","200","OK","Crawlable","true","","","Root-Relative","//body/div[3]/footer/div/div[1]/div[2]/div[1]/ul/li[3]/a","Footer","HTML"
"Hyperlink","https://www.strique.io/trust-center","https://www.strique.io/integrations","107778","","Integrations","200","OK","Crawlable","true","","","Root-Relative","//body/div[3]/footer/div/div[1]/div[2]/div[1]/ul/li[3]/a","Footer","HTML"
"Hyperlink","https://www.strique.io/about","https://www.strique.io/integrations","107778","","Integrations","200","OK","Crawlable","true","","","Root-Relative","//body/div[3]/footer/div/div[1]/div[2]/div[1]/ul/li[3]/a","Footer","HTML"
"Hyperlink","https://www.strique.io/security","https://www.strique.io/integrations","107778","","Integrations","200","OK","Crawlable","true","","","Root-Relative","//body/div[3]/footer/div/div[1]/div[2]/div[1]/ul/li[3]/a","Footer","HTML"
"Hyperlink","https://www.strique.io/careers","https://www.strique.io/integrations","107778","","Integrations","200","OK","Crawlable","true","","","Root-Relative","//body/div[3]/footer/div/div[1]/div[2]/div[1]/ul/li[3]/a","Footer","HTML"
"Hyperlink","https://www.strique.io/customers/crimzon","https://www.strique.io/integrations","107778","","Integrations","200","OK","Crawlable","true","","","Root-Relative","//body/div[3]/footer/div/div[1]/div[2]/div[1]/ul/li[3]/a","Footer","HTML"
"Hyperlink","https://www.strique.io/integrations","https://www.strique.io/integrations","107778","","Integrations","200","OK","Crawlable","true","","","Root-Relative","//body/div[3]/footer/div/div[1]/div[2]/div[1]/ul/li[3]/a","Footer","HTML"
"Hyperlink","https://www.strique.io/integrations/hubspot","https://www.strique.io/integrations","107778","","See all integrations","200","OK","Crawlable","true","","","Root-Relative","//body/div[3]/main/section[1]/div[@class='fig-page-padded']/div/a[@class='btn-fill-to-white']","Content","HTML"
"Hyperlink","https://www.strique.io/integrations/hubspot","https://www.strique.io/integrations","107778","","All integrations","200","OK","Crawlable","true","","","Root-Relative","//body/div[3]/main/section[2]/div/div[2]/a","Content","HTML"
"Hyperlink","https://www.strique.io/integrations/hubspot","https://www.strique.io/integrations","107778","","Integrations","200","OK","Crawlable","true","","","Root-Relative","//body/div[3]/footer/div/div[1]/div[2]/div[1]/ul/li[3]/a","Footer","HTML"
"Hyperlink","https://www.strique.io/contact?intent=careers","https://www.strique.io/integrations","107778","","Integrations","200","OK","Crawlable","true","","","Root-Relative","//body/div[3]/footer/div/div[1]/div[2]/div[1]/ul/li[3]/a","Footer","HTML"
"Hyperlink","https://www.strique.io/integrations/google-ads","https://www.strique.io/integrations","107778","","See all integrations","200","OK","Crawlable","true","","","Root-Relative","//body/div[3]/main/section[1]/div[@class='fig-page-padded']/div/a[@class='btn-fill-to-white']","Content","HTML"
"Hyperlink","https://www.strique.io/integrations/google-ads","https://www.strique.io/integrations","107778","","All integrations","200","OK","Crawlable","true","","","Root-Relative","//body/div[3]/main/section[2]/div/div[2]/a","Content","HTML"
"Hyperlink","https://www.strique.io/integrations/google-ads","https://www.strique.io/integrations","107778","","Integrations","200","OK","Crawlable","true","","","Root-Relative","//body/div[3]/footer/div/div[1]/div[2]/div[1]/ul/li[3]/a","Footer","HTML"
"Hyperlink","https://www.strique.io/integrations/meta-ads","https://www.strique.io/integrations","107778","","See all integrations","200","OK","Crawlable","true","","","Root-Relative","//body/div[3]/main/section[1]/div[@class='fig-page-padded']/div/a[@class='btn-fill-to-white']","Content","HTML"
"Hyperlink","https://www.strique.io/integrations/meta-ads","https://www.strique.io/integrations","107778","","All integrations","200","OK","Crawlable","true","","","Root-Relative","//body/div[3]/main/section[2]/div/div[2]/a","Content","HTML"
"Hyperlink","https://www.strique.io/integrations/meta-ads","https://www.strique.io/integrations","107778","","Integrations","200","OK","Crawlable","true","","","Root-Relative","//body/div[3]/footer/div/div[1]/div[2]/div[1]/ul/li[3]/a","Footer","HTML"
"Hyperlink","https://www.strique.io/careers/ai-apprentice-program","https://www.strique.io/integrations","107778","","Integrations","200","OK","Crawlable","true","","","Root-Relative","//body/div[3]/footer/div/div[1]/div[2]/div[1]/ul/li[3]/a","Footer","HTML"
"Hyperlink","https://www.strique.io/careers/founding-customer-engineer","https://www.strique.io/integrations","107778","","Integrations","200","OK","Crawlable","true","","","Root-Relative","//body/div[3]/footer/div/div[1]/div[2]/div[1]/ul/li[3]/a","Footer","HTML"
"Hyperlink","https://www.strique.io/careers/revenue-marketer","https://www.strique.io/integrations","107778","","Integrations","200","OK","Crawlable","true","","","Root-Relative","//body/div[3]/footer/div/div[1]/div[2]/div[1]/ul/li[3]/a","Footer","HTML"
"Hyperlink","https://www.strique.io/careers/senior-full-stack-engineer","https://www.strique.io/integrations","107778","","Integrations","200","OK","Crawlable","true","","","Root-Relative","//body/div[3]/footer/div/div[1]/div[2]/div[1]/ul/li[3]/a","Footer","HTML"
"Hyperlink","https://www.strique.io/careers/product-designer","https://www.strique.io/integrations","107778","","Integrations","200","OK","Crawlable","true","","","Root-Relative","//body/div[3]/footer/div/div[1]/div[2]/div[1]/ul/li[3]/a","Footer","HTML"
"Hyperlink","https://www.strique.io/careers/agent-infrastructure-engineer","https://www.strique.io/integrations","107778","","Integrations","200","OK","Crawlable","true","","","Root-Relative","//body/div[3]/footer/div/div[1]/div[2]/div[1]/ul/li[3]/a","Footer","HTML"
"Hyperlink","https://www.strique.io/careers/applied-ml-researcher","https://www.strique.io/integrations","107778","","Integrations","200","OK","Crawlable","true","","","Root-Relative","//body/div[3]/footer/div/div[1]/div[2]/div[1]/ul/li[3]/a","Footer","HTML"
"Hyperlink","https://www.strique.io/careers/founding-growth-engineer","https://www.strique.io/integrations","107778","","Integrations","200","OK","Crawlable","true","","","Root-Relative","//body/div[3]/footer/div/div[1]/div[2]/div[1]/ul/li[3]/a","Footer","HTML"
"Hyperlink","https://www.strique.io/solutions/local-services","https://www.strique.io/integrations","107778","","Integrations","200","OK","Crawlable","true","","","Root-Relative","//body/div[3]/footer/div/div[1]/div[2]/div[1]/ul/li[3]/a","Footer","HTML"
"Hyperlink","https://www.strique.io/solutions/agencies","https://www.strique.io/integrations","107778","","Integrations","200","OK","Crawlable","true","","","Root-Relative","//body/div[3]/footer/div/div[1]/div[2]/div[1]/ul/li[3]/a","Footer","HTML"
"Hyperlink","https://www.strique.io/solutions/b2b-saas","https://www.strique.io/integrations","107778","","Integrations","200","OK","Crawlable","true","","","Root-Relative","//body/div[3]/footer/div/div[1]/div[2]/div[1]/ul/li[3]/a","Footer","HTML"
"Hyperlink","https://www.strique.io/solutions/ecommerce","https://www.strique.io/integrations","107778","","Integrations","200","OK","Crawlable","true","","","Root-Relative","//body/div[3]/footer/div/div[1]/div[2]/div[1]/ul/li[3]/a","Footer","HTML"
"Hyperlink","https://www.strique.io/contact?intent=sales","https://www.strique.io/integrations","107778","","Integrations","200","OK","Crawlable","true","","","Root-Relative","//body/div[3]/footer/div/div[1]/div[2]/div[1]/ul/li[3]/a","Footer","HTML"
"Hyperlink","https://www.strique.io/for/founders","https://www.strique.io/integrations","107778","","Integrations","200","OK","Crawlable","true","","","Root-Relative","//body/div[3]/footer/div/div[1]/div[2]/div[1]/ul/li[3]/a","Footer","HTML"
"Hyperlink","https://www.strique.io/for/cmos","https://www.strique.io/integrations","107778","","Integrations","200","OK","Crawlable","true","","","Root-Relative","//body/div[3]/footer/div/div[1]/div[2]/div[1]/ul/li[3]/a","Footer","HTML"
"Hyperlink","https://www.strique.io/for/marketing-managers","https://www.strique.io/integrations","107778","","Integrations","200","OK","Crawlable","true","","","Root-Relative","//body/div[3]/footer/div/div[1]/div[2]/div[1]/ul/li[3]/a","Footer","HTML"
"Hyperlink","https://www.strique.io/vs/strique-vs-jasper","https://www.strique.io/integrations","107778","","Integrations","200","OK","Crawlable","true","","","Root-Relative","//body/div[3]/footer/div/div[1]/div[2]/div[1]/ul/li[3]/a","Footer","HTML"
"Hyperlink","https://www.strique.io/vs","https://www.strique.io/integrations","107778","","Integrations","200","OK","Crawlable","true","","","Root-Relative","//body/div[3]/footer/div/div[1]/div[2]/div[1]/ul/li[3]/a","Footer","HTML"
"Hyperlink","https://www.strique.io/vs/strique-vs-adroll","https://www.strique.io/integrations","107778","","Integrations","200","OK","Crawlable","true","","","Root-Relative","//body/div[3]/footer/div/div[1]/div[2]/div[1]/ul/li[3]/a","Footer","HTML"
"Hyperlink","https://www.strique.io/contact?intent=demo","https://www.strique.io/integrations","107778","","Integrations","200","OK","Crawlable","true","","","Root-Relative","//body/div[3]/footer/div/div[1]/div[2]/div[1]/ul/li[3]/a","Footer","HTML"
"Hyperlink","https://www.strique.io/contact?intent=careers&role=founding-growth-engineer","https://www.strique.io/integrations","107778","","Integrations","200","OK","Crawlable","true","","","Root-Relative","//body/div[3]/footer/div/div[1]/div[2]/div[1]/ul/li[3]/a","Footer","HTML"
"Hyperlink","https://www.strique.io/contact?intent=careers&role=applied-ml-researcher","https://www.strique.io/integrations","107778","","Integrations","200","OK","Crawlable","true","","","Root-Relative","//body/div[3]/footer/div/div[1]/div[2]/div[1]/ul/li[3]/a","Footer","HTML"
"Hyperlink","https://www.strique.io/contact?intent=careers&role=agent-infrastructure-engineer","https://www.strique.io/integrations","107778","","Integrations","200","OK","Crawlable","true","","","Root-Relative","//body/div[3]/footer/div/div[1]/div[2]/div[1]/ul/li[3]/a","Footer","HTML"
"Hyperlink","https://www.strique.io/contact?intent=careers&role=product-designer","https://www.strique.io/integrations","107778","","Integrations","200","OK","Crawlable","true","","","Root-Relative","//body/div[3]/footer/div/div[1]/div[2]/div[1]/ul/li[3]/a","Footer","HTML"
"Hyperlink","https://www.strique.io/contact?intent=careers&role=senior-full-stack-engineer","https://www.strique.io/integrations","107778","","Integrations","200","OK","Crawlable","true","","","Root-Relative","//body/div[3]/footer/div/div[1]/div[2]/div[1]/ul/li[3]/a","Footer","HTML"
"Hyperlink","https://www.strique.io/contact?intent=careers&role=revenue-marketer","https://www.strique.io/integrations","107778","","Integrations","200","OK","Crawlable","true","","","Root-Relative","//body/div[3]/footer/div/div[1]/div[2]/div[1]/ul/li[3]/a","Footer","HTML"
"Hyperlink","https://www.strique.io/contact?intent=careers&role=founding-customer-engineer","https://www.strique.io/integrations","107778","","Integrations","200","OK","Crawlable","true","","","Root-Relative","//body/div[3]/footer/div/div[1]/div[2]/div[1]/ul/li[3]/a","Footer","HTML"
"Hyperlink","https://www.strique.io/contact?intent=careers&role=ai-apprentice-program","https://www.strique.io/integrations","107778","","Integrations","200","OK","Crawlable","true","","","Root-Relative","//body/div[3]/footer/div/div[1]/div[2]/div[1]/ul/li[3]/a","Footer","HTML"
"HTML Canonical","https://www.strique.io/integrations","https://www.strique.io/integrations","107778","","","200","OK","Crawlable","true","","","Absolute","//head/link[12]","Head","HTML"
"JavaScript","https://www.strique.io/","https://www.strique.io/_next/static/chunks/polyfills-42372ed130431b0a.js","0","","","200","OK","Crawlable","true","","","Root-Relative","//head/script[13]","Head","HTML"
"JavaScript","https://www.strique.io/contact","https://www.strique.io/_next/static/chunks/polyfills-42372ed130431b0a.js","0","","","200","OK","Crawlable","true","","","Root-Relative","//head/script[15]","Head","HTML"
"JavaScript","https://www.strique.io/customers/powerlook","https://www.strique.io/_next/static/chunks/polyfills-42372ed130431b0a.js","0","","","200","OK","Crawlable","true","","","Root-Relative","//head/script[13]","Head","HTML"
"JavaScript","https://www.strique.io/customers/inc5","https://www.strique.io/_next/static/chunks/polyfills-42372ed130431b0a.js","0","","","200","OK","Crawlable","true","","","Root-Relative","//head/script[13]","Head","HTML"
"JavaScript","https://www.strique.io/customers","https://www.strique.io/_next/static/chunks/polyfills-42372ed130431b0a.js","0","","","200","OK","Crawlable","true","","","Root-Relative","//head/script[13]","Head","HTML"
"JavaScript","https://www.strique.io/product","https://www.strique.io/_next/static/chunks/polyfills-42372ed130431b0a.js","0","","","200","OK","Crawlable","true","","","Root-Relative","//head/script[12]","Head","HTML"
"JavaScript","https://www.strique.io/terms","https://www.strique.io/_next/static/chunks/polyfills-42372ed130431b0a.js","0","","","200","OK","Crawlable","true","","","Root-Relative","//head/script[13]","Head","HTML"
"JavaScript","https://www.strique.io/for","https://www.strique.io/_next/static/chunks/polyfills-42372ed130431b0a.js","0","","","200","OK","Crawlable","true","","","Root-Relative","//head/script[13]","Head","HTML"
"JavaScript","https://www.strique.io/pricing","https://www.strique.io/_next/static/chunks/polyfills-42372ed130431b0a.js","0","","","200","OK","Crawlable","true","","","Root-Relative","//head/script[15]","Head","HTML"
"JavaScript","https://www.strique.io/solutions","https://www.strique.io/_next/static/chunks/polyfills-42372ed130431b0a.js","0","","","200","OK","Crawlable","true","","","Root-Relative","//head/script[13]","Head","HTML"
"JavaScript","https://www.strique.io/privacy-policy","https://www.strique.io/_next/static/chunks/polyfills-42372ed130431b0a.js","0","","","200","OK","Crawlable","true","","","Root-Relative","//head/script[13]","Head","HTML"
"JavaScript","https://www.strique.io/trust-center","https://www.strique.io/_next/static/chunks/polyfills-42372ed130431b0a.js","0","","","200","OK","Crawlable","true","","","Root-Relative","//head/script[15]","Head","HTML"
"JavaScript","https://www.strique.io/about","https://www.strique.io/_next/static/chunks/polyfills-42372ed130431b0a.js","0","","","200","OK","Crawlable","true","","","Root-Relative","//head/script[14]","Head","HTML"
"JavaScript","https://www.strique.io/security","https://www.strique.io/_next/static/chunks/polyfills-42372ed130431b0a.js","0","","","200","OK","Crawlable","true","","","Root-Relative","//head/script[14]","Head","HTML"
"JavaScript","https://www.strique.io/careers","https://www.strique.io/_next/static/chunks/polyfills-42372ed130431b0a.js","0","","","200","OK","Crawlable","true","","","Root-Relative","//head/script[12]","Head","HTML"
"JavaScript","https://www.strique.io/customers/crimzon","https://www.strique.io/_next/static/chunks/polyfills-42372ed130431b0a.js","0","","","200","OK","Crawlable","true","","","Root-Relative","//head/script[13]","Head","HTML"
"JavaScript","https://www.strique.io/integrations","https://www.strique.io/_next/static/chunks/polyfills-42372ed130431b0a.js","0","","","200","OK","Crawlable","true","","","Root-Relative","//head/script[13]","Head","HTML"
"JavaScript","https://www.strique.io/integrations/hubspot","https://www.strique.io/_next/static/chunks/polyfills-42372ed130431b0a.js","0","","","200","OK","Crawlable","true","","","Root-Relative","//head/script[13]","Head","HTML"
"JavaScript","https://www.strique.io/contact?intent=careers","https://www.strique.io/_next/static/chunks/polyfills-42372ed130431b0a.js","0","","","200","OK","Crawlable","true","","","Root-Relative","//head/script[15]","Head","HTML"
"JavaScript","https://www.strique.io/integrations/google-ads","https://www.strique.io/_next/static/chunks/polyfills-42372ed130431b0a.js","0","","","200","OK","Crawlable","true","","","Root-Relative","//head/script[13]","Head","HTML"
"JavaScript","https://www.strique.io/integrations/meta-ads","https://www.strique.io/_next/static/chunks/polyfills-42372ed130431b0a.js","0","","","200","OK","Crawlable","true","","","Root-Relative","//head/script[13]","Head","HTML"
"JavaScript","https://www.strique.io/careers/ai-apprentice-program","https://www.strique.io/_next/static/chunks/polyfills-42372ed130431b0a.js","0","","","200","OK","Crawlable","true","","","Root-Relative","//head/script[12]","Head","HTML"
"JavaScript","https://www.strique.io/careers/founding-customer-engineer","https://www.strique.io/_next/static/chunks/polyfills-42372ed130431b0a.js","0","","","200","OK","Crawlable","true","","","Root-Relative","//head/script[12]","Head","HTML"
"JavaScript","https://www.strique.io/careers/revenue-marketer","https://www.strique.io/_next/static/chunks/polyfills-42372ed130431b0a.js","0","","","200","OK","Crawlable","true","","","Root-Relative","//head/script[12]","Head","HTML"
"JavaScript","https://www.strique.io/careers/senior-full-stack-engineer","https://www.strique.io/_next/static/chunks/polyfills-42372ed130431b0a.js","0","","","200","OK","Crawlable","true","","","Root-Relative","//head/script[12]","Head","HTML"
"JavaScript","https://www.strique.io/careers/product-designer","https://www.strique.io/_next/static/chunks/polyfills-42372ed130431b0a.js","0","","","200","OK","Crawlable","true","","","Root-Relative","//head/script[12]","Head","HTML"
"JavaScript","https://www.strique.io/careers/agent-infrastructure-engineer","https://www.strique.io/_next/static/chunks/polyfills-42372ed130431b0a.js","0","","","200","OK","Crawlable","true","","","Root-Relative","//head/script[12]","Head","HTML"
"JavaScript","https://www.strique.io/careers/applied-ml-researcher","https://www.strique.io/_next/static/chunks/polyfills-42372ed130431b0a.js","0","","","200","OK","Crawlable","true","","","Root-Relative","//head/script[12]","Head","HTML"
"JavaScript","https://www.strique.io/careers/founding-growth-engineer","https://www.strique.io/_next/static/chunks/polyfills-42372ed130431b0a.js","0","","","200","OK","Crawlable","true","","","Root-Relative","//head/script[12]","Head","HTML"
"JavaScript","https://www.strique.io/solutions/local-services","https://www.strique.io/_next/static/chunks/polyfills-42372ed130431b0a.js","0","","","200","OK","Crawlable","true","","","Root-Relative","//head/script[12]","Head","HTML"
"JavaScript","https://www.strique.io/solutions/agencies","https://www.strique.io/_next/static/chunks/polyfills-42372ed130431b0a.js","0","","","200","OK","Crawlable","true","","","Root-Relative","//head/script[12]","Head","HTML"
"JavaScript","https://www.strique.io/solutions/b2b-saas","https://www.strique.io/_next/static/chunks/polyfills-42372ed130431b0a.js","0","","","200","OK","Crawlable","true","","","Root-Relative","//head/script[12]","Head","HTML"
"JavaScript","https://www.strique.io/solutions/ecommerce","https://www.strique.io/_next/static/chunks/polyfills-42372ed130431b0a.js","0","","","200","OK","Crawlable","true","","","Root-Relative","//head/script[12]","Head","HTML"
"JavaScript","https://www.strique.io/contact?intent=sales","https://www.strique.io/_next/static/chunks/polyfills-42372ed130431b0a.js","0","","","200","OK","Crawlable","true","","","Root-Relative","//head/script[15]","Head","HTML"
"JavaScript","https://www.strique.io/for/founders","https://www.strique.io/_next/static/chunks/polyfills-42372ed130431b0a.js","0","","","200","OK","Crawlable","true","","","Root-Relative","//head/script[13]","Head","HTML"
"JavaScript","https://www.strique.io/for/cmos","https://www.strique.io/_next/static/chunks/polyfills-42372ed130431b0a.js","0","","","200","OK","Crawlable","true","","","Root-Relative","//head/script[13]","Head","HTML"
"JavaScript","https://www.strique.io/for/marketing-managers","https://www.strique.io/_next/static/chunks/polyfills-42372ed130431b0a.js","0","","","200","OK","Crawlable","true","","","Root-Relative","//head/script[13]","Head","HTML"
"JavaScript","https://www.strique.io/vs/strique-vs-jasper","https://www.strique.io/_next/static/chunks/polyfills-42372ed130431b0a.js","0","","","200","OK","Crawlable","true","","","Root-Relative","//head/script[13]","Head","HTML"
"JavaScript","https://www.strique.io/vs","https://www.strique.io/_next/static/chunks/polyfills-42372ed130431b0a.js","0","","","200","OK","Crawlable","true","","","Root-Relative","//head/script[13]","Head","HTML"
"JavaScript","https://www.strique.io/vs/strique-vs-adroll","https://www.strique.io/_next/static/chunks/polyfills-42372ed130431b0a.js","0","","","200","OK","Crawlable","true","","","Root-Relative","//head/script[13]","Head","HTML"
"JavaScript","https://www.strique.io/contact?intent=demo","https://www.strique.io/_next/static/chunks/polyfills-42372ed130431b0a.js","0","","","200","OK","Crawlable","true","","","Root-Relative","//head/script[15]","Head","HTML"
"JavaScript","https://www.strique.io/contact?intent=careers&role=founding-growth-engineer","https://www.strique.io/_next/static/chunks/polyfills-42372ed130431b0a.js","0","","","200","OK","Crawlable","true","","","Root-Relative","//head/script[15]","Head","HTML"
"JavaScript","https://www.strique.io/contact?intent=careers&role=applied-ml-researcher","https://www.strique.io/_next/static/chunks/polyfills-42372ed130431b0a.js","0","","","200","OK","Crawlable","true","","","Root-Relative","//head/script[15]","Head","HTML"
"JavaScript","https://www.strique.io/contact?intent=careers&role=agent-infrastructure-engineer","https://www.strique.io/_next/static/chunks/polyfills-42372ed130431b0a.js","0","","","200","OK","Crawlable","true","","","Root-Relative","//head/script[15]","Head","HTML"
"JavaScript","https://www.strique.io/contact?intent=careers&role=product-designer","https://www.strique.io/_next/static/chunks/polyfills-42372ed130431b0a.js","0","","","200","OK","Crawlable","true","","","Root-Relative","//head/script[15]","Head","HTML"
"JavaScript","https://www.strique.io/contact?intent=careers&role=senior-full-stack-engineer","https://www.strique.io/_next/static/chunks/polyfills-42372ed130431b0a.js","0","","","200","OK","Crawlable","true","","","Root-Relative","//head/script[15]","Head","HTML"
"JavaScript","https://www.strique.io/contact?intent=careers&role=revenue-marketer","https://www.strique.io/_next/static/chunks/polyfills-42372ed130431b0a.js","0","","","200","OK","Crawlable","true","","","Root-Relative","//head/script[15]","Head","HTML"
"JavaScript","https://www.strique.io/contact?intent=careers&role=founding-customer-engineer","https://www.strique.io/_next/static/chunks/polyfills-42372ed130431b0a.js","0","","","200","OK","Crawlable","true","","","Root-Relative","//head/script[15]","Head","HTML"
"JavaScript","https://www.strique.io/contact?intent=careers&role=ai-apprentice-program","https://www.strique.io/_next/static/chunks/polyfills-42372ed130431b0a.js","0","","","200","OK","Crawlable","true","","","Root-Relative","//head/script[15]","Head","HTML"
"Hyperlink","https://www.strique.io/customers/crimzon","https://www.linkedin.com/sharing/share-offsite/?url=https%3A%2F%2Fwww.strique.io%2Fcustomers%2Fcrimzon","0","","","302","Found","Crawlable","true","_blank","noopener noreferrer","Absolute","//body/div[3]/main/article/header/div[3]/div/div[2]/div/a[2]","Header","HTML"
"Hyperlink","https://www.strique.io/customers/crimzon","https://www.linkedin.com/sharing/share-offsite/?url=https%3A%2F%2Fwww.strique.io%2Fcustomers%2Fcrimzon","0","","","302","Found","Crawlable","true","_blank","noopener noreferrer","Absolute","//body/div[3]/main/article/div/div[2]/aside/div/div/div/a[2]","Aside","HTML"
"Hyperlink","https://www.strique.io/integrations","https://www.strique.io/integrations/hubspot","105852","","CRM HubSpot Bi-directional CRM sync. Strique reads deal state to inform campaigns and writes contacts and activities back from agent actions. Read more","200","OK","Crawlable","true","","","Root-Relative","//body/div[3]/main/section[2]/div/div/div[3]/a","Content","HTML"
"HTML Canonical","https://www.strique.io/integrations/hubspot","https://www.strique.io/integrations/hubspot","105852","","","200","OK","Crawlable","true","","","Absolute","//head/link[12]","Head","HTML"
"JavaScript","https://www.strique.io/integrations","https://www.strique.io/_next/static/chunks/app/integrations/page-ec8c75374b0c7bf9.js","0","","","200","OK","Crawlable","true","","","Root-Relative","//head/script[12]","Head","HTML"
"Hyperlink","https://www.strique.io/customers/crimzon","https://twitter.com/intent/tweet?text=Crimzon%20grew%20revenue%20163%%20and%20lifted%20ROAS%2021%%20while%20scaling%20spend%202×.&url=https%3A%2F%2Fwww.strique.io%2Fcustomers%2Fcrimzon","0","","","301","Moved Permanently","Crawlable","true","_blank","noopener noreferrer","Absolute","//body/div[3]/main/article/header/div[3]/div/div[2]/div/a[1]","Header","HTML"
"Hyperlink","https://www.strique.io/customers/crimzon","https://twitter.com/intent/tweet?text=Crimzon%20grew%20revenue%20163%%20and%20lifted%20ROAS%2021%%20while%20scaling%20spend%202×.&url=https%3A%2F%2Fwww.strique.io%2Fcustomers%2Fcrimzon","0","","","301","Moved Permanently","Crawlable","true","_blank","noopener noreferrer","Absolute","//body/div[3]/main/article/div/div[2]/aside/div/div/div/a[1]","Aside","HTML"
"Hyperlink","https://www.strique.io/careers","https://www.strique.io/contact?intent=careers","95723","","Get in touch","200","OK","Crawlable","true","","","Root-Relative","//body/div[3]/main/section[4]/div/div/div[@class='fig-final-cta-buttons']/a","Content","HTML"
"Hyperlink","https://www.strique.io/integrations","https://www.strique.io/integrations/google-ads","106896","","Advertising Google Ads Search, Performance Max, YouTube, and Display managed as one loop with shared learning across campaign types. Read more","200","OK","Crawlable","true","","","Root-Relative","//body/div[3]/main/section[2]/div/div/div[2]/a","Content","HTML"
"HTML Canonical","https://www.strique.io/integrations/google-ads","https://www.strique.io/integrations/google-ads","106896","","","200","OK","Crawlable","true","","","Absolute","//head/link[12]","Head","HTML"
"Hyperlink","https://www.strique.io/integrations","https://www.strique.io/integrations/meta-ads","107473","","Advertising Meta Ads Full-stack Meta Ads management: audit, creative generation, launch, optimization, and reporting across Facebook and Instagram placements. Read more","200","OK","Crawlable","true","","","Root-Relative","//body/div[3]/main/section[2]/div/div/div[1]/a","Content","HTML"
"HTML Canonical","https://www.strique.io/integrations/meta-ads","https://www.strique.io/integrations/meta-ads","107473","","","200","OK","Crawlable","true","","","Absolute","//head/link[12]","Head","HTML"
"Hyperlink","https://www.strique.io/careers","https://www.strique.io/careers/ai-apprentice-program","105768","","Open AI Apprentice (6-month program) Six months, paid, outcome-oriented. Ship one product area end-to-end under a founder mentor. Full-time offer at the end if it works for both sides. Flexible Internship","200","OK","Crawlable","true","","","Root-Relative","//body/div[3]/main/section[3]/div/div[2]/a[8]","Content","HTML"
"HTML Canonical","https://www.strique.io/careers/ai-apprentice-program","https://www.strique.io/careers/ai-apprentice-program","105768","","","200","OK","Crawlable","true","","","Absolute","//head/link[12]","Head","HTML"
"Hyperlink","https://www.strique.io/careers","https://www.strique.io/careers/founding-customer-engineer","105639","","GTM Founding Customer Engineer Onboard scale + enterprise customers, write integrations, unblock deals. Deep product + connector knowledge. Quota-adjacent. Hybrid · Mumbai Full-time","200","OK","Crawlable","true","","","Root-Relative","//body/div[3]/main/section[3]/div/div[2]/a[7]","Content","HTML"
"HTML Canonical","https://www.strique.io/careers/founding-customer-engineer","https://www.strique.io/careers/founding-customer-engineer","105639","","","200","OK","Crawlable","true","","","Absolute","//head/link[12]","Head","HTML"
"Hyperlink","https://www.strique.io/careers","https://www.strique.io/careers/revenue-marketer","105380","","GTM Revenue Marketer Run paid, lifecycle, content, and community with Strique as your OS. Report to the founder. First marketing hire. Hybrid · Mumbai Full-time","200","OK","Crawlable","true","","","Root-Relative","//body/div[3]/main/section[3]/div/div[2]/a[6]","Content","HTML"
"HTML Canonical","https://www.strique.io/careers/revenue-marketer","https://www.strique.io/careers/revenue-marketer","105380","","","200","OK","Crawlable","true","","","Absolute","//head/link[12]","Head","HTML"
"Hyperlink","https://www.strique.io/careers","https://www.strique.io/careers/senior-full-stack-engineer","105751","","Engineering Senior Full-Stack Engineer Own features end-to-end across our Next.js web app, agent runtime, and connector layer. TypeScript + Python + Postgres + Cloudflare. Hybrid · Mumbai Full-time","200","OK","Crawlable","true","","","Root-Relative","//body/div[3]/main/section[3]/div/div[2]/a[1]","Content","HTML"
"HTML Canonical","https://www.strique.io/careers/senior-full-stack-engineer","https://www.strique.io/careers/senior-full-stack-engineer","105751","","","200","OK","Crawlable","true","","","Absolute","//head/link[12]","Head","HTML"
"Hyperlink","https://www.strique.io/careers","https://www.strique.io/careers/product-designer","105599","","Design Product Designer Design the chat interface, Canvas reports, skills surface, and brand system. Comfortable shipping in Figma + pairing on the implementation in code. Flexible Full-time","200","OK","Crawlable","true","","","Root-Relative","//body/div[3]/main/section[3]/div/div[2]/a[3]","Content","HTML"
"HTML Canonical","https://www.strique.io/careers/product-designer","https://www.strique.io/careers/product-designer","105599","","","200","OK","Crawlable","true","","","Absolute","//head/link[12]","Head","HTML"
"Hyperlink","https://www.strique.io/","https://x.com/strique_io","62232","","","200","OK","Crawlable","true","_blank","noopener noreferrer","Absolute","//body/div[3]/footer/div/div[1]/ul/li[4]/a","Footer","HTML"
"Hyperlink","https://www.strique.io/contact","https://x.com/strique_io","62232","","","200","OK","Crawlable","true","_blank","noopener noreferrer","Absolute","//body/div[3]/footer/div/div[1]/ul/li[4]/a","Footer","HTML"
"Hyperlink","https://www.strique.io/customers/powerlook","https://x.com/strique_io","62232","","","200","OK","Crawlable","true","_blank","noopener noreferrer","Absolute","//body/div[3]/footer/div/div[1]/ul/li[4]/a","Footer","HTML"
"Hyperlink","https://www.strique.io/customers/inc5","https://x.com/strique_io","62232","","","200","OK","Crawlable","true","_blank","noopener noreferrer","Absolute","//body/div[3]/footer/div/div[1]/ul/li[4]/a","Footer","HTML"
"Hyperlink","https://www.strique.io/customers","https://x.com/strique_io","62232","","","200","OK","Crawlable","true","_blank","noopener noreferrer","Absolute","//body/div[3]/footer/div/div[1]/ul/li[4]/a","Footer","HTML"
"Hyperlink","https://www.strique.io/product","https://x.com/strique_io","62232","","","200","OK","Crawlable","true","_blank","noopener noreferrer","Absolute","//body/div[3]/footer/div/div[1]/ul/li[4]/a","Footer","HTML"
"Hyperlink","https://www.strique.io/terms","https://x.com/strique_io","62232","","","200","OK","Crawlable","true","_blank","noopener noreferrer","Absolute","//body/div[3]/footer/div/div[1]/ul/li[4]/a","Footer","HTML"
"Hyperlink","https://www.strique.io/for","https://x.com/strique_io","62232","","","200","OK","Crawlable","true","_blank","noopener noreferrer","Absolute","//body/div[3]/footer/div/div[1]/ul/li[4]/a","Footer","HTML"
"Hyperlink","https://www.strique.io/pricing","https://x.com/strique_io","62232","","","200","OK","Crawlable","true","_blank","noopener noreferrer","Absolute","//body/div[3]/footer/div/div[1]/ul/li[4]/a","Footer","HTML"
"Hyperlink","https://www.strique.io/solutions","https://x.com/strique_io","62232","","","200","OK","Crawlable","true","_blank","noopener noreferrer","Absolute","//body/div[3]/footer/div/div[1]/ul/li[4]/a","Footer","HTML"
"Hyperlink","https://www.strique.io/privacy-policy","https://x.com/strique_io","62232","","","200","OK","Crawlable","true","_blank","noopener noreferrer","Absolute","//body/div[3]/footer/div/div[1]/ul/li[4]/a","Footer","HTML"
"Hyperlink","https://www.strique.io/trust-center","https://x.com/strique_io","62232","","","200","OK","Crawlable","true","_blank","noopener noreferrer","Absolute","//body/div[3]/footer/div/div[1]/ul/li[4]/a","Footer","HTML"
"Hyperlink","https://www.strique.io/about","https://x.com/strique_io","62232","","","200","OK","Crawlable","true","_blank","noopener noreferrer","Absolute","//body/div[3]/footer/div/div[1]/ul/li[4]/a","Footer","HTML"
"Hyperlink","https://www.strique.io/security","https://x.com/strique_io","62232","","","200","OK","Crawlable","true","_blank","noopener noreferrer","Absolute","//body/div[3]/footer/div/div[1]/ul/li[4]/a","Footer","HTML"
"Hyperlink","https://www.strique.io/careers","https://x.com/strique_io","62232","","","200","OK","Crawlable","true","_blank","noopener noreferrer","Absolute","//body/div[3]/footer/div/div[1]/ul/li[4]/a","Footer","HTML"
"Hyperlink","https://www.strique.io/customers/crimzon","https://x.com/strique_io","62232","","","200","OK","Crawlable","true","_blank","noopener noreferrer","Absolute","//body/div[3]/footer/div/div[1]/ul/li[4]/a","Footer","HTML"
"Hyperlink","https://www.strique.io/integrations","https://x.com/strique_io","62232","","","200","OK","Crawlable","true","_blank","noopener noreferrer","Absolute","//body/div[3]/footer/div/div[1]/ul/li[4]/a","Footer","HTML"
"Hyperlink","https://www.strique.io/integrations/hubspot","https://x.com/strique_io","62232","","","200","OK","Crawlable","true","_blank","noopener noreferrer","Absolute","//body/div[3]/footer/div/div[1]/ul/li[4]/a","Footer","HTML"
"Hyperlink","https://www.strique.io/contact?intent=careers","https://x.com/strique_io","62232","","","200","OK","Crawlable","true","_blank","noopener noreferrer","Absolute","//body/div[3]/footer/div/div[1]/ul/li[4]/a","Footer","HTML"
"Hyperlink","https://www.strique.io/integrations/google-ads","https://x.com/strique_io","62232","","","200","OK","Crawlable","true","_blank","noopener noreferrer","Absolute","//body/div[3]/footer/div/div[1]/ul/li[4]/a","Footer","HTML"
"Hyperlink","https://www.strique.io/integrations/meta-ads","https://x.com/strique_io","62232","","","200","OK","Crawlable","true","_blank","noopener noreferrer","Absolute","//body/div[3]/footer/div/div[1]/ul/li[4]/a","Footer","HTML"
"Hyperlink","https://www.strique.io/careers/ai-apprentice-program","https://x.com/strique_io","62232","","","200","OK","Crawlable","true","_blank","noopener noreferrer","Absolute","//body/div[3]/footer/div/div[1]/ul/li[4]/a","Footer","HTML"
"Hyperlink","https://www.strique.io/careers/founding-customer-engineer","https://x.com/strique_io","62232","","","200","OK","Crawlable","true","_blank","noopener noreferrer","Absolute","//body/div[3]/footer/div/div[1]/ul/li[4]/a","Footer","HTML"
"Hyperlink","https://www.strique.io/careers/revenue-marketer","https://x.com/strique_io","62232","","","200","OK","Crawlable","true","_blank","noopener noreferrer","Absolute","//body/div[3]/footer/div/div[1]/ul/li[4]/a","Footer","HTML"
"Hyperlink","https://www.strique.io/careers/senior-full-stack-engineer","https://x.com/strique_io","62232","","","200","OK","Crawlable","true","_blank","noopener noreferrer","Absolute","//body/div[3]/footer/div/div[1]/ul/li[4]/a","Footer","HTML"
"Hyperlink","https://www.strique.io/careers/product-designer","https://x.com/strique_io","62232","","","200","OK","Crawlable","true","_blank","noopener noreferrer","Absolute","//body/div[3]/footer/div/div[1]/ul/li[4]/a","Footer","HTML"
"Hyperlink","https://www.strique.io/careers/agent-infrastructure-engineer","https://x.com/strique_io","62232","","","200","OK","Crawlable","true","_blank","noopener noreferrer","Absolute","//body/div[3]/footer/div/div[1]/ul/li[4]/a","Footer","HTML"
"Hyperlink","https://www.strique.io/careers/applied-ml-researcher","https://x.com/strique_io","62232","","","200","OK","Crawlable","true","_blank","noopener noreferrer","Absolute","//body/div[3]/footer/div/div[1]/ul/li[4]/a","Footer","HTML"
"Hyperlink","https://www.strique.io/careers/founding-growth-engineer","https://x.com/strique_io","62232","","","200","OK","Crawlable","true","_blank","noopener noreferrer","Absolute","//body/div[3]/footer/div/div[1]/ul/li[4]/a","Footer","HTML"
"Hyperlink","https://www.strique.io/solutions/local-services","https://x.com/strique_io","62232","","","200","OK","Crawlable","true","_blank","noopener noreferrer","Absolute","//body/div[3]/footer/div/div[1]/ul/li[4]/a","Footer","HTML"
"Hyperlink","https://www.strique.io/solutions/agencies","https://x.com/strique_io","62232","","","200","OK","Crawlable","true","_blank","noopener noreferrer","Absolute","//body/div[3]/footer/div/div[1]/ul/li[4]/a","Footer","HTML"
"Hyperlink","https://www.strique.io/solutions/b2b-saas","https://x.com/strique_io","62232","","","200","OK","Crawlable","true","_blank","noopener noreferrer","Absolute","//body/div[3]/footer/div/div[1]/ul/li[4]/a","Footer","HTML"
"Hyperlink","https://www.strique.io/solutions/ecommerce","https://x.com/strique_io","62232","","","200","OK","Crawlable","true","_blank","noopener noreferrer","Absolute","//body/div[3]/footer/div/div[1]/ul/li[4]/a","Footer","HTML"
"Hyperlink","https://www.strique.io/contact?intent=sales","https://x.com/strique_io","62232","","","200","OK","Crawlable","true","_blank","noopener noreferrer","Absolute","//body/div[3]/footer/div/div[1]/ul/li[4]/a","Footer","HTML"
"Hyperlink","https://www.strique.io/for/founders","https://x.com/strique_io","62232","","","200","OK","Crawlable","true","_blank","noopener noreferrer","Absolute","//body/div[3]/footer/div/div[1]/ul/li[4]/a","Footer","HTML"
"Hyperlink","https://www.strique.io/for/cmos","https://x.com/strique_io","62232","","","200","OK","Crawlable","true","_blank","noopener noreferrer","Absolute","//body/div[3]/footer/div/div[1]/ul/li[4]/a","Footer","HTML"
"Hyperlink","https://www.strique.io/for/marketing-managers","https://x.com/strique_io","62232","","","200","OK","Crawlable","true","_blank","noopener noreferrer","Absolute","//body/div[3]/footer/div/div[1]/ul/li[4]/a","Footer","HTML"
"Hyperlink","https://www.strique.io/vs/strique-vs-jasper","https://x.com/strique_io","62232","","","200","OK","Crawlable","true","_blank","noopener noreferrer","Absolute","//body/div[3]/footer/div/div[1]/ul/li[4]/a","Footer","HTML"
"Hyperlink","https://www.strique.io/vs","https://x.com/strique_io","62232","","","200","OK","Crawlable","true","_blank","noopener noreferrer","Absolute","//body/div[3]/footer/div/div[1]/ul/li[4]/a","Footer","HTML"
"Hyperlink","https://www.strique.io/vs/strique-vs-adroll","https://x.com/strique_io","62232","","","200","OK","Crawlable","true","_blank","noopener noreferrer","Absolute","//body/div[3]/footer/div/div[1]/ul/li[4]/a","Footer","HTML"
"Hyperlink","https://www.strique.io/contact?intent=demo","https://x.com/strique_io","62232","","","200","OK","Crawlable","true","_blank","noopener noreferrer","Absolute","//body/div[3]/footer/div/div[1]/ul/li[4]/a","Footer","HTML"
"Hyperlink","https://www.strique.io/contact?intent=careers&role=founding-growth-engineer","https://x.com/strique_io","62232","","","200","OK","Crawlable","true","_blank","noopener noreferrer","Absolute","//body/div[3]/footer/div/div[1]/ul/li[4]/a","Footer","HTML"
"Hyperlink","https://www.strique.io/contact?intent=careers&role=applied-ml-researcher","https://x.com/strique_io","62232","","","200","OK","Crawlable","true","_blank","noopener noreferrer","Absolute","//body/div[3]/footer/div/div[1]/ul/li[4]/a","Footer","HTML"
"Hyperlink","https://www.strique.io/contact?intent=careers&role=agent-infrastructure-engineer","https://x.com/strique_io","62232","","","200","OK","Crawlable","true","_blank","noopener noreferrer","Absolute","//body/div[3]/footer/div/div[1]/ul/li[4]/a","Footer","HTML"
"Hyperlink","https://www.strique.io/contact?intent=careers&role=product-designer","https://x.com/strique_io","62232","","","200","OK","Crawlable","true","_blank","noopener noreferrer","Absolute","//body/div[3]/footer/div/div[1]/ul/li[4]/a","Footer","HTML"
"Hyperlink","https://www.strique.io/contact?intent=careers&role=senior-full-stack-engineer","https://x.com/strique_io","62232","","","200","OK","Crawlable","true","_blank","noopener noreferrer","Absolute","//body/div[3]/footer/div/div[1]/ul/li[4]/a","Footer","HTML"
"Hyperlink","https://www.strique.io/contact?intent=careers&role=revenue-marketer","https://x.com/strique_io","62232","","","200","OK","Crawlable","true","_blank","noopener noreferrer","Absolute","//body/div[3]/footer/div/div[1]/ul/li[4]/a","Footer","HTML"
"Hyperlink","https://www.strique.io/contact?intent=careers&role=founding-customer-engineer","https://x.com/strique_io","62232","","","200","OK","Crawlable","true","_blank","noopener noreferrer","Absolute","//body/div[3]/footer/div/div[1]/ul/li[4]/a","Footer","HTML"
"Hyperlink","https://www.strique.io/contact?intent=careers&role=ai-apprentice-program","https://x.com/strique_io","62232","","","200","OK","Crawlable","true","_blank","noopener noreferrer","Absolute","//body/div[3]/footer/div/div[1]/ul/li[4]/a","Footer","HTML"
"HTML Hreflang","https://x.com/strique_io","https://x.com/strique_io","62232","","","200","OK","Crawlable","true","","","Absolute","//head/link[16]","Head","HTML"
"JavaScript","https://www.strique.io/security","https://www.strique.io/_next/static/chunks/app/security/page-9311fbcda3855c5e.js","0","","","200","OK","Crawlable","true","","","Root-Relative","//head/script[13]","Head","HTML"
"JavaScript","https://www.strique.io/careers","https://www.strique.io/_next/static/chunks/app/careers/page-72bbdb2d1df08ea2.js","0","","","200","OK","Crawlable","true","","","Root-Relative","//head/script[11]","Head","HTML"
"Hyperlink","https://www.strique.io/careers","https://www.strique.io/careers/agent-infrastructure-engineer","105798","","Engineering Agent Infrastructure Engineer Build the runtime that powers the agent loop: tool dispatch, streaming, checkpointing, eval. Deep Python + LLM serving experience. Hybrid · Mumbai Full-time","200","OK","Crawlable","true","","","Root-Relative","//body/div[3]/main/section[3]/div/div[2]/a[2]","Content","HTML"
"HTML Canonical","https://www.strique.io/careers/agent-infrastructure-engineer","https://www.strique.io/careers/agent-infrastructure-engineer","105798","","","200","OK","Crawlable","true","","","Absolute","//head/link[12]","Head","HTML"
"Hyperlink","https://www.strique.io/careers","https://www.strique.io/careers/applied-ml-researcher","105620","","Research Applied ML Researcher Tune the agent loop: prompt engineering, eval suite, RAG over Org context, multi-model routing. Publish internally, not externally. Hybrid · Mumbai Full-time","200","OK","Crawlable","true","","","Root-Relative","//body/div[3]/main/section[3]/div/div[2]/a[5]","Content","HTML"
"HTML Canonical","https://www.strique.io/careers/applied-ml-researcher","https://www.strique.io/careers/applied-ml-researcher","105620","","","200","OK","Crawlable","true","","","Absolute","//head/link[12]","Head","HTML"
"Hyperlink","https://www.strique.io/careers","https://www.strique.io/careers/founding-growth-engineer","105780","","GTM Founding Growth Engineer Live and breathe the product against our own pipeline. Own paid, SEO, email, and content using Strique, and feed the roadmap with what's missing. Hybrid · Mumbai Full-time","200","OK","Crawlable","true","","","Root-Relative","//body/div[3]/main/section[3]/div/div[2]/a[4]","Content","HTML"
"HTML Canonical","https://www.strique.io/careers/founding-growth-engineer","https://www.strique.io/careers/founding-growth-engineer","105780","","","200","OK","Crawlable","true","","","Absolute","//head/link[12]","Head","HTML"
"Image","https://www.strique.io/trust-center","https://www.strique.io/images/sub-processors/mailchimp.svg","0","Mailchimp","","200","OK","Crawlable","true","","","Root-Relative","//body/div[3]/main/section[4]/div/div/div[5]/img","Content","HTML"
"JavaScript","https://www.strique.io/about","https://www.strique.io/_next/static/chunks/app/about/page-21035b4f330669fc.js","0","","","200","OK","Crawlable","true","","","Root-Relative","//head/script[13]","Head","HTML"
"Image","https://www.strique.io/trust-center","https://www.strique.io/images/sub-processors/microsoft-azure.svg","0","Microsoft Entra (Azure AD)","","200","OK","Crawlable","true","","","Root-Relative","//body/div[3]/main/section[4]/div/div/div[4]/img","Content","HTML"
"Image","https://www.strique.io/trust-center","https://www.strique.io/images/sub-processors/github.svg","0","GitHub","","200","OK","Crawlable","true","","","Root-Relative","//body/div[3]/main/section[4]/div/div/div[8]/img","Content","HTML"
"Image","https://www.strique.io/trust-center","https://www.strique.io/images/sub-processors/scrut.png","23735","Scrut Automation","","200","OK","Crawlable","true","","","Root-Relative","//body/div[3]/main/section[4]/div/div/div[7]/img","Content","HTML"
"Image","https://www.strique.io/trust-center","https://www.strique.io/images/sub-processors/neon.svg","0","Neon Tech","","200","OK","Crawlable","true","","","Root-Relative","//body/div[3]/main/section[4]/div/div/div[10]/img","Content","HTML"
"Hyperlink","https://www.strique.io/trust-center","https://slack.com/","0","","slack.com","302","Found","Crawlable","true","_blank","noopener noreferrer","Absolute","//body/div[3]/main/section[4]/div/div/div[3]/div[2]/a","Content","HTML"
"Hyperlink","https://www.strique.io/trust-center","https://mailchimp.com/","570257","","mailchimp.com","200","OK","Crawlable","true","_blank","noopener noreferrer","Absolute","//body/div[3]/main/section[4]/div/div/div[5]/div[2]/a","Content","HTML"
"HTML Hreflang","https://mailchimp.com/","https://mailchimp.com/","570257","","","200","OK","Crawlable","true","","","Absolute","//head/link[2]","Head","HTML"
"HTML Hreflang","https://mailchimp.com/","https://mailchimp.com/","570257","","","200","OK","Crawlable","true","","","Absolute","//head/link[3]","Head","HTML"
"Hyperlink","https://www.strique.io/trust-center","https://clerk.com/","1234191","","clerk.com","200","OK","Crawlable","true","_blank","noopener noreferrer","Absolute","//body/div[3]/main/section[4]/div/div/div[12]/div[2]/a","Content","HTML"
"Hyperlink","https://www.strique.io/trust-center","https://github.com/","579405","","github.com","200","OK","Crawlable","true","_blank","noopener noreferrer","Absolute","//body/div[3]/main/section[4]/div/div/div[8]/div[2]/a","Content","HTML"
"HTML Hreflang","https://github.com/","https://github.com/","579405","","","200","OK","Crawlable","true","","","Absolute","//head/link[106]","Head","HTML"
"HTML Hreflang","https://github.com/","https://github.com/","579405","","","200","OK","Crawlable","true","","","Absolute","//head/link[113]","Head","HTML"
"JavaScript","https://www.strique.io/trust-center","https://www.strique.io/_next/static/chunks/app/trust-center/page-1d2c1a6b90da9033.js","0","","","200","OK","Crawlable","true","","","Root-Relative","//head/script[14]","Head","HTML"
"Hyperlink","https://www.strique.io/trust-center","https://openai.com/","0","","openai.com","403","Forbidden","Crawlable","true","_blank","noopener noreferrer","Absolute","//body/div[3]/main/section[4]/div/div/div[9]/div[2]/a","Content","HTML"
"Hyperlink","https://www.strique.io/trust-center","https://www.opportunehr.com/","264226","","www.opportunehr.com","200","OK","Crawlable","true","_blank","noopener noreferrer","Absolute","//body/div[3]/main/section[4]/div/div/div[1]/div[2]/a","Content","HTML"
"Hyperlink","https://www.strique.io/trust-center","https://www.microsoft.com/en-in/security/business/microsoft-entra","218082","","www.microsoft.com/en-in/security/business/microsoft-entra","200","OK","Crawlable","true","_blank","noopener noreferrer","Absolute","//body/div[3]/main/section[4]/div/div/div[4]/div[2]/a","Content","HTML"
"Image","https://www.strique.io/trust-center","https://www.strique.io/images/sub-processors/clerk.svg","0","Clerk","","200","OK","Crawlable","true","","","Root-Relative","//body/div[3]/main/section[4]/div/div/div[12]/img","Content","HTML"
"Image","https://www.strique.io/trust-center","https://www.strique.io/images/sub-processors/opportune.png","31836","Opportune Technologies HR","","200","OK","Crawlable","true","","","Root-Relative","//body/div[3]/main/section[4]/div/div/div[1]/img","Content","HTML"
"Image","https://www.strique.io/trust-center","https://www.strique.io/images/sub-processors/vercel.svg","0","Vercel","","200","OK","Crawlable","true","","","Root-Relative","//body/div[3]/main/section[4]/div/div/div[2]/img","Content","HTML"
"Hyperlink","https://www.strique.io/trust-center","https://app.scrut.io/","16742","","app.scrut.io","200","OK","Crawlable","true","_blank","noopener noreferrer","Absolute","//body/div[3]/main/section[4]/div/div/div[7]/div[2]/a","Content","HTML"
"Hyperlink","https://www.strique.io/trust-center","https://neon.com/","417487","","neon.com","200","OK","Crawlable","true","_blank","noopener noreferrer","Absolute","//body/div[3]/main/section[4]/div/div/div[10]/div[2]/a","Content","HTML"
"Image","https://www.strique.io/trust-center","https://www.strique.io/images/sub-processors/stripe.svg","0","Stripe","","200","OK","Crawlable","true","","","Root-Relative","//body/div[3]/main/section[4]/div/div/div[11]/img","Content","HTML"
"Image","https://www.strique.io/trust-center","https://www.strique.io/images/sub-processors/slack.svg","0","Slack","","200","OK","Crawlable","true","","","Root-Relative","//body/div[3]/main/section[4]/div/div/div[3]/img","Content","HTML"
"Image","https://www.strique.io/trust-center","https://www.strique.io/images/sub-processors/google-cloud.svg","0","Google Cloud","","200","OK","Crawlable","true","","","Root-Relative","//body/div[3]/main/section[4]/div/div/div[6]/img","Content","HTML"
"Image","https://www.strique.io/trust-center","https://www.strique.io/images/sub-processors/openai.svg","0","OpenAI","","200","OK","Crawlable","true","","","Root-Relative","//body/div[3]/main/section[4]/div/div/div[9]/img","Content","HTML"
"JavaScript","https://www.strique.io/privacy-policy","https://www.strique.io/_next/static/chunks/app/privacy-policy/page-e966d80d3e88d34f.js","0","","","200","OK","Crawlable","true","","","Root-Relative","//head/script[12]","Head","HTML"
"Hyperlink","https://www.strique.io/trust-center","https://stripe.com/","0","","stripe.com","307","Temporary Redirect","Crawlable","true","_blank","noopener noreferrer","Absolute","//body/div[3]/main/section[4]/div/div/div[11]/div[2]/a","Content","HTML"
"Hyperlink","https://www.strique.io/privacy-policy","https://www.linkedin.com/sharing/share-offsite/?url=https%3A%2F%2Fwww.strique.io%2Fprivacy-policy","0","","","302","Found","Crawlable","true","_blank","noopener noreferrer","Absolute","//body/div[3]/main/article/header/div[3]/div/div[2]/div/a[2]","Header","HTML"
"Hyperlink","https://www.strique.io/privacy-policy","https://www.linkedin.com/sharing/share-offsite/?url=https%3A%2F%2Fwww.strique.io%2Fprivacy-policy","0","","","302","Found","Crawlable","true","_blank","noopener noreferrer","Absolute","//body/div[3]/main/article/div/div/aside/div/div/div/a[2]","Aside","HTML"
"Hyperlink","https://www.strique.io/trust-center","https://vercel.com/","581094","","vercel.com","200","OK","Crawlable","true","_blank","noopener noreferrer","Absolute","//body/div[3]/main/section[4]/div/div/div[2]/div[2]/a","Content","HTML"
"Hyperlink","https://www.strique.io/privacy-policy","https://twitter.com/intent/tweet?text=Privacy%20Policy&url=https%3A%2F%2Fwww.strique.io%2Fprivacy-policy","0","","","301","Moved Permanently","Crawlable","true","_blank","noopener noreferrer","Absolute","//body/div[3]/main/article/header/div[3]/div/div[2]/div/a[1]","Header","HTML"
"Hyperlink","https://www.strique.io/privacy-policy","https://twitter.com/intent/tweet?text=Privacy%20Policy&url=https%3A%2F%2Fwww.strique.io%2Fprivacy-policy","0","","","301","Moved Permanently","Crawlable","true","_blank","noopener noreferrer","Absolute","//body/div[3]/main/article/div/div/aside/div/div/div/a[1]","Aside","HTML"
"Hyperlink","https://www.strique.io/privacy-policy","http://dash.strique.io/","0","","http://chat.strique.io","308","Permanent Redirect","Crawlable","true","_blank","noopener noreferrer","Absolute","//body/div[3]/main/article/div/div/div/div[@class='max-w-[680px]']/div/p[1]/a","Content","HTML"
"Hyperlink","https://www.strique.io/solutions","https://www.strique.io/solutions/local-services","113360","","Local services & restaurants Geo-targeted paid + local SEO + review ops for restaurants, clinics, gyms, and service businesses, an AI marketing agent that shows up every day. Read more","200","OK","Crawlable","true","","","Root-Relative","//body/div[3]/main/section[2]/div/div/div[4]/a","Content","HTML"
"HTML Canonical","https://www.strique.io/solutions/local-services","https://www.strique.io/solutions/local-services","113360","","","200","OK","Crawlable","true","","","Absolute","//head/link[12]","Head","HTML"
"Hyperlink","https://www.strique.io/solutions","https://www.strique.io/solutions/agencies","112802","","Agencies & consultancies Multi-client AI marketing agent for agencies running paid, content, and lifecycle for 5 to 50 clients, each with its own isolated brand, memory, and skills. Read more","200","OK","Crawlable","true","","","Root-Relative","//body/div[3]/main/section[2]/div/div/div[3]/a","Content","HTML"
"HTML Canonical","https://www.strique.io/solutions/agencies","https://www.strique.io/solutions/agencies","112802","","","200","OK","Crawlable","true","","","Absolute","//head/link[12]","Head","HTML"
"Hyperlink","https://www.strique.io/solutions","https://www.strique.io/solutions/b2b-saas","112567","","B2B SaaS Demand gen + pipeline operations for B2B SaaS teams: the AI marketing agent that runs paid social, content engine, ABM outreach, and lifecycle working together. Read more","200","OK","Crawlable","true","","","Root-Relative","//body/div[3]/main/section[2]/div/div/div[2]/a","Content","HTML"
"HTML Canonical","https://www.strique.io/solutions/b2b-saas","https://www.strique.io/solutions/b2b-saas","112567","","","200","OK","Crawlable","true","","","Absolute","//head/link[12]","Head","HTML"
"JavaScript","https://www.strique.io/solutions","https://www.strique.io/_next/static/chunks/app/solutions/page-01197ccafb3e8413.js","0","","","200","OK","Crawlable","true","","","Root-Relative","//head/script[12]","Head","HTML"
"Hyperlink","https://www.strique.io/solutions","https://www.strique.io/solutions/ecommerce","112597","","E-commerce & D2C Full-stack AI marketing agent for DTC and e-commerce brands: paid, lifecycle, content, and merchandising copy, all running on one agent loop. Read more","200","OK","Crawlable","true","","","Root-Relative","//body/div[3]/main/section[2]/div/div/div[1]/a","Content","HTML"
"HTML Canonical","https://www.strique.io/solutions/ecommerce","https://www.strique.io/solutions/ecommerce","112597","","","200","OK","Crawlable","true","","","Absolute","//head/link[12]","Head","HTML"
"Hyperlink","https://www.strique.io/solutions","https://www.strique.io/contact?intent=sales","95723","","Talk to sales","200","OK","Crawlable","true","","","Root-Relative","//body/div[3]/main/section[3]/div/div/div[@class='fig-final-cta-buttons']/a","Content","HTML"
"Hyperlink","https://www.strique.io/integrations","https://www.strique.io/contact?intent=sales","95723","","Talk to us","200","OK","Crawlable","true","","","Root-Relative","//body/div[3]/main/section[3]/div/div/div[@class='fig-final-cta-buttons']/a","Content","HTML"
"Hyperlink","https://www.strique.io/vs","https://www.strique.io/contact?intent=sales","95723","","Ask for a comparison","200","OK","Crawlable","true","","","Root-Relative","//body/div[3]/main/section[3]/div/div/div[@class='fig-final-cta-buttons']/a","Content","HTML"
"Hyperlink","https://www.strique.io/trust-center","https://cloud.google.com/","2374041","","cloud.google.com","200","OK","Crawlable","true","_blank","noopener noreferrer","Absolute","//body/div[3]/main/section[4]/div/div/div[6]/div[2]/a","Content","HTML"
"HTML Hreflang","https://cloud.google.com/","https://cloud.google.com/","2374041","","","200","OK","Crawlable","true","","","Absolute","//head/link[6]","Head","HTML"
"HTML Hreflang","https://cloud.google.com/","https://cloud.google.com/","2374041","","","200","OK","Crawlable","true","","","Absolute","//head/link[18]","Head","HTML"
"JavaScript","https://www.strique.io/pricing","https://www.strique.io/_next/static/chunks/9644-21a4e2fb19bd1253.js","0","","","200","OK","Crawlable","true","","","Root-Relative","//head/script[13]","Head","HTML"
"JavaScript","https://www.strique.io/pricing","https://www.strique.io/_next/static/chunks/app/pricing/page-07a04ff93c0dafe9.js","0","","","200","OK","Crawlable","true","","","Root-Relative","//head/script[14]","Head","HTML"
"Hyperlink","https://www.strique.io/for","https://www.strique.io/for/founders","117612","","Founders & solopreneurs You're the marketing hire you can't yet afford. Strique is the fractional AI marketing agent you run from Slack. Read more","200","OK","Crawlable","true","","","Root-Relative","//body/div[3]/main/section[2]/div/div/div[3]/a","Content","HTML"
"HTML Canonical","https://www.strique.io/for/founders","https://www.strique.io/for/founders","117612","","","200","OK","Crawlable","true","","","Absolute","//head/link[12]","Head","HTML"
"JavaScript","https://www.strique.io/terms","https://www.strique.io/_next/static/chunks/app/terms/page-e966d80d3e88d34f.js","0","","","200","OK","Crawlable","true","","","Root-Relative","//head/script[12]","Head","HTML"
"JavaScript","https://www.strique.io/for","https://www.strique.io/_next/static/chunks/app/for/page-ea55d66ca7ce1f67.js","0","","","200","OK","Crawlable","true","","","Root-Relative","//head/script[12]","Head","HTML"
"Image","https://www.strique.io/product","https://www.google.com/s2/favicons?domain=google.com&sz=32","0","","","0","Blocked by robots.txt","Crawlable","true","","","Absolute","//body/div[3]/main/section[4]/div/div[@class='channel-hub-grid']/div[1]/div[1]/div/div/div[2]/img","Content","HTML"
"Image","https://www.strique.io/product","https://www.google.com/s2/favicons?domain=google.com&sz=32","0","","","0","Blocked by robots.txt","Crawlable","true","","","Absolute","//body/div[3]/main/section[4]/div/div[@class='channel-hub-grid']/div[1]/div[2]/div/div/div[1]/img","Content","HTML"
"Hyperlink","https://www.strique.io/for","https://www.strique.io/for/cmos","117322","","CMOs & VPs of Marketing You own the revenue number. Strique is how you hit it without growing headcount or vendor spend linearly. Read more","200","OK","Crawlable","true","","","Root-Relative","//body/div[3]/main/section[2]/div/div/div[2]/a","Content","HTML"
"HTML Canonical","https://www.strique.io/for/cmos","https://www.strique.io/for/cmos","117322","","","200","OK","Crawlable","true","","","Absolute","//head/link[12]","Head","HTML"
"JavaScript","https://www.strique.io/product","https://www.strique.io/_next/static/chunks/app/product/page-4e6f68f43aaf847f.js","0","","","200","OK","Crawlable","true","","","Root-Relative","//head/script[11]","Head","HTML"
"Hyperlink","https://www.strique.io/for","https://www.strique.io/for/marketing-managers","117245","","Marketing managers You own the plan, not the production. Strique gives you the output of a 10-person team without the hiring plan. Read more","200","OK","Crawlable","true","","","Root-Relative","//body/div[3]/main/section[2]/div/div/div[1]/a","Content","HTML"
"HTML Canonical","https://www.strique.io/for/marketing-managers","https://www.strique.io/for/marketing-managers","117245","","","200","OK","Crawlable","true","","","Absolute","//head/link[12]","Head","HTML"
"Image","https://www.strique.io/product","https://www.strique.io/images/product/personalization.jpg","402463","Strique personalization screen with memory and personalization controls","","200","OK","Crawlable","true","","","Root-Relative","//body/div[3]/main/section[2]/div[2]/div[3]/div/div[2]/div/img","Content","HTML"
"Hyperlink","https://www.strique.io/terms","https://twitter.com/intent/tweet?text=Terms%20of%20Use&url=https%3A%2F%2Fwww.strique.io%2Fterms","0","","","301","Moved Permanently","Crawlable","true","_blank","noopener noreferrer","Absolute","//body/div[3]/main/article/header/div[3]/div/div[2]/div/a[1]","Header","HTML"
"Hyperlink","https://www.strique.io/terms","https://twitter.com/intent/tweet?text=Terms%20of%20Use&url=https%3A%2F%2Fwww.strique.io%2Fterms","0","","","301","Moved Permanently","Crawlable","true","_blank","noopener noreferrer","Absolute","//body/div[3]/main/article/div/div/aside/div/div/div/a[1]","Aside","HTML"
"Image","https://www.strique.io/product","https://www.google.com/s2/favicons?domain=facebook.com&sz=32","0","","","0","Blocked by robots.txt","Crawlable","true","","","Absolute","//body/div[3]/main/section[4]/div/div[@class='channel-hub-grid']/div[1]/div[1]/div/div/div[1]/img","Content","HTML"
"Image","https://www.strique.io/product","https://www.google.com/s2/favicons?domain=linkedin.com&sz=32","0","","","0","Blocked by robots.txt","Crawlable","true","","","Absolute","//body/div[3]/main/section[4]/div/div[@class='channel-hub-grid']/div[1]/div[1]/div/div/div[4]/img","Content","HTML"
"Image","https://www.strique.io/product","https://www.google.com/s2/favicons?domain=linkedin.com&sz=32","0","","","0","Blocked by robots.txt","Crawlable","true","","","Absolute","//body/div[3]/main/section[4]/div/div[@class='channel-hub-grid']/div[1]/div[2]/div/div/div[2]/img","Content","HTML"
"Hyperlink","https://www.strique.io/terms","https://www.linkedin.com/sharing/share-offsite/?url=https%3A%2F%2Fwww.strique.io%2Fterms","0","","","302","Found","Crawlable","true","_blank","noopener noreferrer","Absolute","//body/div[3]/main/article/header/div[3]/div/div[2]/div/a[2]","Header","HTML"
"Hyperlink","https://www.strique.io/terms","https://www.linkedin.com/sharing/share-offsite/?url=https%3A%2F%2Fwww.strique.io%2Fterms","0","","","302","Found","Crawlable","true","_blank","noopener noreferrer","Absolute","//body/div[3]/main/article/div/div/aside/div/div/div/a[2]","Aside","HTML"
"Image","https://www.strique.io/product","https://www.google.com/s2/favicons?domain=pinterest.com&sz=32","0","","","0","Blocked by robots.txt","Crawlable","true","","","Absolute","//body/div[3]/main/section[4]/div/div[@class='channel-hub-grid']/div[1]/div[1]/div/div/div[7]/img","Content","HTML"
"Image","https://www.strique.io/product","https://www.google.com/s2/favicons?domain=tiktok.com&sz=32","0","","","0","Blocked by robots.txt","Crawlable","true","","","Absolute","//body/div[3]/main/section[4]/div/div[@class='channel-hub-grid']/div[1]/div[1]/div/div/div[3]/img","Content","HTML"
"Hyperlink","https://www.strique.io/product","https://www.strique.io/vs/strique-vs-jasper","110736","","Strique vs. Jasper A content-generation tool vs. an agent that ships content AND the campaigns around it. Read the comparison","200","OK","Crawlable","true","","","Root-Relative","//body/div[3]/main/section[5]/div/div[2]/div[2]/a","Content","HTML"
"Hyperlink","https://www.strique.io/vs","https://www.strique.io/vs/strique-vs-jasper","110736","","Compare Strique vs. Jasper A content-generation tool vs. an agent that ships content AND the campaigns around it. Read more","200","OK","Crawlable","true","","","Root-Relative","//body/div[3]/main/section[2]/div/div/div[2]/a","Content","HTML"
"HTML Canonical","https://www.strique.io/vs/strique-vs-jasper","https://www.strique.io/vs/strique-vs-jasper","110736","","","200","OK","Crawlable","true","","","Absolute","//head/link[12]","Head","HTML"
"Image","https://www.strique.io/product","https://www.strique.io/images/product/brand-profile.jpg","407790","Strique brand profile screen showing logo, brand colours, typography, and tone of voice settings","","200","OK","Crawlable","true","","","Root-Relative","//body/div[3]/main/section[2]/div[2]/div[1]/div/div[2]/div/img","Content","HTML"
"Image","https://www.strique.io/product","https://www.google.com/s2/favicons?domain=amazon.com&sz=32","0","","","0","Blocked by robots.txt","Crawlable","true","","","Absolute","//body/div[3]/main/section[4]/div/div[@class='channel-hub-grid']/div[1]/div[1]/div/div/div[6]/img","Content","HTML"
"Image","https://www.strique.io/product","https://www.google.com/s2/favicons?domain=snapchat.com&sz=32","0","","","0","Blocked by robots.txt","Crawlable","true","","","Absolute","//body/div[3]/main/section[4]/div/div[@class='channel-hub-grid']/div[1]/div[1]/div/div/div[5]/img","Content","HTML"
"JavaScript","https://www.strique.io/customers","https://www.strique.io/_next/static/chunks/app/customers/page-b05a5c513057480f.js","0","","","200","OK","Crawlable","true","","","Root-Relative","//head/script[12]","Head","HTML"
"JavaScript","https://www.strique.io/customers","https://www.strique.io/_next/static/chunks/2419-027f455112d56ee4.js","0","","","200","OK","Crawlable","true","","","Root-Relative","//head/script[11]","Head","HTML"
"JavaScript","https://www.strique.io/for","https://www.strique.io/_next/static/chunks/2419-027f455112d56ee4.js","0","","","200","OK","Crawlable","true","","","Root-Relative","//head/script[11]","Head","HTML"
"JavaScript","https://www.strique.io/solutions","https://www.strique.io/_next/static/chunks/2419-027f455112d56ee4.js","0","","","200","OK","Crawlable","true","","","Root-Relative","//head/script[11]","Head","HTML"
"JavaScript","https://www.strique.io/integrations","https://www.strique.io/_next/static/chunks/2419-027f455112d56ee4.js","0","","","200","OK","Crawlable","true","","","Root-Relative","//head/script[11]","Head","HTML"
"JavaScript","https://www.strique.io/vs","https://www.strique.io/_next/static/chunks/2419-027f455112d56ee4.js","0","","","200","OK","Crawlable","true","","","Root-Relative","//head/script[11]","Head","HTML"
"Image","https://www.strique.io/product","https://www.strique.io/images/product/slash-commands.jpg","371937","Strique commands screen listing saved slash commands available to the whole team","","200","OK","Crawlable","true","","","Root-Relative","//body/div[3]/main/section[2]/div[2]/div[2]/div/div[2]/div/img","Content","HTML"
"Hyperlink","https://www.strique.io/product","https://www.strique.io/vs","103657","","View all comparisons","200","OK","Crawlable","true","","","Root-Relative","//body/div[3]/main/section[5]/div/div[1]/div/a","Content","HTML"
"Hyperlink","https://www.strique.io/vs/strique-vs-jasper","https://www.strique.io/vs","103657","","See all comparisons","200","OK","Crawlable","true","","","Root-Relative","//body/div[3]/main/section[1]/div[@class='fig-page-padded']/div/a[@class='btn-fill-to-white']","Content","HTML"
"Hyperlink","https://www.strique.io/vs/strique-vs-jasper","https://www.strique.io/vs","103657","","All comparisons","200","OK","Crawlable","true","","","Root-Relative","//body/div[3]/main/section[4]/div/div[3]/a","Content","HTML"
"Hyperlink","https://www.strique.io/vs/strique-vs-adroll","https://www.strique.io/vs","103657","","See all comparisons","200","OK","Crawlable","true","","","Root-Relative","//body/div[3]/main/section[1]/div[@class='fig-page-padded']/div/a[@class='btn-fill-to-white']","Content","HTML"
"Hyperlink","https://www.strique.io/vs/strique-vs-adroll","https://www.strique.io/vs","103657","","All comparisons","200","OK","Crawlable","true","","","Root-Relative","//body/div[3]/main/section[4]/div/div[3]/a","Content","HTML"
"HTML Canonical","https://www.strique.io/vs","https://www.strique.io/vs","103657","","","200","OK","Crawlable","true","","","Absolute","//head/link[12]","Head","HTML"
"Hyperlink","https://www.strique.io/product","https://www.strique.io/vs/strique-vs-adroll","110246","","Strique vs. AdRoll A retargeting network vs. an agent that runs your entire growth stack. Read the comparison","200","OK","Crawlable","true","","","Root-Relative","//body/div[3]/main/section[5]/div/div[2]/div[1]/a","Content","HTML"
"Hyperlink","https://www.strique.io/vs","https://www.strique.io/vs/strique-vs-adroll","110246","","Compare Strique vs. AdRoll A retargeting network vs. an agent that runs your entire growth stack. Read more","200","OK","Crawlable","true","","","Root-Relative","//body/div[3]/main/section[2]/div/div/div[1]/a","Content","HTML"
"HTML Canonical","https://www.strique.io/vs/strique-vs-adroll","https://www.strique.io/vs/strique-vs-adroll","110246","","","200","OK","Crawlable","true","","","Absolute","//head/link[12]","Head","HTML"
"Hyperlink","https://www.strique.io/customers/powerlook","https://twitter.com/intent/tweet?text=Powerlook%20grew%20revenue%2072%%20while%20scaling%20user%20registrations%20and%20conversions.&url=https%3A%2F%2Fwww.strique.io%2Fcustomers%2Fpowerlook","0","","","301","Moved Permanently","Crawlable","true","_blank","noopener noreferrer","Absolute","//body/div[3]/main/article/header/div[3]/div/div[2]/div/a[1]","Header","HTML"
"Hyperlink","https://www.strique.io/customers/powerlook","https://twitter.com/intent/tweet?text=Powerlook%20grew%20revenue%2072%%20while%20scaling%20user%20registrations%20and%20conversions.&url=https%3A%2F%2Fwww.strique.io%2Fcustomers%2Fpowerlook","0","","","301","Moved Permanently","Crawlable","true","_blank","noopener noreferrer","Absolute","//body/div[3]/main/article/div/div[2]/aside/div/div/div/a[1]","Aside","HTML"
"Image","https://www.strique.io/customers/powerlook","https://www.strique.io/images/customer-crimzon.avif","82404","Crimzon brand campaign","","200","OK","Crawlable","true","","","Root-Relative","//body/div[3]/main/section[1]/div/ul/li[2]/a/div[1]/img","Content","HTML"
"Image","https://www.strique.io/customers/inc5","https://www.strique.io/images/customer-crimzon.avif","82404","Crimzon brand campaign","","200","OK","Crawlable","true","","","Root-Relative","//body/div[3]/main/section[1]/div/ul/li[2]/a/div[1]/img","Content","HTML"
"Image","https://www.strique.io/customers","https://www.strique.io/images/customer-crimzon.avif","82404","Crimzon brand campaign","","200","OK","Crawlable","true","","","Root-Relative","//body/div[3]/main/section[2]/div/div/div[3]/a/div[1]/img","Content","HTML"
"Image","https://www.strique.io/customers/crimzon","https://www.strique.io/images/customer-crimzon.avif","82404","Crimzon brand campaign","","200","OK","Crawlable","true","","","Root-Relative","//body/div[3]/main/article/div/div[1]/img","Content","HTML"
"Hyperlink","https://www.strique.io/customers/inc5","https://twitter.com/intent/tweet?text=INC5%20doubled%20net%20sales%20while%20compounding%20topline%20growth%20month%20over%20month.&url=https%3A%2F%2Fwww.strique.io%2Fcustomers%2Finc5","0","","","301","Moved Permanently","Crawlable","true","_blank","noopener noreferrer","Absolute","//body/div[3]/main/article/header/div[3]/div/div[2]/div/a[1]","Header","HTML"
"Hyperlink","https://www.strique.io/customers/inc5","https://twitter.com/intent/tweet?text=INC5%20doubled%20net%20sales%20while%20compounding%20topline%20growth%20month%20over%20month.&url=https%3A%2F%2Fwww.strique.io%2Fcustomers%2Finc5","0","","","301","Moved Permanently","Crawlable","true","_blank","noopener noreferrer","Absolute","//body/div[3]/main/article/div/div[2]/aside/div/div/div/a[1]","Aside","HTML"
"Hyperlink","https://www.strique.io/customers/powerlook","https://www.linkedin.com/sharing/share-offsite/?url=https%3A%2F%2Fwww.strique.io%2Fcustomers%2Fpowerlook","0","","","302","Found","Crawlable","true","_blank","noopener noreferrer","Absolute","//body/div[3]/main/article/header/div[3]/div/div[2]/div/a[2]","Header","HTML"
"Hyperlink","https://www.strique.io/customers/powerlook","https://www.linkedin.com/sharing/share-offsite/?url=https%3A%2F%2Fwww.strique.io%2Fcustomers%2Fpowerlook","0","","","302","Found","Crawlable","true","_blank","noopener noreferrer","Absolute","//body/div[3]/main/article/div/div[2]/aside/div/div/div/a[2]","Aside","HTML"
"JavaScript","https://www.strique.io/customers/powerlook","https://www.strique.io/_next/static/chunks/app/customers/%5Bslug%5D/page-1a668c85150e543e.js","0","","","200","OK","Crawlable","true","","","Root-Relative","//head/script[12]","Head","HTML"
"JavaScript","https://www.strique.io/customers/inc5","https://www.strique.io/_next/static/chunks/app/customers/%5Bslug%5D/page-1a668c85150e543e.js","0","","","200","OK","Crawlable","true","","","Root-Relative","//head/script[12]","Head","HTML"
"JavaScript","https://www.strique.io/customers/crimzon","https://www.strique.io/_next/static/chunks/app/customers/%5Bslug%5D/page-1a668c85150e543e.js","0","","","200","OK","Crawlable","true","","","Root-Relative","//head/script[12]","Head","HTML"
"Hyperlink","https://www.strique.io/customers/powerlook","https://www.strique.io/contact?intent=demo","95723","","Book a demo","200","OK","Crawlable","true","","","Root-Relative","//body/div[3]/main/section[2]/div/div/div[@class='fig-final-cta-buttons']/a","Content","HTML"
"Hyperlink","https://www.strique.io/customers/inc5","https://www.strique.io/contact?intent=demo","95723","","Book a demo","200","OK","Crawlable","true","","","Root-Relative","//body/div[3]/main/section[2]/div/div/div[@class='fig-final-cta-buttons']/a","Content","HTML"
"Hyperlink","https://www.strique.io/customers","https://www.strique.io/contact?intent=demo","95723","","Book a demo","200","OK","Crawlable","true","","","Root-Relative","//body/div[3]/main/section[3]/div/div/div[@class='fig-final-cta-buttons']/a","Content","HTML"
"Hyperlink","https://www.strique.io/about","https://www.strique.io/contact?intent=demo","95723","","Book a demo","200","OK","Crawlable","true","","","Root-Relative","//body/div[3]/main/section[4]/div/div/div[@class='fig-final-cta-buttons']/a","Content","HTML"
"Hyperlink","https://www.strique.io/customers/crimzon","https://www.strique.io/contact?intent=demo","95723","","Book a demo","200","OK","Crawlable","true","","","Root-Relative","//body/div[3]/main/section[2]/div/div/div[@class='fig-final-cta-buttons']/a","Content","HTML"
"Hyperlink","https://www.strique.io/solutions/local-services","https://www.strique.io/contact?intent=demo","95723","","Book a demo","200","OK","Crawlable","true","","","Root-Relative","//body/div[3]/main/section[1]/div[@class='fig-page-padded']/div/a[@class='btn-fill-to-dark']","Content","HTML"
"Hyperlink","https://www.strique.io/solutions/agencies","https://www.strique.io/contact?intent=demo","95723","","Book a demo","200","OK","Crawlable","true","","","Root-Relative","//body/div[3]/main/section[1]/div[@class='fig-page-padded']/div/a[@class='btn-fill-to-dark']","Content","HTML"
"Hyperlink","https://www.strique.io/solutions/b2b-saas","https://www.strique.io/contact?intent=demo","95723","","Book a demo","200","OK","Crawlable","true","","","Root-Relative","//body/div[3]/main/section[1]/div[@class='fig-page-padded']/div/a[@class='btn-fill-to-dark']","Content","HTML"
"Hyperlink","https://www.strique.io/solutions/ecommerce","https://www.strique.io/contact?intent=demo","95723","","Book a demo","200","OK","Crawlable","true","","","Root-Relative","//body/div[3]/main/section[1]/div[@class='fig-page-padded']/div/a[@class='btn-fill-to-dark']","Content","HTML"
"Hyperlink","https://www.strique.io/for/founders","https://www.strique.io/contact?intent=demo","95723","","Book a demo","200","OK","Crawlable","true","","","Root-Relative","//body/div[3]/main/section[1]/div[@class='fig-page-padded']/div/a[@class='btn-fill-to-dark']","Content","HTML"
"Hyperlink","https://www.strique.io/for/founders","https://www.strique.io/contact?intent=demo","95723","","Book a demo","200","OK","Crawlable","true","","","Root-Relative","//body/div[3]/main/section[4]/div/div/div[@class='fig-final-cta-buttons']/a","Content","HTML"
"Hyperlink","https://www.strique.io/for/cmos","https://www.strique.io/contact?intent=demo","95723","","Book a demo","200","OK","Crawlable","true","","","Root-Relative","//body/div[3]/main/section[1]/div[@class='fig-page-padded']/div/a[@class='btn-fill-to-dark']","Content","HTML"
"Hyperlink","https://www.strique.io/for/cmos","https://www.strique.io/contact?intent=demo","95723","","Book a demo","200","OK","Crawlable","true","","","Root-Relative","//body/div[3]/main/section[4]/div/div/div[@class='fig-final-cta-buttons']/a","Content","HTML"
"Hyperlink","https://www.strique.io/for/marketing-managers","https://www.strique.io/contact?intent=demo","95723","","Book a demo","200","OK","Crawlable","true","","","Root-Relative","//body/div[3]/main/section[1]/div[@class='fig-page-padded']/div/a[@class='btn-fill-to-dark']","Content","HTML"
"Hyperlink","https://www.strique.io/for/marketing-managers","https://www.strique.io/contact?intent=demo","95723","","Book a demo","200","OK","Crawlable","true","","","Root-Relative","//body/div[3]/main/section[4]/div/div/div[@class='fig-final-cta-buttons']/a","Content","HTML"
"Image","https://www.strique.io/customers/powerlook","https://www.strique.io/images/inc5-case-study.png","843489","INC5 brand","","200","OK","Crawlable","true","","","Root-Relative","//body/div[3]/main/section[1]/div/ul/li[1]/a/div[1]/img","Content","HTML"
"Image","https://www.strique.io/customers/inc5","https://www.strique.io/images/inc5-case-study.png","843489","INC5 brand","","200","OK","Crawlable","true","","","Root-Relative","//body/div[3]/main/article/div/div[1]/img","Content","HTML"
"Image","https://www.strique.io/customers","https://www.strique.io/images/inc5-case-study.png","843489","INC5 brand","","200","OK","Crawlable","true","","","Root-Relative","//body/div[3]/main/section[2]/div/div/div[1]/a/div[1]/img","Content","HTML"
"Image","https://www.strique.io/customers/crimzon","https://www.strique.io/images/inc5-case-study.png","843489","INC5 brand","","200","OK","Crawlable","true","","","Root-Relative","//body/div[3]/main/section[1]/div/ul/li[1]/a/div[1]/img","Content","HTML"
"Image","https://www.strique.io/customers/powerlook","https://www.strique.io/images/powerlook-1-new.jpg","56030","Powerlook brand campaign creative","","200","OK","Crawlable","true","","","Root-Relative","//body/div[3]/main/article/div/div[1]/img","Content","HTML"
"Image","https://www.strique.io/customers/inc5","https://www.strique.io/images/powerlook-1-new.jpg","56030","Powerlook brand campaign creative","","200","OK","Crawlable","true","","","Root-Relative","//body/div[3]/main/section[1]/div/ul/li[1]/a/div[1]/img","Content","HTML"
"Image","https://www.strique.io/customers","https://www.strique.io/images/powerlook-1-new.jpg","56030","Powerlook brand campaign creative","","200","OK","Crawlable","true","","","Root-Relative","//body/div[3]/main/section[2]/div/div/div[2]/a/div[1]/img","Content","HTML"
"Image","https://www.strique.io/customers/crimzon","https://www.strique.io/images/powerlook-1-new.jpg","56030","Powerlook brand campaign creative","","200","OK","Crawlable","true","","","Root-Relative","//body/div[3]/main/section[1]/div/ul/li[2]/a/div[1]/img","Content","HTML"
"JavaScript","https://www.strique.io/customers/powerlook","https://www.strique.io/_next/static/chunks/3310-cfb7c4b3c3c2c721.js","0","","","200","OK","Crawlable","true","","","Root-Relative","//head/script[11]","Head","HTML"
"JavaScript","https://www.strique.io/customers/inc5","https://www.strique.io/_next/static/chunks/3310-cfb7c4b3c3c2c721.js","0","","","200","OK","Crawlable","true","","","Root-Relative","//head/script[11]","Head","HTML"
"JavaScript","https://www.strique.io/terms","https://www.strique.io/_next/static/chunks/3310-cfb7c4b3c3c2c721.js","0","","","200","OK","Crawlable","true","","","Root-Relative","//head/script[11]","Head","HTML"
"JavaScript","https://www.strique.io/privacy-policy","https://www.strique.io/_next/static/chunks/3310-cfb7c4b3c3c2c721.js","0","","","200","OK","Crawlable","true","","","Root-Relative","//head/script[11]","Head","HTML"
"JavaScript","https://www.strique.io/customers/crimzon","https://www.strique.io/_next/static/chunks/3310-cfb7c4b3c3c2c721.js","0","","","200","OK","Crawlable","true","","","Root-Relative","//head/script[11]","Head","HTML"
"JavaScript","https://www.strique.io/contact","https://www.strique.io/_next/static/chunks/app/contact/page-9b7028188fc383e1.js","0","","","200","OK","Crawlable","true","","","Root-Relative","//head/script[14]","Head","HTML"
"JavaScript","https://www.strique.io/contact?intent=careers","https://www.strique.io/_next/static/chunks/app/contact/page-9b7028188fc383e1.js","0","","","200","OK","Crawlable","true","","","Root-Relative","//head/script[14]","Head","HTML"
"JavaScript","https://www.strique.io/contact?intent=sales","https://www.strique.io/_next/static/chunks/app/contact/page-9b7028188fc383e1.js","0","","","200","OK","Crawlable","true","","","Root-Relative","//head/script[14]","Head","HTML"
"JavaScript","https://www.strique.io/contact?intent=demo","https://www.strique.io/_next/static/chunks/app/contact/page-9b7028188fc383e1.js","0","","","200","OK","Crawlable","true","","","Root-Relative","//head/script[14]","Head","HTML"
"JavaScript","https://www.strique.io/contact?intent=careers&role=founding-growth-engineer","https://www.strique.io/_next/static/chunks/app/contact/page-9b7028188fc383e1.js","0","","","200","OK","Crawlable","true","","","Root-Relative","//head/script[14]","Head","HTML"
"JavaScript","https://www.strique.io/contact?intent=careers&role=applied-ml-researcher","https://www.strique.io/_next/static/chunks/app/contact/page-9b7028188fc383e1.js","0","","","200","OK","Crawlable","true","","","Root-Relative","//head/script[14]","Head","HTML"
"JavaScript","https://www.strique.io/contact?intent=careers&role=agent-infrastructure-engineer","https://www.strique.io/_next/static/chunks/app/contact/page-9b7028188fc383e1.js","0","","","200","OK","Crawlable","true","","","Root-Relative","//head/script[14]","Head","HTML"
"JavaScript","https://www.strique.io/contact?intent=careers&role=product-designer","https://www.strique.io/_next/static/chunks/app/contact/page-9b7028188fc383e1.js","0","","","200","OK","Crawlable","true","","","Root-Relative","//head/script[14]","Head","HTML"
"JavaScript","https://www.strique.io/contact?intent=careers&role=senior-full-stack-engineer","https://www.strique.io/_next/static/chunks/app/contact/page-9b7028188fc383e1.js","0","","","200","OK","Crawlable","true","","","Root-Relative","//head/script[14]","Head","HTML"
"JavaScript","https://www.strique.io/contact?intent=careers&role=revenue-marketer","https://www.strique.io/_next/static/chunks/app/contact/page-9b7028188fc383e1.js","0","","","200","OK","Crawlable","true","","","Root-Relative","//head/script[14]","Head","HTML"
"JavaScript","https://www.strique.io/contact?intent=careers&role=founding-customer-engineer","https://www.strique.io/_next/static/chunks/app/contact/page-9b7028188fc383e1.js","0","","","200","OK","Crawlable","true","","","Root-Relative","//head/script[14]","Head","HTML"
"JavaScript","https://www.strique.io/contact?intent=careers&role=ai-apprentice-program","https://www.strique.io/_next/static/chunks/app/contact/page-9b7028188fc383e1.js","0","","","200","OK","Crawlable","true","","","Root-Relative","//head/script[14]","Head","HTML"
"Hyperlink","https://www.strique.io/customers/inc5","https://www.linkedin.com/sharing/share-offsite/?url=https%3A%2F%2Fwww.strique.io%2Fcustomers%2Finc5","0","","","302","Found","Crawlable","true","_blank","noopener noreferrer","Absolute","//body/div[3]/main/article/header/div[3]/div/div[2]/div/a[2]","Header","HTML"
"Hyperlink","https://www.strique.io/customers/inc5","https://www.linkedin.com/sharing/share-offsite/?url=https%3A%2F%2Fwww.strique.io%2Fcustomers%2Finc5","0","","","302","Found","Crawlable","true","_blank","noopener noreferrer","Absolute","//body/div[3]/main/article/div/div[2]/aside/div/div/div/a[2]","Aside","HTML"
"JavaScript","https://www.strique.io/vs","https://www.strique.io/_next/static/chunks/app/vs/page-49284d8976461c60.js","0","","","200","OK","Crawlable","true","","","Root-Relative","//head/script[12]","Head","HTML"
"JavaScript","https://www.strique.io/contact","https://www.strique.io/_next/static/chunks/774-f8d90d780acf07a9.js","0","","","200","OK","Crawlable","true","","","Root-Relative","//head/script[13]","Head","HTML"
"JavaScript","https://www.strique.io/trust-center","https://www.strique.io/_next/static/chunks/774-f8d90d780acf07a9.js","0","","","200","OK","Crawlable","true","","","Root-Relative","//head/script[13]","Head","HTML"
"JavaScript","https://www.strique.io/contact?intent=careers","https://www.strique.io/_next/static/chunks/774-f8d90d780acf07a9.js","0","","","200","OK","Crawlable","true","","","Root-Relative","//head/script[13]","Head","HTML"
"JavaScript","https://www.strique.io/contact?intent=sales","https://www.strique.io/_next/static/chunks/774-f8d90d780acf07a9.js","0","","","200","OK","Crawlable","true","","","Root-Relative","//head/script[13]","Head","HTML"
"JavaScript","https://www.strique.io/contact?intent=demo","https://www.strique.io/_next/static/chunks/774-f8d90d780acf07a9.js","0","","","200","OK","Crawlable","true","","","Root-Relative","//head/script[13]","Head","HTML"
"JavaScript","https://www.strique.io/contact?intent=careers&role=founding-growth-engineer","https://www.strique.io/_next/static/chunks/774-f8d90d780acf07a9.js","0","","","200","OK","Crawlable","true","","","Root-Relative","//head/script[13]","Head","HTML"
"JavaScript","https://www.strique.io/contact?intent=careers&role=applied-ml-researcher","https://www.strique.io/_next/static/chunks/774-f8d90d780acf07a9.js","0","","","200","OK","Crawlable","true","","","Root-Relative","//head/script[13]","Head","HTML"
"JavaScript","https://www.strique.io/contact?intent=careers&role=agent-infrastructure-engineer","https://www.strique.io/_next/static/chunks/774-f8d90d780acf07a9.js","0","","","200","OK","Crawlable","true","","","Root-Relative","//head/script[13]","Head","HTML"
"JavaScript","https://www.strique.io/contact?intent=careers&role=product-designer","https://www.strique.io/_next/static/chunks/774-f8d90d780acf07a9.js","0","","","200","OK","Crawlable","true","","","Root-Relative","//head/script[13]","Head","HTML"
"JavaScript","https://www.strique.io/contact?intent=careers&role=senior-full-stack-engineer","https://www.strique.io/_next/static/chunks/774-f8d90d780acf07a9.js","0","","","200","OK","Crawlable","true","","","Root-Relative","//head/script[13]","Head","HTML"
"JavaScript","https://www.strique.io/contact?intent=careers&role=revenue-marketer","https://www.strique.io/_next/static/chunks/774-f8d90d780acf07a9.js","0","","","200","OK","Crawlable","true","","","Root-Relative","//head/script[13]","Head","HTML"
"JavaScript","https://www.strique.io/contact?intent=careers&role=founding-customer-engineer","https://www.strique.io/_next/static/chunks/774-f8d90d780acf07a9.js","0","","","200","OK","Crawlable","true","","","Root-Relative","//head/script[13]","Head","HTML"
"JavaScript","https://www.strique.io/contact?intent=careers&role=ai-apprentice-program","https://www.strique.io/_next/static/chunks/774-f8d90d780acf07a9.js","0","","","200","OK","Crawlable","true","","","Root-Relative","//head/script[13]","Head","HTML"
"JavaScript","https://www.strique.io/solutions/local-services","https://www.strique.io/_next/static/chunks/app/solutions/%5Bslug%5D/page-b24a888aa990aa86.js","0","","","200","OK","Crawlable","true","","","Root-Relative","//head/script[11]","Head","HTML"
"JavaScript","https://www.strique.io/solutions/agencies","https://www.strique.io/_next/static/chunks/app/solutions/%5Bslug%5D/page-b24a888aa990aa86.js","0","","","200","OK","Crawlable","true","","","Root-Relative","//head/script[11]","Head","HTML"
"JavaScript","https://www.strique.io/solutions/b2b-saas","https://www.strique.io/_next/static/chunks/app/solutions/%5Bslug%5D/page-b24a888aa990aa86.js","0","","","200","OK","Crawlable","true","","","Root-Relative","//head/script[11]","Head","HTML"
"JavaScript","https://www.strique.io/solutions/ecommerce","https://www.strique.io/_next/static/chunks/app/solutions/%5Bslug%5D/page-b24a888aa990aa86.js","0","","","200","OK","Crawlable","true","","","Root-Relative","//head/script[11]","Head","HTML"
"Hyperlink","https://www.strique.io/careers/founding-growth-engineer","https://www.strique.io/contact?intent=careers&role=founding-growth-engineer","95723","","Apply for this role","200","OK","Crawlable","true","","","Root-Relative","//body/div[3]/main/section[2]/div/div[2]/a[1]","Content","HTML"
"Hyperlink","https://www.strique.io/careers/founding-growth-engineer","https://www.strique.io/contact?intent=careers&role=founding-growth-engineer","95723","","Say hi","200","OK","Crawlable","true","","","Root-Relative","//body/div[3]/main/section[3]/div/div/div[@class='fig-final-cta-buttons']/a","Content","HTML"
"JavaScript","https://www.strique.io/vs/strique-vs-jasper","https://www.strique.io/_next/static/chunks/app/vs/%5Bslug%5D/page-bfe1002dc448e0fd.js","0","","","200","OK","Crawlable","true","","","Root-Relative","//head/script[12]","Head","HTML"
"JavaScript","https://www.strique.io/vs/strique-vs-adroll","https://www.strique.io/_next/static/chunks/app/vs/%5Bslug%5D/page-bfe1002dc448e0fd.js","0","","","200","OK","Crawlable","true","","","Root-Relative","//head/script[12]","Head","HTML"
"Hyperlink","https://www.strique.io/careers/applied-ml-researcher","https://www.strique.io/contact?intent=careers&role=applied-ml-researcher","95723","","Apply for this role","200","OK","Crawlable","true","","","Root-Relative","//body/div[3]/main/section[2]/div/div[2]/a[1]","Content","HTML"
"Hyperlink","https://www.strique.io/careers/applied-ml-researcher","https://www.strique.io/contact?intent=careers&role=applied-ml-researcher","95723","","Say hi","200","OK","Crawlable","true","","","Root-Relative","//body/div[3]/main/section[3]/div/div/div[@class='fig-final-cta-buttons']/a","Content","HTML"
"JavaScript","https://www.strique.io/for/founders","https://www.strique.io/_next/static/chunks/app/for/%5Bslug%5D/page-e18aba5bf783aee8.js","0","","","200","OK","Crawlable","true","","","Root-Relative","//head/script[12]","Head","HTML"
"JavaScript","https://www.strique.io/for/cmos","https://www.strique.io/_next/static/chunks/app/for/%5Bslug%5D/page-e18aba5bf783aee8.js","0","","","200","OK","Crawlable","true","","","Root-Relative","//head/script[12]","Head","HTML"
"JavaScript","https://www.strique.io/for/marketing-managers","https://www.strique.io/_next/static/chunks/app/for/%5Bslug%5D/page-e18aba5bf783aee8.js","0","","","200","OK","Crawlable","true","","","Root-Relative","//head/script[12]","Head","HTML"
"Hyperlink","https://www.strique.io/careers/agent-infrastructure-engineer","https://www.strique.io/contact?intent=careers&role=agent-infrastructure-engineer","95723","","Apply for this role","200","OK","Crawlable","true","","","Root-Relative","//body/div[3]/main/section[2]/div/div[2]/a[1]","Content","HTML"
"Hyperlink","https://www.strique.io/careers/agent-infrastructure-engineer","https://www.strique.io/contact?intent=careers&role=agent-infrastructure-engineer","95723","","Say hi","200","OK","Crawlable","true","","","Root-Relative","//body/div[3]/main/section[3]/div/div/div[@class='fig-final-cta-buttons']/a","Content","HTML"
"Hyperlink","https://www.strique.io/careers/product-designer","https://www.strique.io/contact?intent=careers&role=product-designer","95723","","Apply for this role","200","OK","Crawlable","true","","","Root-Relative","//body/div[3]/main/section[2]/div/div[2]/a[1]","Content","HTML"
"Hyperlink","https://www.strique.io/careers/product-designer","https://www.strique.io/contact?intent=careers&role=product-designer","95723","","Say hi","200","OK","Crawlable","true","","","Root-Relative","//body/div[3]/main/section[3]/div/div/div[@class='fig-final-cta-buttons']/a","Content","HTML"
"Hyperlink","https://www.strique.io/careers/senior-full-stack-engineer","https://www.strique.io/contact?intent=careers&role=senior-full-stack-engineer","95723","","Apply for this role","200","OK","Crawlable","true","","","Root-Relative","//body/div[3]/main/section[2]/div/div[2]/a[1]","Content","HTML"
"Hyperlink","https://www.strique.io/careers/senior-full-stack-engineer","https://www.strique.io/contact?intent=careers&role=senior-full-stack-engineer","95723","","Say hi","200","OK","Crawlable","true","","","Root-Relative","//body/div[3]/main/section[3]/div/div/div[@class='fig-final-cta-buttons']/a","Content","HTML"
"Hyperlink","https://www.strique.io/careers/revenue-marketer","https://www.strique.io/contact?intent=careers&role=revenue-marketer","95723","","Apply for this role","200","OK","Crawlable","true","","","Root-Relative","//body/div[3]/main/section[2]/div/div[2]/a[1]","Content","HTML"
"Hyperlink","https://www.strique.io/careers/revenue-marketer","https://www.strique.io/contact?intent=careers&role=revenue-marketer","95723","","Say hi","200","OK","Crawlable","true","","","Root-Relative","//body/div[3]/main/section[3]/div/div/div[@class='fig-final-cta-buttons']/a","Content","HTML"
"Hyperlink","https://www.strique.io/careers/founding-customer-engineer","https://www.strique.io/contact?intent=careers&role=founding-customer-engineer","95723","","Apply for this role","200","OK","Crawlable","true","","","Root-Relative","//body/div[3]/main/section[2]/div/div[2]/a[1]","Content","HTML"
"Hyperlink","https://www.strique.io/careers/founding-customer-engineer","https://www.strique.io/contact?intent=careers&role=founding-customer-engineer","95723","","Say hi","200","OK","Crawlable","true","","","Root-Relative","//body/div[3]/main/section[3]/div/div/div[@class='fig-final-cta-buttons']/a","Content","HTML"
"Hyperlink","https://www.strique.io/careers/ai-apprentice-program","https://www.strique.io/contact?intent=careers&role=ai-apprentice-program","95723","","Apply for this role","200","OK","Crawlable","true","","","Root-Relative","//body/div[3]/main/section[2]/div/div[2]/a[1]","Content","HTML"
"Hyperlink","https://www.strique.io/careers/ai-apprentice-program","https://www.strique.io/contact?intent=careers&role=ai-apprentice-program","95723","","Say hi","200","OK","Crawlable","true","","","Root-Relative","//body/div[3]/main/section[3]/div/div/div[@class='fig-final-cta-buttons']/a","Content","HTML"
"JavaScript","https://www.strique.io/integrations/hubspot","https://www.strique.io/_next/static/chunks/2109-b5b1e3a39356b286.js","0","","","200","OK","Crawlable","true","","","Root-Relative","//head/script[11]","Head","HTML"
"JavaScript","https://www.strique.io/integrations/google-ads","https://www.strique.io/_next/static/chunks/2109-b5b1e3a39356b286.js","0","","","200","OK","Crawlable","true","","","Root-Relative","//head/script[11]","Head","HTML"
"JavaScript","https://www.strique.io/integrations/meta-ads","https://www.strique.io/_next/static/chunks/2109-b5b1e3a39356b286.js","0","","","200","OK","Crawlable","true","","","Root-Relative","//head/script[11]","Head","HTML"
"JavaScript","https://www.strique.io/for/founders","https://www.strique.io/_next/static/chunks/2109-b5b1e3a39356b286.js","0","","","200","OK","Crawlable","true","","","Root-Relative","//head/script[11]","Head","HTML"
"JavaScript","https://www.strique.io/for/cmos","https://www.strique.io/_next/static/chunks/2109-b5b1e3a39356b286.js","0","","","200","OK","Crawlable","true","","","Root-Relative","//head/script[11]","Head","HTML"
"JavaScript","https://www.strique.io/for/marketing-managers","https://www.strique.io/_next/static/chunks/2109-b5b1e3a39356b286.js","0","","","200","OK","Crawlable","true","","","Root-Relative","//head/script[11]","Head","HTML"
"JavaScript","https://www.strique.io/vs/strique-vs-jasper","https://www.strique.io/_next/static/chunks/2109-b5b1e3a39356b286.js","0","","","200","OK","Crawlable","true","","","Root-Relative","//head/script[11]","Head","HTML"
"JavaScript","https://www.strique.io/vs/strique-vs-adroll","https://www.strique.io/_next/static/chunks/2109-b5b1e3a39356b286.js","0","","","200","OK","Crawlable","true","","","Root-Relative","//head/script[11]","Head","HTML"
"JavaScript","https://www.strique.io/careers/ai-apprentice-program","https://www.strique.io/_next/static/chunks/app/careers/%5Bslug%5D/page-759d5d5ed3d5caa2.js","0","","","200","OK","Crawlable","true","","","Root-Relative","//head/script[11]","Head","HTML"
"JavaScript","https://www.strique.io/careers/founding-customer-engineer","https://www.strique.io/_next/static/chunks/app/careers/%5Bslug%5D/page-759d5d5ed3d5caa2.js","0","","","200","OK","Crawlable","true","","","Root-Relative","//head/script[11]","Head","HTML"
"JavaScript","https://www.strique.io/careers/revenue-marketer","https://www.strique.io/_next/static/chunks/app/careers/%5Bslug%5D/page-759d5d5ed3d5caa2.js","0","","","200","OK","Crawlable","true","","","Root-Relative","//head/script[11]","Head","HTML"
"JavaScript","https://www.strique.io/careers/senior-full-stack-engineer","https://www.strique.io/_next/static/chunks/app/careers/%5Bslug%5D/page-759d5d5ed3d5caa2.js","0","","","200","OK","Crawlable","true","","","Root-Relative","//head/script[11]","Head","HTML"
"JavaScript","https://www.strique.io/careers/product-designer","https://www.strique.io/_next/static/chunks/app/careers/%5Bslug%5D/page-759d5d5ed3d5caa2.js","0","","","200","OK","Crawlable","true","","","Root-Relative","//head/script[11]","Head","HTML"
"JavaScript","https://www.strique.io/careers/agent-infrastructure-engineer","https://www.strique.io/_next/static/chunks/app/careers/%5Bslug%5D/page-759d5d5ed3d5caa2.js","0","","","200","OK","Crawlable","true","","","Root-Relative","//head/script[11]","Head","HTML"
"JavaScript","https://www.strique.io/careers/applied-ml-researcher","https://www.strique.io/_next/static/chunks/app/careers/%5Bslug%5D/page-759d5d5ed3d5caa2.js","0","","","200","OK","Crawlable","true","","","Root-Relative","//head/script[11]","Head","HTML"
"JavaScript","https://www.strique.io/careers/founding-growth-engineer","https://www.strique.io/_next/static/chunks/app/careers/%5Bslug%5D/page-759d5d5ed3d5caa2.js","0","","","200","OK","Crawlable","true","","","Root-Relative","//head/script[11]","Head","HTML"
"JavaScript","https://www.strique.io/integrations/hubspot","https://www.strique.io/_next/static/chunks/app/integrations/%5Bslug%5D/page-789236517f247615.js","0","","","200","OK","Crawlable","true","","","Root-Relative","//head/script[12]","Head","HTML"
"JavaScript","https://www.strique.io/integrations/google-ads","https://www.strique.io/_next/static/chunks/app/integrations/%5Bslug%5D/page-789236517f247615.js","0","","","200","OK","Crawlable","true","","","Root-Relative","//head/script[12]","Head","HTML"
"JavaScript","https://www.strique.io/integrations/meta-ads","https://www.strique.io/_next/static/chunks/app/integrations/%5Bslug%5D/page-789236517f247615.js","0","","","200","OK","Crawlable","true","","","Root-Relative","//head/script[12]","Head","HTML"
"Hyperlink","https://www.strique.io/contact","https://calendly.com/strique/strique-demo-call","3154","","Book directly on Calendly","200","OK","Crawlable","true","_blank","noopener noreferrer","Absolute","//body/div[3]/main/section[2]/div/div/aside/div[1]/a","Aside","HTML"
"Hyperlink","https://www.strique.io/contact?intent=careers","https://calendly.com/strique/strique-demo-call","3154","","Book directly on Calendly","200","OK","Crawlable","true","_blank","noopener noreferrer","Absolute","//body/div[3]/main/section[2]/div/div/aside/div[1]/a","Aside","HTML"
"Hyperlink","https://www.strique.io/contact?intent=sales","https://calendly.com/strique/strique-demo-call","3154","","Book directly on Calendly","200","OK","Crawlable","true","_blank","noopener noreferrer","Absolute","//body/div[3]/main/section[2]/div/div/aside/div[1]/a","Aside","HTML"
"Hyperlink","https://www.strique.io/contact?intent=demo","https://calendly.com/strique/strique-demo-call","3154","","Book directly on Calendly","200","OK","Crawlable","true","_blank","noopener noreferrer","Absolute","//body/div[3]/main/section[2]/div/div/aside/div[1]/a","Aside","HTML"
"Hyperlink","https://www.strique.io/contact?intent=careers&role=founding-growth-engineer","https://calendly.com/strique/strique-demo-call","3154","","Book directly on Calendly","200","OK","Crawlable","true","_blank","noopener noreferrer","Absolute","//body/div[3]/main/section[2]/div/div/aside/div[1]/a","Aside","HTML"
"Hyperlink","https://www.strique.io/contact?intent=careers&role=applied-ml-researcher","https://calendly.com/strique/strique-demo-call","3154","","Book directly on Calendly","200","OK","Crawlable","true","_blank","noopener noreferrer","Absolute","//body/div[3]/main/section[2]/div/div/aside/div[1]/a","Aside","HTML"
"Hyperlink","https://www.strique.io/contact?intent=careers&role=agent-infrastructure-engineer","https://calendly.com/strique/strique-demo-call","3154","","Book directly on Calendly","200","OK","Crawlable","true","_blank","noopener noreferrer","Absolute","//body/div[3]/main/section[2]/div/div/aside/div[1]/a","Aside","HTML"
"Hyperlink","https://www.strique.io/contact?intent=careers&role=product-designer","https://calendly.com/strique/strique-demo-call","3154","","Book directly on Calendly","200","OK","Crawlable","true","_blank","noopener noreferrer","Absolute","//body/div[3]/main/section[2]/div/div/aside/div[1]/a","Aside","HTML"
"Hyperlink","https://www.strique.io/contact?intent=careers&role=senior-full-stack-engineer","https://calendly.com/strique/strique-demo-call","3154","","Book directly on Calendly","200","OK","Crawlable","true","_blank","noopener noreferrer","Absolute","//body/div[3]/main/section[2]/div/div/aside/div[1]/a","Aside","HTML"
"Hyperlink","https://www.strique.io/contact?intent=careers&role=revenue-marketer","https://calendly.com/strique/strique-demo-call","3154","","Book directly on Calendly","200","OK","Crawlable","true","_blank","noopener noreferrer","Absolute","//body/div[3]/main/section[2]/div/div/aside/div[1]/a","Aside","HTML"
"Hyperlink","https://www.strique.io/contact?intent=careers&role=founding-customer-engineer","https://calendly.com/strique/strique-demo-call","3154","","Book directly on Calendly","200","OK","Crawlable","true","_blank","noopener noreferrer","Absolute","//body/div[3]/main/section[2]/div/div/aside/div[1]/a","Aside","HTML"
"Hyperlink","https://www.strique.io/contact?intent=careers&role=ai-apprentice-program","https://calendly.com/strique/strique-demo-call","3154","","Book directly on Calendly","200","OK","Crawlable","true","_blank","noopener noreferrer","Absolute","//body/div[3]/main/section[2]/div/div/aside/div[1]/a","Aside","HTML"
