"Type","Source","Destination","Alt Text","Length","Path Type","Link Path","Link Position","Link Origin","Real Dimensions","Dimensions in Attributes","Display Dimensions"
"Image","https://inc5shop.com/collections/platform-heels","https://inc5shop.com/cdn/shop/files/Screenshot_2023-07-12_at_1.22.28_PM.png?v=1689148366&width=600","INC.5 SHOES PVT LTD ","20","Protocol-Relative","//body/div[@id='shopify-section-sections--21550390575348__header']/sticky-header/header/a/div/img","Header","HTML","","",""
"Image","https://inc5shop.com/collections/bags-june-eoss-2026","https://inc5shop.com/cdn/shop/files/Screenshot_2023-07-12_at_1.22.28_PM.png?v=1689148366&width=600","INC.5 SHOES PVT LTD ","20","Protocol-Relative","//body/div[@id='shopify-section-sections--21550390575348__header']/sticky-header/header/a/div/img","Header","HTML","","",""
"Image","https://inc5shop.com/collections/mens-slipons","https://inc5shop.com/cdn/shop/files/Screenshot_2023-07-12_at_1.22.28_PM.png?v=1689148366&width=600","INC.5 SHOES PVT LTD ","20","Protocol-Relative","//body/div[@id='shopify-section-sections--21550390575348__header']/sticky-header/header/a/div/img","Header","HTML","","",""
"Image","https://inc5shop.com/collections/clutch-bags","https://inc5shop.com/cdn/shop/files/Screenshot_2023-07-12_at_1.22.28_PM.png?v=1689148366&width=600","INC.5 SHOES PVT LTD ","20","Protocol-Relative","//body/div[@id='shopify-section-sections--21550390575348__header']/sticky-header/header/a/div/img","Header","HTML","","",""
"Image","https://inc5shop.com/collections/men-footwear","https://inc5shop.com/cdn/shop/files/Screenshot_2023-07-12_at_1.22.28_PM.png?v=1689148366&width=600","INC.5 SHOES PVT LTD ","20","Protocol-Relative","//body/div[@id='shopify-section-sections--21550390575348__header']/sticky-header/header/a/div/img","Header","HTML","","",""
"Image","https://inc5shop.com/collections/mens-june-eoss-2026","https://inc5shop.com/cdn/shop/files/Screenshot_2023-07-12_at_1.22.28_PM.png?v=1689148366&width=600","INC.5 SHOES PVT LTD ","20","Protocol-Relative","//body/div[@id='shopify-section-sections--21550390575348__header']/sticky-header/header/a/div/img","Header","HTML","","",""
"Image","https://inc5shop.com/pages/contactus","https://inc5shop.com/cdn/shop/files/Screenshot_2023-07-12_at_1.22.28_PM.png?v=1689148366&width=600","INC.5 SHOES PVT LTD ","20","Protocol-Relative","//body/div[@id='shopify-section-sections--21550390575348__header']/sticky-header/header/a/div/img","Header","HTML","","",""
"Image","https://inc5shop.com/collections/mens-sandals","https://inc5shop.com/cdn/shop/files/Screenshot_2023-07-12_at_1.22.28_PM.png?v=1689148366&width=600","INC.5 SHOES PVT LTD ","20","Protocol-Relative","//body/div[@id='shopify-section-sections--21550390575348__header']/sticky-header/header/a/div/img","Header","HTML","","",""
"Image","https://inc5shop.com/collections/mens-driving-shoes","https://inc5shop.com/cdn/shop/files/Screenshot_2023-07-12_at_1.22.28_PM.png?v=1689148366&width=600","INC.5 SHOES PVT LTD ","20","Protocol-Relative","//body/div[@id='shopify-section-sections--21550390575348__header']/sticky-header/header/a/div/img","Header","HTML","","",""
"Image","https://inc5shop.com/collections/flat-50-off","https://inc5shop.com/cdn/shop/files/Screenshot_2023-07-12_at_1.22.28_PM.png?v=1689148366&width=600","INC.5 SHOES PVT LTD ","20","Protocol-Relative","//body/div[@id='shopify-section-sections--21550390575348__header']/sticky-header/header/a/div/img","Header","HTML","","",""
"Image","https://inc5shop.com/pages/clearance-sale","https://inc5shop.com/cdn/shop/files/Screenshot_2023-07-12_at_1.22.28_PM.png?v=1689148366&width=600","INC.5 SHOES PVT LTD ","20","Protocol-Relative","//body/div[@id='shopify-section-sections--21550390575348__header']/sticky-header/header/a/div/img","Header","HTML","","",""
"Image","https://inc5shop.com/pages/care-instructions","https://inc5shop.com/cdn/shop/files/Screenshot_2023-07-12_at_1.22.28_PM.png?v=1689148366&width=600","INC.5 SHOES PVT LTD ","20","Protocol-Relative","//body/div[@id='shopify-section-sections--21550390575348__header']/sticky-header/header/a/div/img","Header","HTML","","",""
"Image","https://inc5shop.com/collections/mens-boots","https://inc5shop.com/cdn/shop/files/Screenshot_2023-07-12_at_1.22.28_PM.png?v=1689148366&width=600","INC.5 SHOES PVT LTD ","20","Protocol-Relative","//body/div[@id='shopify-section-sections--21550390575348__header']/sticky-header/header/a/div/img","Header","HTML","","",""
"Image","https://inc5shop.com/collections/the-new-edit","https://inc5shop.com/cdn/shop/files/Screenshot_2023-07-12_at_1.22.28_PM.png?v=1689148366&width=600","INC.5 SHOES PVT LTD ","20","Protocol-Relative","//body/div[@id='shopify-section-sections--21550390575348__header']/sticky-header/header/a/div/img","Header","HTML","","",""
"Image","https://inc5shop.com/collections/like-mother-like-daughter?filter.v.availability=1","https://inc5shop.com/cdn/shop/files/Screenshot_2023-07-12_at_1.22.28_PM.png?v=1689148366&width=600","INC.5 SHOES PVT LTD ","20","Protocol-Relative","//body/div[@id='shopify-section-sections--21550390575348__header']/sticky-header/header/a/div/img","Header","HTML","","",""
"Image","https://inc5shop.com/pages/payment-delivery-policy","https://inc5shop.com/cdn/shop/files/Screenshot_2023-07-12_at_1.22.28_PM.png?v=1689148366&width=600","INC.5 SHOES PVT LTD ","20","Protocol-Relative","//body/div[@id='shopify-section-sections--21550390575348__header']/sticky-header/header/a/div/img","Header","HTML","","",""
"Image","https://inc5shop.com/collections/women-footwear","https://inc5shop.com/cdn/shop/files/Screenshot_2023-07-12_at_1.22.28_PM.png?v=1689148366&width=600","INC.5 SHOES PVT LTD ","20","Protocol-Relative","//body/div[@id='shopify-section-sections--21550390575348__header']/sticky-header/header/a/div/img","Header","HTML","","",""
"Image","https://inc5shop.com/cart","https://inc5shop.com/cdn/shop/files/Screenshot_2023-07-12_at_1.22.28_PM.png?v=1689148366&width=600","INC.5 SHOES PVT LTD ","20","Protocol-Relative","//body/div[@id='shopify-section-sections--21550390575348__header']/sticky-header/header/a/div/img","Header","HTML","","",""
"Image","https://inc5shop.com/collections/new-wallets","https://inc5shop.com/cdn/shop/files/Screenshot_2023-07-12_at_1.22.28_PM.png?v=1689148366&width=600","INC.5 SHOES PVT LTD ","20","Protocol-Relative","//body/div[@id='shopify-section-sections--21550390575348__header']/sticky-header/header/a/div/img","Header","HTML","","",""
"Image","https://inc5shop.com/","https://inc5shop.com/cdn/shop/files/Screenshot_2023-07-12_at_1.22.28_PM.png?v=1689148366&width=600","INC.5 SHOES PVT LTD ","20","Protocol-Relative","//body/div[@id='shopify-section-sections--21550390575348__header']/sticky-header/header/h1/a/div/img","Header","HTML","","",""
"Image","https://inc5shop.com/collections/the-prime-fit-collection","https://inc5shop.com/cdn/shop/files/Screenshot_2023-07-12_at_1.22.28_PM.png?v=1689148366&width=600","INC.5 SHOES PVT LTD ","20","Protocol-Relative","//body/div[@id='shopify-section-sections--21550390575348__header']/sticky-header/header/a/div/img","Header","HTML","","",""
"Image","https://inc5shop.com/products/inc-5-block-heel-fashion-sandal-for-womens-600588-ant-gold-gold","https://inc5shop.com/cdn/shop/files/Screenshot_2023-07-12_at_1.22.28_PM.png?v=1689148366&width=600","INC.5 SHOES PVT LTD ","20","Protocol-Relative","//body/div[@id='shopify-section-sections--21550390575348__header']/sticky-header/header/a/div/img","Header","HTML","","",""
"Image","https://inc5shop.com/collections/womens-wedges","https://inc5shop.com/cdn/shop/files/Screenshot_2023-07-12_at_1.22.28_PM.png?v=1689148366&width=600","INC.5 SHOES PVT LTD ","20","Protocol-Relative","//body/div[@id='shopify-section-sections--21550390575348__header']/sticky-header/header/a/div/img","Header","HTML","","",""
"Image","https://inc5shop.com/collections/womens-mules","https://inc5shop.com/cdn/shop/files/Screenshot_2023-07-12_at_1.22.28_PM.png?v=1689148366&width=600","INC.5 SHOES PVT LTD ","20","Protocol-Relative","//body/div[@id='shopify-section-sections--21550390575348__header']/sticky-header/header/a/div/img","Header","HTML","","",""
"Image","https://inc5shop.com/collections/transparent-heel-for-women","https://inc5shop.com/cdn/shop/files/Screenshot_2023-07-12_at_1.22.28_PM.png?v=1689148366&width=600","INC.5 SHOES PVT LTD ","20","Protocol-Relative","//body/div[@id='shopify-section-sections--21550390575348__header']/sticky-header/header/a/div/img","Header","HTML","","",""
"Image","https://inc5shop.com/collections/flat-50","https://inc5shop.com/cdn/shop/files/Screenshot_2023-07-12_at_1.22.28_PM.png?v=1689148366&width=600","INC.5 SHOES PVT LTD ","20","Protocol-Relative","//body/div[@id='shopify-section-sections--21550390575348__header']/sticky-header/header/a/div/img","Header","HTML","","",""
"Image","https://inc5shop.com/collections/shop-wallets","https://inc5shop.com/cdn/shop/files/Screenshot_2023-07-12_at_1.22.28_PM.png?v=1689148366&width=600","INC.5 SHOES PVT LTD ","20","Protocol-Relative","//body/div[@id='shopify-section-sections--21550390575348__header']/sticky-header/header/a/div/img","Header","HTML","","",""
"Image","https://inc5shop.com/pages/about-us","https://inc5shop.com/cdn/shop/files/Screenshot_2023-07-12_at_1.22.28_PM.png?v=1689148366&width=600","INC.5 SHOES PVT LTD ","20","Protocol-Relative","//body/div[@id='shopify-section-sections--21550390575348__header']/sticky-header/header/a/div/img","Header","HTML","","",""
"Image","https://inc5shop.com/products/women-white-and-multicoloured-open-toe-flats-with-knot-detail-101764-white","https://inc5shop.com/cdn/shop/files/Screenshot_2023-07-12_at_1.22.28_PM.png?v=1689148366&width=600","INC.5 SHOES PVT LTD ","20","Protocol-Relative","//body/div[@id='shopify-section-sections--21550390575348__header']/sticky-header/header/a/div/img","Header","HTML","","",""
"Image","https://inc5shop.com/blogs/blog","https://inc5shop.com/cdn/shop/files/Screenshot_2023-07-12_at_1.22.28_PM.png?v=1689148366&width=600","INC.5 SHOES PVT LTD ","20","Protocol-Relative","//body/div[@id='shopify-section-sections--21550390575348__header']/sticky-header/header/a/div/img","Header","HTML","","",""
"Image","https://inc5shop.com/collections/womens-flats","https://inc5shop.com/cdn/shop/files/Screenshot_2023-07-12_at_1.22.28_PM.png?v=1689148366&width=600","INC.5 SHOES PVT LTD ","20","Protocol-Relative","//body/div[@id='shopify-section-sections--21550390575348__header']/sticky-header/header/a/div/img","Header","HTML","","",""
"Image","https://inc5shop.com/collections/womens-sandals","https://inc5shop.com/cdn/shop/files/Screenshot_2023-07-12_at_1.22.28_PM.png?v=1689148366&width=600","INC.5 SHOES PVT LTD ","20","Protocol-Relative","//body/div[@id='shopify-section-sections--21550390575348__header']/sticky-header/header/a/div/img","Header","HTML","","",""
"Image","https://inc5shop.com/collections/latest-style-drop","https://inc5shop.com/cdn/shop/files/Screenshot_2023-07-12_at_1.22.28_PM.png?v=1689148366&width=600","INC.5 SHOES PVT LTD ","20","Protocol-Relative","//body/div[@id='shopify-section-sections--21550390575348__header']/sticky-header/header/a/div/img","Header","HTML","","",""
"Image","https://inc5shop.com/products/womens-brown-casual-solid-round-toe-wedge-heels-102880-coffee","https://inc5shop.com/cdn/shop/files/Screenshot_2023-07-12_at_1.22.28_PM.png?v=1689148366&width=600","INC.5 SHOES PVT LTD ","20","Protocol-Relative","//body/div[@id='shopify-section-sections--21550390575348__header']/sticky-header/header/a/div/img","Header","HTML","","",""
"Image","https://inc5shop.com/collections/mens-formals","https://inc5shop.com/cdn/shop/files/Screenshot_2023-07-12_at_1.22.28_PM.png?v=1689148366&width=600","INC.5 SHOES PVT LTD ","20","Protocol-Relative","//body/div[@id='shopify-section-sections--21550390575348__header']/sticky-header/header/a/div/img","Header","HTML","","",""
"Image","https://inc5shop.com/collections/ethnic-footwear","https://inc5shop.com/cdn/shop/files/Screenshot_2023-07-12_at_1.22.28_PM.png?v=1689148366&width=600","INC.5 SHOES PVT LTD ","20","Protocol-Relative","//body/div[@id='shopify-section-sections--21550390575348__header']/sticky-header/header/a/div/img","Header","HTML","","",""
"Image","https://inc5shop.com/collections/the-march-edit-in-house-bag","https://inc5shop.com/cdn/shop/files/Screenshot_2023-07-12_at_1.22.28_PM.png?v=1689148366&width=600","INC.5 SHOES PVT LTD ","20","Protocol-Relative","//body/div[@id='shopify-section-sections--21550390575348__header']/sticky-header/header/a/div/img","Header","HTML","","",""
"Image","https://inc5shop.com/collections/shop-our-bestsellers","https://inc5shop.com/cdn/shop/files/Screenshot_2023-07-12_at_1.22.28_PM.png?v=1689148366&width=600","INC.5 SHOES PVT LTD ","20","Protocol-Relative","//body/div[@id='shopify-section-sections--21550390575348__header']/sticky-header/header/a/div/img","Header","HTML","","",""
"Image","https://inc5shop.com/collections/no-sale-inc5","https://inc5shop.com/cdn/shop/files/Screenshot_2023-07-12_at_1.22.28_PM.png?v=1689148366&width=600","INC.5 SHOES PVT LTD ","20","Protocol-Relative","//body/div[@id='shopify-section-sections--21550390575348__header']/sticky-header/header/a/div/img","Header","HTML","","",""
"Image","https://inc5shop.com/collections/shoulder-bags","https://inc5shop.com/cdn/shop/files/Screenshot_2023-07-12_at_1.22.28_PM.png?v=1689148366&width=600","INC.5 SHOES PVT LTD ","20","Protocol-Relative","//body/div[@id='shopify-section-sections--21550390575348__header']/sticky-header/header/a/div/img","Header","HTML","","",""
"Image","https://inc5shop.com/pages/refund-policy","https://inc5shop.com/cdn/shop/files/Screenshot_2023-07-12_at_1.22.28_PM.png?v=1689148366&width=600","INC.5 SHOES PVT LTD ","20","Protocol-Relative","//body/div[@id='shopify-section-sections--21550390575348__header']/sticky-header/header/a/div/img","Header","HTML","","",""
"Image","https://inc5shop.com/collections/platform-heels","https://inc5shop.com/cdn/shop/files/8909131325728.png?v=1778133710","","0","Protocol-Relative","//body/main/div[@id='shopify-section-template--21550394835188__product-grid']/div/div/div/div[@class='collection']/ul/li[20]/div/div/div[2]/div[@class='card__information']/div[@id='productcardcolor_9063299318004']/div/div/img","Content","HTML","","",""
"Image","https://inc5shop.com/collections/platform-heels","https://inc5shop.com/cdn/shop/files/8909131325728.png?v=1778133710","","0","Protocol-Relative","//body/main/div[@id='shopify-section-template--21550394835188__product-grid']/div/div/div/div[@class='collection']/ul/li[21]/div/div/div[2]/div[@class='card__information']/div[@id='productcardcolor_9063299121396']/div/img","Content","HTML","","",""
"Image","https://inc5shop.com/collections/platform-heels","https://inc5shop.com/cdn/shop/files/8909131325667.png?v=1778133667","","0","Protocol-Relative","//body/main/div[@id='shopify-section-template--21550394835188__product-grid']/div/div/div/div[@class='collection']/ul/li[20]/div/div/div[2]/div[@class='card__information']/div[@id='productcardcolor_9063299318004']/div/img","Content","HTML","","",""
"Image","https://inc5shop.com/collections/platform-heels","https://inc5shop.com/cdn/shop/files/8909131325667.png?v=1778133667","","0","Protocol-Relative","//body/main/div[@id='shopify-section-template--21550394835188__product-grid']/div/div/div/div[@class='collection']/ul/li[21]/div/div/div[2]/div[@class='card__information']/div[@id='productcardcolor_9063299121396']/div/div/img","Content","HTML","","",""
"Image","https://inc5shop.com/collections/platform-heels","https://inc5shop.com/cdn/shop/files/8909131325605.png?v=1778069615","","0","Protocol-Relative","//body/main/div[@id='shopify-section-template--21550394835188__product-grid']/div/div/div/div[@class='collection']/ul/li[22]/div/div/div[2]/div[@class='card__information']/div[@id='productcardcolor_9063298957556']/div/div/img","Content","HTML","","",""
"Image","https://inc5shop.com/collections/platform-heels","https://inc5shop.com/cdn/shop/files/8909131298145.png?v=1778281243","","0","Protocol-Relative","//body/main/div[@id='shopify-section-template--21550394835188__product-grid']/div/div/div/div[@class='collection']/ul/li[23]/div/div/div[2]/div[@class='card__information']/div[@id='productcardcolor_9063287652596']/div/div/img","Content","HTML","","",""
"Image","https://inc5shop.com/collections/platform-heels","https://inc5shop.com/cdn/shop/files/8909131298145.png?v=1778281243","","0","Protocol-Relative","//body/main/div[@id='shopify-section-template--21550394835188__product-grid']/div/div/div/div[@class='collection']/ul/li[24]/div/div/div[2]/div[@class='card__information']/div[@id='productcardcolor_9063287488756']/div/img","Content","HTML","","",""
"Image","https://inc5shop.com/collections/platform-heels","https://inc5shop.com/cdn/shop/files/8909131298237.png?v=1778281270","","0","Protocol-Relative","//body/main/div[@id='shopify-section-template--21550394835188__product-grid']/div/div/div/div[@class='collection']/ul/li[23]/div/div/div[2]/div[@class='card__information']/div[@id='productcardcolor_9063287652596']/div/img","Content","HTML","","",""
"Image","https://inc5shop.com/collections/platform-heels","https://inc5shop.com/cdn/shop/files/8909131298237.png?v=1778281270","","0","Protocol-Relative","//body/main/div[@id='shopify-section-template--21550394835188__product-grid']/div/div/div/div[@class='collection']/ul/li[24]/div/div/div[2]/div[@class='card__information']/div[@id='productcardcolor_9063287488756']/div/div/img","Content","HTML","","",""
"Image","https://inc5shop.com/collections/bags-june-eoss-2026","https://inc5shop.com/cdn/shop/files/LYNG29-8849_BEIGE_1_4e8793d5-3808-4a1a-a628-0b3a065c8a9e.jpg?v=1755483278","","0","Protocol-Relative","//body/main/div[@id='shopify-section-template--21550394835188__product-grid']/div/div/div/div[@class='collection']/ul/li[1]/div/div/div[2]/div[@class='card__information']/div[@id='productcardcolor_8984608080116']/div/div/img","Content","HTML","","",""
"Image","https://inc5shop.com/collections/bags-june-eoss-2026","https://inc5shop.com/cdn/shop/files/LYNG29-8849_BEIGE_1_4e8793d5-3808-4a1a-a628-0b3a065c8a9e.jpg?v=1755483278","","0","Protocol-Relative","//body/main/div[@id='shopify-section-template--21550394835188__product-grid']/div/div/div/div[@class='collection']/ul/li[2]/div/div/div[2]/div[@class='card__information']/div[@id='productcardcolor_8984608178420']/div/img","Content","HTML","","",""
"Image","https://inc5shop.com/collections/bags-june-eoss-2026","https://inc5shop.com/cdn/shop/files/LYNG29-8849_TAN_1_05180839-1331-4674-83df-1cf30b216d6c.jpg?v=1755483275","","0","Protocol-Relative","//body/main/div[@id='shopify-section-template--21550394835188__product-grid']/div/div/div/div[@class='collection']/ul/li[1]/div/div/div[2]/div[@class='card__information']/div[@id='productcardcolor_8984608080116']/div/img","Content","HTML","","",""
"Image","https://inc5shop.com/collections/bags-june-eoss-2026","https://inc5shop.com/cdn/shop/files/LYNG29-8849_TAN_1_05180839-1331-4674-83df-1cf30b216d6c.jpg?v=1755483275","","0","Protocol-Relative","//body/main/div[@id='shopify-section-template--21550394835188__product-grid']/div/div/div/div[@class='collection']/ul/li[2]/div/div/div[2]/div[@class='card__information']/div[@id='productcardcolor_8984608178420']/div/div/img","Content","HTML","","",""
"Image","https://inc5shop.com/collections/bags-june-eoss-2026","https://inc5shop.com/cdn/shop/files/LYNG35-8843_WHITE_1_fee83566-95d7-4f62-bb7a-a943cadf1bad.jpg?v=1755483204","","0","Protocol-Relative","//body/main/div[@id='shopify-section-template--21550394835188__product-grid']/div/div/div/div[@class='collection']/ul/li[3]/div/div/div[2]/div[@class='card__information']/div[@id='productcardcolor_8984611684596']/div/div/img","Content","HTML","","",""
"Image","https://inc5shop.com/collections/new-wallets","https://inc5shop.com/cdn/shop/files/LYNG35-8843_WHITE_1_fee83566-95d7-4f62-bb7a-a943cadf1bad.jpg?v=1755483204","","0","Protocol-Relative","//body/main/div[@id='shopify-section-template--21550394835188__product-grid']/div/div/div/div[@class='collection']/ul/li[13]/div/div/div[2]/div[@class='card__information']/div[@id='productcardcolor_8984611684596']/div/div/img","Content","HTML","","",""
"Image","https://inc5shop.com/collections/new-wallets","https://inc5shop.com/cdn/shop/files/LYNG35-8843_WHITE_1_fee83566-95d7-4f62-bb7a-a943cadf1bad.jpg?v=1755483204","","0","Protocol-Relative","//body/main/div[@id='shopify-section-template--21550394835188__product-grid']/div/div/div/div[@class='collection']/ul/li[14]/div/div/div[2]/div[@class='card__information']/div[@id='productcardcolor_8984611586292']/div/img[2]","Content","HTML","","",""
"Image","https://inc5shop.com/collections/new-wallets","https://inc5shop.com/cdn/shop/files/LYNG35-8843_WHITE_1_fee83566-95d7-4f62-bb7a-a943cadf1bad.jpg?v=1755483204","","0","Protocol-Relative","//body/main/div[@id='shopify-section-template--21550394835188__product-grid']/div/div/div/div[@class='collection']/ul/li[15]/div/div/div[2]/div[@class='card__information']/div[@id='productcardcolor_8984611487988']/div/img[2]","Content","HTML","","",""
"Image","https://inc5shop.com/collections/bags-june-eoss-2026","https://inc5shop.com/cdn/shop/files/LYNG35-8843_NUDE_1_99ee66ee-3800-4ddd-affe-7c607a68f46b.jpg?v=1755483207","","0","Protocol-Relative","//body/main/div[@id='shopify-section-template--21550394835188__product-grid']/div/div/div/div[@class='collection']/ul/li[3]/div/div/div[2]/div[@class='card__information']/div[@id='productcardcolor_8984611684596']/div/img[1]","Content","HTML","","",""
"Image","https://inc5shop.com/collections/new-wallets","https://inc5shop.com/cdn/shop/files/LYNG35-8843_NUDE_1_99ee66ee-3800-4ddd-affe-7c607a68f46b.jpg?v=1755483207","","0","Protocol-Relative","//body/main/div[@id='shopify-section-template--21550394835188__product-grid']/div/div/div/div[@class='collection']/ul/li[13]/div/div/div[2]/div[@class='card__information']/div[@id='productcardcolor_8984611684596']/div/img[1]","Content","HTML","","",""
"Image","https://inc5shop.com/collections/new-wallets","https://inc5shop.com/cdn/shop/files/LYNG35-8843_NUDE_1_99ee66ee-3800-4ddd-affe-7c607a68f46b.jpg?v=1755483207","","0","Protocol-Relative","//body/main/div[@id='shopify-section-template--21550394835188__product-grid']/div/div/div/div[@class='collection']/ul/li[14]/div/div/div[2]/div[@class='card__information']/div[@id='productcardcolor_8984611586292']/div/img[1]","Content","HTML","","",""
"Image","https://inc5shop.com/collections/new-wallets","https://inc5shop.com/cdn/shop/files/LYNG35-8843_NUDE_1_99ee66ee-3800-4ddd-affe-7c607a68f46b.jpg?v=1755483207","","0","Protocol-Relative","//body/main/div[@id='shopify-section-template--21550394835188__product-grid']/div/div/div/div[@class='collection']/ul/li[15]/div/div/div[2]/div[@class='card__information']/div[@id='productcardcolor_8984611487988']/div/div/img","Content","HTML","","",""
"Image","https://inc5shop.com/collections/bags-june-eoss-2026","https://inc5shop.com/cdn/shop/files/LYNG35-8843_BEIGE_1_5b4b8a1e-55c9-4f6c-90b1-7f1f2a29d3e9.jpg?v=1755483205","","0","Protocol-Relative","//body/main/div[@id='shopify-section-template--21550394835188__product-grid']/div/div/div/div[@class='collection']/ul/li[3]/div/div/div[2]/div[@class='card__information']/div[@id='productcardcolor_8984611684596']/div/img[2]","Content","HTML","","",""
"Image","https://inc5shop.com/collections/new-wallets","https://inc5shop.com/cdn/shop/files/LYNG35-8843_BEIGE_1_5b4b8a1e-55c9-4f6c-90b1-7f1f2a29d3e9.jpg?v=1755483205","","0","Protocol-Relative","//body/main/div[@id='shopify-section-template--21550394835188__product-grid']/div/div/div/div[@class='collection']/ul/li[13]/div/div/div[2]/div[@class='card__information']/div[@id='productcardcolor_8984611684596']/div/img[2]","Content","HTML","","",""
"Image","https://inc5shop.com/collections/new-wallets","https://inc5shop.com/cdn/shop/files/LYNG35-8843_BEIGE_1_5b4b8a1e-55c9-4f6c-90b1-7f1f2a29d3e9.jpg?v=1755483205","","0","Protocol-Relative","//body/main/div[@id='shopify-section-template--21550394835188__product-grid']/div/div/div/div[@class='collection']/ul/li[14]/div/div/div[2]/div[@class='card__information']/div[@id='productcardcolor_8984611586292']/div/div/img","Content","HTML","","",""
"Image","https://inc5shop.com/collections/new-wallets","https://inc5shop.com/cdn/shop/files/LYNG35-8843_BEIGE_1_5b4b8a1e-55c9-4f6c-90b1-7f1f2a29d3e9.jpg?v=1755483205","","0","Protocol-Relative","//body/main/div[@id='shopify-section-template--21550394835188__product-grid']/div/div/div/div[@class='collection']/ul/li[15]/div/div/div[2]/div[@class='card__information']/div[@id='productcardcolor_8984611487988']/div/img[1]","Content","HTML","","",""
"Image","https://inc5shop.com/collections/bags-june-eoss-2026","https://inc5shop.com/cdn/shop/files/LYNG29-8603BEIGE1.jpg?v=1755483685","","0","Protocol-Relative","//body/main/div[@id='shopify-section-template--21550394835188__product-grid']/div/div/div/div[@class='collection']/ul/li[4]/div/div/div[2]/div[@class='card__information']/div[@id='productcardcolor_8312570347764']/div/div/img","Content","HTML","","",""
"Image","https://inc5shop.com/collections/bags-june-eoss-2026","https://inc5shop.com/cdn/shop/files/LYNG29-8603BEIGE1.jpg?v=1755483685","","0","Protocol-Relative","//body/main/div[@id='shopify-section-template--21550394835188__product-grid']/div/div/div/div[@class='collection']/ul/li[24]/div/div/div[2]/div[@class='card__information']/div[@id='productcardcolor_8312571330804']/div/img","Content","HTML","","",""
"Image","https://inc5shop.com/collections/bags-june-eoss-2026","https://inc5shop.com/cdn/shop/files/LYNG29-8603.png?v=1755483681","","0","Protocol-Relative","//body/main/div[@id='shopify-section-template--21550394835188__product-grid']/div/div/div/div[@class='collection']/ul/li[4]/div/div/div[2]/div[@class='card__information']/div[@id='productcardcolor_8312570347764']/div/img","Content","HTML","","",""
"Image","https://inc5shop.com/collections/bags-june-eoss-2026","https://inc5shop.com/cdn/shop/files/LYNG29-8603.png?v=1755483681","","0","Protocol-Relative","//body/main/div[@id='shopify-section-template--21550394835188__product-grid']/div/div/div/div[@class='collection']/ul/li[24]/div/div/div[2]/div[@class='card__information']/div[@id='productcardcolor_8312571330804']/div/div/img","Content","HTML","","",""
"Image","https://inc5shop.com/collections/bags-june-eoss-2026","https://inc5shop.com/cdn/shop/files/LYNG29-8793_CREAM_1_dbc74f6c-bf02-476c-84f0-f69399ebcdeb.jpg?v=1755483350","","0","Protocol-Relative","//body/main/div[@id='shopify-section-template--21550394835188__product-grid']/div/div/div/div[@class='collection']/ul/li[5]/div/div/div[2]/div[@class='card__information']/div[@id='productcardcolor_8984604279028']/div/div/img","Content","HTML","","",""
"Image","https://inc5shop.com/collections/bags-june-eoss-2026","https://inc5shop.com/cdn/shop/files/LYNG29-8793_CREAM_1_dbc74f6c-bf02-476c-84f0-f69399ebcdeb.jpg?v=1755483350","","0","Protocol-Relative","//body/main/div[@id='shopify-section-template--21550394835188__product-grid']/div/div/div/div[@class='collection']/ul/li[22]/div/div/div[2]/div[@class='card__information']/div[@id='productcardcolor_8984604213492']/div/img[1]","Content","HTML","","",""
"Image","https://inc5shop.com/collections/bags-june-eoss-2026","https://inc5shop.com/cdn/shop/files/LYNG29-8793_BLACK_1_22085477-c83f-4ee7-891b-8a0f61af7781.jpg?v=1755483352","","0","Protocol-Relative","//body/main/div[@id='shopify-section-template--21550394835188__product-grid']/div/div/div/div[@class='collection']/ul/li[5]/div/div/div[2]/div[@class='card__information']/div[@id='productcardcolor_8984604279028']/div/img[1]","Content","HTML","","",""
"Image","https://inc5shop.com/collections/bags-june-eoss-2026","https://inc5shop.com/cdn/shop/files/LYNG29-8793_BLACK_1_22085477-c83f-4ee7-891b-8a0f61af7781.jpg?v=1755483352","","0","Protocol-Relative","//body/main/div[@id='shopify-section-template--21550394835188__product-grid']/div/div/div/div[@class='collection']/ul/li[22]/div/div/div[2]/div[@class='card__information']/div[@id='productcardcolor_8984604213492']/div/div/img","Content","HTML","","",""
"Image","https://inc5shop.com/collections/bags-june-eoss-2026","https://inc5shop.com/cdn/shop/files/Myntra_size_AI_IMAGES_-_2025-05-19T150634.772.png?v=1755483348","","0","Protocol-Relative","//body/main/div[@id='shopify-section-template--21550394835188__product-grid']/div/div/div/div[@class='collection']/ul/li[5]/div/div/div[2]/div[@class='card__information']/div[@id='productcardcolor_8984604279028']/div/img[2]","Content","HTML","","",""
"Image","https://inc5shop.com/collections/bags-june-eoss-2026","https://inc5shop.com/cdn/shop/files/Myntra_size_AI_IMAGES_-_2025-05-19T150634.772.png?v=1755483348","","0","Protocol-Relative","//body/main/div[@id='shopify-section-template--21550394835188__product-grid']/div/div/div/div[@class='collection']/ul/li[22]/div/div/div[2]/div[@class='card__information']/div[@id='productcardcolor_8984604213492']/div/img[2]","Content","HTML","","",""
"Image","https://inc5shop.com/collections/bags-june-eoss-2026","https://inc5shop.com/cdn/shop/files/LYNG29-8812_BLACK_1_cf4900c9-292d-48c0-bf91-a84168bb7e35.jpg?v=1755483308","","0","Protocol-Relative","//body/main/div[@id='shopify-section-template--21550394835188__product-grid']/div/div/div/div[@class='collection']/ul/li[6]/div/div/div[2]/div[@class='card__information']/div[@id='productcardcolor_8984606507252']/div/div/img","Content","HTML","","",""
"Image","https://inc5shop.com/collections/bags-june-eoss-2026","https://inc5shop.com/cdn/shop/files/LYNG29-8812_BEIGE_1_7f18c69f-af1f-4056-bcd6-87e3d11c55bb.jpg?v=1755483310","","0","Protocol-Relative","//body/main/div[@id='shopify-section-template--21550394835188__product-grid']/div/div/div/div[@class='collection']/ul/li[6]/div/div/div[2]/div[@class='card__information']/div[@id='productcardcolor_8984606507252']/div/img[1]","Content","HTML","","",""
"Image","https://inc5shop.com/collections/bags-june-eoss-2026","https://inc5shop.com/cdn/shop/files/LYNG29-8812_BROWN_1_1206c9ea-442a-4af7-854a-57984bcf85c2.jpg?v=1755483306","","0","Protocol-Relative","//body/main/div[@id='shopify-section-template--21550394835188__product-grid']/div/div/div/div[@class='collection']/ul/li[6]/div/div/div[2]/div[@class='card__information']/div[@id='productcardcolor_8984606507252']/div/img[2]","Content","HTML","","",""
"Image","https://inc5shop.com/collections/bags-june-eoss-2026","https://inc5shop.com/cdn/shop/files/LYNG29-8803_BLACK_1_5b4e3e27-1cb3-4c71-83b1-afc6003ec370.jpg?v=1755483336","","0","Protocol-Relative","//body/main/div[@id='shopify-section-template--21550394835188__product-grid']/div/div/div/div[@class='collection']/ul/li[9]/div/div/div[2]/div[@class='card__information']/div[@id='productcardcolor_8984605524212']/div/div/img","Content","HTML","","",""
"Image","https://inc5shop.com/collections/bags-june-eoss-2026","https://inc5shop.com/cdn/shop/files/LYNG29-8803_BLACK_1_5b4e3e27-1cb3-4c71-83b1-afc6003ec370.jpg?v=1755483336","","0","Protocol-Relative","//body/main/div[@id='shopify-section-template--21550394835188__product-grid']/div/div/div/div[@class='collection']/ul/li[13]/div/div/div[2]/div[@class='card__information']/div[@id='productcardcolor_8984605655284']/div/img[1]","Content","HTML","","",""
"Image","https://inc5shop.com/collections/bags-june-eoss-2026","https://inc5shop.com/cdn/shop/files/LYNG29-8803_CREAM_1_488da2de-7d01-4dad-9819-5a44e69c4ed2.jpg?v=1755483334","","0","Protocol-Relative","//body/main/div[@id='shopify-section-template--21550394835188__product-grid']/div/div/div/div[@class='collection']/ul/li[9]/div/div/div[2]/div[@class='card__information']/div[@id='productcardcolor_8984605524212']/div/img[1]","Content","HTML","","",""
"Image","https://inc5shop.com/collections/bags-june-eoss-2026","https://inc5shop.com/cdn/shop/files/LYNG29-8803_CREAM_1_488da2de-7d01-4dad-9819-5a44e69c4ed2.jpg?v=1755483334","","0","Protocol-Relative","//body/main/div[@id='shopify-section-template--21550394835188__product-grid']/div/div/div/div[@class='collection']/ul/li[13]/div/div/div[2]/div[@class='card__information']/div[@id='productcardcolor_8984605655284']/div/img[2]","Content","HTML","","",""
"Image","https://inc5shop.com/collections/bags-june-eoss-2026","https://inc5shop.com/cdn/shop/files/LYNG29-8803_DARK_BEIGE_1_d15d470f-7400-401d-acdb-989846d104a1.jpg?v=1755483332","","0","Protocol-Relative","//body/main/div[@id='shopify-section-template--21550394835188__product-grid']/div/div/div/div[@class='collection']/ul/li[9]/div/div/div[2]/div[@class='card__information']/div[@id='productcardcolor_8984605524212']/div/img[2]","Content","HTML","","",""
"Image","https://inc5shop.com/collections/bags-june-eoss-2026","https://inc5shop.com/cdn/shop/files/LYNG29-8803_DARK_BEIGE_1_d15d470f-7400-401d-acdb-989846d104a1.jpg?v=1755483332","","0","Protocol-Relative","//body/main/div[@id='shopify-section-template--21550394835188__product-grid']/div/div/div/div[@class='collection']/ul/li[13]/div/div/div[2]/div[@class='card__information']/div[@id='productcardcolor_8984605655284']/div/div/img","Content","HTML","","",""
"Image","https://inc5shop.com/collections/bags-june-eoss-2026","https://inc5shop.com/cdn/shop/files/LYNG29-8801_BROWN_1_d61e6b59-3975-4e9c-84e7-839166ce42fc.jpg?v=1755483338","","0","Protocol-Relative","//body/main/div[@id='shopify-section-template--21550394835188__product-grid']/div/div/div/div[@class='collection']/ul/li[10]/div/div/div[2]/div[@class='card__information']/div[@id='productcardcolor_8984605458676']/div/div/img","Content","HTML","","",""
"Image","https://inc5shop.com/collections/bags-june-eoss-2026","https://inc5shop.com/cdn/shop/files/LYNG29-8801_BEIGE_1_b44cb441-a5bc-476f-b0c9-96676dbb8f85.jpg?v=1755483342","","0","Protocol-Relative","//body/main/div[@id='shopify-section-template--21550394835188__product-grid']/div/div/div/div[@class='collection']/ul/li[10]/div/div/div[2]/div[@class='card__information']/div[@id='productcardcolor_8984605458676']/div/img[1]","Content","HTML","","",""
"Image","https://inc5shop.com/collections/bags-june-eoss-2026","https://inc5shop.com/cdn/shop/files/LYNG29-8801_BLACK_1_a6566c5f-fd90-4178-8b40-307b91ebf2c3.jpg?v=1755483340","","0","Protocol-Relative","//body/main/div[@id='shopify-section-template--21550394835188__product-grid']/div/div/div/div[@class='collection']/ul/li[10]/div/div/div[2]/div[@class='card__information']/div[@id='productcardcolor_8984605458676']/div/img[2]","Content","HTML","","",""
"Image","https://inc5shop.com/collections/bags-june-eoss-2026","https://inc5shop.com/cdn/shop/files/LYNG34-8828_Black-0_35c58e98-f977-4198-b397-0f917ea7c673.jpg?v=1755483122","","0","Protocol-Relative","//body/main/div[@id='shopify-section-template--21550394835188__product-grid']/div/div/div/div[@class='collection']/ul/li[12]/div/div/div[2]/div[@class='card__information']/div[@id='productcardcolor_9082219659508']/div/div/img","Content","HTML","","",""
"Image","https://inc5shop.com/collections/bags-june-eoss-2026","https://inc5shop.com/cdn/shop/files/LYNG34-8828_Black-0_35c58e98-f977-4198-b397-0f917ea7c673.jpg?v=1755483122","","0","Protocol-Relative","//body/main/div[@id='shopify-section-template--21550394835188__product-grid']/div/div/div/div[@class='collection']/ul/li[21]/div/div/div[2]/div[@class='card__information']/div[@id='productcardcolor_9082220478708']/div/img[2]","Content","HTML","","",""
"Image","https://inc5shop.com/collections/bags-june-eoss-2026","https://inc5shop.com/cdn/shop/files/LYNG34-8828_Beige-0_9a3c7942-81cf-4d21-b174-31e61ec2dd8b.jpg?v=1755483124","","0","Protocol-Relative","//body/main/div[@id='shopify-section-template--21550394835188__product-grid']/div/div/div/div[@class='collection']/ul/li[12]/div/div/div[2]/div[@class='card__information']/div[@id='productcardcolor_9082219659508']/div/img[1]","Content","HTML","","",""
"Image","https://inc5shop.com/collections/bags-june-eoss-2026","https://inc5shop.com/cdn/shop/files/LYNG34-8828_Beige-0_9a3c7942-81cf-4d21-b174-31e61ec2dd8b.jpg?v=1755483124","","0","Protocol-Relative","//body/main/div[@id='shopify-section-template--21550394835188__product-grid']/div/div/div/div[@class='collection']/ul/li[21]/div/div/div[2]/div[@class='card__information']/div[@id='productcardcolor_9082220478708']/div/img[1]","Content","HTML","","",""
"Image","https://inc5shop.com/collections/bags-june-eoss-2026","https://inc5shop.com/cdn/shop/files/LYNG34-8828_Cream-0_0fcea4d9-dbd7-48b9-afb5-573e3f84a779.jpg?v=1755483121","","0","Protocol-Relative","//body/main/div[@id='shopify-section-template--21550394835188__product-grid']/div/div/div/div[@class='collection']/ul/li[12]/div/div/div[2]/div[@class='card__information']/div[@id='productcardcolor_9082219659508']/div/img[2]","Content","HTML","","",""
"Image","https://inc5shop.com/collections/bags-june-eoss-2026","https://inc5shop.com/cdn/shop/files/LYNG34-8828_Cream-0_0fcea4d9-dbd7-48b9-afb5-573e3f84a779.jpg?v=1755483121","","0","Protocol-Relative","//body/main/div[@id='shopify-section-template--21550394835188__product-grid']/div/div/div/div[@class='collection']/ul/li[21]/div/div/div[2]/div[@class='card__information']/div[@id='productcardcolor_9082220478708']/div/img[3]","Content","HTML","","",""
"Image","https://inc5shop.com/collections/bags-june-eoss-2026","https://inc5shop.com/cdn/shop/files/LYNG34-8828_Maroon-0_65eb5d34-6dfd-44aa-a354-04889f8cb9bb.jpg?v=1755483119","","0","Protocol-Relative","//body/main/div[@id='shopify-section-template--21550394835188__product-grid']/div/div/div/div[@class='collection']/ul/li[12]/div/div/div[2]/div[@class='card__information']/div[@id='productcardcolor_9082219659508']/div/img[3]","Content","HTML","","",""
"Image","https://inc5shop.com/collections/bags-june-eoss-2026","https://inc5shop.com/cdn/shop/files/LYNG34-8828_Maroon-0_65eb5d34-6dfd-44aa-a354-04889f8cb9bb.jpg?v=1755483119","","0","Protocol-Relative","//body/main/div[@id='shopify-section-template--21550394835188__product-grid']/div/div/div/div[@class='collection']/ul/li[21]/div/div/div[2]/div[@class='card__information']/div[@id='productcardcolor_9082220478708']/div/div/img","Content","HTML","","",""
"Image","https://inc5shop.com/collections/bags-june-eoss-2026","https://inc5shop.com/cdn/shop/files/LYNG29-8780_CHIKOO_1_772460d6-4a78-4f3f-b843-97a4ee383873.jpg?v=1755483393","","0","Protocol-Relative","//body/main/div[@id='shopify-section-template--21550394835188__product-grid']/div/div/div/div[@class='collection']/ul/li[14]/div/div/div[2]/div[@class='card__information']/div[@id='productcardcolor_8984602935540']/div/div/img","Content","HTML","","",""
"Image","https://inc5shop.com/collections/bags-june-eoss-2026","https://inc5shop.com/cdn/shop/files/LYNG29-8780_BEIGE_1_5db94a84-d224-4b0d-ba07-f9b489e9d551.jpg?v=1755483397","","0","Protocol-Relative","//body/main/div[@id='shopify-section-template--21550394835188__product-grid']/div/div/div/div[@class='collection']/ul/li[14]/div/div/div[2]/div[@class='card__information']/div[@id='productcardcolor_8984602935540']/div/img[1]","Content","HTML","","",""
"Image","https://inc5shop.com/collections/bags-june-eoss-2026","https://inc5shop.com/cdn/shop/files/LYNG29-8780_BLACK_1_a5fee249-b040-4d8b-bc20-1413f6b76772.jpg?v=1755483395","","0","Protocol-Relative","//body/main/div[@id='shopify-section-template--21550394835188__product-grid']/div/div/div/div[@class='collection']/ul/li[14]/div/div/div[2]/div[@class='card__information']/div[@id='productcardcolor_8984602935540']/div/img[2]","Content","HTML","","",""
"Image","https://inc5shop.com/collections/bags-june-eoss-2026","https://inc5shop.com/cdn/shop/files/LYNG34-8724_GOLD.jpg?v=1755483577","","0","Protocol-Relative","//body/main/div[@id='shopify-section-template--21550394835188__product-grid']/div/div/div/div[@class='collection']/ul/li[23]/div/div/div[2]/div[@class='card__information']/div[@id='productcardcolor_8895389466868']/div/div/img","Content","HTML","","",""
"Image","https://inc5shop.com/collections/bags-june-eoss-2026","https://inc5shop.com/cdn/shop/files/LYNG34-8724_CREAM.jpg?v=1755483580","","0","Protocol-Relative","//body/main/div[@id='shopify-section-template--21550394835188__product-grid']/div/div/div/div[@class='collection']/ul/li[23]/div/div/div[2]/div[@class='card__information']/div[@id='productcardcolor_8895389466868']/div/img","Content","HTML","","",""
"Image","https://inc5shop.com/collections/mens-slipons","https://inc5shop.com/cdn/shop/files/672-Navy_Blue_dcdff113-9829-4d51-ad5d-acd7fc55c8af.jpg?v=1755484101","","0","Protocol-Relative","//body/main/div[@id='shopify-section-template--21550394835188__product-grid']/div/div/div/div[@class='collection']/ul/li[13]/div/div/div[2]/div[@class='card__information']/div[@id='productcardcolor_8578225045748']/div/div/img","Content","HTML","","",""
"Image","https://inc5shop.com/collections/mens-slipons","https://inc5shop.com/cdn/shop/files/ND723_Black_a2651907-e57d-47e9-a23b-a62e4b6a12f3.jpg?v=1755484108","","0","Protocol-Relative","//body/main/div[@id='shopify-section-template--21550394835188__product-grid']/div/div/div/div[@class='collection']/ul/li[14]/div/div/div[2]/div[@class='card__information']/div[@id='productcardcolor_8578223702260']/div/div/img","Content","HTML","","",""
"Image","https://inc5shop.com/collections/mens-formals","https://inc5shop.com/cdn/shop/files/ND723_Black_a2651907-e57d-47e9-a23b-a62e4b6a12f3.jpg?v=1755484108","","0","Protocol-Relative","//body/main/div[@id='shopify-section-template--21550394835188__product-grid']/div/div/div/div[@class='collection']/ul/li[17]/div/div/div[2]/div[@class='card__information']/div[@id='productcardcolor_8578223702260']/div/div/img","Content","HTML","","",""
"Image","https://inc5shop.com/collections/mens-slipons","https://inc5shop.com/cdn/shop/files/ND723_Cherry_58f9c873-125f-469d-99f3-7f4085758280.jpg?v=1755484107","","0","Protocol-Relative","//body/main/div[@id='shopify-section-template--21550394835188__product-grid']/div/div/div/div[@class='collection']/ul/li[14]/div/div/div[2]/div[@class='card__information']/div[@id='productcardcolor_8578223702260']/div/img","Content","HTML","","",""
"Image","https://inc5shop.com/collections/mens-formals","https://inc5shop.com/cdn/shop/files/ND723_Cherry_58f9c873-125f-469d-99f3-7f4085758280.jpg?v=1755484107","","0","Protocol-Relative","//body/main/div[@id='shopify-section-template--21550394835188__product-grid']/div/div/div/div[@class='collection']/ul/li[17]/div/div/div[2]/div[@class='card__information']/div[@id='productcardcolor_8578223702260']/div/img","Content","HTML","","",""
"Image","https://inc5shop.com/collections/mens-slipons","https://inc5shop.com/cdn/shop/files/6032-Tan_f32c6c22-6906-4059-93c9-cfc6a01d759f.jpg?v=1755484113","","0","Protocol-Relative","//body/main/div[@id='shopify-section-template--21550394835188__product-grid']/div/div/div/div[@class='collection']/ul/li[16]/div/div/div[2]/div[@class='card__information']/div[@id='productcardcolor_8578219933940']/div/div/img","Content","HTML","","",""
"Image","https://inc5shop.com/collections/mens-slipons","https://inc5shop.com/cdn/shop/files/13522BLACK.jpg?v=1755484130","","0","Protocol-Relative","//body/main/div[@id='shopify-section-template--21550394835188__product-grid']/div/div/div/div[@class='collection']/ul/li[18]/div/div/div[2]/div[@class='card__information']/div[@id='productcardcolor_8412367552756']/div/div/img","Content","HTML","","",""
"Image","https://inc5shop.com/collections/mens-slipons","https://inc5shop.com/cdn/shop/files/13522BLACK.jpg?v=1755484130","","0","Protocol-Relative","//body/main/div[@id='shopify-section-template--21550394835188__product-grid']/div/div/div/div[@class='collection']/ul/li[21]/div/div/div[2]/div[@class='card__information']/div[@id='productcardcolor_8412367913204']/div/img","Content","HTML","","",""
"Image","https://inc5shop.com/collections/mens-formals","https://inc5shop.com/cdn/shop/files/13522BLACK.jpg?v=1755484130","","0","Protocol-Relative","//body/main/div[@id='shopify-section-template--21550394835188__product-grid']/div/div/div/div[@class='collection']/ul/li[19]/div/div/div[2]/div[@class='card__information']/div[@id='productcardcolor_8412367552756']/div/div/img","Content","HTML","","",""
"Image","https://inc5shop.com/collections/mens-slipons","https://inc5shop.com/cdn/shop/files/13522CHERRY.jpg?v=1755484128","","0","Protocol-Relative","//body/main/div[@id='shopify-section-template--21550394835188__product-grid']/div/div/div/div[@class='collection']/ul/li[18]/div/div/div[2]/div[@class='card__information']/div[@id='productcardcolor_8412367552756']/div/img","Content","HTML","","",""
"Image","https://inc5shop.com/collections/mens-slipons","https://inc5shop.com/cdn/shop/files/13522CHERRY.jpg?v=1755484128","","0","Protocol-Relative","//body/main/div[@id='shopify-section-template--21550394835188__product-grid']/div/div/div/div[@class='collection']/ul/li[21]/div/div/div[2]/div[@class='card__information']/div[@id='productcardcolor_8412367913204']/div/div/img","Content","HTML","","",""
"Image","https://inc5shop.com/collections/mens-formals","https://inc5shop.com/cdn/shop/files/13522CHERRY.jpg?v=1755484128","","0","Protocol-Relative","//body/main/div[@id='shopify-section-template--21550394835188__product-grid']/div/div/div/div[@class='collection']/ul/li[19]/div/div/div[2]/div[@class='card__information']/div[@id='productcardcolor_8412367552756']/div/img","Content","HTML","","",""
"Image","https://inc5shop.com/collections/mens-slipons","https://inc5shop.com/cdn/shop/files/13524_BLACK_1_80213038-e889-483c-b9af-ab747b4c7f43.jpg?v=1757660106","","0","Protocol-Relative","//body/main/div[@id='shopify-section-template--21550394835188__product-grid']/div/div/div/div[@class='collection']/ul/li[19]/div/div/div[2]/div[@class='card__information']/div[@id='productcardcolor_8322887909620']/div/div/img","Content","HTML","","",""
"Image","https://inc5shop.com/collections/mens-formals","https://inc5shop.com/cdn/shop/files/13524_BLACK_1_80213038-e889-483c-b9af-ab747b4c7f43.jpg?v=1757660106","","0","Protocol-Relative","//body/main/div[@id='shopify-section-template--21550394835188__product-grid']/div/div/div/div[@class='collection']/ul/li[20]/div/div/div[2]/div[@class='card__information']/div[@id='productcardcolor_8322887909620']/div/div/img","Content","HTML","","",""
"Image","https://inc5shop.com/collections/mens-slipons","https://inc5shop.com/cdn/shop/files/13521BLACK.jpg?v=1755484197","","0","Protocol-Relative","//body/main/div[@id='shopify-section-template--21550394835188__product-grid']/div/div/div/div[@class='collection']/ul/li[20]/div/div/div[2]/div[@class='card__information']/div[@id='productcardcolor_8322887713012']/div/div/img","Content","HTML","","",""
"Image","https://inc5shop.com/collections/mens-formals","https://inc5shop.com/cdn/shop/files/13521BLACK.jpg?v=1755484197","","0","Protocol-Relative","//body/main/div[@id='shopify-section-template--21550394835188__product-grid']/div/div/div/div[@class='collection']/ul/li[22]/div/div/div[2]/div[@class='card__information']/div[@id='productcardcolor_8322887713012']/div/div/img","Content","HTML","","",""
"Image","https://inc5shop.com/collections/mens-slipons","https://inc5shop.com/cdn/shop/files/Inc-ORD-01_Brown_1_5775353c-0400-4f88-9842-ee7bf3569b04.jpg?v=1755483912","","0","Protocol-Relative","//body/main/div[@id='shopify-section-template--21550394835188__product-grid']/div/div/div/div[@class='collection']/ul/li[22]/div/div/div[2]/div[@class='card__information']/div[@id='productcardcolor_8905593520372']/div/div/img","Content","HTML","","",""
"Image","https://inc5shop.com/collections/mens-june-eoss-2026","https://inc5shop.com/cdn/shop/files/Inc-ORD-01_Brown_1_5775353c-0400-4f88-9842-ee7bf3569b04.jpg?v=1755483912","","0","Protocol-Relative","//body/main/div[@id='shopify-section-template--21550394835188__product-grid']/div/div/div/div[@class='collection']/ul/li[11]/div/div/div[2]/div[@class='card__information']/div[@id='productcardcolor_8905593520372']/div/div/img","Content","HTML","","",""
"Image","https://inc5shop.com/collections/mens-june-eoss-2026","https://inc5shop.com/cdn/shop/files/Inc-ORD-01_Brown_1_5775353c-0400-4f88-9842-ee7bf3569b04.jpg?v=1755483912","","0","Protocol-Relative","//body/main/div[@id='shopify-section-template--21550394835188__product-grid']/div/div/div/div[@class='collection']/ul/li[14]/div/div/div[2]/div[@class='card__information']/div[@id='productcardcolor_8905593585908']/div/img","Content","HTML","","",""
"Image","https://inc5shop.com/collections/mens-slipons","https://inc5shop.com/cdn/shop/files/Inc-ORD-01_Olive_1_5ab1d5a7-7eb6-4cb4-8d47-2e9103b80c95.jpg?v=1755483910","","0","Protocol-Relative","//body/main/div[@id='shopify-section-template--21550394835188__product-grid']/div/div/div/div[@class='collection']/ul/li[22]/div/div/div[2]/div[@class='card__information']/div[@id='productcardcolor_8905593520372']/div/img","Content","HTML","","",""
"Image","https://inc5shop.com/collections/mens-june-eoss-2026","https://inc5shop.com/cdn/shop/files/Inc-ORD-01_Olive_1_5ab1d5a7-7eb6-4cb4-8d47-2e9103b80c95.jpg?v=1755483910","","0","Protocol-Relative","//body/main/div[@id='shopify-section-template--21550394835188__product-grid']/div/div/div/div[@class='collection']/ul/li[11]/div/div/div[2]/div[@class='card__information']/div[@id='productcardcolor_8905593520372']/div/img","Content","HTML","","",""
"Image","https://inc5shop.com/collections/mens-june-eoss-2026","https://inc5shop.com/cdn/shop/files/Inc-ORD-01_Olive_1_5ab1d5a7-7eb6-4cb4-8d47-2e9103b80c95.jpg?v=1755483910","","0","Protocol-Relative","//body/main/div[@id='shopify-section-template--21550394835188__product-grid']/div/div/div/div[@class='collection']/ul/li[14]/div/div/div[2]/div[@class='card__information']/div[@id='productcardcolor_8905593585908']/div/div/img","Content","HTML","","",""
"Image","https://inc5shop.com/collections/mens-slipons","https://inc5shop.com/cdn/shop/files/Inc-CPR-02_Tan_1_18fc614f-14ad-41b5-bbbb-c1696bcc252a.jpg?v=1755483943","","0","Protocol-Relative","//body/main/div[@id='shopify-section-template--21550394835188__product-grid']/div/div/div/div[@class='collection']/ul/li[23]/div/div/div[2]/div[@class='card__information']/div[@id='productcardcolor_8905592504564']/div/div/img","Content","HTML","","",""
"Image","https://inc5shop.com/collections/mens-slipons","https://inc5shop.com/cdn/shop/files/Inc-CPR-02_Tan_1_18fc614f-14ad-41b5-bbbb-c1696bcc252a.jpg?v=1755483943","","0","Protocol-Relative","//body/main/div[@id='shopify-section-template--21550394835188__product-grid']/div/div/div/div[@class='collection']/ul/li[24]/div/div/div[2]/div[@class='card__information']/div[@id='productcardcolor_8905592471796']/div/img","Content","HTML","","",""
"Image","https://inc5shop.com/collections/mens-slipons","https://inc5shop.com/cdn/shop/files/Inc-CPR-02_Black_1_53dafd36-b724-406d-9162-335974954485.jpg?v=1755483945","","0","Protocol-Relative","//body/main/div[@id='shopify-section-template--21550394835188__product-grid']/div/div/div/div[@class='collection']/ul/li[23]/div/div/div[2]/div[@class='card__information']/div[@id='productcardcolor_8905592504564']/div/img","Content","HTML","","",""
"Image","https://inc5shop.com/collections/mens-slipons","https://inc5shop.com/cdn/shop/files/Inc-CPR-02_Black_1_53dafd36-b724-406d-9162-335974954485.jpg?v=1755483945","","0","Protocol-Relative","//body/main/div[@id='shopify-section-template--21550394835188__product-grid']/div/div/div/div[@class='collection']/ul/li[24]/div/div/div[2]/div[@class='card__information']/div[@id='productcardcolor_8905592471796']/div/div/img","Content","HTML","","",""
"Image","https://inc5shop.com/collections/mens-june-eoss-2026","https://inc5shop.com/cdn/shop/files/8905564702181.jpg?v=1778841794","","0","Protocol-Relative","//body/main/div[@id='shopify-section-template--21550394835188__product-grid']/div/div/div/div[@class='collection']/ul/li[1]/div/div/div[2]/div[@class='card__information']/div[@id='productcardcolor_8412365881588']/div/div/img","Content","HTML","","",""
"Image","https://inc5shop.com/collections/mens-june-eoss-2026","https://inc5shop.com/cdn/shop/files/8905564702181.jpg?v=1778841794","","0","Protocol-Relative","//body/main/div[@id='shopify-section-template--21550394835188__product-grid']/div/div/div/div[@class='collection']/ul/li[2]/div/div/div[2]/div[@class='card__information']/div[@id='productcardcolor_8412366242036']/div/img[1]","Content","HTML","","",""
"Image","https://inc5shop.com/collections/mens-june-eoss-2026","https://inc5shop.com/cdn/shop/files/8905564702181.jpg?v=1778841794","","0","Protocol-Relative","//body/main/div[@id='shopify-section-template--21550394835188__product-grid']/div/div/div/div[@class='collection']/ul/li[10]/div/div/div[2]/div[@class='card__information']/div[@id='productcardcolor_8412366045428']/div/img[1]","Content","HTML","","",""
"Image","https://inc5shop.com/collections/mens-june-eoss-2026","https://inc5shop.com/cdn/shop/files/8905564702020.jpg?v=1778841717","","0","Protocol-Relative","//body/main/div[@id='shopify-section-template--21550394835188__product-grid']/div/div/div/div[@class='collection']/ul/li[1]/div/div/div[2]/div[@class='card__information']/div[@id='productcardcolor_8412365881588']/div/img[1]","Content","HTML","","",""
"Image","https://inc5shop.com/collections/mens-june-eoss-2026","https://inc5shop.com/cdn/shop/files/8905564702020.jpg?v=1778841717","","0","Protocol-Relative","//body/main/div[@id='shopify-section-template--21550394835188__product-grid']/div/div/div/div[@class='collection']/ul/li[2]/div/div/div[2]/div[@class='card__information']/div[@id='productcardcolor_8412366242036']/div/img[2]","Content","HTML","","",""
"Image","https://inc5shop.com/collections/mens-june-eoss-2026","https://inc5shop.com/cdn/shop/files/8905564702020.jpg?v=1778841717","","0","Protocol-Relative","//body/main/div[@id='shopify-section-template--21550394835188__product-grid']/div/div/div/div[@class='collection']/ul/li[10]/div/div/div[2]/div[@class='card__information']/div[@id='productcardcolor_8412366045428']/div/div/img","Content","HTML","","",""
"Image","https://inc5shop.com/collections/mens-june-eoss-2026","https://inc5shop.com/cdn/shop/files/8905564702105.jpg?v=1778841759","","0","Protocol-Relative","//body/main/div[@id='shopify-section-template--21550394835188__product-grid']/div/div/div/div[@class='collection']/ul/li[1]/div/div/div[2]/div[@class='card__information']/div[@id='productcardcolor_8412365881588']/div/img[2]","Content","HTML","","",""
"Image","https://inc5shop.com/collections/mens-june-eoss-2026","https://inc5shop.com/cdn/shop/files/8905564702105.jpg?v=1778841759","","0","Protocol-Relative","//body/main/div[@id='shopify-section-template--21550394835188__product-grid']/div/div/div/div[@class='collection']/ul/li[2]/div/div/div[2]/div[@class='card__information']/div[@id='productcardcolor_8412366242036']/div/div/img","Content","HTML","","",""
"Image","https://inc5shop.com/collections/mens-june-eoss-2026","https://inc5shop.com/cdn/shop/files/8905564702105.jpg?v=1778841759","","0","Protocol-Relative","//body/main/div[@id='shopify-section-template--21550394835188__product-grid']/div/div/div/div[@class='collection']/ul/li[10]/div/div/div[2]/div[@class='card__information']/div[@id='productcardcolor_8412366045428']/div/img[2]","Content","HTML","","",""
"Image","https://inc5shop.com/collections/mens-june-eoss-2026","https://inc5shop.com/cdn/shop/files/8905564766756.jpg?v=1778841833","","0","Protocol-Relative","//body/main/div[@id='shopify-section-template--21550394835188__product-grid']/div/div/div/div[@class='collection']/ul/li[4]/div/div/div[2]/div[@class='card__information']/div[@id='productcardcolor_8412370764020']/div/div/img","Content","HTML","","",""
"Image","https://inc5shop.com/collections/mens-june-eoss-2026","https://inc5shop.com/cdn/shop/files/8905564766756.jpg?v=1778841833","","0","Protocol-Relative","//body/main/div[@id='shopify-section-template--21550394835188__product-grid']/div/div/div/div[@class='collection']/ul/li[7]/div/div/div[2]/div[@class='card__information']/div[@id='productcardcolor_8412370534644']/div/img[1]","Content","HTML","","",""
"Image","https://inc5shop.com/collections/mens-june-eoss-2026","https://inc5shop.com/cdn/shop/files/8905564766756.jpg?v=1778841833","","0","Protocol-Relative","//body/main/div[@id='shopify-section-template--21550394835188__product-grid']/div/div/div/div[@class='collection']/ul/li[16]/div/div/div[2]/div[@class='card__information']/div[@id='productcardcolor_8412371026164']/div/img[2]","Content","HTML","","",""
"Image","https://inc5shop.com/collections/mens-june-eoss-2026","https://inc5shop.com/cdn/shop/files/8905564766831.jpg?v=1778841870","","0","Protocol-Relative","//body/main/div[@id='shopify-section-template--21550394835188__product-grid']/div/div/div/div[@class='collection']/ul/li[4]/div/div/div[2]/div[@class='card__information']/div[@id='productcardcolor_8412370764020']/div/img[1]","Content","HTML","","",""
"Image","https://inc5shop.com/collections/mens-june-eoss-2026","https://inc5shop.com/cdn/shop/files/8905564766831.jpg?v=1778841870","","0","Protocol-Relative","//body/main/div[@id='shopify-section-template--21550394835188__product-grid']/div/div/div/div[@class='collection']/ul/li[7]/div/div/div[2]/div[@class='card__information']/div[@id='productcardcolor_8412370534644']/div/div/img","Content","HTML","","",""
"Image","https://inc5shop.com/collections/mens-june-eoss-2026","https://inc5shop.com/cdn/shop/files/8905564766831.jpg?v=1778841870","","0","Protocol-Relative","//body/main/div[@id='shopify-section-template--21550394835188__product-grid']/div/div/div/div[@class='collection']/ul/li[16]/div/div/div[2]/div[@class='card__information']/div[@id='productcardcolor_8412371026164']/div/img[1]","Content","HTML","","",""
"Image","https://inc5shop.com/collections/mens-june-eoss-2026","https://inc5shop.com/cdn/shop/files/8905564766916_d576f5b0-de05-4b18-895c-fe37432b877d.jpg?v=1778841962","","0","Protocol-Relative","//body/main/div[@id='shopify-section-template--21550394835188__product-grid']/div/div/div/div[@class='collection']/ul/li[4]/div/div/div[2]/div[@class='card__information']/div[@id='productcardcolor_8412370764020']/div/img[2]","Content","HTML","","",""
"Image","https://inc5shop.com/collections/mens-june-eoss-2026","https://inc5shop.com/cdn/shop/files/8905564766916_d576f5b0-de05-4b18-895c-fe37432b877d.jpg?v=1778841962","","0","Protocol-Relative","//body/main/div[@id='shopify-section-template--21550394835188__product-grid']/div/div/div/div[@class='collection']/ul/li[7]/div/div/div[2]/div[@class='card__information']/div[@id='productcardcolor_8412370534644']/div/img[2]","Content","HTML","","",""
"Image","https://inc5shop.com/collections/mens-june-eoss-2026","https://inc5shop.com/cdn/shop/files/8905564766916_d576f5b0-de05-4b18-895c-fe37432b877d.jpg?v=1778841962","","0","Protocol-Relative","//body/main/div[@id='shopify-section-template--21550394835188__product-grid']/div/div/div/div[@class='collection']/ul/li[16]/div/div/div[2]/div[@class='card__information']/div[@id='productcardcolor_8412371026164']/div/div/img","Content","HTML","","",""
"Image","https://inc5shop.com/collections/mens-june-eoss-2026","https://inc5shop.com/cdn/shop/files/8905564702822.jpg?v=1778693447","","0","Protocol-Relative","//body/main/div[@id='shopify-section-template--21550394835188__product-grid']/div/div/div/div[@class='collection']/ul/li[6]/div/div/div[2]/div[@class='card__information']/div[@id='productcardcolor_8322888892660']/div/div/img","Content","HTML","","",""
"Image","https://inc5shop.com/collections/mens-june-eoss-2026","https://inc5shop.com/cdn/shop/files/8905564702822.jpg?v=1778693447","","0","Protocol-Relative","//body/main/div[@id='shopify-section-template--21550394835188__product-grid']/div/div/div/div[@class='collection']/ul/li[9]/div/div/div[2]/div[@class='card__information']/div[@id='productcardcolor_8322888990964']/div/img","Content","HTML","","",""
"Image","https://inc5shop.com/collections/mens-june-eoss-2026","https://inc5shop.com/cdn/shop/files/8905564702747.jpg?v=1778693423","","0","Protocol-Relative","//body/main/div[@id='shopify-section-template--21550394835188__product-grid']/div/div/div/div[@class='collection']/ul/li[6]/div/div/div[2]/div[@class='card__information']/div[@id='productcardcolor_8322888892660']/div/img","Content","HTML","","",""
"Image","https://inc5shop.com/collections/mens-june-eoss-2026","https://inc5shop.com/cdn/shop/files/8905564702747.jpg?v=1778693423","","0","Protocol-Relative","//body/main/div[@id='shopify-section-template--21550394835188__product-grid']/div/div/div/div[@class='collection']/ul/li[9]/div/div/div[2]/div[@class='card__information']/div[@id='productcardcolor_8322888990964']/div/div/img","Content","HTML","","",""
"Image","https://inc5shop.com/collections/mens-june-eoss-2026","https://inc5shop.com/cdn/shop/files/EC-55_BROWN.jpg?v=1755484071","","0","Protocol-Relative","//body/main/div[@id='shopify-section-template--21550394835188__product-grid']/div/div/div/div[@class='collection']/ul/li[8]/div/div/div[2]/div[@class='card__information']/div[@id='productcardcolor_8796004253940']/div/div/img","Content","HTML","","",""
"Image","https://inc5shop.com/collections/mens-june-eoss-2026","https://inc5shop.com/cdn/shop/files/JudeBlack.jpg?v=1755484150","","0","Protocol-Relative","//body/main/div[@id='shopify-section-template--21550394835188__product-grid']/div/div/div/div[@class='collection']/ul/li[12]/div/div/div[2]/div[@class='card__information']/div[@id='productcardcolor_8322924544244']/div/div/img","Content","HTML","","",""
"Image","https://inc5shop.com/collections/mens-june-eoss-2026","https://inc5shop.com/cdn/shop/files/Jude-DTan.jpg?v=1755484148","","0","Protocol-Relative","//body/main/div[@id='shopify-section-template--21550394835188__product-grid']/div/div/div/div[@class='collection']/ul/li[12]/div/div/div[2]/div[@class='card__information']/div[@id='productcardcolor_8322924544244']/div/img","Content","HTML","","",""
"Image","https://inc5shop.com/collections/mens-june-eoss-2026","https://inc5shop.com/cdn/shop/files/ZED-101Black-3.jpg?v=1755484155","","0","Protocol-Relative","//body/main/div[@id='shopify-section-template--21550394835188__product-grid']/div/div/div/div[@class='collection']/ul/li[13]/div/div/div[2]/div[@class='card__information']/div[@id='productcardcolor_8322910617844']/div/div/img","Content","HTML","","",""
"Image","https://inc5shop.com/collections/mens-june-eoss-2026","https://inc5shop.com/cdn/shop/files/ZED-101Tan.jpg?v=1755484153","","0","Protocol-Relative","//body/main/div[@id='shopify-section-template--21550394835188__product-grid']/div/div/div/div[@class='collection']/ul/li[13]/div/div/div[2]/div[@class='card__information']/div[@id='productcardcolor_8322910617844']/div/img","Content","HTML","","",""
"Image","https://inc5shop.com/collections/mens-june-eoss-2026","https://inc5shop.com/cdn/shop/files/15293BLACK.jpg?v=1755484119","","0","Protocol-Relative","//body/main/div[@id='shopify-section-template--21550394835188__product-grid']/div/div/div/div[@class='collection']/ul/li[15]/div/div/div[2]/div[@class='card__information']/div[@id='productcardcolor_8412371583220']/div/div/img","Content","HTML","","",""
"Image","https://inc5shop.com/collections/mens-june-eoss-2026","https://inc5shop.com/cdn/shop/files/15293BLACK.jpg?v=1755484119","","0","Protocol-Relative","//body/main/div[@id='shopify-section-template--21550394835188__product-grid']/div/div/div/div[@class='collection']/ul/li[23]/div/div/div[2]/div[@class='card__information']/div[@id='productcardcolor_8412371812596']/div/img","Content","HTML","","",""
"Image","https://inc5shop.com/collections/mens-sandals","https://inc5shop.com/cdn/shop/files/15293BLACK.jpg?v=1755484119","","0","Protocol-Relative","//body/main/div[@id='shopify-section-template--21550394835188__product-grid']/div/div/div/div[@class='collection']/ul/li[16]/div/div/div[2]/div[@class='card__information']/div[@id='productcardcolor_8412371812596']/div/img","Content","HTML","","",""
"Image","https://inc5shop.com/collections/mens-sandals","https://inc5shop.com/cdn/shop/files/15293BLACK.jpg?v=1755484119","","0","Protocol-Relative","//body/main/div[@id='shopify-section-template--21550394835188__product-grid']/div/div/div/div[@class='collection']/ul/li[17]/div/div/div[2]/div[@class='card__information']/div[@id='productcardcolor_8412371583220']/div/div/img","Content","HTML","","",""
"Image","https://inc5shop.com/collections/mens-june-eoss-2026","https://inc5shop.com/cdn/shop/files/15293BROWN.jpg?v=1755484118","","0","Protocol-Relative","//body/main/div[@id='shopify-section-template--21550394835188__product-grid']/div/div/div/div[@class='collection']/ul/li[15]/div/div/div[2]/div[@class='card__information']/div[@id='productcardcolor_8412371583220']/div/img","Content","HTML","","",""
"Image","https://inc5shop.com/collections/mens-june-eoss-2026","https://inc5shop.com/cdn/shop/files/15293BROWN.jpg?v=1755484118","","0","Protocol-Relative","//body/main/div[@id='shopify-section-template--21550394835188__product-grid']/div/div/div/div[@class='collection']/ul/li[23]/div/div/div[2]/div[@class='card__information']/div[@id='productcardcolor_8412371812596']/div/div/img","Content","HTML","","",""
"Image","https://inc5shop.com/collections/mens-sandals","https://inc5shop.com/cdn/shop/files/15293BROWN.jpg?v=1755484118","","0","Protocol-Relative","//body/main/div[@id='shopify-section-template--21550394835188__product-grid']/div/div/div/div[@class='collection']/ul/li[16]/div/div/div[2]/div[@class='card__information']/div[@id='productcardcolor_8412371812596']/div/div/img","Content","HTML","","",""
"Image","https://inc5shop.com/collections/mens-sandals","https://inc5shop.com/cdn/shop/files/15293BROWN.jpg?v=1755484118","","0","Protocol-Relative","//body/main/div[@id='shopify-section-template--21550394835188__product-grid']/div/div/div/div[@class='collection']/ul/li[17]/div/div/div[2]/div[@class='card__information']/div[@id='productcardcolor_8412371583220']/div/img","Content","HTML","","",""
"Image","https://inc5shop.com/collections/mens-june-eoss-2026","https://inc5shop.com/cdn/shop/files/8909131244005.jpg?v=1778955339","","0","Protocol-Relative","//body/main/div[@id='shopify-section-template--21550394835188__product-grid']/div/div/div/div[@class='collection']/ul/li[17]/div/div/div[2]/div[@class='card__information']/div[@id='productcardcolor_8905591914740']/div/div/img","Content","HTML","","",""
"Image","https://inc5shop.com/collections/mens-june-eoss-2026","https://inc5shop.com/cdn/shop/files/8909131244005.jpg?v=1778955339","","0","Protocol-Relative","//body/main/div[@id='shopify-section-template--21550394835188__product-grid']/div/div/div/div[@class='collection']/ul/li[18]/div/div/div[2]/div[@class='card__information']/div[@id='productcardcolor_8905591947508']/div/img","Content","HTML","","",""
"Image","https://inc5shop.com/collections/mens-june-eoss-2026","https://inc5shop.com/cdn/shop/files/8909131243923.jpg?v=1778955311","","0","Protocol-Relative","//body/main/div[@id='shopify-section-template--21550394835188__product-grid']/div/div/div/div[@class='collection']/ul/li[17]/div/div/div[2]/div[@class='card__information']/div[@id='productcardcolor_8905591914740']/div/img","Content","HTML","","",""
"Image","https://inc5shop.com/collections/mens-june-eoss-2026","https://inc5shop.com/cdn/shop/files/8909131243923.jpg?v=1778955311","","0","Protocol-Relative","//body/main/div[@id='shopify-section-template--21550394835188__product-grid']/div/div/div/div[@class='collection']/ul/li[18]/div/div/div[2]/div[@class='card__information']/div[@id='productcardcolor_8905591947508']/div/div/img","Content","HTML","","",""
"Image","https://inc5shop.com/collections/mens-june-eoss-2026","https://inc5shop.com/cdn/shop/files/Inc-13538_Brown_1_f9fdbd04-4016-4c69-b374-1860b1b873a9.jpg?v=1755483958","","0","Protocol-Relative","//body/main/div[@id='shopify-section-template--21550394835188__product-grid']/div/div/div/div[@class='collection']/ul/li[19]/div/div/div[2]/div[@class='card__information']/div[@id='productcardcolor_8905591750900']/div/div/img","Content","HTML","","",""
"Image","https://inc5shop.com/collections/mens-june-eoss-2026","https://inc5shop.com/cdn/shop/files/Inc-13538_Black_1_e4be3512-11ac-46ad-bbb6-f9d404cf3752.jpg?v=1755483960","","0","Protocol-Relative","//body/main/div[@id='shopify-section-template--21550394835188__product-grid']/div/div/div/div[@class='collection']/ul/li[19]/div/div/div[2]/div[@class='card__information']/div[@id='productcardcolor_8905591750900']/div/img","Content","HTML","","",""
"Image","https://inc5shop.com/collections/mens-june-eoss-2026","https://inc5shop.com/cdn/shop/files/8909131228012.jpg?v=1778955113","","0","Protocol-Relative","//body/main/div[@id='shopify-section-template--21550394835188__product-grid']/div/div/div/div[@class='collection']/ul/li[20]/div/div/div[2]/div[@class='card__information']/div[@id='productcardcolor_8904850047220']/div/div/img","Content","HTML","","",""
"Image","https://inc5shop.com/collections/mens-june-eoss-2026","https://inc5shop.com/cdn/shop/files/8909131227930.jpg?v=1778955086","","0","Protocol-Relative","//body/main/div[@id='shopify-section-template--21550394835188__product-grid']/div/div/div/div[@class='collection']/ul/li[20]/div/div/div[2]/div[@class='card__information']/div[@id='productcardcolor_8904850047220']/div/img","Content","HTML","","",""
"Image","https://inc5shop.com/collections/mens-june-eoss-2026","https://inc5shop.com/cdn/shop/files/Inc-13536_Black_1_4c80a909-f7fc-4653-afe6-0c8ac2d330e7.jpg?v=1755483967","","0","Protocol-Relative","//body/main/div[@id='shopify-section-template--21550394835188__product-grid']/div/div/div/div[@class='collection']/ul/li[21]/div/div/div[2]/div[@class='card__information']/div[@id='productcardcolor_8905591554292']/div/div/img","Content","HTML","","",""
"Image","https://inc5shop.com/collections/mens-june-eoss-2026","https://inc5shop.com/cdn/shop/files/Inc-13536_Brown_1_43bf31d5-490d-42ac-bb38-93f98bc59d5c.jpg?v=1755483966","","0","Protocol-Relative","//body/main/div[@id='shopify-section-template--21550394835188__product-grid']/div/div/div/div[@class='collection']/ul/li[21]/div/div/div[2]/div[@class='card__information']/div[@id='productcardcolor_8905591554292']/div/img","Content","HTML","","",""
"Image","https://inc5shop.com/collections/mens-june-eoss-2026","https://inc5shop.com/cdn/shop/files/8909131228975.jpg?v=1778955142","","0","Protocol-Relative","//body/main/div[@id='shopify-section-template--21550394835188__product-grid']/div/div/div/div[@class='collection']/ul/li[22]/div/div/div[2]/div[@class='card__information']/div[@id='productcardcolor_8904853225716']/div/div/img","Content","HTML","","",""
"Image","https://inc5shop.com/collections/mens-june-eoss-2026","https://inc5shop.com/cdn/shop/files/8909131229040.jpg?v=1778955171","","0","Protocol-Relative","//body/main/div[@id='shopify-section-template--21550394835188__product-grid']/div/div/div/div[@class='collection']/ul/li[22]/div/div/div[2]/div[@class='card__information']/div[@id='productcardcolor_8904853225716']/div/img","Content","HTML","","",""
"Image","https://inc5shop.com/collections/mens-sandals","https://inc5shop.com/cdn/shop/files/TNC-20TAN.jpg?v=1755484157","","0","Protocol-Relative","//body/main/div[@id='shopify-section-template--21550394835188__product-grid']/div/div/div/div[@class='collection']/ul/li[18]/div/div/div[2]/div[@class='card__information']/div[@id='productcardcolor_8322910486772']/div/div/img","Content","HTML","","",""
"Image","https://inc5shop.com/collections/mens-sandals","https://inc5shop.com/cdn/shop/files/TNC-20TAN.jpg?v=1755484157","","0","Protocol-Relative","//body/main/div[@id='shopify-section-template--21550394835188__product-grid']/div/div/div/div[@class='collection']/ul/li[19]/div/div/div[2]/div[@class='card__information']/div[@id='productcardcolor_8322910355700']/div/img[2]","Content","HTML","","",""
"Image","https://inc5shop.com/collections/mens-sandals","https://inc5shop.com/cdn/shop/files/TNC-20TAN.jpg?v=1755484157","","0","Protocol-Relative","//body/main/div[@id='shopify-section-template--21550394835188__product-grid']/div/div/div/div[@class='collection']/ul/li[20]/div/div/div[2]/div[@class='card__information']/div[@id='productcardcolor_8322910257396']/div/img[2]","Content","HTML","","",""
"Image","https://inc5shop.com/collections/mens-sandals","https://inc5shop.com/cdn/shop/files/TNC-20BLACK.jpg?v=1755484161","","0","Protocol-Relative","//body/main/div[@id='shopify-section-template--21550394835188__product-grid']/div/div/div/div[@class='collection']/ul/li[18]/div/div/div[2]/div[@class='card__information']/div[@id='productcardcolor_8322910486772']/div/img[1]","Content","HTML","","",""
"Image","https://inc5shop.com/collections/mens-sandals","https://inc5shop.com/cdn/shop/files/TNC-20BLACK.jpg?v=1755484161","","0","Protocol-Relative","//body/main/div[@id='shopify-section-template--21550394835188__product-grid']/div/div/div/div[@class='collection']/ul/li[19]/div/div/div[2]/div[@class='card__information']/div[@id='productcardcolor_8322910355700']/div/img[1]","Content","HTML","","",""
"Image","https://inc5shop.com/collections/mens-sandals","https://inc5shop.com/cdn/shop/files/TNC-20BLACK.jpg?v=1755484161","","0","Protocol-Relative","//body/main/div[@id='shopify-section-template--21550394835188__product-grid']/div/div/div/div[@class='collection']/ul/li[20]/div/div/div[2]/div[@class='card__information']/div[@id='productcardcolor_8322910257396']/div/div/img","Content","HTML","","",""
"Image","https://inc5shop.com/collections/mens-sandals","https://inc5shop.com/cdn/shop/files/TNC-20_CHERRY.jpg?v=1755484159","","0","Protocol-Relative","//body/main/div[@id='shopify-section-template--21550394835188__product-grid']/div/div/div/div[@class='collection']/ul/li[18]/div/div/div[2]/div[@class='card__information']/div[@id='productcardcolor_8322910486772']/div/img[2]","Content","HTML","","",""
"Image","https://inc5shop.com/collections/mens-sandals","https://inc5shop.com/cdn/shop/files/TNC-20_CHERRY.jpg?v=1755484159","","0","Protocol-Relative","//body/main/div[@id='shopify-section-template--21550394835188__product-grid']/div/div/div/div[@class='collection']/ul/li[19]/div/div/div[2]/div[@class='card__information']/div[@id='productcardcolor_8322910355700']/div/div/img","Content","HTML","","",""
"Image","https://inc5shop.com/collections/mens-sandals","https://inc5shop.com/cdn/shop/files/TNC-20_CHERRY.jpg?v=1755484159","","0","Protocol-Relative","//body/main/div[@id='shopify-section-template--21550394835188__product-grid']/div/div/div/div[@class='collection']/ul/li[20]/div/div/div[2]/div[@class='card__information']/div[@id='productcardcolor_8322910257396']/div/img[1]","Content","HTML","","",""
"Image","https://inc5shop.com/collections/mens-sandals","https://inc5shop.com/cdn/shop/files/AD-15TAN.jpg?v=1755484163","","0","Protocol-Relative","//body/main/div[@id='shopify-section-template--21550394835188__product-grid']/div/div/div/div[@class='collection']/ul/li[21]/div/div/div[2]/div[@class='card__information']/div[@id='productcardcolor_8322910224628']/div/div/img","Content","HTML","","",""
"Image","https://inc5shop.com/collections/mens-sandals","https://inc5shop.com/cdn/shop/files/AD-15BLACK.jpg?v=1755484165","","0","Protocol-Relative","//body/main/div[@id='shopify-section-template--21550394835188__product-grid']/div/div/div/div[@class='collection']/ul/li[21]/div/div/div[2]/div[@class='card__information']/div[@id='productcardcolor_8322910224628']/div/img","Content","HTML","","",""
"Image","https://inc5shop.com/collections/mens-sandals","https://inc5shop.com/cdn/shop/products/15304_BLACK.jpg?v=1755484201","","0","Protocol-Relative","//body/main/div[@id='shopify-section-template--21550394835188__product-grid']/div/div/div/div[@class='collection']/ul/li[22]/div/div/div[2]/div[@class='card__information']/div[@id='productcardcolor_8260292477172']/div/div/img","Content","HTML","","",""
"Image","https://inc5shop.com/collections/mens-sandals","https://inc5shop.com/cdn/shop/files/15304TAN.jpg?v=1755484199","","0","Protocol-Relative","//body/main/div[@id='shopify-section-template--21550394835188__product-grid']/div/div/div/div[@class='collection']/ul/li[22]/div/div/div[2]/div[@class='card__information']/div[@id='productcardcolor_8260292477172']/div/img","Content","HTML","","",""
"Image","https://inc5shop.com/collections/mens-sandals","https://inc5shop.com/cdn/shop/files/15306_BROWN_1.jpg?v=1757655534","","0","Protocol-Relative","//body/main/div[@id='shopify-section-template--21550394835188__product-grid']/div/div/div/div[@class='collection']/ul/li[23]/div/div/div[2]/div[@class='card__information']/div[@id='productcardcolor_8166428475636']/div/div/img","Content","HTML","","",""
"Image","https://inc5shop.com/collections/mens-sandals","https://inc5shop.com/cdn/shop/files/15306_BLACK_1.jpg?v=1757655624","","0","Protocol-Relative","//body/main/div[@id='shopify-section-template--21550394835188__product-grid']/div/div/div/div[@class='collection']/ul/li[23]/div/div/div[2]/div[@class='card__information']/div[@id='productcardcolor_8166428475636']/div/img","Content","HTML","","",""
"Image","https://inc5shop.com/collections/mens-sandals","https://inc5shop.com/cdn/shop/files/8905564614743.jpg?v=1778841679","","0","Protocol-Relative","//body/main/div[@id='shopify-section-template--21550394835188__product-grid']/div/div/div/div[@class='collection']/ul/li[24]/div/div/div[2]/div[@class='card__information']/div[@id='productcardcolor_8166428410100']/div/div/img","Content","HTML","","",""
"Image","https://inc5shop.com/collections/mens-sandals","https://inc5shop.com/cdn/shop/files/8905564614675.jpg?v=1778841620","","0","Protocol-Relative","//body/main/div[@id='shopify-section-template--21550394835188__product-grid']/div/div/div/div[@class='collection']/ul/li[24]/div/div/div[2]/div[@class='card__information']/div[@id='productcardcolor_8166428410100']/div/img","Content","HTML","","",""
"Image","https://inc5shop.com/collections/mens-driving-shoes","https://inc5shop.com/cdn/shop/files/KENNETH_TRIM_BROWN_1_fb3b180c-7998-4f16-904e-f0b1353f2d8e.jpg?v=1757654573","","0","Protocol-Relative","//body/main/div[@id='shopify-section-template--21550394835188__product-grid']/div/div/div/div[@class='collection']/ul/li[1]/div/div/div[2]/div[@class='card__information']/div[@id='productcardcolor_8322909241588']/div/div/img","Content","HTML","","",""
"Image","https://inc5shop.com/collections/mens-driving-shoes","https://inc5shop.com/cdn/shop/files/KENNETH_TRIM_BROWN_1_fb3b180c-7998-4f16-904e-f0b1353f2d8e.jpg?v=1757654573","","0","Protocol-Relative","//body/main/div[@id='shopify-section-template--21550394835188__product-grid']/div/div/div/div[@class='collection']/ul/li[2]/div/div/div[2]/div[@class='card__information']/div[@id='productcardcolor_8322909176052']/div/img","Content","HTML","","",""
"Image","https://inc5shop.com/collections/mens-driving-shoes","https://inc5shop.com/cdn/shop/files/Kenneth-Blue.jpg?v=1755484172","","0","Protocol-Relative","//body/main/div[@id='shopify-section-template--21550394835188__product-grid']/div/div/div/div[@class='collection']/ul/li[1]/div/div/div[2]/div[@class='card__information']/div[@id='productcardcolor_8322909241588']/div/img","Content","HTML","","",""
"Image","https://inc5shop.com/collections/mens-driving-shoes","https://inc5shop.com/cdn/shop/files/Kenneth-Blue.jpg?v=1755484172","","0","Protocol-Relative","//body/main/div[@id='shopify-section-template--21550394835188__product-grid']/div/div/div/div[@class='collection']/ul/li[2]/div/div/div[2]/div[@class='card__information']/div[@id='productcardcolor_8322909176052']/div/div/img","Content","HTML","","",""
"Image","https://inc5shop.com/collections/mens-driving-shoes","https://inc5shop.com/cdn/shop/files/8905564769559.jpg?v=1778693473","","0","Protocol-Relative","//body/main/div[@id='shopify-section-template--21550394835188__product-grid']/div/div/div/div[@class='collection']/ul/li[3]/div/div/div[2]/div[@class='card__information']/div[@id='productcardcolor_8260295098612']/div/div/img","Content","HTML","","",""
"Image","https://inc5shop.com/collections/flat-50","https://inc5shop.com/cdn/shop/files/8905564769559.jpg?v=1778693473","","0","Protocol-Relative","//body/main/div[@id='shopify-section-template--21550394835188__product-grid']/div/div/div/div[@class='collection']/ul/li[10]/div/div/div[2]/div[@class='card__information']/div[@id='productcardcolor_8260295098612']/div/div/img","Content","HTML","","",""
"Image","https://inc5shop.com/collections/mens-driving-shoes","https://inc5shop.com/cdn/shop/files/8905564771071.jpg?v=1778693649","","0","Protocol-Relative","//body/main/div[@id='shopify-section-template--21550394835188__product-grid']/div/div/div/div[@class='collection']/ul/li[4]/div/div/div[2]/div[@class='card__information']/div[@id='productcardcolor_8412376629492']/div/div/img","Content","HTML","","",""
"Image","https://inc5shop.com/collections/mens-driving-shoes","https://inc5shop.com/cdn/shop/files/8905564771071.jpg?v=1778693649","","0","Protocol-Relative","//body/main/div[@id='shopify-section-template--21550394835188__product-grid']/div/div/div/div[@class='collection']/ul/li[5]/div/div/div[2]/div[@class='card__information']/div[@id='productcardcolor_8412376367348']/div/img","Content","HTML","","",""
"Image","https://inc5shop.com/collections/flat-50","https://inc5shop.com/cdn/shop/files/8905564771071.jpg?v=1778693649","","0","Protocol-Relative","//body/main/div[@id='shopify-section-template--21550394835188__product-grid']/div/div/div/div[@class='collection']/ul/li[17]/div/div/div[2]/div[@class='card__information']/div[@id='productcardcolor_8412376629492']/div/div/img","Content","HTML","","",""
"Image","https://inc5shop.com/collections/flat-50","https://inc5shop.com/cdn/shop/files/8905564771071.jpg?v=1778693649","","0","Protocol-Relative","//body/main/div[@id='shopify-section-template--21550394835188__product-grid']/div/div/div/div[@class='collection']/ul/li[18]/div/div/div[2]/div[@class='card__information']/div[@id='productcardcolor_8412376367348']/div/img","Content","HTML","","",""
"Image","https://inc5shop.com/collections/mens-driving-shoes","https://inc5shop.com/cdn/shop/files/8905564771156.jpg?v=1778693676","","0","Protocol-Relative","//body/main/div[@id='shopify-section-template--21550394835188__product-grid']/div/div/div/div[@class='collection']/ul/li[4]/div/div/div[2]/div[@class='card__information']/div[@id='productcardcolor_8412376629492']/div/img","Content","HTML","","",""
"Image","https://inc5shop.com/collections/mens-driving-shoes","https://inc5shop.com/cdn/shop/files/8905564771156.jpg?v=1778693676","","0","Protocol-Relative","//body/main/div[@id='shopify-section-template--21550394835188__product-grid']/div/div/div/div[@class='collection']/ul/li[5]/div/div/div[2]/div[@class='card__information']/div[@id='productcardcolor_8412376367348']/div/div/img","Content","HTML","","",""
"Image","https://inc5shop.com/collections/flat-50","https://inc5shop.com/cdn/shop/files/8905564771156.jpg?v=1778693676","","0","Protocol-Relative","//body/main/div[@id='shopify-section-template--21550394835188__product-grid']/div/div/div/div[@class='collection']/ul/li[17]/div/div/div[2]/div[@class='card__information']/div[@id='productcardcolor_8412376629492']/div/img","Content","HTML","","",""
"Image","https://inc5shop.com/collections/flat-50","https://inc5shop.com/cdn/shop/files/8905564771156.jpg?v=1778693676","","0","Protocol-Relative","//body/main/div[@id='shopify-section-template--21550394835188__product-grid']/div/div/div/div[@class='collection']/ul/li[18]/div/div/div[2]/div[@class='card__information']/div[@id='productcardcolor_8412376367348']/div/div/img","Content","HTML","","",""
"Image","https://inc5shop.com/collections/mens-driving-shoes","https://inc5shop.com/cdn/shop/products/8905564273315-1.jpg?v=1749450025","","0","Protocol-Relative","//body/main/div[@id='shopify-section-template--21550394835188__product-grid']/div/div/div/div[@class='collection']/ul/li[6]/div/div/div[2]/div[@class='card__information']/div[@id='productcardcolor_7806427300084']/div/div/img","Content","HTML","","",""
"Image","https://inc5shop.com/collections/mens-driving-shoes","https://inc5shop.com/cdn/shop/products/CX8675-5_BLUE_1.jpg?v=1749450081","","0","Protocol-Relative","//body/main/div[@id='shopify-section-template--21550394835188__product-grid']/div/div/div/div[@class='collection']/ul/li[7]/div/div/div[2]/div[@class='card__information']/div[@id='productcardcolor_7741461659892']/div/div/img","Content","HTML","","",""
"Image","https://inc5shop.com/collections/mens-driving-shoes","https://inc5shop.com/cdn/shop/files/8905564110559.jpg?v=1778871091","","0","Protocol-Relative","//body/main/div[@id='shopify-section-template--21550394835188__product-grid']/div/div/div/div[@class='collection']/ul/li[8]/div/div/div[2]/div[@class='card__information']/div[@id='productcardcolor_7649169572084']/div/div/img","Content","HTML","","",""
"Image","https://inc5shop.com/collections/mens-driving-shoes","https://inc5shop.com/cdn/shop/files/8905564769870.jpg?v=1778693554","","0","Protocol-Relative","//body/main/div[@id='shopify-section-template--21550394835188__product-grid']/div/div/div/div[@class='collection']/ul/li[9]/div/div/div[2]/div[@class='card__information']/div[@id='productcardcolor_8260295426292']/div/div/img","Content","HTML","","",""
"Image","https://inc5shop.com/collections/mens-driving-shoes","https://inc5shop.com/cdn/shop/files/8905564272912.jpg?v=1778674372","","0","Protocol-Relative","//body/main/div[@id='shopify-section-template--21550394835188__product-grid']/div/div/div/div[@class='collection']/ul/li[10]/div/div/div[2]/div[@class='card__information']/div[@id='productcardcolor_7806427136244']/div/div/img","Content","HTML","","",""
"Image","https://inc5shop.com/pages/clearance-sale","https://inc5shop.com/cdn/shop/files/Banner.gif?v=1730127853&width=3840","Choose Your Size Banner image","29","Protocol-Relative","//body/main/section[@id='shopify-section-template--21550395293940__image_banner_Ep3bCq']/div/div[1]/img","Content","HTML","","",""
"Image","https://inc5shop.com/pages/care-instructions","https://inc5shop.com/cdn/shop/files/Treat_It_Right_2.png?v=1748337671&width=3840","Treat it Right Banner Image ","28","Protocol-Relative","//body/main/section/div/div[1]/img","Content","HTML","","",""
"Image","https://inc5shop.com/pages/care-instructions","https://inc5shop.com/cdn/shop/files/WOMEN_FOOTWEAR_800x.webp?v=1748256415","WOMEN FOOTWEAR","14","Protocol-Relative","//body/main/div/div/div[@class='care-instruction__contents']/div[@id='tab-tab_BVk6W4']/div/div[@class='care-instruction__image']/img","Content","HTML","","",""
"Image","https://inc5shop.com/pages/care-instructions","https://inc5shop.com/cdn/shop/files/MEN_FOOTWEAR_800x.webp?v=1748256395","MEN FOOTWEAR","12","Protocol-Relative","//body/main/div/div/div[@class='care-instruction__contents']/div[@id='tab-tab_YFjGL3']/div/div[@class='care-instruction__image']/img","Content","HTML","","",""
"Image","https://inc5shop.com/pages/care-instructions","https://inc5shop.com/cdn/shop/files/BAGS_800x.webp?v=1748256431","BAGS","4","Protocol-Relative","//body/main/div/div/div[@class='care-instruction__contents']/div[@id='tab-tab_zExhnf']/div/div[@class='care-instruction__image']/img","Content","HTML","","",""
"Image","https://inc5shop.com/collections/like-mother-like-daughter?filter.v.availability=1","https://inc5shop.com/cdn/shop/files/8905564920592_44878e3c-5264-403e-ae98-76f13c4692e3.png?v=1758866477","","0","Protocol-Relative","//body/main/div[@id='shopify-section-template--21550394835188__product-grid']/div/div/div/div[@class='collection']/ul/li[1]/div/div/div[2]/div[@class='card__information']/div[@id='productcardcolor_8403953320180']/div/div/img","Content","HTML","","",""
"Image","https://inc5shop.com/collections/like-mother-like-daughter?filter.v.availability=1","https://inc5shop.com/cdn/shop/files/8905564920592_44878e3c-5264-403e-ae98-76f13c4692e3.png?v=1758866477","","0","Protocol-Relative","//body/main/div[@id='shopify-section-template--21550394835188__product-grid']/div/div/div/div[@class='collection']/ul/li[17]/div/div/div[2]/div[@class='card__information']/div[@id='productcardcolor_8403953189108']/div/img[2]","Content","HTML","","",""
"Image","https://inc5shop.com/collections/like-mother-like-daughter?filter.v.availability=1","https://inc5shop.com/cdn/shop/files/101764_BLACK.jpg?v=1755491992","","0","Protocol-Relative","//body/main/div[@id='shopify-section-template--21550394835188__product-grid']/div/div/div/div[@class='collection']/ul/li[1]/div/div/div[2]/div[@class='card__information']/div[@id='productcardcolor_8403953320180']/div/img[1]","Content","HTML","","",""
"Image","https://inc5shop.com/collections/like-mother-like-daughter?filter.v.availability=1","https://inc5shop.com/cdn/shop/files/101764_BLACK.jpg?v=1755491992","","0","Protocol-Relative","//body/main/div[@id='shopify-section-template--21550394835188__product-grid']/div/div/div/div[@class='collection']/ul/li[17]/div/div/div[2]/div[@class='card__information']/div[@id='productcardcolor_8403953189108']/div/img[1]","Content","HTML","","",""
"Image","https://inc5shop.com/collections/like-mother-like-daughter?filter.v.availability=1","https://inc5shop.com/cdn/shop/files/8905564921315_450696ff-b1a3-461b-8474-ec4b7bcc5e99.png?v=1758868490","","0","Protocol-Relative","//body/main/div[@id='shopify-section-template--21550394835188__product-grid']/div/div/div/div[@class='collection']/ul/li[1]/div/div/div[2]/div[@class='card__information']/div[@id='productcardcolor_8403953320180']/div/img[2]","Content","HTML","","",""
"Image","https://inc5shop.com/collections/like-mother-like-daughter?filter.v.availability=1","https://inc5shop.com/cdn/shop/files/8905564921315_450696ff-b1a3-461b-8474-ec4b7bcc5e99.png?v=1758868490","","0","Protocol-Relative","//body/main/div[@id='shopify-section-template--21550394835188__product-grid']/div/div/div/div[@class='collection']/ul/li[17]/div/div/div[2]/div[@class='card__information']/div[@id='productcardcolor_8403953189108']/div/div/img","Content","HTML","","",""
"Image","https://inc5shop.com/collections/like-mother-like-daughter?filter.v.availability=1","https://inc5shop.com/cdn/shop/files/8905564721342_bd3c3e57-8dbd-4b64-8d84-f92d300fdaac.png?v=1758866560","","0","Protocol-Relative","//body/main/div[@id='shopify-section-template--21550394835188__product-grid']/div/div/div/div[@class='collection']/ul/li[2]/div/div/div[2]/div[@class='card__information']/div[@id='productcardcolor_8192107446516']/div/div/img","Content","HTML","","",""
"Image","https://inc5shop.com/collections/like-mother-like-daughter?filter.v.availability=1","https://inc5shop.com/cdn/shop/files/8905564721342_bd3c3e57-8dbd-4b64-8d84-f92d300fdaac.png?v=1758866560","","0","Protocol-Relative","//body/main/div[@id='shopify-section-template--21550394835188__product-grid']/div/div/div/div[@class='collection']/ul/li[6]/div/div/div[2]/div[@class='card__information']/div[@id='productcardcolor_8192107413748']/div/img","Content","HTML","","",""
"Image","https://inc5shop.com/collections/like-mother-like-daughter?filter.v.availability=1","https://inc5shop.com/cdn/shop/files/8905564721434_1e4fd3d4-5500-4187-a47e-b23571c69919.png?v=1758866638","","0","Protocol-Relative","//body/main/div[@id='shopify-section-template--21550394835188__product-grid']/div/div/div/div[@class='collection']/ul/li[2]/div/div/div[2]/div[@class='card__information']/div[@id='productcardcolor_8192107446516']/div/img","Content","HTML","","",""
"Image","https://inc5shop.com/collections/like-mother-like-daughter?filter.v.availability=1","https://inc5shop.com/cdn/shop/files/8905564721434_1e4fd3d4-5500-4187-a47e-b23571c69919.png?v=1758866638","","0","Protocol-Relative","//body/main/div[@id='shopify-section-template--21550394835188__product-grid']/div/div/div/div[@class='collection']/ul/li[6]/div/div/div[2]/div[@class='card__information']/div[@id='productcardcolor_8192107413748']/div/div/img","Content","HTML","","",""
"Image","https://inc5shop.com/collections/like-mother-like-daughter?filter.v.availability=1","https://inc5shop.com/cdn/shop/files/8905564512285_6356a87e-c08a-4307-a4ec-ad6e6e091482.png?v=1758866486","","0","Protocol-Relative","//body/main/div[@id='shopify-section-template--21550394835188__product-grid']/div/div/div/div[@class='collection']/ul/li[3]/div/div/div[2]/div[@class='card__information']/div[@id='productcardcolor_8083446137076']/div/div/img","Content","HTML","","",""
"Image","https://inc5shop.com/collections/like-mother-like-daughter?filter.v.availability=1","https://inc5shop.com/cdn/shop/products/101521_BLACK_21c2aff5-4d5c-4ce1-806f-666d87226fef.jpg?v=1751452523","","0","Protocol-Relative","//body/main/div[@id='shopify-section-template--21550394835188__product-grid']/div/div/div/div[@class='collection']/ul/li[3]/div/div/div[2]/div[@class='card__information']/div[@id='productcardcolor_8083446137076']/div/img","Content","HTML","","",""
"Image","https://inc5shop.com/collections/like-mother-like-daughter?filter.v.availability=1","https://inc5shop.com/cdn/shop/files/8907716912974_5980b2eb-6698-4c14-9796-e59feb84ba18.png?v=1758866492","","0","Protocol-Relative","//body/main/div[@id='shopify-section-template--21550394835188__product-grid']/div/div/div/div[@class='collection']/ul/li[4]/div/div/div[2]/div[@class='card__information']/div[@id='productcardcolor_8396617744628']/div/div/img","Content","HTML","","",""
"Image","https://inc5shop.com/collections/like-mother-like-daughter?filter.v.availability=1","https://inc5shop.com/cdn/shop/files/8907716912974_5980b2eb-6698-4c14-9796-e59feb84ba18.png?v=1758866492","","0","Protocol-Relative","//body/main/div[@id='shopify-section-template--21550394835188__product-grid']/div/div/div/div[@class='collection']/ul/li[7]/div/div/div[2]/div[@class='card__information']/div[@id='productcardcolor_7794489688308']/div/img[1]","Content","HTML","","",""
"Image","https://inc5shop.com/collections/like-mother-like-daughter?filter.v.availability=1","https://inc5shop.com/cdn/shop/files/8905564003363_0264ce8e-d71c-4536-a082-35f611d7cd4d.png?v=1758866507","","0","Protocol-Relative","//body/main/div[@id='shopify-section-template--21550394835188__product-grid']/div/div/div/div[@class='collection']/ul/li[4]/div/div/div[2]/div[@class='card__information']/div[@id='productcardcolor_8396617744628']/div/img[1]","Content","HTML","","",""
"Image","https://inc5shop.com/collections/like-mother-like-daughter?filter.v.availability=1","https://inc5shop.com/cdn/shop/files/8905564003363_0264ce8e-d71c-4536-a082-35f611d7cd4d.png?v=1758866507","","0","Protocol-Relative","//body/main/div[@id='shopify-section-template--21550394835188__product-grid']/div/div/div/div[@class='collection']/ul/li[7]/div/div/div[2]/div[@class='card__information']/div[@id='productcardcolor_7794489688308']/div/div/img","Content","HTML","","",""
"Image","https://inc5shop.com/collections/like-mother-like-daughter?filter.v.availability=1","https://inc5shop.com/cdn/shop/files/600462_BLACK_d7103af1-3130-42bc-a839-e84f87a159f8.jpg?v=1755490469","","0","Protocol-Relative","//body/main/div[@id='shopify-section-template--21550394835188__product-grid']/div/div/div/div[@class='collection']/ul/li[4]/div/div/div[2]/div[@class='card__information']/div[@id='productcardcolor_8396617744628']/div/img[2]","Content","HTML","","",""
"Image","https://inc5shop.com/collections/like-mother-like-daughter?filter.v.availability=1","https://inc5shop.com/cdn/shop/files/600462_BLACK_d7103af1-3130-42bc-a839-e84f87a159f8.jpg?v=1755490469","","0","Protocol-Relative","//body/main/div[@id='shopify-section-template--21550394835188__product-grid']/div/div/div/div[@class='collection']/ul/li[7]/div/div/div[2]/div[@class='card__information']/div[@id='productcardcolor_7794489688308']/div/img[2]","Content","HTML","","",""
"Image","https://inc5shop.com/collections/like-mother-like-daughter?filter.v.availability=1","https://inc5shop.com/cdn/shop/files/600462_Silver_1_375e4046-f085-43b5-8a5b-1e9e575b91a9.jpg?v=1755491203","","0","Protocol-Relative","//body/main/div[@id='shopify-section-template--21550394835188__product-grid']/div/div/div/div[@class='collection']/ul/li[4]/div/div/div[2]/div[@class='card__information']/div[@id='productcardcolor_8396617744628']/div/img[3]","Content","HTML","","",""
"Image","https://inc5shop.com/collections/like-mother-like-daughter?filter.v.availability=1","https://inc5shop.com/cdn/shop/files/600462_Silver_1_375e4046-f085-43b5-8a5b-1e9e575b91a9.jpg?v=1755491203","","0","Protocol-Relative","//body/main/div[@id='shopify-section-template--21550394835188__product-grid']/div/div/div/div[@class='collection']/ul/li[7]/div/div/div[2]/div[@class='card__information']/div[@id='productcardcolor_7794489688308']/div/img[3]","Content","HTML","","",""
"Image","https://inc5shop.com/collections/like-mother-like-daughter?filter.v.availability=1","https://inc5shop.com/cdn/shop/files/8905564976858_0d7d7173-90be-4cff-a9db-2d1109b57297.png?v=1758866515","","0","Protocol-Relative","//body/main/div[@id='shopify-section-template--21550394835188__product-grid']/div/div/div/div[@class='collection']/ul/li[5]/div/div/div[2]/div[@class='card__information']/div[@id='productcardcolor_8727888789748']/div/div/img","Content","HTML","","",""
"Image","https://inc5shop.com/collections/like-mother-like-daughter?filter.v.availability=1","https://inc5shop.com/cdn/shop/files/8905564737107_e7453d03-c2be-4358-a4c3-a0144b4ee6d4.png?v=1758866589","","0","Protocol-Relative","//body/main/div[@id='shopify-section-template--21550394835188__product-grid']/div/div/div/div[@class='collection']/ul/li[8]/div/div/div[2]/div[@class='card__information']/div[@id='productcardcolor_8237829554420']/div/div/img","Content","HTML","","",""
"Image","https://inc5shop.com/collections/like-mother-like-daughter?filter.v.availability=1","https://inc5shop.com/cdn/shop/files/8905564737107_e7453d03-c2be-4358-a4c3-a0144b4ee6d4.png?v=1758866589","","0","Protocol-Relative","//body/main/div[@id='shopify-section-template--21550394835188__product-grid']/div/div/div/div[@class='collection']/ul/li[10]/div/div/div[2]/div[@class='card__information']/div[@id='productcardcolor_8237829423348']/div/img","Content","HTML","","",""
"Image","https://inc5shop.com/collections/like-mother-like-daughter?filter.v.availability=1","https://inc5shop.com/cdn/shop/files/8905564737183_566b064f-c5ee-49db-b99a-ce3209e418e9.png?v=1758866601","","0","Protocol-Relative","//body/main/div[@id='shopify-section-template--21550394835188__product-grid']/div/div/div/div[@class='collection']/ul/li[8]/div/div/div[2]/div[@class='card__information']/div[@id='productcardcolor_8237829554420']/div/img","Content","HTML","","",""
"Image","https://inc5shop.com/collections/like-mother-like-daughter?filter.v.availability=1","https://inc5shop.com/cdn/shop/files/8905564737183_566b064f-c5ee-49db-b99a-ce3209e418e9.png?v=1758866601","","0","Protocol-Relative","//body/main/div[@id='shopify-section-template--21550394835188__product-grid']/div/div/div/div[@class='collection']/ul/li[10]/div/div/div[2]/div[@class='card__information']/div[@id='productcardcolor_8237829423348']/div/div/img","Content","HTML","","",""
"Image","https://inc5shop.com/collections/like-mother-like-daughter?filter.v.availability=1","https://inc5shop.com/cdn/shop/files/8905564943638_5a3a792e-a1d9-4b55-ab36-2aff78cd3f67.png?v=1758866548","","0","Protocol-Relative","//body/main/div[@id='shopify-section-template--21550394835188__product-grid']/div/div/div/div[@class='collection']/ul/li[9]/div/div/div[2]/div[@class='card__information']/div[@id='productcardcolor_8594396872948']/div/div/img","Content","HTML","","",""
"Image","https://inc5shop.com/collections/like-mother-like-daughter?filter.v.availability=1","https://inc5shop.com/cdn/shop/files/A-600879_Cream_1_f10adf17-125d-49c6-b428-053b409a3582.jpg?v=1755491851","","0","Protocol-Relative","//body/main/div[@id='shopify-section-template--21550394835188__product-grid']/div/div/div/div[@class='collection']/ul/li[9]/div/div/div[2]/div[@class='card__information']/div[@id='productcardcolor_8594396872948']/div/img","Content","HTML","","",""
"Image","https://inc5shop.com/collections/like-mother-like-daughter?filter.v.availability=1","https://inc5shop.com/cdn/shop/files/8905564936319_b23aa87d-72ac-4c24-8419-87859f7703a4.png?v=1758866584","","0","Protocol-Relative","//body/main/div[@id='shopify-section-template--21550394835188__product-grid']/div/div/div/div[@class='collection']/ul/li[12]/div/div/div[2]/div[@class='card__information']/div[@id='productcardcolor_8447609635060']/div/div/img","Content","HTML","","",""
"Image","https://inc5shop.com/collections/like-mother-like-daughter?filter.v.availability=1","https://inc5shop.com/cdn/shop/files/8905564936319_b23aa87d-72ac-4c24-8419-87859f7703a4.png?v=1758866584","","0","Protocol-Relative","//body/main/div[@id='shopify-section-template--21550394835188__product-grid']/div/div/div/div[@class='collection']/ul/li[14]/div/div/div[2]/div[@class='card__information']/div[@id='productcardcolor_8447612518644']/div/img","Content","HTML","","",""
"Image","https://inc5shop.com/collections/like-mother-like-daughter?filter.v.availability=1","https://inc5shop.com/cdn/shop/files/8905564936241_816cff0d-2e15-4071-8109-e617f8aaefd3.png?v=1758868473","","0","Protocol-Relative","//body/main/div[@id='shopify-section-template--21550394835188__product-grid']/div/div/div/div[@class='collection']/ul/li[12]/div/div/div[2]/div[@class='card__information']/div[@id='productcardcolor_8447609635060']/div/img","Content","HTML","","",""
"Image","https://inc5shop.com/collections/like-mother-like-daughter?filter.v.availability=1","https://inc5shop.com/cdn/shop/files/8905564936241_816cff0d-2e15-4071-8109-e617f8aaefd3.png?v=1758868473","","0","Protocol-Relative","//body/main/div[@id='shopify-section-template--21550394835188__product-grid']/div/div/div/div[@class='collection']/ul/li[14]/div/div/div[2]/div[@class='card__information']/div[@id='productcardcolor_8447612518644']/div/div/img","Content","HTML","","",""
"Image","https://inc5shop.com/collections/like-mother-like-daughter?filter.v.availability=1","https://inc5shop.com/cdn/shop/files/8905564548611_8ac2fad5-dd7f-40bd-b38b-ff43be963040.png?v=1758866579","","0","Protocol-Relative","//body/main/div[@id='shopify-section-template--21550394835188__product-grid']/div/div/div/div[@class='collection']/ul/li[15]/div/div/div[2]/div[@class='card__information']/div[@id='productcardcolor_8166724141300']/div/div/img","Content","HTML","","",""
"Image","https://inc5shop.com/collections/like-mother-like-daughter?filter.v.availability=1","https://inc5shop.com/cdn/shop/files/8905564492600_5d4f7924-0770-42ab-8ac4-c14e5db39b32.png?v=1758868452","","0","Protocol-Relative","//body/main/div[@id='shopify-section-template--21550394835188__product-grid']/div/div/div/div[@class='collection']/ul/li[15]/div/div/div[2]/div[@class='card__information']/div[@id='productcardcolor_8166724141300']/div/img[1]","Content","HTML","","",""
"Image","https://inc5shop.com/collections/like-mother-like-daughter?filter.v.availability=1","https://inc5shop.com/cdn/shop/files/600667GREY_1_62873cc5-d44f-4e00-af31-88f641ac1e41.jpg?v=1755496167","","0","Protocol-Relative","//body/main/div[@id='shopify-section-template--21550394835188__product-grid']/div/div/div/div[@class='collection']/ul/li[15]/div/div/div[2]/div[@class='card__information']/div[@id='productcardcolor_8166724141300']/div/img[2]","Content","HTML","","",""
"Image","https://inc5shop.com/collections/like-mother-like-daughter?filter.v.availability=1","https://inc5shop.com/cdn/shop/files/Handbags_Myntra_size_3.png?v=1771224889","","0","Protocol-Relative","//body/main/div[@id='shopify-section-template--21550394835188__product-grid']/div/div/div/div[@class='collection']/ul/li[16]/div/div/div[2]/div[@class='card__information']/div[@id='productcardcolor_8448401834228']/div/div/img","Content","HTML","","",""
"Image","https://inc5shop.com/collections/like-mother-like-daughter?filter.v.availability=1","https://inc5shop.com/cdn/shop/files/Handbags_Myntra_size_3.png?v=1771224889","","0","Protocol-Relative","//body/main/div[@id='shopify-section-template--21550394835188__product-grid']/div/div/div/div[@class='collection']/ul/li[18]/div/div/div[2]/div[@class='card__information']/div[@id='productcardcolor_8448404750580']/div/img","Content","HTML","","",""
"Image","https://inc5shop.com/collections/like-mother-like-daughter?filter.v.availability=1","https://inc5shop.com/cdn/shop/files/8905564915277_831a627d-1fe9-4e8f-a159-5325d57542d9.png?v=1758868462","","0","Protocol-Relative","//body/main/div[@id='shopify-section-template--21550394835188__product-grid']/div/div/div/div[@class='collection']/ul/li[16]/div/div/div[2]/div[@class='card__information']/div[@id='productcardcolor_8448401834228']/div/img","Content","HTML","","",""
"Image","https://inc5shop.com/collections/like-mother-like-daughter?filter.v.availability=1","https://inc5shop.com/cdn/shop/files/8905564915277_831a627d-1fe9-4e8f-a159-5325d57542d9.png?v=1758868462","","0","Protocol-Relative","//body/main/div[@id='shopify-section-template--21550394835188__product-grid']/div/div/div/div[@class='collection']/ul/li[18]/div/div/div[2]/div[@class='card__information']/div[@id='productcardcolor_8448404750580']/div/div/img","Content","HTML","","",""
"Image","https://inc5shop.com/collections/like-mother-like-daughter?filter.v.availability=1","https://inc5shop.com/cdn/shop/files/8905564477126_f8ac8a22-e96e-48ce-9d6f-78b900e3aa0a.png?v=1758868477","","0","Protocol-Relative","//body/main/div[@id='shopify-section-template--21550394835188__product-grid']/div/div/div/div[@class='collection']/ul/li[20]/div/div/div[2]/div[@class='card__information']/div[@id='productcardcolor_8040037646580']/div/div/img","Content","HTML","","",""
"Image","https://inc5shop.com/collections/like-mother-like-daughter?filter.v.availability=1","https://inc5shop.com/cdn/shop/files/8905564477126_f8ac8a22-e96e-48ce-9d6f-78b900e3aa0a.png?v=1758868477","","0","Protocol-Relative","//body/main/div[@id='shopify-section-template--21550394835188__product-grid']/div/div/div/div[@class='collection']/ul/li[21]/div/div/div[2]/div[@class='card__information']/div[@id='productcardcolor_8040037679348']/div/img","Content","HTML","","",""
"Image","https://inc5shop.com/collections/like-mother-like-daughter?filter.v.availability=1","https://inc5shop.com/cdn/shop/files/8905564477218_ea99dc95-4f38-4c1e-8630-948647b38c99.png?v=1758868497","","0","Protocol-Relative","//body/main/div[@id='shopify-section-template--21550394835188__product-grid']/div/div/div/div[@class='collection']/ul/li[20]/div/div/div[2]/div[@class='card__information']/div[@id='productcardcolor_8040037646580']/div/img","Content","HTML","","",""
"Image","https://inc5shop.com/collections/like-mother-like-daughter?filter.v.availability=1","https://inc5shop.com/cdn/shop/files/8905564477218_ea99dc95-4f38-4c1e-8630-948647b38c99.png?v=1758868497","","0","Protocol-Relative","//body/main/div[@id='shopify-section-template--21550394835188__product-grid']/div/div/div/div[@class='collection']/ul/li[21]/div/div/div[2]/div[@class='card__information']/div[@id='productcardcolor_8040037679348']/div/div/img","Content","HTML","","",""
"Image","https://inc5shop.com/collections/like-mother-like-daughter?filter.v.availability=1","https://inc5shop.com/cdn/shop/files/8905564831577_6f35ac9e-d8ed-4ae9-9737-9dcab7310f9d.png?v=1758867994","","0","Protocol-Relative","//body/main/div[@id='shopify-section-template--21550394835188__product-grid']/div/div/div/div[@class='collection']/ul/li[22]/div/div/div[2]/div[@class='card__information']/div[@id='productcardcolor_9062651527412']/div/div/img","Content","HTML","","",""
"Image","https://inc5shop.com/collections/like-mother-like-daughter?filter.v.availability=1","https://inc5shop.com/cdn/shop/files/8905564831669_3f872bc0-4479-4709-a3e7-96c19025f71d.png?v=1758868014","","0","Protocol-Relative","//body/main/div[@id='shopify-section-template--21550394835188__product-grid']/div/div/div/div[@class='collection']/ul/li[22]/div/div/div[2]/div[@class='card__information']/div[@id='productcardcolor_9062651527412']/div/img","Content","HTML","","",""
"Image","https://inc5shop.com/collections/like-mother-like-daughter?filter.v.availability=1","https://inc5shop.com/cdn/shop/files/8905564828607_fb2187e2-a1e0-41ab-961a-cb6c2b84008c.png?v=1758868005","","0","Protocol-Relative","//body/main/div[@id='shopify-section-template--21550394835188__product-grid']/div/div/div/div[@class='collection']/ul/li[24]/div/div/div[2]/div[@class='card__information']/div[@id='productcardcolor_9062650413300']/div/div/img","Content","HTML","","",""
"Image","https://inc5shop.com/collections/like-mother-like-daughter?filter.v.availability=1","https://inc5shop.com/cdn/shop/files/8905564828690_67b24d87-7fa6-4a18-8fa5-a5fc2661ab72.png?v=1758868001","","0","Protocol-Relative","//body/main/div[@id='shopify-section-template--21550394835188__product-grid']/div/div/div/div[@class='collection']/ul/li[24]/div/div/div[2]/div[@class='card__information']/div[@id='productcardcolor_9062650413300']/div/img","Content","HTML","","",""
"Image","https://inc5shop.com/collections/women-footwear","https://inc5shop.com/cdn/shop/files/8909131286081.png?v=1778069469","","0","Protocol-Relative","//body/main/div[@id='shopify-section-template--21550394835188__product-grid']/div/div/div/div[@class='collection']/ul/li[5]/div/div/div[2]/div[@class='card__information']/div[@id='productcardcolor_9063305609460']/div/div/img","Content","HTML","","",""
"Image","https://inc5shop.com/collections/women-footwear","https://inc5shop.com/cdn/shop/files/8909131286081.png?v=1778069469","","0","Protocol-Relative","//body/main/div[@id='shopify-section-template--21550394835188__product-grid']/div/div/div/div[@class='collection']/ul/li[6]/div/div/div[2]/div[@class='card__information']/div[@id='productcardcolor_9063305412852']/div/img","Content","HTML","","",""
"Image","https://inc5shop.com/collections/women-footwear","https://inc5shop.com/cdn/shop/files/8909131286173.png?v=1777633443","","0","Protocol-Relative","//body/main/div[@id='shopify-section-template--21550394835188__product-grid']/div/div/div/div[@class='collection']/ul/li[5]/div/div/div[2]/div[@class='card__information']/div[@id='productcardcolor_9063305609460']/div/img","Content","HTML","","",""
"Image","https://inc5shop.com/collections/women-footwear","https://inc5shop.com/cdn/shop/files/8909131286173.png?v=1777633443","","0","Protocol-Relative","//body/main/div[@id='shopify-section-template--21550394835188__product-grid']/div/div/div/div[@class='collection']/ul/li[6]/div/div/div[2]/div[@class='card__information']/div[@id='productcardcolor_9063305412852']/div/div/img","Content","HTML","","",""
"Image","https://inc5shop.com/collections/women-footwear","https://inc5shop.com/cdn/shop/files/8909131288870.png?v=1778048931","","0","Protocol-Relative","//body/main/div[@id='shopify-section-template--21550394835188__product-grid']/div/div/div/div[@class='collection']/ul/li[7]/div/div/div[2]/div[@class='card__information']/div[@id='productcardcolor_9063284441332']/div/div/img","Content","HTML","","",""
"Image","https://inc5shop.com/collections/women-footwear","https://inc5shop.com/cdn/shop/files/8909131288962.png?v=1777634376","","0","Protocol-Relative","//body/main/div[@id='shopify-section-template--21550394835188__product-grid']/div/div/div/div[@class='collection']/ul/li[7]/div/div/div[2]/div[@class='card__information']/div[@id='productcardcolor_9063284441332']/div/img","Content","HTML","","",""
"Image","https://inc5shop.com/collections/women-footwear","https://inc5shop.com/cdn/shop/files/3445_GREEN_d3df86dd-6a7a-4c0f-ab7e-6dcdd165733f.jpg?v=1751979459","","0","Protocol-Relative","//body/main/div[@id='shopify-section-template--21550394835188__product-grid']/div/div/div/div[@class='collection']/ul/li[8]/div/div/div[2]/div[@class='card__information']/div[@id='productcardcolor_9063282344180']/div/div/img","Content","HTML","","",""
"Image","https://inc5shop.com/collections/women-footwear","https://inc5shop.com/cdn/shop/files/300929_PEWTER_af3c404c-5369-4907-b7e7-6c16c3e8cf18.jpg?v=1755490474","","0","Protocol-Relative","//body/main/div[@id='shopify-section-template--21550394835188__product-grid']/div/div/div/div[@class='collection']/ul/li[9]/div/div/div[2]/div[@class='card__information']/div[@id='productcardcolor_9063281098996']/div/div/img","Content","HTML","","",""
"Image","https://inc5shop.com/collections/women-footwear","https://inc5shop.com/cdn/shop/files/8905564864421.png?v=1778069221","","0","Protocol-Relative","//body/main/div[@id='shopify-section-template--21550394835188__product-grid']/div/div/div/div[@class='collection']/ul/li[10]/div/div/div[2]/div[@class='card__information']/div[@id='productcardcolor_9062650478836']/div/div/img","Content","HTML","","",""
"Image","https://inc5shop.com/collections/women-footwear","https://inc5shop.com/cdn/shop/files/3645_Black_1_6b264551-9b55-4a84-96c3-3e093e35da20.jpg?v=1751435416","","0","Protocol-Relative","//body/main/div[@id='shopify-section-template--21550394835188__product-grid']/div/div/div/div[@class='collection']/ul/li[11]/div/div/div[2]/div[@class='card__information']/div[@id='productcardcolor_9008777396468']/div/div/img","Content","HTML","","",""
"Image","https://inc5shop.com/collections/women-footwear","https://inc5shop.com/cdn/shop/files/3645_Beige_1_8a7efed8-c5e9-435a-b5a7-f634aba903fa.jpg?v=1751435418","","0","Protocol-Relative","//body/main/div[@id='shopify-section-template--21550394835188__product-grid']/div/div/div/div[@class='collection']/ul/li[11]/div/div/div[2]/div[@class='card__information']/div[@id='productcardcolor_9008777396468']/div/img","Content","HTML","","",""
"Image","https://inc5shop.com/collections/women-footwear","https://inc5shop.com/cdn/shop/files/B-3651_Blue_1_ef03dd99-7b37-408b-807d-01b66e2cc82d.jpg?v=1755493348","","0","Protocol-Relative","//body/main/div[@id='shopify-section-template--21550394835188__product-grid']/div/div/div/div[@class='collection']/ul/li[12]/div/div/div[2]/div[@class='card__information']/div[@id='productcardcolor_8941659488500']/div/div/img","Content","HTML","","",""
"Image","https://inc5shop.com/collections/women-footwear","https://inc5shop.com/cdn/shop/files/B-3651_Blue_1_ef03dd99-7b37-408b-807d-01b66e2cc82d.jpg?v=1755493348","","0","Protocol-Relative","//body/main/div[@id='shopify-section-template--21550394835188__product-grid']/div/div/div/div[@class='collection']/ul/li[13]/div/div/div[2]/div[@class='card__information']/div[@id='productcardcolor_8941659455732']/div/img","Content","HTML","","",""
"Image","https://inc5shop.com/collections/women-footwear","https://inc5shop.com/cdn/shop/files/8909131288702.jpg?v=1778693905","","0","Protocol-Relative","//body/main/div[@id='shopify-section-template--21550394835188__product-grid']/div/div/div/div[@class='collection']/ul/li[12]/div/div/div[2]/div[@class='card__information']/div[@id='productcardcolor_8941659488500']/div/img","Content","HTML","","",""
"Image","https://inc5shop.com/collections/women-footwear","https://inc5shop.com/cdn/shop/files/8909131288702.jpg?v=1778693905","","0","Protocol-Relative","//body/main/div[@id='shopify-section-template--21550394835188__product-grid']/div/div/div/div[@class='collection']/ul/li[13]/div/div/div[2]/div[@class='card__information']/div[@id='productcardcolor_8941659455732']/div/div/img","Content","HTML","","",""
"Image","https://inc5shop.com/collections/women-footwear","https://inc5shop.com/cdn/shop/files/8909131173497.jpg?v=1779079472","","0","Protocol-Relative","//body/main/div[@id='shopify-section-template--21550394835188__product-grid']/div/div/div/div[@class='collection']/ul/li[14]/div/div/div[2]/div[@class='card__information']/div[@id='productcardcolor_8909960610036']/div/div/img","Content","HTML","","",""
"Image","https://inc5shop.com/collections/womens-wedges","https://inc5shop.com/cdn/shop/files/8909131173497.jpg?v=1779079472","","0","Protocol-Relative","//body/main/div[@id='shopify-section-template--21550394835188__product-grid']/div/div/div/div[@class='collection']/ul/li[1]/div/div/div[2]/div[@class='card__information']/div[@id='productcardcolor_8909960610036']/div/div/img","Content","HTML","","",""
"Image","https://inc5shop.com/collections/women-footwear","https://inc5shop.com/cdn/shop/files/3584BEIGE_1_542a2060-bd46-49f8-a0c7-fc169546bc2c.jpg?v=1755494441","","0","Protocol-Relative","//body/main/div[@id='shopify-section-template--21550394835188__product-grid']/div/div/div/div[@class='collection']/ul/li[15]/div/div/div[2]/div[@class='card__information']/div[@id='productcardcolor_8884665483508']/div/div/img","Content","HTML","","",""
"Image","https://inc5shop.com/collections/women-footwear","https://inc5shop.com/cdn/shop/files/3584BEIGE_1_542a2060-bd46-49f8-a0c7-fc169546bc2c.jpg?v=1755494441","","0","Protocol-Relative","//body/main/div[@id='shopify-section-template--21550394835188__product-grid']/div/div/div/div[@class='collection']/ul/li[16]/div/div/div[2]/div[@class='card__information']/div[@id='productcardcolor_8884665352436']/div/img","Content","HTML","","",""
"Image","https://inc5shop.com/collections/women-footwear","https://inc5shop.com/cdn/shop/files/3584BLACK_1_baab5e85-b4a1-4fd9-b7b9-24379b94d0e4.jpg?v=1755494443","","0","Protocol-Relative","//body/main/div[@id='shopify-section-template--21550394835188__product-grid']/div/div/div/div[@class='collection']/ul/li[15]/div/div/div[2]/div[@class='card__information']/div[@id='productcardcolor_8884665483508']/div/img","Content","HTML","","",""
"Image","https://inc5shop.com/collections/women-footwear","https://inc5shop.com/cdn/shop/files/3584BLACK_1_baab5e85-b4a1-4fd9-b7b9-24379b94d0e4.jpg?v=1755494443","","0","Protocol-Relative","//body/main/div[@id='shopify-section-template--21550394835188__product-grid']/div/div/div/div[@class='collection']/ul/li[16]/div/div/div[2]/div[@class='card__information']/div[@id='productcardcolor_8884665352436']/div/div/img","Content","HTML","","",""
"Image","https://inc5shop.com/collections/women-footwear","https://inc5shop.com/cdn/shop/files/3580_PEACH_466369cb-e98c-40eb-89a1-cc47aba21bca.jpg?v=1755494792","","0","Protocol-Relative","//body/main/div[@id='shopify-section-template--21550394835188__product-grid']/div/div/div/div[@class='collection']/ul/li[21]/div/div/div[2]/div[@class='card__information']/div[@id='productcardcolor_8865506951412']/div/div/img","Content","HTML","","",""
"Image","https://inc5shop.com/collections/women-footwear","https://inc5shop.com/cdn/shop/files/generated-image-1783600403027.png?v=1783600795","","0","Protocol-Relative","//body/main/div[@id='shopify-section-template--21550394835188__product-grid']/div/div/div/div[@class='collection']/ul/li[23]/div/div/div[2]/div[@class='card__information']/div[@id='productcardcolor_8403901841652']/div/div/img","Content","HTML","","",""
"Image","https://inc5shop.com/collections/women-footwear","https://inc5shop.com/cdn/shop/products/1594_GREEN.jpg?v=1752825022","","0","Protocol-Relative","//body/main/div[@id='shopify-section-template--21550394835188__product-grid']/div/div/div/div[@class='collection']/ul/li[24]/div/div/div[2]/div[@class='card__information']/div[@id='productcardcolor_8318266540276']/div/div/img","Content","HTML","","",""
"Image","https://inc5shop.com/collections/womens-wedges","https://inc5shop.com/cdn/shop/products/1594_GREEN.jpg?v=1752825022","","0","Protocol-Relative","//body/main/div[@id='shopify-section-template--21550394835188__product-grid']/div/div/div/div[@class='collection']/ul/li[2]/div/div/div[2]/div[@class='card__information']/div[@id='productcardcolor_8318266540276']/div/div/img","Content","HTML","","",""
"Image","https://inc5shop.com/collections/new-wallets","https://inc5shop.com/cdn/shop/files/LYNG35-8847_CREAM_1_3fd6c432-0232-4ff6-87ee-5318028bb3a9.jpg?v=1755483187","","0","Protocol-Relative","//body/main/div[@id='shopify-section-template--21550394835188__product-grid']/div/div/div/div[@class='collection']/ul/li[3]/div/div/div[2]/div[@class='card__information']/div[@id='productcardcolor_8984612536564']/div/div/img","Content","HTML","","",""
"Image","https://inc5shop.com/collections/new-wallets","https://inc5shop.com/cdn/shop/files/LYNG35-8847_CREAM_1_3fd6c432-0232-4ff6-87ee-5318028bb3a9.jpg?v=1755483187","","0","Protocol-Relative","//body/main/div[@id='shopify-section-template--21550394835188__product-grid']/div/div/div/div[@class='collection']/ul/li[4]/div/div/div[2]/div[@class='card__information']/div[@id='productcardcolor_8984612438260']/div/img","Content","HTML","","",""
"Image","https://inc5shop.com/collections/new-wallets","https://inc5shop.com/cdn/shop/files/LYNG35-8847_BEIGE_1_b4579ee3-3c78-426f-9c4f-49f862c660ac.jpg?v=1755483189","","0","Protocol-Relative","//body/main/div[@id='shopify-section-template--21550394835188__product-grid']/div/div/div/div[@class='collection']/ul/li[3]/div/div/div[2]/div[@class='card__information']/div[@id='productcardcolor_8984612536564']/div/img","Content","HTML","","",""
"Image","https://inc5shop.com/collections/new-wallets","https://inc5shop.com/cdn/shop/files/LYNG35-8847_BEIGE_1_b4579ee3-3c78-426f-9c4f-49f862c660ac.jpg?v=1755483189","","0","Protocol-Relative","//body/main/div[@id='shopify-section-template--21550394835188__product-grid']/div/div/div/div[@class='collection']/ul/li[4]/div/div/div[2]/div[@class='card__information']/div[@id='productcardcolor_8984612438260']/div/div/img","Content","HTML","","",""
"Image","https://inc5shop.com/collections/new-wallets","https://inc5shop.com/cdn/shop/files/LYNG35-8846_PINK_1_f4dd8149-b71e-4a77-9978-0e7b4e959488.jpg?v=1755483191","","0","Protocol-Relative","//body/main/div[@id='shopify-section-template--21550394835188__product-grid']/div/div/div/div[@class='collection']/ul/li[5]/div/div/div[2]/div[@class='card__information']/div[@id='productcardcolor_8984612307188']/div/div/img","Content","HTML","","",""
"Image","https://inc5shop.com/collections/new-wallets","https://inc5shop.com/cdn/shop/files/LYNG35-8846_PINK_1_f4dd8149-b71e-4a77-9978-0e7b4e959488.jpg?v=1755483191","","0","Protocol-Relative","//body/main/div[@id='shopify-section-template--21550394835188__product-grid']/div/div/div/div[@class='collection']/ul/li[6]/div/div/div[2]/div[@class='card__information']/div[@id='productcardcolor_8984612241652']/div/img[2]","Content","HTML","","",""
"Image","https://inc5shop.com/collections/new-wallets","https://inc5shop.com/cdn/shop/files/LYNG35-8846_PINK_1_f4dd8149-b71e-4a77-9978-0e7b4e959488.jpg?v=1755483191","","0","Protocol-Relative","//body/main/div[@id='shopify-section-template--21550394835188__product-grid']/div/div/div/div[@class='collection']/ul/li[7]/div/div/div[2]/div[@class='card__information']/div[@id='productcardcolor_8984612143348']/div/img[2]","Content","HTML","","",""
"Image","https://inc5shop.com/collections/new-wallets","https://inc5shop.com/cdn/shop/files/LYNG35-8846_BEIGE_1_a4767b52-9ad6-49f2-b79f-1c80ccb2739d.jpg?v=1755483194","","0","Protocol-Relative","//body/main/div[@id='shopify-section-template--21550394835188__product-grid']/div/div/div/div[@class='collection']/ul/li[5]/div/div/div[2]/div[@class='card__information']/div[@id='productcardcolor_8984612307188']/div/img[1]","Content","HTML","","",""
"Image","https://inc5shop.com/collections/new-wallets","https://inc5shop.com/cdn/shop/files/LYNG35-8846_BEIGE_1_a4767b52-9ad6-49f2-b79f-1c80ccb2739d.jpg?v=1755483194","","0","Protocol-Relative","//body/main/div[@id='shopify-section-template--21550394835188__product-grid']/div/div/div/div[@class='collection']/ul/li[6]/div/div/div[2]/div[@class='card__information']/div[@id='productcardcolor_8984612241652']/div/img[1]","Content","HTML","","",""
"Image","https://inc5shop.com/collections/new-wallets","https://inc5shop.com/cdn/shop/files/LYNG35-8846_BEIGE_1_a4767b52-9ad6-49f2-b79f-1c80ccb2739d.jpg?v=1755483194","","0","Protocol-Relative","//body/main/div[@id='shopify-section-template--21550394835188__product-grid']/div/div/div/div[@class='collection']/ul/li[7]/div/div/div[2]/div[@class='card__information']/div[@id='productcardcolor_8984612143348']/div/div/img","Content","HTML","","",""
"Image","https://inc5shop.com/collections/new-wallets","https://inc5shop.com/cdn/shop/files/LYNG35-8846_BLACK_1_de53b673-f7da-46e7-814f-017b1ce212a4.jpg?v=1755483192","","0","Protocol-Relative","//body/main/div[@id='shopify-section-template--21550394835188__product-grid']/div/div/div/div[@class='collection']/ul/li[5]/div/div/div[2]/div[@class='card__information']/div[@id='productcardcolor_8984612307188']/div/img[2]","Content","HTML","","",""
"Image","https://inc5shop.com/collections/new-wallets","https://inc5shop.com/cdn/shop/files/LYNG35-8846_BLACK_1_de53b673-f7da-46e7-814f-017b1ce212a4.jpg?v=1755483192","","0","Protocol-Relative","//body/main/div[@id='shopify-section-template--21550394835188__product-grid']/div/div/div/div[@class='collection']/ul/li[6]/div/div/div[2]/div[@class='card__information']/div[@id='productcardcolor_8984612241652']/div/div/img","Content","HTML","","",""
"Image","https://inc5shop.com/collections/new-wallets","https://inc5shop.com/cdn/shop/files/LYNG35-8846_BLACK_1_de53b673-f7da-46e7-814f-017b1ce212a4.jpg?v=1755483192","","0","Protocol-Relative","//body/main/div[@id='shopify-section-template--21550394835188__product-grid']/div/div/div/div[@class='collection']/ul/li[7]/div/div/div[2]/div[@class='card__information']/div[@id='productcardcolor_8984612143348']/div/img[1]","Content","HTML","","",""
"Image","https://inc5shop.com/collections/new-wallets","https://inc5shop.com/cdn/shop/files/LYNG35-8845_GREEN_1_bb18bb53-da79-4eff-9790-0acbcc2adc70.jpg?v=1755483195","","0","Protocol-Relative","//body/main/div[@id='shopify-section-template--21550394835188__product-grid']/div/div/div/div[@class='collection']/ul/li[8]/div/div/div[2]/div[@class='card__information']/div[@id='productcardcolor_8984612077812']/div/div/img","Content","HTML","","",""
"Image","https://inc5shop.com/collections/new-wallets","https://inc5shop.com/cdn/shop/files/LYNG35-8845_GREEN_1_bb18bb53-da79-4eff-9790-0acbcc2adc70.jpg?v=1755483195","","0","Protocol-Relative","//body/main/div[@id='shopify-section-template--21550394835188__product-grid']/div/div/div/div[@class='collection']/ul/li[9]/div/div/div[2]/div[@class='card__information']/div[@id='productcardcolor_8984612012276']/div/img[2]","Content","HTML","","",""
"Image","https://inc5shop.com/collections/new-wallets","https://inc5shop.com/cdn/shop/files/LYNG35-8845_GREEN_1_bb18bb53-da79-4eff-9790-0acbcc2adc70.jpg?v=1755483195","","0","Protocol-Relative","//body/main/div[@id='shopify-section-template--21550394835188__product-grid']/div/div/div/div[@class='collection']/ul/li[10]/div/div/div[2]/div[@class='card__information']/div[@id='productcardcolor_8984611913972']/div/img[2]","Content","HTML","","",""
"Image","https://inc5shop.com/collections/new-wallets","https://inc5shop.com/cdn/shop/files/LYNG35-8845_BLUE_1_a5921e2e-1df8-4ea2-9785-b4921d06b369.jpg?v=1755483199","","0","Protocol-Relative","//body/main/div[@id='shopify-section-template--21550394835188__product-grid']/div/div/div/div[@class='collection']/ul/li[8]/div/div/div[2]/div[@class='card__information']/div[@id='productcardcolor_8984612077812']/div/img[1]","Content","HTML","","",""
"Image","https://inc5shop.com/collections/new-wallets","https://inc5shop.com/cdn/shop/files/LYNG35-8845_BLUE_1_a5921e2e-1df8-4ea2-9785-b4921d06b369.jpg?v=1755483199","","0","Protocol-Relative","//body/main/div[@id='shopify-section-template--21550394835188__product-grid']/div/div/div/div[@class='collection']/ul/li[9]/div/div/div[2]/div[@class='card__information']/div[@id='productcardcolor_8984612012276']/div/img[1]","Content","HTML","","",""
"Image","https://inc5shop.com/collections/new-wallets","https://inc5shop.com/cdn/shop/files/LYNG35-8845_BLUE_1_a5921e2e-1df8-4ea2-9785-b4921d06b369.jpg?v=1755483199","","0","Protocol-Relative","//body/main/div[@id='shopify-section-template--21550394835188__product-grid']/div/div/div/div[@class='collection']/ul/li[10]/div/div/div[2]/div[@class='card__information']/div[@id='productcardcolor_8984611913972']/div/div/img","Content","HTML","","",""
"Image","https://inc5shop.com/collections/new-wallets","https://inc5shop.com/cdn/shop/files/LYNG35-8845_BROWN_1_0b257db5-1651-4c53-8c89-3107802d9489.jpg?v=1755483197","","0","Protocol-Relative","//body/main/div[@id='shopify-section-template--21550394835188__product-grid']/div/div/div/div[@class='collection']/ul/li[8]/div/div/div[2]/div[@class='card__information']/div[@id='productcardcolor_8984612077812']/div/img[2]","Content","HTML","","",""
"Image","https://inc5shop.com/collections/new-wallets","https://inc5shop.com/cdn/shop/files/LYNG35-8845_BROWN_1_0b257db5-1651-4c53-8c89-3107802d9489.jpg?v=1755483197","","0","Protocol-Relative","//body/main/div[@id='shopify-section-template--21550394835188__product-grid']/div/div/div/div[@class='collection']/ul/li[9]/div/div/div[2]/div[@class='card__information']/div[@id='productcardcolor_8984612012276']/div/div/img","Content","HTML","","",""
"Image","https://inc5shop.com/collections/new-wallets","https://inc5shop.com/cdn/shop/files/LYNG35-8845_BROWN_1_0b257db5-1651-4c53-8c89-3107802d9489.jpg?v=1755483197","","0","Protocol-Relative","//body/main/div[@id='shopify-section-template--21550394835188__product-grid']/div/div/div/div[@class='collection']/ul/li[10]/div/div/div[2]/div[@class='card__information']/div[@id='productcardcolor_8984611913972']/div/img[1]","Content","HTML","","",""
"Image","https://inc5shop.com/collections/new-wallets","https://inc5shop.com/cdn/shop/files/LYNG35-8844_PINK_1_396bcb3e-00da-4d87-af38-3b8deb87d863.jpg?v=1755483200","","0","Protocol-Relative","//body/main/div[@id='shopify-section-template--21550394835188__product-grid']/div/div/div/div[@class='collection']/ul/li[11]/div/div/div[2]/div[@class='card__information']/div[@id='productcardcolor_8984611848436']/div/div/img","Content","HTML","","",""
"Image","https://inc5shop.com/collections/new-wallets","https://inc5shop.com/cdn/shop/files/LYNG35-8844_PINK_1_396bcb3e-00da-4d87-af38-3b8deb87d863.jpg?v=1755483200","","0","Protocol-Relative","//body/main/div[@id='shopify-section-template--21550394835188__product-grid']/div/div/div/div[@class='collection']/ul/li[12]/div/div/div[2]/div[@class='card__information']/div[@id='productcardcolor_8984611750132']/div/img","Content","HTML","","",""
"Image","https://inc5shop.com/collections/new-wallets","https://inc5shop.com/cdn/shop/files/LYNG35-8844_GREEN_1_d49021eb-a213-4a9f-b4e3-702fed18ccf5.jpg?v=1755483202","","0","Protocol-Relative","//body/main/div[@id='shopify-section-template--21550394835188__product-grid']/div/div/div/div[@class='collection']/ul/li[11]/div/div/div[2]/div[@class='card__information']/div[@id='productcardcolor_8984611848436']/div/img","Content","HTML","","",""
"Image","https://inc5shop.com/collections/new-wallets","https://inc5shop.com/cdn/shop/files/LYNG35-8844_GREEN_1_d49021eb-a213-4a9f-b4e3-702fed18ccf5.jpg?v=1755483202","","0","Protocol-Relative","//body/main/div[@id='shopify-section-template--21550394835188__product-grid']/div/div/div/div[@class='collection']/ul/li[12]/div/div/div[2]/div[@class='card__information']/div[@id='productcardcolor_8984611750132']/div/div/img","Content","HTML","","",""
"Image","https://inc5shop.com/collections/new-wallets","https://inc5shop.com/cdn/shop/files/Inc.5_LYNG_22-8754_Gold_1_ca26e1ae-c444-479e-ba79-58d31500d62b.jpg?v=1755483508","","0","Protocol-Relative","//body/main/div[@id='shopify-section-template--21550394835188__product-grid']/div/div/div/div[@class='collection']/ul/li[16]/div/div/div[2]/div[@class='card__information']/div[@id='productcardcolor_8957738483956']/div/div/img","Content","HTML","","",""
"Image","https://inc5shop.com/collections/new-wallets","https://inc5shop.com/cdn/shop/files/Inc.5_LYNG_22-8754_Gold_1_ca26e1ae-c444-479e-ba79-58d31500d62b.jpg?v=1755483508","","0","Protocol-Relative","//body/main/div[@id='shopify-section-template--21550394835188__product-grid']/div/div/div/div[@class='collection']/ul/li[17]/div/div/div[2]/div[@class='card__information']/div[@id='productcardcolor_8957738418420']/div/img","Content","HTML","","",""
"Image","https://inc5shop.com/collections/new-wallets","https://inc5shop.com/cdn/shop/files/Inc.5_LYNG_22-8754_Brown_1_27502c3b-1478-47bc-8fd6-8c85da81b272.jpg?v=1755483511","","0","Protocol-Relative","//body/main/div[@id='shopify-section-template--21550394835188__product-grid']/div/div/div/div[@class='collection']/ul/li[16]/div/div/div[2]/div[@class='card__information']/div[@id='productcardcolor_8957738483956']/div/img","Content","HTML","","",""
"Image","https://inc5shop.com/collections/new-wallets","https://inc5shop.com/cdn/shop/files/Inc.5_LYNG_22-8754_Brown_1_27502c3b-1478-47bc-8fd6-8c85da81b272.jpg?v=1755483511","","0","Protocol-Relative","//body/main/div[@id='shopify-section-template--21550394835188__product-grid']/div/div/div/div[@class='collection']/ul/li[17]/div/div/div[2]/div[@class='card__information']/div[@id='productcardcolor_8957738418420']/div/div/img","Content","HTML","","",""
"Image","https://inc5shop.com/collections/new-wallets","https://inc5shop.com/cdn/shop/files/F11-YELLOW_11.jpg?v=1755483697","","0","Protocol-Relative","//body/main/div[@id='shopify-section-template--21550394835188__product-grid']/div/div/div/div[@class='collection']/ul/li[19]/div/div/div[2]/div[@class='card__information']/div[@id='productcardcolor_8272698736884']/div/div/img","Content","HTML","","",""
"Image","https://inc5shop.com/collections/new-wallets","https://inc5shop.com/cdn/shop/files/F11-YELLOW_11.jpg?v=1755483697","","0","Protocol-Relative","//body/main/div[@id='shopify-section-template--21550394835188__product-grid']/div/div/div/div[@class='collection']/ul/li[20]/div/div/div[2]/div[@class='card__information']/div[@id='productcardcolor_8272698671348']/div/img[4]","Content","HTML","","",""
"Image","https://inc5shop.com/collections/new-wallets","https://inc5shop.com/cdn/shop/files/F11-YELLOW_11.jpg?v=1755483697","","0","Protocol-Relative","//body/main/div[@id='shopify-section-template--21550394835188__product-grid']/div/div/div/div[@class='collection']/ul/li[21]/div/div/div[2]/div[@class='card__information']/div[@id='productcardcolor_8272698638580']/div/img[4]","Content","HTML","","",""
"Image","https://inc5shop.com/collections/new-wallets","https://inc5shop.com/cdn/shop/files/F11-YELLOW_11.jpg?v=1755483697","","0","Protocol-Relative","//body/main/div[@id='shopify-section-template--21550394835188__product-grid']/div/div/div/div[@class='collection']/ul/li[22]/div/div/div[2]/div[@class='card__information']/div[@id='productcardcolor_8272698605812']/div/img[4]","Content","HTML","","",""
"Image","https://inc5shop.com/collections/new-wallets","https://inc5shop.com/cdn/shop/files/F11-YELLOW_11.jpg?v=1755483697","","0","Protocol-Relative","//body/main/div[@id='shopify-section-template--21550394835188__product-grid']/div/div/div/div[@class='collection']/ul/li[23]/div/div/div[2]/div[@class='card__information']/div[@id='productcardcolor_8272698573044']/div/img[4]","Content","HTML","","",""
"Image","https://inc5shop.com/collections/shop-wallets","https://inc5shop.com/cdn/shop/files/F11-YELLOW_11.jpg?v=1755483697","","0","Protocol-Relative","//body/main/div[@id='shopify-section-template--21550394835188__product-grid']/div/div/div/div[@class='collection']/ul/li[2]/div/div/div[2]/div[@class='card__information']/div[@id='productcardcolor_8272698671348']/div/img[4]","Content","HTML","","",""
"Image","https://inc5shop.com/collections/shop-wallets","https://inc5shop.com/cdn/shop/files/F11-YELLOW_11.jpg?v=1755483697","","0","Protocol-Relative","//body/main/div[@id='shopify-section-template--21550394835188__product-grid']/div/div/div/div[@class='collection']/ul/li[3]/div/div/div[2]/div[@class='card__information']/div[@id='productcardcolor_8272698736884']/div/div/img","Content","HTML","","",""
"Image","https://inc5shop.com/collections/shop-wallets","https://inc5shop.com/cdn/shop/files/F11-YELLOW_11.jpg?v=1755483697","","0","Protocol-Relative","//body/main/div[@id='shopify-section-template--21550394835188__product-grid']/div/div/div/div[@class='collection']/ul/li[4]/div/div/div[2]/div[@class='card__information']/div[@id='productcardcolor_8272698638580']/div/img[4]","Content","HTML","","",""
"Image","https://inc5shop.com/collections/shop-wallets","https://inc5shop.com/cdn/shop/files/F11-YELLOW_11.jpg?v=1755483697","","0","Protocol-Relative","//body/main/div[@id='shopify-section-template--21550394835188__product-grid']/div/div/div/div[@class='collection']/ul/li[5]/div/div/div[2]/div[@class='card__information']/div[@id='productcardcolor_8272698605812']/div/img[4]","Content","HTML","","",""
"Image","https://inc5shop.com/collections/shop-wallets","https://inc5shop.com/cdn/shop/files/F11-YELLOW_11.jpg?v=1755483697","","0","Protocol-Relative","//body/main/div[@id='shopify-section-template--21550394835188__product-grid']/div/div/div/div[@class='collection']/ul/li[6]/div/div/div[2]/div[@class='card__information']/div[@id='productcardcolor_8272698573044']/div/img[4]","Content","HTML","","",""
"Image","https://inc5shop.com/collections/new-wallets","https://inc5shop.com/cdn/shop/files/F11-BEIGE_11.jpg?v=1755483702","","0","Protocol-Relative","//body/main/div[@id='shopify-section-template--21550394835188__product-grid']/div/div/div/div[@class='collection']/ul/li[19]/div/div/div[2]/div[@class='card__information']/div[@id='productcardcolor_8272698736884']/div/img[1]","Content","HTML","","",""
"Image","https://inc5shop.com/collections/new-wallets","https://inc5shop.com/cdn/shop/files/F11-BEIGE_11.jpg?v=1755483702","","0","Protocol-Relative","//body/main/div[@id='shopify-section-template--21550394835188__product-grid']/div/div/div/div[@class='collection']/ul/li[20]/div/div/div[2]/div[@class='card__information']/div[@id='productcardcolor_8272698671348']/div/img[1]","Content","HTML","","",""
"Image","https://inc5shop.com/collections/new-wallets","https://inc5shop.com/cdn/shop/files/F11-BEIGE_11.jpg?v=1755483702","","0","Protocol-Relative","//body/main/div[@id='shopify-section-template--21550394835188__product-grid']/div/div/div/div[@class='collection']/ul/li[21]/div/div/div[2]/div[@class='card__information']/div[@id='productcardcolor_8272698638580']/div/div/img","Content","HTML","","",""
"Image","https://inc5shop.com/collections/new-wallets","https://inc5shop.com/cdn/shop/files/F11-BEIGE_11.jpg?v=1755483702","","0","Protocol-Relative","//body/main/div[@id='shopify-section-template--21550394835188__product-grid']/div/div/div/div[@class='collection']/ul/li[22]/div/div/div[2]/div[@class='card__information']/div[@id='productcardcolor_8272698605812']/div/img[1]","Content","HTML","","",""
"Image","https://inc5shop.com/collections/new-wallets","https://inc5shop.com/cdn/shop/files/F11-BEIGE_11.jpg?v=1755483702","","0","Protocol-Relative","//body/main/div[@id='shopify-section-template--21550394835188__product-grid']/div/div/div/div[@class='collection']/ul/li[23]/div/div/div[2]/div[@class='card__information']/div[@id='productcardcolor_8272698573044']/div/img[1]","Content","HTML","","",""
"Image","https://inc5shop.com/collections/shop-wallets","https://inc5shop.com/cdn/shop/files/F11-BEIGE_11.jpg?v=1755483702","","0","Protocol-Relative","//body/main/div[@id='shopify-section-template--21550394835188__product-grid']/div/div/div/div[@class='collection']/ul/li[2]/div/div/div[2]/div[@class='card__information']/div[@id='productcardcolor_8272698671348']/div/img[1]","Content","HTML","","",""
"Image","https://inc5shop.com/collections/shop-wallets","https://inc5shop.com/cdn/shop/files/F11-BEIGE_11.jpg?v=1755483702","","0","Protocol-Relative","//body/main/div[@id='shopify-section-template--21550394835188__product-grid']/div/div/div/div[@class='collection']/ul/li[3]/div/div/div[2]/div[@class='card__information']/div[@id='productcardcolor_8272698736884']/div/img[1]","Content","HTML","","",""
"Image","https://inc5shop.com/collections/shop-wallets","https://inc5shop.com/cdn/shop/files/F11-BEIGE_11.jpg?v=1755483702","","0","Protocol-Relative","//body/main/div[@id='shopify-section-template--21550394835188__product-grid']/div/div/div/div[@class='collection']/ul/li[4]/div/div/div[2]/div[@class='card__information']/div[@id='productcardcolor_8272698638580']/div/div/img","Content","HTML","","",""
"Image","https://inc5shop.com/collections/shop-wallets","https://inc5shop.com/cdn/shop/files/F11-BEIGE_11.jpg?v=1755483702","","0","Protocol-Relative","//body/main/div[@id='shopify-section-template--21550394835188__product-grid']/div/div/div/div[@class='collection']/ul/li[5]/div/div/div[2]/div[@class='card__information']/div[@id='productcardcolor_8272698605812']/div/img[1]","Content","HTML","","",""
"Image","https://inc5shop.com/collections/shop-wallets","https://inc5shop.com/cdn/shop/files/F11-BEIGE_11.jpg?v=1755483702","","0","Protocol-Relative","//body/main/div[@id='shopify-section-template--21550394835188__product-grid']/div/div/div/div[@class='collection']/ul/li[6]/div/div/div[2]/div[@class='card__information']/div[@id='productcardcolor_8272698573044']/div/img[1]","Content","HTML","","",""
"Image","https://inc5shop.com/collections/new-wallets","https://inc5shop.com/cdn/shop/files/F11-BLACK_11.jpg?v=1755483704","","0","Protocol-Relative","//body/main/div[@id='shopify-section-template--21550394835188__product-grid']/div/div/div/div[@class='collection']/ul/li[19]/div/div/div[2]/div[@class='card__information']/div[@id='productcardcolor_8272698736884']/div/img[2]","Content","HTML","","",""
"Image","https://inc5shop.com/collections/new-wallets","https://inc5shop.com/cdn/shop/files/F11-BLACK_11.jpg?v=1755483704","","0","Protocol-Relative","//body/main/div[@id='shopify-section-template--21550394835188__product-grid']/div/div/div/div[@class='collection']/ul/li[20]/div/div/div[2]/div[@class='card__information']/div[@id='productcardcolor_8272698671348']/div/img[2]","Content","HTML","","",""
"Image","https://inc5shop.com/collections/new-wallets","https://inc5shop.com/cdn/shop/files/F11-BLACK_11.jpg?v=1755483704","","0","Protocol-Relative","//body/main/div[@id='shopify-section-template--21550394835188__product-grid']/div/div/div/div[@class='collection']/ul/li[21]/div/div/div[2]/div[@class='card__information']/div[@id='productcardcolor_8272698638580']/div/img[1]","Content","HTML","","",""
"Image","https://inc5shop.com/collections/new-wallets","https://inc5shop.com/cdn/shop/files/F11-BLACK_11.jpg?v=1755483704","","0","Protocol-Relative","//body/main/div[@id='shopify-section-template--21550394835188__product-grid']/div/div/div/div[@class='collection']/ul/li[22]/div/div/div[2]/div[@class='card__information']/div[@id='productcardcolor_8272698605812']/div/div/img","Content","HTML","","",""
"Image","https://inc5shop.com/collections/new-wallets","https://inc5shop.com/cdn/shop/files/F11-BLACK_11.jpg?v=1755483704","","0","Protocol-Relative","//body/main/div[@id='shopify-section-template--21550394835188__product-grid']/div/div/div/div[@class='collection']/ul/li[23]/div/div/div[2]/div[@class='card__information']/div[@id='productcardcolor_8272698573044']/div/img[2]","Content","HTML","","",""
"Image","https://inc5shop.com/collections/shop-wallets","https://inc5shop.com/cdn/shop/files/F11-BLACK_11.jpg?v=1755483704","","0","Protocol-Relative","//body/main/div[@id='shopify-section-template--21550394835188__product-grid']/div/div/div/div[@class='collection']/ul/li[2]/div/div/div[2]/div[@class='card__information']/div[@id='productcardcolor_8272698671348']/div/img[2]","Content","HTML","","",""
"Image","https://inc5shop.com/collections/shop-wallets","https://inc5shop.com/cdn/shop/files/F11-BLACK_11.jpg?v=1755483704","","0","Protocol-Relative","//body/main/div[@id='shopify-section-template--21550394835188__product-grid']/div/div/div/div[@class='collection']/ul/li[3]/div/div/div[2]/div[@class='card__information']/div[@id='productcardcolor_8272698736884']/div/img[2]","Content","HTML","","",""
"Image","https://inc5shop.com/collections/shop-wallets","https://inc5shop.com/cdn/shop/files/F11-BLACK_11.jpg?v=1755483704","","0","Protocol-Relative","//body/main/div[@id='shopify-section-template--21550394835188__product-grid']/div/div/div/div[@class='collection']/ul/li[4]/div/div/div[2]/div[@class='card__information']/div[@id='productcardcolor_8272698638580']/div/img[1]","Content","HTML","","",""
"Image","https://inc5shop.com/collections/shop-wallets","https://inc5shop.com/cdn/shop/files/F11-BLACK_11.jpg?v=1755483704","","0","Protocol-Relative","//body/main/div[@id='shopify-section-template--21550394835188__product-grid']/div/div/div/div[@class='collection']/ul/li[5]/div/div/div[2]/div[@class='card__information']/div[@id='productcardcolor_8272698605812']/div/div/img","Content","HTML","","",""
"Image","https://inc5shop.com/collections/shop-wallets","https://inc5shop.com/cdn/shop/files/F11-BLACK_11.jpg?v=1755483704","","0","Protocol-Relative","//body/main/div[@id='shopify-section-template--21550394835188__product-grid']/div/div/div/div[@class='collection']/ul/li[6]/div/div/div[2]/div[@class='card__information']/div[@id='productcardcolor_8272698573044']/div/img[2]","Content","HTML","","",""
"Image","https://inc5shop.com/collections/new-wallets","https://inc5shop.com/cdn/shop/files/F11-PINK_11.jpg?v=1755483706","","0","Protocol-Relative","//body/main/div[@id='shopify-section-template--21550394835188__product-grid']/div/div/div/div[@class='collection']/ul/li[19]/div/div/div[2]/div[@class='card__information']/div[@id='productcardcolor_8272698736884']/div/img[3]","Content","HTML","","",""
"Image","https://inc5shop.com/collections/new-wallets","https://inc5shop.com/cdn/shop/files/F11-PINK_11.jpg?v=1755483706","","0","Protocol-Relative","//body/main/div[@id='shopify-section-template--21550394835188__product-grid']/div/div/div/div[@class='collection']/ul/li[20]/div/div/div[2]/div[@class='card__information']/div[@id='productcardcolor_8272698671348']/div/img[3]","Content","HTML","","",""
"Image","https://inc5shop.com/collections/new-wallets","https://inc5shop.com/cdn/shop/files/F11-PINK_11.jpg?v=1755483706","","0","Protocol-Relative","//body/main/div[@id='shopify-section-template--21550394835188__product-grid']/div/div/div/div[@class='collection']/ul/li[21]/div/div/div[2]/div[@class='card__information']/div[@id='productcardcolor_8272698638580']/div/img[2]","Content","HTML","","",""
"Image","https://inc5shop.com/collections/new-wallets","https://inc5shop.com/cdn/shop/files/F11-PINK_11.jpg?v=1755483706","","0","Protocol-Relative","//body/main/div[@id='shopify-section-template--21550394835188__product-grid']/div/div/div/div[@class='collection']/ul/li[22]/div/div/div[2]/div[@class='card__information']/div[@id='productcardcolor_8272698605812']/div/img[2]","Content","HTML","","",""
"Image","https://inc5shop.com/collections/new-wallets","https://inc5shop.com/cdn/shop/files/F11-PINK_11.jpg?v=1755483706","","0","Protocol-Relative","//body/main/div[@id='shopify-section-template--21550394835188__product-grid']/div/div/div/div[@class='collection']/ul/li[23]/div/div/div[2]/div[@class='card__information']/div[@id='productcardcolor_8272698573044']/div/div/img","Content","HTML","","",""
"Image","https://inc5shop.com/collections/shop-wallets","https://inc5shop.com/cdn/shop/files/F11-PINK_11.jpg?v=1755483706","","0","Protocol-Relative","//body/main/div[@id='shopify-section-template--21550394835188__product-grid']/div/div/div/div[@class='collection']/ul/li[2]/div/div/div[2]/div[@class='card__information']/div[@id='productcardcolor_8272698671348']/div/img[3]","Content","HTML","","",""
"Image","https://inc5shop.com/collections/shop-wallets","https://inc5shop.com/cdn/shop/files/F11-PINK_11.jpg?v=1755483706","","0","Protocol-Relative","//body/main/div[@id='shopify-section-template--21550394835188__product-grid']/div/div/div/div[@class='collection']/ul/li[3]/div/div/div[2]/div[@class='card__information']/div[@id='productcardcolor_8272698736884']/div/img[3]","Content","HTML","","",""
"Image","https://inc5shop.com/collections/shop-wallets","https://inc5shop.com/cdn/shop/files/F11-PINK_11.jpg?v=1755483706","","0","Protocol-Relative","//body/main/div[@id='shopify-section-template--21550394835188__product-grid']/div/div/div/div[@class='collection']/ul/li[4]/div/div/div[2]/div[@class='card__information']/div[@id='productcardcolor_8272698638580']/div/img[2]","Content","HTML","","",""
"Image","https://inc5shop.com/collections/shop-wallets","https://inc5shop.com/cdn/shop/files/F11-PINK_11.jpg?v=1755483706","","0","Protocol-Relative","//body/main/div[@id='shopify-section-template--21550394835188__product-grid']/div/div/div/div[@class='collection']/ul/li[5]/div/div/div[2]/div[@class='card__information']/div[@id='productcardcolor_8272698605812']/div/img[2]","Content","HTML","","",""
"Image","https://inc5shop.com/collections/shop-wallets","https://inc5shop.com/cdn/shop/files/F11-PINK_11.jpg?v=1755483706","","0","Protocol-Relative","//body/main/div[@id='shopify-section-template--21550394835188__product-grid']/div/div/div/div[@class='collection']/ul/li[6]/div/div/div[2]/div[@class='card__information']/div[@id='productcardcolor_8272698573044']/div/div/img","Content","HTML","","",""
"Image","https://inc5shop.com/collections/new-wallets","https://inc5shop.com/cdn/shop/files/F11-SILVER_11.jpg?v=1755483700","","0","Protocol-Relative","//body/main/div[@id='shopify-section-template--21550394835188__product-grid']/div/div/div/div[@class='collection']/ul/li[19]/div/div/div[2]/div[@class='card__information']/div[@id='productcardcolor_8272698736884']/div/img[4]","Content","HTML","","",""
"Image","https://inc5shop.com/collections/new-wallets","https://inc5shop.com/cdn/shop/files/F11-SILVER_11.jpg?v=1755483700","","0","Protocol-Relative","//body/main/div[@id='shopify-section-template--21550394835188__product-grid']/div/div/div/div[@class='collection']/ul/li[20]/div/div/div[2]/div[@class='card__information']/div[@id='productcardcolor_8272698671348']/div/div/img","Content","HTML","","",""
"Image","https://inc5shop.com/collections/new-wallets","https://inc5shop.com/cdn/shop/files/F11-SILVER_11.jpg?v=1755483700","","0","Protocol-Relative","//body/main/div[@id='shopify-section-template--21550394835188__product-grid']/div/div/div/div[@class='collection']/ul/li[21]/div/div/div[2]/div[@class='card__information']/div[@id='productcardcolor_8272698638580']/div/img[3]","Content","HTML","","",""
"Image","https://inc5shop.com/collections/new-wallets","https://inc5shop.com/cdn/shop/files/F11-SILVER_11.jpg?v=1755483700","","0","Protocol-Relative","//body/main/div[@id='shopify-section-template--21550394835188__product-grid']/div/div/div/div[@class='collection']/ul/li[22]/div/div/div[2]/div[@class='card__information']/div[@id='productcardcolor_8272698605812']/div/img[3]","Content","HTML","","",""
"Image","https://inc5shop.com/collections/new-wallets","https://inc5shop.com/cdn/shop/files/F11-SILVER_11.jpg?v=1755483700","","0","Protocol-Relative","//body/main/div[@id='shopify-section-template--21550394835188__product-grid']/div/div/div/div[@class='collection']/ul/li[23]/div/div/div[2]/div[@class='card__information']/div[@id='productcardcolor_8272698573044']/div/img[3]","Content","HTML","","",""
"Image","https://inc5shop.com/collections/shop-wallets","https://inc5shop.com/cdn/shop/files/F11-SILVER_11.jpg?v=1755483700","","0","Protocol-Relative","//body/main/div[@id='shopify-section-template--21550394835188__product-grid']/div/div/div/div[@class='collection']/ul/li[2]/div/div/div[2]/div[@class='card__information']/div[@id='productcardcolor_8272698671348']/div/div/img","Content","HTML","","",""
"Image","https://inc5shop.com/collections/shop-wallets","https://inc5shop.com/cdn/shop/files/F11-SILVER_11.jpg?v=1755483700","","0","Protocol-Relative","//body/main/div[@id='shopify-section-template--21550394835188__product-grid']/div/div/div/div[@class='collection']/ul/li[3]/div/div/div[2]/div[@class='card__information']/div[@id='productcardcolor_8272698736884']/div/img[4]","Content","HTML","","",""
"Image","https://inc5shop.com/collections/shop-wallets","https://inc5shop.com/cdn/shop/files/F11-SILVER_11.jpg?v=1755483700","","0","Protocol-Relative","//body/main/div[@id='shopify-section-template--21550394835188__product-grid']/div/div/div/div[@class='collection']/ul/li[4]/div/div/div[2]/div[@class='card__information']/div[@id='productcardcolor_8272698638580']/div/img[3]","Content","HTML","","",""
"Image","https://inc5shop.com/collections/shop-wallets","https://inc5shop.com/cdn/shop/files/F11-SILVER_11.jpg?v=1755483700","","0","Protocol-Relative","//body/main/div[@id='shopify-section-template--21550394835188__product-grid']/div/div/div/div[@class='collection']/ul/li[5]/div/div/div[2]/div[@class='card__information']/div[@id='productcardcolor_8272698605812']/div/img[3]","Content","HTML","","",""
"Image","https://inc5shop.com/collections/shop-wallets","https://inc5shop.com/cdn/shop/files/F11-SILVER_11.jpg?v=1755483700","","0","Protocol-Relative","//body/main/div[@id='shopify-section-template--21550394835188__product-grid']/div/div/div/div[@class='collection']/ul/li[6]/div/div/div[2]/div[@class='card__information']/div[@id='productcardcolor_8272698573044']/div/img[3]","Content","HTML","","",""
"Image","https://inc5shop.com/","https://inc5shop.com/cdn/shop/files/Strip_banner_6.png?v=1781708469&width=3840","","0","Protocol-Relative","//body/main/section[@id='shopify-section-template--21550395162868__image_banner_Cq3BjW']/div/div[1]/img","Content","HTML","","",""
"Image","https://inc5shop.com/collections/the-prime-fit-collection","https://inc5shop.com/cdn/shop/files/8905564768583.jpg?v=1779105605","","0","Protocol-Relative","//body/main/div[@id='shopify-section-template--21550394835188__product-grid']/div/div/div/div[@class='collection']/ul/li[1]/div/div/div[2]/div[@class='card__information']/div[@id='productcardcolor_8322924708084']/div/div/img","Content","HTML","","",""
"Image","https://inc5shop.com/collections/the-prime-fit-collection","https://inc5shop.com/cdn/shop/files/8905564768583.jpg?v=1779105605","","0","Protocol-Relative","//body/main/div[@id='shopify-section-template--21550394835188__product-grid']/div/div/div/div[@class='collection']/ul/li[2]/div/div/div[2]/div[@class='card__information']/div[@id='productcardcolor_8904853684468']/div/img[1]","Content","HTML","","",""
"Image","https://inc5shop.com/collections/the-prime-fit-collection","https://inc5shop.com/cdn/shop/files/8905564768583.jpg?v=1779105605","","0","Protocol-Relative","//body/main/div[@id='shopify-section-template--21550394835188__product-grid']/div/div/div/div[@class='collection']/ul/li[5]/div/div/div[2]/div[@class='card__information']/div[@id='productcardcolor_8904878784756']/div/img[1]","Content","HTML","","",""
"Image","https://inc5shop.com/collections/the-prime-fit-collection","https://inc5shop.com/cdn/shop/files/Untitled_design_41.png?v=1757931056","","0","Protocol-Relative","//body/main/div[@id='shopify-section-template--21550394835188__product-grid']/div/div/div/div[@class='collection']/ul/li[1]/div/div/div[2]/div[@class='card__information']/div[@id='productcardcolor_8322924708084']/div/img[1]","Content","HTML","","",""
"Image","https://inc5shop.com/collections/the-prime-fit-collection","https://inc5shop.com/cdn/shop/files/Untitled_design_41.png?v=1757931056","","0","Protocol-Relative","//body/main/div[@id='shopify-section-template--21550394835188__product-grid']/div/div/div/div[@class='collection']/ul/li[2]/div/div/div[2]/div[@class='card__information']/div[@id='productcardcolor_8904853684468']/div/div/img","Content","HTML","","",""
"Image","https://inc5shop.com/collections/the-prime-fit-collection","https://inc5shop.com/cdn/shop/files/Untitled_design_41.png?v=1757931056","","0","Protocol-Relative","//body/main/div[@id='shopify-section-template--21550394835188__product-grid']/div/div/div/div[@class='collection']/ul/li[5]/div/div/div[2]/div[@class='card__information']/div[@id='productcardcolor_8904878784756']/div/img[2]","Content","HTML","","",""
"Image","https://inc5shop.com/collections/the-prime-fit-collection","https://inc5shop.com/cdn/shop/files/8905564768668.jpg?v=1779105541","","0","Protocol-Relative","//body/main/div[@id='shopify-section-template--21550394835188__product-grid']/div/div/div/div[@class='collection']/ul/li[1]/div/div/div[2]/div[@class='card__information']/div[@id='productcardcolor_8322924708084']/div/img[2]","Content","HTML","","",""
"Image","https://inc5shop.com/collections/the-prime-fit-collection","https://inc5shop.com/cdn/shop/files/8905564768668.jpg?v=1779105541","","0","Protocol-Relative","//body/main/div[@id='shopify-section-template--21550394835188__product-grid']/div/div/div/div[@class='collection']/ul/li[2]/div/div/div[2]/div[@class='card__information']/div[@id='productcardcolor_8904853684468']/div/img[2]","Content","HTML","","",""
"Image","https://inc5shop.com/collections/the-prime-fit-collection","https://inc5shop.com/cdn/shop/files/8905564768668.jpg?v=1779105541","","0","Protocol-Relative","//body/main/div[@id='shopify-section-template--21550394835188__product-grid']/div/div/div/div[@class='collection']/ul/li[5]/div/div/div[2]/div[@class='card__information']/div[@id='productcardcolor_8904878784756']/div/div/img","Content","HTML","","",""
"Image","https://inc5shop.com/collections/the-prime-fit-collection","https://inc5shop.com/cdn/shop/files/8909131225516.jpg?v=1778871483","","0","Protocol-Relative","//body/main/div[@id='shopify-section-template--21550394835188__product-grid']/div/div/div/div[@class='collection']/ul/li[4]/div/div/div[2]/div[@class='card__information']/div[@id='productcardcolor_8957733994740']/div/div/img","Content","HTML","","",""
"Image","https://inc5shop.com/collections/the-prime-fit-collection","https://inc5shop.com/cdn/shop/files/8909131225516.jpg?v=1778871483","","0","Protocol-Relative","//body/main/div[@id='shopify-section-template--21550394835188__product-grid']/div/div/div/div[@class='collection']/ul/li[24]/div/div/div[2]/div[@class='card__information']/div[@id='productcardcolor_8957733961972']/div/img","Content","HTML","","",""
"Image","https://inc5shop.com/collections/the-prime-fit-collection","https://inc5shop.com/cdn/shop/files/8909131225448.jpg?v=1778871454","","0","Protocol-Relative","//body/main/div[@id='shopify-section-template--21550394835188__product-grid']/div/div/div/div[@class='collection']/ul/li[4]/div/div/div[2]/div[@class='card__information']/div[@id='productcardcolor_8957733994740']/div/img","Content","HTML","","",""
"Image","https://inc5shop.com/collections/the-prime-fit-collection","https://inc5shop.com/cdn/shop/files/8909131225448.jpg?v=1778871454","","0","Protocol-Relative","//body/main/div[@id='shopify-section-template--21550394835188__product-grid']/div/div/div/div[@class='collection']/ul/li[24]/div/div/div[2]/div[@class='card__information']/div[@id='productcardcolor_8957733961972']/div/div/img","Content","HTML","","",""
"Image","https://inc5shop.com/collections/the-prime-fit-collection","https://inc5shop.com/cdn/shop/files/8909131225301.jpg?v=1778871347","","0","Protocol-Relative","//body/main/div[@id='shopify-section-template--21550394835188__product-grid']/div/div/div/div[@class='collection']/ul/li[8]/div/div/div[2]/div[@class='card__information']/div[@id='productcardcolor_8957733896436']/div/div/img","Content","HTML","","",""
"Image","https://inc5shop.com/collections/the-prime-fit-collection","https://inc5shop.com/cdn/shop/files/8909131225301.jpg?v=1778871347","","0","Protocol-Relative","//body/main/div[@id='shopify-section-template--21550394835188__product-grid']/div/div/div/div[@class='collection']/ul/li[15]/div/div/div[2]/div[@class='card__information']/div[@id='productcardcolor_8957733929204']/div/img","Content","HTML","","",""
"Image","https://inc5shop.com/collections/the-prime-fit-collection","https://inc5shop.com/cdn/shop/files/8909131225370.jpg?v=1778871389","","0","Protocol-Relative","//body/main/div[@id='shopify-section-template--21550394835188__product-grid']/div/div/div/div[@class='collection']/ul/li[8]/div/div/div[2]/div[@class='card__information']/div[@id='productcardcolor_8957733896436']/div/img","Content","HTML","","",""
"Image","https://inc5shop.com/collections/the-prime-fit-collection","https://inc5shop.com/cdn/shop/files/8909131225370.jpg?v=1778871389","","0","Protocol-Relative","//body/main/div[@id='shopify-section-template--21550394835188__product-grid']/div/div/div/div[@class='collection']/ul/li[15]/div/div/div[2]/div[@class='card__information']/div[@id='productcardcolor_8957733929204']/div/div/img","Content","HTML","","",""
"Image","https://inc5shop.com/collections/womens-mules","https://inc5shop.com/cdn/shop/files/601021_Pewter_1_e7175da5-c1f4-40cf-8f52-0267ebf83546.jpg?v=1755491174","","0","Protocol-Relative","//body/main/div[@id='shopify-section-template--21550394835188__product-grid']/div/div/div/div[@class='collection']/ul/li[12]/div/div/div[2]/div[@class='card__information']/div[@id='productcardcolor_8983892230388']/div/div/img","Content","HTML","","",""
"Image","https://inc5shop.com/collections/womens-flats","https://inc5shop.com/cdn/shop/files/601021_Pewter_1_e7175da5-c1f4-40cf-8f52-0267ebf83546.jpg?v=1755491174","","0","Protocol-Relative","//body/main/div[@id='shopify-section-template--21550394835188__product-grid']/div/div/div/div[@class='collection']/ul/li[6]/div/div/div[2]/div[@class='card__information']/div[@id='productcardcolor_8983892230388']/div/div/img","Content","HTML","","",""
"Image","https://inc5shop.com/collections/womens-flats","https://inc5shop.com/cdn/shop/files/601021_Pewter_1_e7175da5-c1f4-40cf-8f52-0267ebf83546.jpg?v=1755491174","","0","Protocol-Relative","//body/main/div[@id='shopify-section-template--21550394835188__product-grid']/div/div/div/div[@class='collection']/ul/li[24]/div/div/div[2]/div[@class='card__information']/div[@id='productcardcolor_8983892328692']/div/img","Content","HTML","","",""
"Image","https://inc5shop.com/collections/womens-mules","https://inc5shop.com/cdn/shop/files/601021_Rose_Gold_1_c0cf6a5a-101a-445f-93eb-1003c2fdb545.jpg?v=1755491173","","0","Protocol-Relative","//body/main/div[@id='shopify-section-template--21550394835188__product-grid']/div/div/div/div[@class='collection']/ul/li[12]/div/div/div[2]/div[@class='card__information']/div[@id='productcardcolor_8983892230388']/div/img","Content","HTML","","",""
"Image","https://inc5shop.com/collections/womens-flats","https://inc5shop.com/cdn/shop/files/601021_Rose_Gold_1_c0cf6a5a-101a-445f-93eb-1003c2fdb545.jpg?v=1755491173","","0","Protocol-Relative","//body/main/div[@id='shopify-section-template--21550394835188__product-grid']/div/div/div/div[@class='collection']/ul/li[6]/div/div/div[2]/div[@class='card__information']/div[@id='productcardcolor_8983892230388']/div/img","Content","HTML","","",""
"Image","https://inc5shop.com/collections/womens-flats","https://inc5shop.com/cdn/shop/files/601021_Rose_Gold_1_c0cf6a5a-101a-445f-93eb-1003c2fdb545.jpg?v=1755491173","","0","Protocol-Relative","//body/main/div[@id='shopify-section-template--21550394835188__product-grid']/div/div/div/div[@class='collection']/ul/li[24]/div/div/div[2]/div[@class='card__information']/div[@id='productcardcolor_8983892328692']/div/div/img","Content","HTML","","",""
"Image","https://inc5shop.com/collections/transparent-heel-for-women","https://inc5shop.com/cdn/shop/files/300938SILVER_1_73d9f592-d062-4c93-88f7-39f512edc5f8.jpg?v=1755491573","","0","Protocol-Relative","//body/main/div[@id='shopify-section-template--21550394835188__product-grid']/div/div/div/div[@class='collection']/ul/li[6]/div/div/div[2]/div[@class='card__information']/div[@id='productcardcolor_8941654507764']/div/div/img","Content","HTML","","",""
"Image","https://inc5shop.com/collections/transparent-heel-for-women","https://inc5shop.com/cdn/shop/files/300938SILVER_1_73d9f592-d062-4c93-88f7-39f512edc5f8.jpg?v=1755491573","","0","Protocol-Relative","//body/main/div[@id='shopify-section-template--21550394835188__product-grid']/div/div/div/div[@class='collection']/ul/li[7]/div/div/div[2]/div[@class='card__information']/div[@id='productcardcolor_8941654409460']/div/img","Content","HTML","","",""
"Image","https://inc5shop.com/collections/transparent-heel-for-women","https://inc5shop.com/cdn/shop/files/Myntra_size_AI_IMAGES_-_2025-05-20T161044.135.png?v=1755491575","","0","Protocol-Relative","//body/main/div[@id='shopify-section-template--21550394835188__product-grid']/div/div/div/div[@class='collection']/ul/li[6]/div/div/div[2]/div[@class='card__information']/div[@id='productcardcolor_8941654507764']/div/img","Content","HTML","","",""
"Image","https://inc5shop.com/collections/transparent-heel-for-women","https://inc5shop.com/cdn/shop/files/Myntra_size_AI_IMAGES_-_2025-05-20T161044.135.png?v=1755491575","","0","Protocol-Relative","//body/main/div[@id='shopify-section-template--21550394835188__product-grid']/div/div/div/div[@class='collection']/ul/li[7]/div/div/div[2]/div[@class='card__information']/div[@id='productcardcolor_8941654409460']/div/div/img","Content","HTML","","",""
"Image","https://inc5shop.com/collections/transparent-heel-for-women","https://inc5shop.com/cdn/shop/files/102020_GREEN_06b5ecf1-bcf8-40d9-9aad-432c615abd23.jpg?v=1755492038","","0","Protocol-Relative","//body/main/div[@id='shopify-section-template--21550394835188__product-grid']/div/div/div/div[@class='collection']/ul/li[8]/div/div/div[2]/div[@class='card__information']/div[@id='productcardcolor_8760586567924']/div/div/img","Content","HTML","","",""
"Image","https://inc5shop.com/collections/transparent-heel-for-women","https://inc5shop.com/cdn/shop/files/102020_BEIGE_ffa3ba00-74bb-467f-a3a5-194fa19620c3.jpg?v=1755492040","","0","Protocol-Relative","//body/main/div[@id='shopify-section-template--21550394835188__product-grid']/div/div/div/div[@class='collection']/ul/li[8]/div/div/div[2]/div[@class='card__information']/div[@id='productcardcolor_8760586567924']/div/img[1]","Content","HTML","","",""
"Image","https://inc5shop.com/collections/transparent-heel-for-women","https://inc5shop.com/cdn/shop/files/102020_Cream_1_9f0d7410-3535-4296-b55d-86687732abd2.jpg?v=1755491076","","0","Protocol-Relative","//body/main/div[@id='shopify-section-template--21550394835188__product-grid']/div/div/div/div[@class='collection']/ul/li[8]/div/div/div[2]/div[@class='card__information']/div[@id='productcardcolor_8760586567924']/div/img[2]","Content","HTML","","",""
"Image","https://inc5shop.com/collections/transparent-heel-for-women","https://inc5shop.com/cdn/shop/files/300896_BEIGE_557d83e4-d06e-4136-94a4-7357045555b5.jpg?v=1755490488","","0","Protocol-Relative","//body/main/div[@id='shopify-section-template--21550394835188__product-grid']/div/div/div/div[@class='collection']/ul/li[17]/div/div/div[2]/div[@class='card__information']/div[@id='productcardcolor_9063280181492']/div/div/img","Content","HTML","","",""
"Image","https://inc5shop.com/collections/transparent-heel-for-women","https://inc5shop.com/cdn/shop/files/A-102013_Black_1_8c9480c6-f4b9-4652-a3f7-e746f3dc4460.jpg?v=1755491823","","0","Protocol-Relative","//body/main/div[@id='shopify-section-template--21550394835188__product-grid']/div/div/div/div[@class='collection']/ul/li[18]/div/div/div[2]/div[@class='card__information']/div[@id='productcardcolor_8884681638132']/div/div/img","Content","HTML","","",""
"Image","https://inc5shop.com/collections/transparent-heel-for-women","https://inc5shop.com/cdn/shop/files/A-102013_Black_1_8c9480c6-f4b9-4652-a3f7-e746f3dc4460.jpg?v=1755491823","","0","Protocol-Relative","//body/main/div[@id='shopify-section-template--21550394835188__product-grid']/div/div/div/div[@class='collection']/ul/li[19]/div/div/div[2]/div[@class='card__information']/div[@id='productcardcolor_8884681605364']/div/img","Content","HTML","","",""
"Image","https://inc5shop.com/collections/transparent-heel-for-women","https://inc5shop.com/cdn/shop/files/102013CREAM_1_46a38090-7c1f-4160-b229-bda7c365a759.jpg?v=1755491824","","0","Protocol-Relative","//body/main/div[@id='shopify-section-template--21550394835188__product-grid']/div/div/div/div[@class='collection']/ul/li[18]/div/div/div[2]/div[@class='card__information']/div[@id='productcardcolor_8884681638132']/div/img","Content","HTML","","",""
"Image","https://inc5shop.com/collections/transparent-heel-for-women","https://inc5shop.com/cdn/shop/files/102013CREAM_1_46a38090-7c1f-4160-b229-bda7c365a759.jpg?v=1755491824","","0","Protocol-Relative","//body/main/div[@id='shopify-section-template--21550394835188__product-grid']/div/div/div/div[@class='collection']/ul/li[19]/div/div/div[2]/div[@class='card__information']/div[@id='productcardcolor_8884681605364']/div/div/img","Content","HTML","","",""
"Image","https://inc5shop.com/collections/transparent-heel-for-women","https://inc5shop.com/cdn/shop/files/300796_SILVER_8a801cca-b76a-4555-811a-257dabe080a3.jpg?v=1755492181","","0","Protocol-Relative","//body/main/div[@id='shopify-section-template--21550394835188__product-grid']/div/div/div/div[@class='collection']/ul/li[20]/div/div/div[2]/div[@class='card__information']/div[@id='productcardcolor_8403911803124']/div/div/img","Content","HTML","","",""
"Image","https://inc5shop.com/collections/transparent-heel-for-women","https://inc5shop.com/cdn/shop/files/300796_SILVER_8a801cca-b76a-4555-811a-257dabe080a3.jpg?v=1755492181","","0","Protocol-Relative","//body/main/div[@id='shopify-section-template--21550394835188__product-grid']/div/div/div/div[@class='collection']/ul/li[21]/div/div/div[2]/div[@class='card__information']/div[@id='productcardcolor_8403911704820']/div/img","Content","HTML","","",""
"Image","https://inc5shop.com/collections/transparent-heel-for-women","https://inc5shop.com/cdn/shop/files/300796_ROSE_GOLD_fd2c16db-80b3-4076-9a86-bf9702b18b69.jpg?v=1755492183","","0","Protocol-Relative","//body/main/div[@id='shopify-section-template--21550394835188__product-grid']/div/div/div/div[@class='collection']/ul/li[20]/div/div/div[2]/div[@class='card__information']/div[@id='productcardcolor_8403911803124']/div/img","Content","HTML","","",""
"Image","https://inc5shop.com/collections/transparent-heel-for-women","https://inc5shop.com/cdn/shop/files/300796_ROSE_GOLD_fd2c16db-80b3-4076-9a86-bf9702b18b69.jpg?v=1755492183","","0","Protocol-Relative","//body/main/div[@id='shopify-section-template--21550394835188__product-grid']/div/div/div/div[@class='collection']/ul/li[21]/div/div/div[2]/div[@class='card__information']/div[@id='productcardcolor_8403911704820']/div/div/img","Content","HTML","","",""
"Image","https://inc5shop.com/collections/transparent-heel-for-women","https://inc5shop.com/cdn/shop/files/300793_GOLD_134b11d5-3d92-4934-a599-6fd62f010362.jpg?v=1755492187","","0","Protocol-Relative","//body/main/div[@id='shopify-section-template--21550394835188__product-grid']/div/div/div/div[@class='collection']/ul/li[22]/div/div/div[2]/div[@class='card__information']/div[@id='productcardcolor_8403911540980']/div/div/img","Content","HTML","","",""
"Image","https://inc5shop.com/collections/transparent-heel-for-women","https://inc5shop.com/cdn/shop/files/300793_ROSE_GOLD_1d56c297-7a63-4d07-af58-4c68de459c52.jpg?v=1755492185","","0","Protocol-Relative","//body/main/div[@id='shopify-section-template--21550394835188__product-grid']/div/div/div/div[@class='collection']/ul/li[22]/div/div/div[2]/div[@class='card__information']/div[@id='productcardcolor_8403911540980']/div/img","Content","HTML","","",""
"Image","https://inc5shop.com/collections/transparent-heel-for-women","https://inc5shop.com/cdn/shop/files/300701DARK_BEIGE_1_2073ddef-cae3-443b-9772-bb53cf315f9c.jpg?v=1755492386","","0","Protocol-Relative","//body/main/div[@id='shopify-section-template--21550394835188__product-grid']/div/div/div/div[@class='collection']/ul/li[23]/div/div/div[2]/div[@class='card__information']/div[@id='productcardcolor_8086713532660']/div/div/img","Content","HTML","","",""
"Image","https://inc5shop.com/collections/flat-50","https://inc5shop.com/cdn/shop/files/RO019_BROWN_1_a6b070a9-87fc-4e60-aa8b-4f83779e883a.jpg?v=1757570896","","0","Protocol-Relative","//body/main/div[@id='shopify-section-template--21550394835188__product-grid']/div/div/div/div[@class='collection']/ul/li[1]/div/div/div[2]/div[@class='card__information']/div[@id='productcardcolor_8412375548148']/div/div/img","Content","HTML","","",""
"Image","https://inc5shop.com/collections/flat-50","https://inc5shop.com/cdn/shop/files/RO019_BROWN_1_a6b070a9-87fc-4e60-aa8b-4f83779e883a.jpg?v=1757570896","","0","Protocol-Relative","//body/main/div[@id='shopify-section-template--21550394835188__product-grid']/div/div/div/div[@class='collection']/ul/li[5]/div/div/div[2]/div[@class='card__information']/div[@id='productcardcolor_8412375908596']/div/img","Content","HTML","","",""
"Image","https://inc5shop.com/collections/flat-50","https://inc5shop.com/cdn/shop/files/8905564873140.png?v=1778069274","","0","Protocol-Relative","//body/main/div[@id='shopify-section-template--21550394835188__product-grid']/div/div/div/div[@class='collection']/ul/li[1]/div/div/div[2]/div[@class='card__information']/div[@id='productcardcolor_8412375548148']/div/img","Content","HTML","","",""
"Image","https://inc5shop.com/collections/flat-50","https://inc5shop.com/cdn/shop/files/8905564873140.png?v=1778069274","","0","Protocol-Relative","//body/main/div[@id='shopify-section-template--21550394835188__product-grid']/div/div/div/div[@class='collection']/ul/li[5]/div/div/div[2]/div[@class='card__information']/div[@id='productcardcolor_8412375908596']/div/div/img","Content","HTML","","",""
"Image","https://inc5shop.com/collections/flat-50","https://inc5shop.com/cdn/shop/files/8905564770838.jpg?v=1778674624","","0","Protocol-Relative","//body/main/div[@id='shopify-section-template--21550394835188__product-grid']/div/div/div/div[@class='collection']/ul/li[3]/div/div/div[2]/div[@class='card__information']/div[@id='productcardcolor_8260296311028']/div/div/img","Content","HTML","","",""
"Image","https://inc5shop.com/collections/flat-50","https://inc5shop.com/cdn/shop/files/SHAW_CHERRY_1_c1272f1c-d5b7-476d-84ea-78a170ad051b.jpg?v=1757570771","","0","Protocol-Relative","//body/main/div[@id='shopify-section-template--21550394835188__product-grid']/div/div/div/div[@class='collection']/ul/li[3]/div/div/div[2]/div[@class='card__information']/div[@id='productcardcolor_8260296311028']/div/img","Content","HTML","","",""
"Image","https://inc5shop.com/collections/flat-50","https://inc5shop.com/cdn/shop/files/8905564768910.jpg?v=1778674558","","0","Protocol-Relative","//body/main/div[@id='shopify-section-template--21550394835188__product-grid']/div/div/div/div[@class='collection']/ul/li[4]/div/div/div[2]/div[@class='card__information']/div[@id='productcardcolor_8412374204660']/div/div/img","Content","HTML","","",""
"Image","https://inc5shop.com/collections/flat-50","https://inc5shop.com/cdn/shop/files/8905564768910.jpg?v=1778674558","","0","Protocol-Relative","//body/main/div[@id='shopify-section-template--21550394835188__product-grid']/div/div/div/div[@class='collection']/ul/li[9]/div/div/div[2]/div[@class='card__information']/div[@id='productcardcolor_8412373909748']/div/img","Content","HTML","","",""
"Image","https://inc5shop.com/collections/flat-50","https://inc5shop.com/cdn/shop/files/8905564768989.jpg?v=1778674591","","0","Protocol-Relative","//body/main/div[@id='shopify-section-template--21550394835188__product-grid']/div/div/div/div[@class='collection']/ul/li[4]/div/div/div[2]/div[@class='card__information']/div[@id='productcardcolor_8412374204660']/div/img","Content","HTML","","",""
"Image","https://inc5shop.com/collections/flat-50","https://inc5shop.com/cdn/shop/files/8905564768989.jpg?v=1778674591","","0","Protocol-Relative","//body/main/div[@id='shopify-section-template--21550394835188__product-grid']/div/div/div/div[@class='collection']/ul/li[9]/div/div/div[2]/div[@class='card__information']/div[@id='productcardcolor_8412373909748']/div/div/img","Content","HTML","","",""
"Image","https://inc5shop.com/collections/flat-50","https://inc5shop.com/cdn/shop/files/8909131074091.jpg?v=1778674759","","0","Protocol-Relative","//body/main/div[@id='shopify-section-template--21550394835188__product-grid']/div/div/div/div[@class='collection']/ul/li[6]/div/div/div[2]/div[@class='card__information']/div[@id='productcardcolor_8905600106740']/div/div/img","Content","HTML","","",""
"Image","https://inc5shop.com/collections/flat-50","https://inc5shop.com/cdn/shop/files/8905564971419.jpg?v=1778693781","","0","Protocol-Relative","//body/main/div[@id='shopify-section-template--21550394835188__product-grid']/div/div/div/div[@class='collection']/ul/li[7]/div/div/div[2]/div[@class='card__information']/div[@id='productcardcolor_8905592242420']/div/div/img","Content","HTML","","",""
"Image","https://inc5shop.com/collections/flat-50","https://inc5shop.com/cdn/shop/files/8905564971419.jpg?v=1778693781","","0","Protocol-Relative","//body/main/div[@id='shopify-section-template--21550394835188__product-grid']/div/div/div/div[@class='collection']/ul/li[22]/div/div/div[2]/div[@class='card__information']/div[@id='productcardcolor_8796001894644']/div/img","Content","HTML","","",""
"Image","https://inc5shop.com/collections/flat-50","https://inc5shop.com/cdn/shop/files/8905564971334.png?v=1778048629","","0","Protocol-Relative","//body/main/div[@id='shopify-section-template--21550394835188__product-grid']/div/div/div/div[@class='collection']/ul/li[7]/div/div/div[2]/div[@class='card__information']/div[@id='productcardcolor_8905592242420']/div/img","Content","HTML","","",""
"Image","https://inc5shop.com/collections/flat-50","https://inc5shop.com/cdn/shop/files/8905564971334.png?v=1778048629","","0","Protocol-Relative","//body/main/div[@id='shopify-section-template--21550394835188__product-grid']/div/div/div/div[@class='collection']/ul/li[22]/div/div/div[2]/div[@class='card__information']/div[@id='productcardcolor_8796001894644']/div/div/img","Content","HTML","","",""
"Image","https://inc5shop.com/collections/flat-50","https://inc5shop.com/cdn/shop/files/8905564770982.jpg?v=1778674658","","0","Protocol-Relative","//body/main/div[@id='shopify-section-template--21550394835188__product-grid']/div/div/div/div[@class='collection']/ul/li[8]/div/div/div[2]/div[@class='card__information']/div[@id='productcardcolor_8412375023860']/div/div/img","Content","HTML","","",""
"Image","https://inc5shop.com/collections/flat-50","https://inc5shop.com/cdn/shop/files/8905564769719.jpg?v=1778693499","","0","Protocol-Relative","//body/main/div[@id='shopify-section-template--21550394835188__product-grid']/div/div/div/div[@class='collection']/ul/li[13]/div/div/div[2]/div[@class='card__information']/div[@id='productcardcolor_8904847425780']/div/div/img","Content","HTML","","",""
"Image","https://inc5shop.com/collections/flat-50","https://inc5shop.com/cdn/shop/files/23428_BLUE-BEIGE_1_44783fd6-7a46-465f-aae6-947ee3fc1ecf.jpg?v=1757655231","","0","Protocol-Relative","//body/main/div[@id='shopify-section-template--21550394835188__product-grid']/div/div/div/div[@class='collection']/ul/li[14]/div/div/div[2]/div[@class='card__information']/div[@id='productcardcolor_8796003107060']/div/div/img","Content","HTML","","",""
"Image","https://inc5shop.com/collections/flat-50","https://inc5shop.com/cdn/shop/files/NERO_TAN_1_0ff7c38b-e617-4e32-9f3e-1538d7f367df.jpg?v=1757571540","","0","Protocol-Relative","//body/main/div[@id='shopify-section-template--21550394835188__product-grid']/div/div/div/div[@class='collection']/ul/li[15]/div/div/div[2]/div[@class='card__information']/div[@id='productcardcolor_8796001370356']/div/div/img","Content","HTML","","",""
"Image","https://inc5shop.com/collections/flat-50","https://inc5shop.com/cdn/shop/files/5030-Brown_18f259e8-efad-476a-b295-d43fc10520e5.jpg?v=1755484990","","0","Protocol-Relative","//body/main/div[@id='shopify-section-template--21550394835188__product-grid']/div/div/div/div[@class='collection']/ul/li[16]/div/div/div[2]/div[@class='card__information']/div[@id='productcardcolor_8578219147508']/div/div/img","Content","HTML","","",""
"Image","https://inc5shop.com/collections/flat-50","https://inc5shop.com/cdn/shop/files/13405_CHERRY_1.jpg?v=1757568180","","0","Protocol-Relative","//body/main/div[@id='shopify-section-template--21550394835188__product-grid']/div/div/div/div[@class='collection']/ul/li[19]/div/div/div[2]/div[@class='card__information']/div[@id='productcardcolor_8396617220340']/div/div/img","Content","HTML","","",""
"Image","https://inc5shop.com/collections/flat-50","https://inc5shop.com/cdn/shop/files/15282_TAN_1.jpg?v=1757659643","","0","Protocol-Relative","//body/main/div[@id='shopify-section-template--21550394835188__product-grid']/div/div/div/div[@class='collection']/ul/li[20]/div/div/div[2]/div[@class='card__information']/div[@id='productcardcolor_8166427853044']/div/div/img","Content","HTML","","",""
"Image","https://inc5shop.com/collections/flat-50","https://inc5shop.com/cdn/shop/files/13428_WINE_1.jpg?v=1757662706","","0","Protocol-Relative","//body/main/div[@id='shopify-section-template--21550394835188__product-grid']/div/div/div/div[@class='collection']/ul/li[21]/div/div/div[2]/div[@class='card__information']/div[@id='productcardcolor_7591815774452']/div/div/img","Content","HTML","","",""
"Image","https://inc5shop.com/collections/flat-50","https://inc5shop.com/cdn/shop/files/13428_BLACK_1.jpg?v=1757662755","","0","Protocol-Relative","//body/main/div[@id='shopify-section-template--21550394835188__product-grid']/div/div/div/div[@class='collection']/ul/li[21]/div/div/div[2]/div[@class='card__information']/div[@id='productcardcolor_7591815774452']/div/img","Content","HTML","","",""
"Image","https://inc5shop.com/collections/flat-50","https://inc5shop.com/cdn/shop/files/8905564926563.png?v=1778404127","","0","Protocol-Relative","//body/main/div[@id='shopify-section-template--21550394835188__product-grid']/div/div/div/div[@class='collection']/ul/li[23]/div/div/div[2]/div[@class='card__information']/div[@id='productcardcolor_8412369748212']/div/div/img","Content","HTML","","",""
"Image","https://inc5shop.com/collections/womens-flats","https://inc5shop.com/cdn/shop/files/INC_800604_Blue_1_01253884-f866-450c-9c28-36a732ab37c2.jpg?v=1755491437","","0","Protocol-Relative","//body/main/div[@id='shopify-section-template--21550394835188__product-grid']/div/div/div/div[@class='collection']/ul/li[7]/div/div/div[2]/div[@class='card__information']/div[@id='productcardcolor_8964762009844']/div/div/img","Content","HTML","","",""
"Image","https://inc5shop.com/collections/womens-flats","https://inc5shop.com/cdn/shop/files/INC_800604_Black_1_30781e5a-7904-476f-ad3e-8e6460dfa710.jpg?v=1755491439","","0","Protocol-Relative","//body/main/div[@id='shopify-section-template--21550394835188__product-grid']/div/div/div/div[@class='collection']/ul/li[7]/div/div/div[2]/div[@class='card__information']/div[@id='productcardcolor_8964762009844']/div/img","Content","HTML","","",""
"Image","https://inc5shop.com/collections/mens-formals","https://inc5shop.com/cdn/shop/files/ND725_Black_1c4139e5-9784-4c1c-b077-059b8c67ab79.jpg?v=1755484105","","0","Protocol-Relative","//body/main/div[@id='shopify-section-template--21550394835188__product-grid']/div/div/div/div[@class='collection']/ul/li[16]/div/div/div[2]/div[@class='card__information']/div[@id='productcardcolor_8578224390388']/div/div/img","Content","HTML","","",""
"Image","https://inc5shop.com/collections/mens-formals","https://inc5shop.com/cdn/shop/files/ND725_Tan_29245d71-a978-488c-ae5d-abb131d1f646.jpg?v=1755484104","","0","Protocol-Relative","//body/main/div[@id='shopify-section-template--21550394835188__product-grid']/div/div/div/div[@class='collection']/ul/li[16]/div/div/div[2]/div[@class='card__information']/div[@id='productcardcolor_8578224390388']/div/img","Content","HTML","","",""
"Image","https://inc5shop.com/collections/shop-our-bestsellers","https://inc5shop.com/cdn/shop/files/101997_BLACK_28c5d911-b184-4065-bd6f-30eda575e755.jpg?v=1755490591","","0","Protocol-Relative","//body/main/div[@id='shopify-section-template--21550394835188__product-grid']/div/div/div/div[@class='collection']/ul/li[1]/div/div/div[2]/div[@class='card__information']/div[@id='productcardcolor_9063271858420']/div/div/img","Content","HTML","","",""
"Image","https://inc5shop.com/collections/shop-our-bestsellers","https://inc5shop.com/cdn/shop/files/INC_101997_Beige_1_136a1649-207b-4555-9dba-f462c70c755f.jpg?v=1755491406","","0","Protocol-Relative","//body/main/div[@id='shopify-section-template--21550394835188__product-grid']/div/div/div/div[@class='collection']/ul/li[1]/div/div/div[2]/div[@class='card__information']/div[@id='productcardcolor_9063271858420']/div/img","Content","HTML","","",""
"Image","https://inc5shop.com/collections/shop-our-bestsellers","https://inc5shop.com/cdn/shop/files/INC-102168_Green_1_5911c5d0-c8e0-4455-bff1-212caff5d934.jpg?v=1755491731","","0","Protocol-Relative","//body/main/div[@id='shopify-section-template--21550394835188__product-grid']/div/div/div/div[@class='collection']/ul/li[2]/div/div/div[2]/div[@class='card__information']/div[@id='productcardcolor_8897954152692']/div/div/img","Content","HTML","","",""
"Image","https://inc5shop.com/collections/shop-our-bestsellers","https://inc5shop.com/cdn/shop/files/102168_Beige_1_a7ad2baf-de3e-45a4-a381-bd8af51b86dd.jpg?v=1756808014","","0","Protocol-Relative","//body/main/div[@id='shopify-section-template--21550394835188__product-grid']/div/div/div/div[@class='collection']/ul/li[2]/div/div/div[2]/div[@class='card__information']/div[@id='productcardcolor_8897954152692']/div/img","Content","HTML","","",""
"Image","https://inc5shop.com/collections/shop-our-bestsellers","https://inc5shop.com/cdn/shop/files/B-600898_Maroon_1_66cd9729-7496-4aca-93a1-f00b9aee201f.jpg?v=1755491790","","0","Protocol-Relative","//body/main/div[@id='shopify-section-template--21550394835188__product-grid']/div/div/div/div[@class='collection']/ul/li[3]/div/div/div[2]/div[@class='card__information']/div[@id='productcardcolor_8887843291380']/div/div/img","Content","HTML","","",""
"Image","https://inc5shop.com/collections/shop-our-bestsellers","https://inc5shop.com/cdn/shop/files/B-600898_Green_1_9263399a-9baa-4873-a351-7af51107c940.jpg?v=1755491792","","0","Protocol-Relative","//body/main/div[@id='shopify-section-template--21550394835188__product-grid']/div/div/div/div[@class='collection']/ul/li[3]/div/div/div[2]/div[@class='card__information']/div[@id='productcardcolor_8887843291380']/div/img","Content","HTML","","",""
"Image","https://inc5shop.com/collections/shop-our-bestsellers","https://inc5shop.com/cdn/shop/files/101844_BEIGE_17d95b88-9187-4c54-92de-7e80efae1f2a.jpg?v=1755492100","","0","Protocol-Relative","//body/main/div[@id='shopify-section-template--21550394835188__product-grid']/div/div/div/div[@class='collection']/ul/li[5]/div/div/div[2]/div[@class='card__information']/div[@id='productcardcolor_8727886954740']/div/div/img","Content","HTML","","",""
"Image","https://inc5shop.com/collections/shop-our-bestsellers","https://inc5shop.com/cdn/shop/files/101844BLACK_1_9bf65220-cb25-4c52-862f-b3a36b256c62.jpg?v=1755492099","","0","Protocol-Relative","//body/main/div[@id='shopify-section-template--21550394835188__product-grid']/div/div/div/div[@class='collection']/ul/li[5]/div/div/div[2]/div[@class='card__information']/div[@id='productcardcolor_8727886954740']/div/img","Content","HTML","","",""
"Image","https://inc5shop.com/collections/shop-our-bestsellers","https://inc5shop.com/cdn/shop/files/601010_BLACK_0a12e3ed-f2e9-4247-bae8-5b61df76b8c5.jpg?v=1755490429","","0","Protocol-Relative","//body/main/div[@id='shopify-section-template--21550394835188__product-grid']/div/div/div/div[@class='collection']/ul/li[11]/div/div/div[2]/div[@class='card__information']/div[@id='productcardcolor_9063295287540']/div/div/img","Content","HTML","","",""
"Image","https://inc5shop.com/collections/shop-our-bestsellers","https://inc5shop.com/cdn/shop/files/601010_Gold_1_46b5f260-3aac-47fe-971a-19a478d5c09d.jpg?v=1755491184","","0","Protocol-Relative","//body/main/div[@id='shopify-section-template--21550394835188__product-grid']/div/div/div/div[@class='collection']/ul/li[11]/div/div/div[2]/div[@class='card__information']/div[@id='productcardcolor_9063295287540']/div/img","Content","HTML","","",""
"Image","https://inc5shop.com/collections/shop-our-bestsellers","https://inc5shop.com/cdn/shop/files/102298_SILVER_c4aa7014-d008-4fb7-9425-8db09c017735.jpg?v=1755490515","","0","Protocol-Relative","//body/main/div[@id='shopify-section-template--21550394835188__product-grid']/div/div/div/div[@class='collection']/ul/li[12]/div/div/div[2]/div[@class='card__information']/div[@id='productcardcolor_9063277920500']/div/div/img","Content","HTML","","",""
"Image","https://inc5shop.com/collections/shop-our-bestsellers","https://inc5shop.com/cdn/shop/files/INC_102298_Antique_1_17cea0a2-f545-41ae-8c94-89904efc2dea.jpg?v=1755491363","","0","Protocol-Relative","//body/main/div[@id='shopify-section-template--21550394835188__product-grid']/div/div/div/div[@class='collection']/ul/li[12]/div/div/div[2]/div[@class='card__information']/div[@id='productcardcolor_9063277920500']/div/img[1]","Content","HTML","","",""
"Image","https://inc5shop.com/collections/shop-our-bestsellers","https://inc5shop.com/cdn/shop/files/INC_102298_Pewter_1_2ae7df3a-1244-4112-bcb7-3dfc7971d9fa.jpg?v=1755491361","","0","Protocol-Relative","//body/main/div[@id='shopify-section-template--21550394835188__product-grid']/div/div/div/div[@class='collection']/ul/li[12]/div/div/div[2]/div[@class='card__information']/div[@id='productcardcolor_9063277920500']/div/img[2]","Content","HTML","","",""
"Image","https://inc5shop.com/collections/shop-our-bestsellers","https://inc5shop.com/cdn/shop/files/102211_BLACK_a5062bdb-fe53-45bb-9fe6-ea4f6e71ffc3.jpg?v=1755490552","","0","Protocol-Relative","//body/main/div[@id='shopify-section-template--21550394835188__product-grid']/div/div/div/div[@class='collection']/ul/li[13]/div/div/div[2]/div[@class='card__information']/div[@id='productcardcolor_9063274479860']/div/div/img","Content","HTML","","",""
"Image","https://inc5shop.com/collections/shop-our-bestsellers","https://inc5shop.com/cdn/shop/files/102211_BLACK_a5062bdb-fe53-45bb-9fe6-ea4f6e71ffc3.jpg?v=1755490552","","0","Protocol-Relative","//body/main/div[@id='shopify-section-template--21550394835188__product-grid']/div/div/div/div[@class='collection']/ul/li[16]/div/div/div[2]/div[@class='card__information']/div[@id='productcardcolor_8983883677940']/div/img","Content","HTML","","",""
"Image","https://inc5shop.com/collections/shop-our-bestsellers","https://inc5shop.com/cdn/shop/files/102211_Beige_1_84b002b7-a83f-4d02-a9bb-b9175942e995.jpg?v=1755491248","","0","Protocol-Relative","//body/main/div[@id='shopify-section-template--21550394835188__product-grid']/div/div/div/div[@class='collection']/ul/li[13]/div/div/div[2]/div[@class='card__information']/div[@id='productcardcolor_9063274479860']/div/img","Content","HTML","","",""
"Image","https://inc5shop.com/collections/shop-our-bestsellers","https://inc5shop.com/cdn/shop/files/102211_Beige_1_84b002b7-a83f-4d02-a9bb-b9175942e995.jpg?v=1755491248","","0","Protocol-Relative","//body/main/div[@id='shopify-section-template--21550394835188__product-grid']/div/div/div/div[@class='collection']/ul/li[16]/div/div/div[2]/div[@class='card__information']/div[@id='productcardcolor_8983883677940']/div/div/img","Content","HTML","","",""
"Image","https://inc5shop.com/collections/shop-our-bestsellers","https://inc5shop.com/cdn/shop/files/800515_Beige_1_b29f01b2-a85c-491c-8be6-6ed79148d6ee.jpg?v=1755490732","","0","Protocol-Relative","//body/main/div[@id='shopify-section-template--21550394835188__product-grid']/div/div/div/div[@class='collection']/ul/li[14]/div/div/div[2]/div[@class='card__information']/div[@id='productcardcolor_9014631661812']/div/div/img","Content","HTML","","",""
"Image","https://inc5shop.com/collections/shop-our-bestsellers","https://inc5shop.com/cdn/shop/files/800515_BLACK_12791c25-8a42-4fe4-9d9d-0d5e2a5e12d5.jpg?v=1755490382","","0","Protocol-Relative","//body/main/div[@id='shopify-section-template--21550394835188__product-grid']/div/div/div/div[@class='collection']/ul/li[14]/div/div/div[2]/div[@class='card__information']/div[@id='productcardcolor_9014631661812']/div/img","Content","HTML","","",""
"Image","https://inc5shop.com/collections/shop-our-bestsellers","https://inc5shop.com/cdn/shop/files/800463_Beige_1_c9b101b8-a1c7-44a2-a89a-d3b9554e6629.jpg?v=1755491154","","0","Protocol-Relative","//body/main/div[@id='shopify-section-template--21550394835188__product-grid']/div/div/div/div[@class='collection']/ul/li[15]/div/div/div[2]/div[@class='card__information']/div[@id='productcardcolor_8983892918516']/div/div/img","Content","HTML","","",""
"Image","https://inc5shop.com/collections/shop-our-bestsellers","https://inc5shop.com/cdn/shop/files/800463_Beige_1_c9b101b8-a1c7-44a2-a89a-d3b9554e6629.jpg?v=1755491154","","0","Protocol-Relative","//body/main/div[@id='shopify-section-template--21550394835188__product-grid']/div/div/div/div[@class='collection']/ul/li[24]/div/div/div[2]/div[@class='card__information']/div[@id='productcardcolor_8727901339892']/div/img[1]","Content","HTML","","",""
"Image","https://inc5shop.com/collections/shop-our-bestsellers","https://inc5shop.com/cdn/shop/files/800463_BLACK_203150c7-b9dd-4ed2-abee-cb479a7f7bf8.jpg?v=1755492094","","0","Protocol-Relative","//body/main/div[@id='shopify-section-template--21550394835188__product-grid']/div/div/div/div[@class='collection']/ul/li[15]/div/div/div[2]/div[@class='card__information']/div[@id='productcardcolor_8983892918516']/div/img[1]","Content","HTML","","",""
"Image","https://inc5shop.com/collections/shop-our-bestsellers","https://inc5shop.com/cdn/shop/files/800463_BLACK_203150c7-b9dd-4ed2-abee-cb479a7f7bf8.jpg?v=1755492094","","0","Protocol-Relative","//body/main/div[@id='shopify-section-template--21550394835188__product-grid']/div/div/div/div[@class='collection']/ul/li[24]/div/div/div[2]/div[@class='card__information']/div[@id='productcardcolor_8727901339892']/div/img[2]","Content","HTML","","",""
"Image","https://inc5shop.com/collections/shop-our-bestsellers","https://inc5shop.com/cdn/shop/files/800463_CHIKOO_fb700d73-f0fc-4ac6-9657-6bcc6abd80d1.jpg?v=1755492093","","0","Protocol-Relative","//body/main/div[@id='shopify-section-template--21550394835188__product-grid']/div/div/div/div[@class='collection']/ul/li[15]/div/div/div[2]/div[@class='card__information']/div[@id='productcardcolor_8983892918516']/div/img[2]","Content","HTML","","",""
"Image","https://inc5shop.com/collections/shop-our-bestsellers","https://inc5shop.com/cdn/shop/files/800463_CHIKOO_fb700d73-f0fc-4ac6-9657-6bcc6abd80d1.jpg?v=1755492093","","0","Protocol-Relative","//body/main/div[@id='shopify-section-template--21550394835188__product-grid']/div/div/div/div[@class='collection']/ul/li[24]/div/div/div[2]/div[@class='card__information']/div[@id='productcardcolor_8727901339892']/div/div/img","Content","HTML","","",""
"Image","https://inc5shop.com/collections/shop-our-bestsellers","https://inc5shop.com/cdn/shop/files/MyntrasizeAIIMAGES-2025-05-20T161958.318.png?v=1755491527","","0","Protocol-Relative","//body/main/div[@id='shopify-section-template--21550394835188__product-grid']/div/div/div/div[@class='collection']/ul/li[17]/div/div/div[2]/div[@class='card__information']/div[@id='productcardcolor_8964720984308']/div/div/img","Content","HTML","","",""
"Image","https://inc5shop.com/collections/shop-our-bestsellers","https://inc5shop.com/cdn/shop/files/MyntrasizeAIIMAGES-2025-05-20T173957.533.png?v=1755491525","","0","Protocol-Relative","//body/main/div[@id='shopify-section-template--21550394835188__product-grid']/div/div/div/div[@class='collection']/ul/li[17]/div/div/div[2]/div[@class='card__information']/div[@id='productcardcolor_8964720984308']/div/img[1]","Content","HTML","","",""
"Image","https://inc5shop.com/collections/shop-our-bestsellers","https://inc5shop.com/cdn/shop/files/B-102056_White_1_4299aa14-1962-43d2-b614-c499e024d621.jpg?v=1755491609","","0","Protocol-Relative","//body/main/div[@id='shopify-section-template--21550394835188__product-grid']/div/div/div/div[@class='collection']/ul/li[17]/div/div/div[2]/div[@class='card__information']/div[@id='productcardcolor_8964720984308']/div/img[2]","Content","HTML","","",""
"Image","https://inc5shop.com/collections/shop-our-bestsellers","https://inc5shop.com/cdn/shop/files/B-800490_Cream_1_b8b3f1f3-084d-4566-a327-96ed934c8cc8.jpg?v=1755491545","","0","Protocol-Relative","//body/main/div[@id='shopify-section-template--21550394835188__product-grid']/div/div/div/div[@class='collection']/ul/li[18]/div/div/div[2]/div[@class='card__information']/div[@id='productcardcolor_8941661356276']/div/div/img","Content","HTML","","",""
"Image","https://inc5shop.com/collections/shop-our-bestsellers","https://inc5shop.com/cdn/shop/files/B-800490_Cream_1_b8b3f1f3-084d-4566-a327-96ed934c8cc8.jpg?v=1755491545","","0","Protocol-Relative","//body/main/div[@id='shopify-section-template--21550394835188__product-grid']/div/div/div/div[@class='collection']/ul/li[22]/div/div/div[2]/div[@class='card__information']/div[@id='productcardcolor_8827938930932']/div/img[2]","Content","HTML","","",""
"Image","https://inc5shop.com/collections/shop-our-bestsellers","https://inc5shop.com/cdn/shop/files/800490_Beige_1_23474c78-4ec9-4d52-a366-cd1e3b12e80d.jpg?v=1755491152","","0","Protocol-Relative","//body/main/div[@id='shopify-section-template--21550394835188__product-grid']/div/div/div/div[@class='collection']/ul/li[18]/div/div/div[2]/div[@class='card__information']/div[@id='productcardcolor_8941661356276']/div/img[1]","Content","HTML","","",""
"Image","https://inc5shop.com/collections/shop-our-bestsellers","https://inc5shop.com/cdn/shop/files/800490_Beige_1_23474c78-4ec9-4d52-a366-cd1e3b12e80d.jpg?v=1755491152","","0","Protocol-Relative","//body/main/div[@id='shopify-section-template--21550394835188__product-grid']/div/div/div/div[@class='collection']/ul/li[22]/div/div/div[2]/div[@class='card__information']/div[@id='productcardcolor_8827938930932']/div/img[1]","Content","HTML","","",""
"Image","https://inc5shop.com/collections/shop-our-bestsellers","https://inc5shop.com/cdn/shop/files/800490_BLACK.jpg?v=1756809882","","0","Protocol-Relative","//body/main/div[@id='shopify-section-template--21550394835188__product-grid']/div/div/div/div[@class='collection']/ul/li[18]/div/div/div[2]/div[@class='card__information']/div[@id='productcardcolor_8941661356276']/div/img[2]","Content","HTML","","",""
"Image","https://inc5shop.com/collections/shop-our-bestsellers","https://inc5shop.com/cdn/shop/files/800490_BLACK.jpg?v=1756809882","","0","Protocol-Relative","//body/main/div[@id='shopify-section-template--21550394835188__product-grid']/div/div/div/div[@class='collection']/ul/li[22]/div/div/div[2]/div[@class='card__information']/div[@id='productcardcolor_8827938930932']/div/div/img","Content","HTML","","",""
"Image","https://inc5shop.com/collections/shop-our-bestsellers","https://inc5shop.com/cdn/shop/files/INC-900315_Gold_1_2c9061f5-6a8d-4e00-9002-38db98fc3851.jpg?v=1755491709","","0","Protocol-Relative","//body/main/div[@id='shopify-section-template--21550394835188__product-grid']/div/div/div/div[@class='collection']/ul/li[19]/div/div/div[2]/div[@class='card__information']/div[@id='productcardcolor_8897959133428']/div/div/img","Content","HTML","","",""
"Image","https://inc5shop.com/collections/shop-our-bestsellers","https://inc5shop.com/cdn/shop/files/INC-900315_Rose_Gold_1_6fbfef1c-36d7-47f5-825d-dca047eae87d.jpg?v=1755491708","","0","Protocol-Relative","//body/main/div[@id='shopify-section-template--21550394835188__product-grid']/div/div/div/div[@class='collection']/ul/li[19]/div/div/div[2]/div[@class='card__information']/div[@id='productcardcolor_8897959133428']/div/img","Content","HTML","","",""
"Image","https://inc5shop.com/collections/shop-our-bestsellers","https://inc5shop.com/cdn/shop/files/A-102173_Cream_1_ea6d2275-a1b3-4351-a889-2f27d2bd0fc1.jpg?v=1755491845","","0","Protocol-Relative","//body/main/div[@id='shopify-section-template--21550394835188__product-grid']/div/div/div/div[@class='collection']/ul/li[20]/div/div/div[2]/div[@class='card__information']/div[@id='productcardcolor_8884680425716']/div/div/img","Content","HTML","","",""
"Image","https://inc5shop.com/collections/shop-our-bestsellers","https://inc5shop.com/cdn/shop/files/A-102173_Beige_1_f8a61137-64ee-40a1-8673-391a6d9cc758.jpg?v=1755491844","","0","Protocol-Relative","//body/main/div[@id='shopify-section-template--21550394835188__product-grid']/div/div/div/div[@class='collection']/ul/li[20]/div/div/div[2]/div[@class='card__information']/div[@id='productcardcolor_8884680425716']/div/img","Content","HTML","","",""
"Image","https://inc5shop.com/collections/shop-our-bestsellers","https://inc5shop.com/cdn/shop/files/101689_NAVY_fd095d84-7581-44ae-ae51-5895fc0022a2.jpg?v=1755491958","","0","Protocol-Relative","//body/main/div[@id='shopify-section-template--21550394835188__product-grid']/div/div/div/div[@class='collection']/ul/li[21]/div/div/div[2]/div[@class='card__information']/div[@id='productcardcolor_8865510064372']/div/div/img","Content","HTML","","",""
"Image","https://inc5shop.com/collections/shop-our-bestsellers","https://inc5shop.com/cdn/shop/products/101689_CREAM.jpg?v=1755492242","","0","Protocol-Relative","//body/main/div[@id='shopify-section-template--21550394835188__product-grid']/div/div/div/div[@class='collection']/ul/li[21]/div/div/div[2]/div[@class='card__information']/div[@id='productcardcolor_8865510064372']/div/img[1]","Content","HTML","","",""
"Image","https://inc5shop.com/collections/shop-our-bestsellers","https://inc5shop.com/cdn/shop/products/101689_YELLOW.jpg?v=1755492240","","0","Protocol-Relative","//body/main/div[@id='shopify-section-template--21550394835188__product-grid']/div/div/div/div[@class='collection']/ul/li[21]/div/div/div[2]/div[@class='card__information']/div[@id='productcardcolor_8865510064372']/div/img[2]","Content","HTML","","",""
"Image","https://inc5shop.com/collections/shop-our-bestsellers","https://inc5shop.com/cdn/shop/files/900292_CREAM_d052b1fd-9305-400e-b00e-48ea81845e55.jpg?v=1755491994","","0","Protocol-Relative","//body/main/div[@id='shopify-section-template--21550394835188__product-grid']/div/div/div/div[@class='collection']/ul/li[23]/div/div/div[2]/div[@class='card__information']/div[@id='productcardcolor_8760610554100']/div/div/img","Content","HTML","","",""
"Image","https://inc5shop.com/collections/shop-our-bestsellers","https://inc5shop.com/cdn/shop/files/900292_BLUE_af57411e-6c12-4ffa-9da4-742913cdb8ee.jpg?v=1755491997","","0","Protocol-Relative","//body/main/div[@id='shopify-section-template--21550394835188__product-grid']/div/div/div/div[@class='collection']/ul/li[23]/div/div/div[2]/div[@class='card__information']/div[@id='productcardcolor_8760610554100']/div/img","Content","HTML","","",""
