"Address","Content Type","Status Code","Status","Indexability","Indexability Status","Inlinks","Response Time","Redirect URL","Redirect Type"
"https://inc5shop.com/","text/html; charset=utf-8","200","OK","Indexable","","93","0.187","",""
"https://inc5shop.com/cdn/shop/t/203/compiled_assets/scripts.js?v=184325197989695213571770717761","text/javascript","200","OK","Non-Indexable","Canonicalised","0","0.143","",""
"https://cdn.shopify.com/extensions/019f5b00-2b9c-78c2-a93f-f1d9aa4d2f51/quinn-live-1-485/assets/OverlayCarouselBody-svelte.js","text/javascript","200","OK","Indexable","","0","0.029","",""
"https://inc5shop.com/cdn/shop/t/203/assets/tsw-js.js?v=175355780700225300121770717761","text/javascript","200","OK","Non-Indexable","Canonicalised","0","0.136","",""
"https://inc5shop.com/pages/care-instructions","text/html; charset=utf-8","200","OK","Indexable","","83","0.368","",""
"https://inc5shop.com/collections/mens-driving-shoes","text/html; charset=utf-8","200","OK","Indexable","","112","0.538","",""
"https://inc5shop.com/collections/clutch-bags","text/html; charset=utf-8","200","OK","Indexable","","111","0.569","",""
"https://cdn.jsdelivr.net/npm/swiper@11/swiper-bundle.min.css","text/css; charset=utf-8","200","OK","Indexable","","0","0.065","",""
"https://inc5shop.com/collections/mens-formals","text/html; charset=utf-8","200","OK","Indexable","","100","0.752","",""
"https://inc5shop.com/collections/womens-flats","text/html; charset=utf-8","200","OK","Indexable","","160","0.716","",""
"https://inc5shop.com/cdn/shopifycloud/perf-kit/shopify-perf-kit-3.7.0.min.js","text/javascript","200","OK","Non-Indexable","Canonicalised","0","0.052","",""
"https://cdn.shopify.com/storefront/standard-actions.js","text/javascript","200","OK","Indexable","","0","0.073","",""
"https://plausible.io/js/script.outbound-links.pageview-props.revenue.tagged-events.js","application/javascript","200","OK","Indexable","","0","0.014","",""
"https://inc5shop.com/cdn/shop/collections/1_94fcb164-f20b-4cc3-a9a0-810f0f26d214.png?v=1781708964&width=1500","image/png","200","OK","Indexable","","0","0.043","",""
"https://cdn.shopify.com/extensions/019f8dc0-a56b-7c28-974b-c59425a3bee1/wishlist-club-255/assets/wishlistclub-autosetup.js","text/javascript","200","OK","Indexable","","0","0.069","",""
"https://inc5shop.com/cdn/shop/collections/ethnic_wear_10.png?v=1781708812&width=1500","image/png","200","OK","Indexable","","0","0.052","",""
"https://inc5shop.com/blogs/blog","text/html; charset=utf-8","200","OK","Indexable","","42","0.389","",""
"https://www.youtube.com/@Inc.5ShoesOfficial","text/html; charset=utf-8","200","OK","Indexable","","82","0.141","",""
"https://inc5shop.com/collections/like-mother-like-daughter?filter.v.availability=1","text/html; charset=utf-8","200","OK","Non-Indexable","Canonicalised","95","0.890","",""
"https://inc5shop.com/cdn/shop/t/203/assets/details-modal.js?v=25581673532751508451770717761","text/javascript","200","OK","Non-Indexable","Canonicalised","0","0.045","",""
"https://inc5shop.com/collections/transparent-heel-for-women","text/html; charset=utf-8","200","OK","Indexable","","115","0.567","",""
"https://inc5shop.com/cdn/shop/t/203/assets/base.css?v=155457174973312366711770717761","text/css","200","OK","Non-Indexable","Canonicalised","0","0.141","",""
"https://www.facebook.com/inc5shoesofficial/","text/html; charset=""utf-8""","200","OK","Indexable","","82","2.060","",""
"https://cdn.shopify.com/extensions/019f5b00-2b9c-78c2-a93f-f1d9aa4d2f51/quinn-live-1-485/assets/quinn-floating.bundle.js","text/javascript","200","OK","Indexable","","0","0.066","",""
"https://inc5shop.com/cdn/shopifycloud/shop-js/modules/v2/loader.init-shop-cart-sync.en.esm.js","text/javascript","200","OK","Non-Indexable","Canonicalised","0","0.065","",""
"https://inc5shop.com/cdn/shop/t/203/assets/constants.js?v=132983761750457495441770717761","text/javascript","200","OK","Non-Indexable","Canonicalised","0","0.044","",""
"https://cdn.shopify.com/extensions/019f5b00-2b9c-78c2-a93f-f1d9aa4d2f51/quinn-live-1-485/assets/CardAndStoryCarouselBody-svelte.js","text/javascript","200","OK","Indexable","","0","0.057","",""
"https://inc5shop.com/cdn/shop/collections/ethnic_wear_8.png?v=1781708847&width=1500","image/png","200","OK","Indexable","","0","0.126","",""
"https://inc5shop.com/cdn/shop/t/203/assets/search-form.js?v=133129549252120666541770717761","text/javascript","200","OK","Non-Indexable","Canonicalised","0","0.151","",""
"https://cdn.shopify.com/extensions/019f4bba-487d-7f9c-8df0-2c62675d8a6e/sale-kit-115/assets/salekit-v2.js","text/javascript","200","OK","Indexable","","0","0.101","",""
"https://cdn.shopify.com/extensions/019f8e88-d324-7004-ab9a-1308d5682eff/judgeme-646/assets/loader.js","text/javascript","200","OK","Indexable","","0","0.094","",""
"https://cdn.shopify.com/extensions/019f5b00-2b9c-78c2-a93f-f1d9aa4d2f51/quinn-live-1-485/assets/WidgetMedia-svelte.js","text/javascript","200","OK","Indexable","","0","0.086","",""
"https://inc5shop.com/cdn/shop/collections/ethnic_wear_11.png?v=1781708882&width=1500","image/png","200","OK","Indexable","","0","0.138","",""
"https://inc5shop.com/collections/no-sale-inc5","text/html; charset=utf-8","200","OK","Indexable","","59","0.830","",""
"https://inc5shop.com/collections/mens-slipons","text/html; charset=utf-8","200","OK","Indexable","","113","0.603","",""
"https://cdn.jsdelivr.net/npm/swiper@11/swiper-bundle.min.js","application/javascript; charset=utf-8","200","OK","Indexable","","0","0.064","",""
"https://cdn.shopify.com/shopifycloud/storefront/assets/storefront/origin_trials-5059b83f.js","text/javascript","200","OK","Indexable","","0","0.057","",""
"https://inc5shop.com/collections/mens-sandals","text/html; charset=utf-8","200","OK","Indexable","","116","0.662","",""
"https://inc5shop.com/collections/the-prime-fit-collection","text/html; charset=utf-8","200","OK","Indexable","","97","0.596","",""
"https://inc5shop.com/collections/womens-mules","text/html; charset=utf-8","200","OK","Indexable","","158","0.697","",""
"https://inc5shop.com/products/womens-brown-casual-solid-round-toe-wedge-heels-102880-coffee","text/html; charset=utf-8","200","OK","Indexable","","7","0.338","",""
"https://inc5shop.com/cdn/shop/files/Current_website_banner_26_13572545-610b-4f3f-a7a8-8c63bb044840.png?v=1784202036&width=320","image/png","200","OK","Indexable","","0","0.051","",""
"https://inc5shop.com/cdn/shop/t/203/assets/tsw.css?v=142979555717201668111783315518","text/css","200","OK","Non-Indexable","Canonicalised","0","0.050","",""
"https://inc5shop.com/collections/bags-june-eoss-2026","text/html; charset=utf-8","200","OK","Indexable","","11","0.542","",""
"https://inc5shop.com/cdn/shop/files/Screenshot_2023-07-12_at_1.22.28_PM.png?v=1689148366&width=600","image/png","200","OK","Indexable","","0","0.049","",""
"https://inc5shop.com/cdn/shop/collections/ethnic_wear_6.png?v=1781709241&width=1500","image/png","200","OK","Indexable","","0","0.136","",""
"https://cdn.shopify.com/extensions/019f5b00-2b9c-78c2-a93f-f1d9aa4d2f51/quinn-live-1-485/assets/quinn-live.bundle.js","text/javascript","200","OK","Indexable","","0","0.077","",""
"https://inc5shop.com/pages/clearance-sale","text/html; charset=utf-8","200","OK","Indexable","","42","0.376","",""
"https://inc5shop.com/cdn/shop/collections/HANDBAGS.png?v=1784335167&width=1500","image/png","200","OK","Indexable","","0","0.055","",""
"https://inc5shop.com/collections/the-march-edit-in-house-bag","text/html; charset=utf-8","200","OK","Indexable","","90","0.505","",""
"https://inc5shop.com/pages/contactus","text/html; charset=utf-8","200","OK","Indexable","","42","0.472","",""
"https://inc5shop.com/collections/platform-heels","text/html; charset=utf-8","200","OK","Indexable","","115","0.720","",""
"https://inc5shop.com/pages/refund-policy","text/html; charset=utf-8","200","OK","Indexable","","42","0.404","",""
"https://inc5shop.com/collections/shop-our-bestsellers","text/html; charset=utf-8","200","OK","Indexable","","100","0.781","",""
"https://inc5shop.com/checkouts/internal/preloads.js?locale=en-IN&default_configuration_id=484770036","","0","Blocked by robots.txt","Non-Indexable","Blocked by robots.txt","0","","",""
"https://inc5shop.com/collections/shop-wallets","text/html; charset=utf-8","200","OK","Indexable","","90","0.456","",""
"https://inc5shop.com/cdn/shop/collections/2_b14a39c4-a81a-4946-acd0-01e4e30a4dd2.png?v=1781709004&width=1500","image/png","200","OK","Indexable","","0","0.051","",""
"https://inc5shop.com/collections/flat-50","text/html; charset=utf-8","200","OK","Indexable","","97","0.504","",""
"https://inc5shop.com/cdn/shop/collections/ethnic_wear_9.png?v=1781708779&width=1500","image/png","200","OK","Indexable","","0","0.139","",""
"https://inc5shop.com/cdn/shop/t/203/assets/lazysizes.min.js?v=56805471290311245611770717761","text/javascript","200","OK","Non-Indexable","Canonicalised","0","0.138","",""
"https://inc5shop.com/collections/men-footwear","text/html; charset=utf-8","200","OK","Indexable","","155","0.675","",""
"https://inc5shop.com/cdn/shop/t/203/assets/zence-token.js?v=57685695589523823721774419146","text/javascript","200","OK","Non-Indexable","Canonicalised","0","0.130","",""
"https://inc5shop.com/pages/about-us","text/html; charset=utf-8","200","OK","Indexable","","42","0.399","",""
"https://inc5shop.com/products/inc-5-block-heel-fashion-sandal-for-womens-600588-ant-gold-gold","text/html; charset=utf-8","200","OK","Indexable","","7","0.524","",""
"https://inc5shop.com/collections/new-wallets","text/html; charset=utf-8","200","OK","Indexable","","11","0.521","",""
"https://inc5shop.com/collections/shoulder-bags","text/html; charset=utf-8","200","OK","Indexable","","102","0.578","",""
"https://inc5shop.com/collections/mens-june-eoss-2026","text/html; charset=utf-8","200","OK","Indexable","","21","0.808","",""
"https://inc5shop.com/collections/flat-50-off","text/html; charset=utf-8","200","OK","Indexable","","59","0.846","",""
"https://inc5shop.com/cdn/shop/t/203/assets/details-disclosure.js?v=13653116266235556501770717761","text/javascript","200","OK","Non-Indexable","Canonicalised","0","0.048","",""
"https://inc5shop.com/cdn/shop/collections/WOMENS_b72434f4-9c4e-4dc5-81b3-cf7be108e504.png?v=1784335110&width=1500","image/png","200","OK","Indexable","","0","0.042","",""
"https://inc5shop.com/cdn/shop/t/203/assets/pubsub.js?v=158357773527763999511770717761","text/javascript","200","OK","Non-Indexable","Canonicalised","0","0.044","",""
"https://cdn.shopify.com/extensions/019f8d29-b646-788a-a0fc-c0186ab61d73/version_aabdc9e2-2026-07-23_11h09m/assets/bss-pl-style.min.css","text/css","200","OK","Indexable","","0","0.083","",""
"https://in.linkedin.com/company/inc.5-shoes-private-limited","text/html; charset=utf-8","200","OK","Indexable","","41","0.906","",""
"https://inc5shop.com/cdn/shop/collections/4_5ee04fdc-e902-42b3-875f-6d4c32d5d54d.png?v=1781709096&width=1500","image/png","200","OK","Indexable","","0","0.050","",""
"https://inc5shop.com/cdn/shop/t/203/assets/tsw.js?v=19881775348154547601770717761","text/javascript","200","OK","Non-Indexable","Canonicalised","0","0.146","",""
"https://inc5shop.com/cdn/shop/collections/ethnic_wear_5.png?v=1781709283&width=1500","image/png","200","OK","Indexable","","0","0.153","",""
"https://inc5shop.com/cdn/shop/collections/ethnic_wear_7.png?v=1781709323&width=1500","image/png","200","OK","Indexable","","0","0.343","",""
"https://inc5shop.com/cdn/shop/t/203/assets/cart-notification.js?v=133508293167896966491770717761","text/javascript","200","OK","Non-Indexable","Canonicalised","0","0.122","",""
"https://inc5shop.com/cdn/shop/t/203/assets/component-cart-items.css?v=127384614032664249911770717761","text/css","200","OK","Non-Indexable","Canonicalised","0","0.146","",""
"https://inc5shop.com/collections/womens-sandals","text/html; charset=utf-8","200","OK","Indexable","","122","0.677","",""
"https://inc5shop.com/cdn/shopifycloud/storefront/assets/storefront/load_feature-1bd60354.js","text/javascript","200","OK","Non-Indexable","Canonicalised","0","0.146","",""
"https://inc5shop.com/cdn/shop/files/Strip_banner_6.png?v=1781708469&width=3840","image/png","200","OK","Indexable","","0","0.048","",""
"https://inc5shop.com/pages/payment-delivery-policy","text/html; charset=utf-8","200","OK","Indexable","","42","0.412","",""
"https://inc5shop.com/cdn/shop/t/203/assets/component-predictive-search.css?v=118923337488134913561770717761","text/css","200","OK","Non-Indexable","Canonicalised","0","0.052","",""
"https://cdn.shopify.com/extensions/019f8e88-d324-7004-ab9a-1308d5682eff/judgeme-646/assets/shopify_v2.css","text/css","200","OK","Indexable","","0","0.081","",""
"https://inc5shop.com/products/women-white-and-multicoloured-open-toe-flats-with-knot-detail-101764-white","text/html; charset=utf-8","200","OK","Indexable","","7","0.457","",""
"https://inc5shop.com/collections/mens-boots","text/html; charset=utf-8","200","OK","Indexable","","100","0.423","",""
"https://www.instagram.com/inc5official","text/html; charset=""utf-8""","200","OK","Indexable","","82","0.318","",""
"https://inc5shop.com/collections/womens-wedges","text/html; charset=utf-8","200","OK","Indexable","","158","0.769","",""
"https://inc5shop.com/collections/latest-style-drop","text/html; charset=utf-8","200","OK","Indexable","","100","0.880","",""
"https://inc5shop.com/collections/biggest-sale-on-handbags","text/html; charset=UTF-8","429","Too Many Requests","Non-Indexable","Client Error","82","0.050","",""
"https://inc5shop.com/cdn/shop/collections/3_5384aa48-8848-42fc-9b02-e5883fff7436.png?v=1781709052&width=1500","image/png","200","OK","Indexable","","0","0.038","",""
"https://inc5shop.com/collections/women-footwear","text/html; charset=utf-8","200","OK","Indexable","","158","0.735","",""
"https://inc5shop.com/collections/the-new-edit","text/html; charset=utf-8","200","OK","Indexable","","91","0.678","",""
"https://in.pinterest.com/inc5shoes/","text/html; charset=utf-8","200","OK","Indexable","","82","0.563","",""
"https://inc5shop.com/collections/ethnic-footwear","text/html; charset=utf-8","200","OK","Indexable","","159","0.748","",""
"https://inc5shop.com/collections/wallets","text/html; charset=UTF-8","429","Too Many Requests","Non-Indexable","Client Error","92","0.038","",""
"https://inc5shop.com/cdn/shop/t/203/assets/predictive-search.js?v=57209189334897115771770717761","text/javascript","200","OK","Non-Indexable","Canonicalised","0","0.042","",""
"https://inc5shop.com/cart","text/html; charset=utf-8","200","OK","Indexable","","83","0.275","",""
"https://www.googletagmanager.com/ns.html?id=GTM-THVPZ7FL","text/html; charset=UTF-8","200","OK","Indexable","","0","0.130","",""
"https://inc5shop.com/collections/womens-heels","text/html; charset=UTF-8","429","Too Many Requests","Non-Indexable","Client Error","145","0.170","",""
"https://inc5shop.com/customer_authentication/redirect?locale=en&region_country=IN","text/html; charset=UTF-8","429","Too Many Requests","Non-Indexable","Client Error","83","0.212","",""
"https://inc5shop.com/collections/comfort","text/html; charset=UTF-8","429","Too Many Requests","Non-Indexable","Client Error","82","0.151","",""
"https://inc5shop.com/collections/womens-boots","text/html; charset=UTF-8","429","Too Many Requests","Non-Indexable","Client Error","99","0.207","",""
"https://cdn.shopify.com/extensions/019f5b00-2b9c-78c2-a93f-f1d9aa4d2f51/quinn-live-1-485/assets/quinn-cards.bundle.js","text/javascript","200","OK","Indexable","","0","0.063","",""
"https://cdn.shopify.com/extensions/019f8340-2131-7b30-9888-34d15e18fb2a/countdown-timer-30-88/assets/countdown_timer_essential_apps.min.js","text/javascript","200","OK","Indexable","","0","0.059","",""
"https://cdn.shopify.com/extensions/019f5b00-2b9c-78c2-a93f-f1d9aa4d2f51/quinn-live-1-485/assets/WidgetText-svelte.js","text/javascript","200","OK","Indexable","","0","0.066","",""
"https://inc5shop.com/products/women-purple-casual-solid-round-toe-loafers-3642-purple","text/html; charset=UTF-8","429","Too Many Requests","Non-Indexable","Client Error","1","0.222","",""
"https://inc5shop.com/pages/frequently-asked-questions","text/html; charset=UTF-8","429","Too Many Requests","Non-Indexable","Client Error","41","0.241","",""
"https://inc5shop.com/collections/pumps","text/html; charset=UTF-8","429","Too Many Requests","Non-Indexable","Client Error","82","0.248","",""
"https://cdn.shopify.com/extensions/019f5b00-2b9c-78c2-a93f-f1d9aa4d2f51/quinn-live-1-485/assets/quinn-vendor.bundle.js","text/javascript","200","OK","Indexable","","0","0.065","",""
"https://inc5shop.com/collections/biggest-sale-on-women-footwear","text/html; charset=UTF-8","429","Too Many Requests","Non-Indexable","Client Error","82","0.252","",""
"https://inc5shop.clickpost.in/en","text/html; charset=utf-8","200","OK","Indexable","","123","0.138","",""
"https://inc5shop.com/collections/backpack-bags","text/html; charset=UTF-8","429","Too Many Requests","Non-Indexable","Client Error","92","0.130","",""
"https://inc5shop.com/cdn/shop/t/203/assets/global.js?v=88558128918567037191770717761","text/javascript","200","OK","Non-Indexable","Canonicalised","0","0.113","",""
"https://inc5shop.clickpost.in/en/returns","text/html; charset=utf-8","200","OK","Indexable","","42","0.114","",""
"https://inc5shop.com/collections/all-bags","text/html; charset=UTF-8","429","Too Many Requests","Non-Indexable","Client Error","133","0.146","",""
"https://pdp.gokwik.co/merchant-integration/build/merchant.integration.js?v4","","0","Blocked by robots.txt","Non-Indexable","Blocked by robots.txt","0","","",""
"https://inc5shop.com/pages/store-locator","text/html; charset=UTF-8","429","Too Many Requests","Non-Indexable","Client Error","42","0.166","",""
"https://inc5shop.com/collections/sling-bags","text/html; charset=UTF-8","429","Too Many Requests","Non-Indexable","Client Error","95","0.129","",""
"https://inc5shop.com/cdn/shop/collections/ethnic_wear_4.png?v=1781709191&width=1500","image/png","200","OK","Indexable","","0","0.140","",""
"https://inc5shop.com/cdn/shop/collections/MENS_0b01f26f-8ce0-4ca7-9f29-844d5d1b5533.png?v=1784335236&width=1500","image/png","200","OK","Indexable","","0","0.136","",""
"https://cdn.shopify.com/extensions/019f8dc0-a56b-7c28-974b-c59425a3bee1/wishlist-club-255/assets/wishlistclub.min.js","text/javascript","200","OK","Indexable","","0","0.078","",""
"https://inc5shop.com/collections/ladies-june-eoss-2026","text/html; charset=UTF-8","429","Too Many Requests","Non-Indexable","Client Error","3","0.133","",""
"https://inc5shop.com/products/women-beige-wedge-heels900172-beige","text/html; charset=UTF-8","429","Too Many Requests","Non-Indexable","Client Error","1","0.121","",""
"https://inc5shop.com/cdn/shop/files/BAGS_800x.webp?v=1748256431","image/jpeg","200","OK","Indexable","","0","0.181","",""
"https://inc5shop.com/cdn/shop/files/MEN_FOOTWEAR_800x.webp?v=1748256395","image/jpeg","200","OK","Indexable","","0","0.167","",""
"https://inc5shop.com/cdn/shop/files/WOMEN_FOOTWEAR_800x.webp?v=1748256415","image/jpeg","200","OK","Indexable","","0","0.171","",""
"https://inc5shop.com/products/atesber-brown-loafer-driving-shoes-for-men-kenneth-trim-brown","text/html; charset=UTF-8","429","Too Many Requests","Non-Indexable","Client Error","4","0.138","",""
"https://cdn.shopify.com/s/files/1/0564/8826/3854/t/203/assets/tsw-js.js","text/javascript","200","OK","Indexable","","0","0.412","",""
"https://inc5shop.com/cdn/shop/files/Treat_It_Right_2.png?v=1748337671&width=3840","image/png","200","OK","Indexable","","0","0.197","",""
"https://inc5shop.com/cdn/shop/files/1697-1TAN.jpg?v=1755485053&width=1500","image/jpeg","200","OK","Indexable","","0","0.197","",""
"https://cdn.shopify.com/s/files/1/0564/8826/3854/t/203/compiled_assets/scripts.js","text/javascript","200","OK","Indexable","","0","0.502","",""
"https://inc5shop.com/products/driving-shoes-tan-763-13","text/html; charset=UTF-8","429","Too Many Requests","Non-Indexable","Client Error","3","0.125","",""
"https://inc5shop.com/cdn/shop/files/8905564769559.jpg?v=1778693473&width=1500","image/jpeg","200","OK","Indexable","","0","0.119","",""
"https://inc5shop.com/collections/vendors?q=Inc.5%20Men","text/html; charset=UTF-8","429","Too Many Requests","Non-Indexable","Client Error","202","0.113","",""
"https://inc5shop.com/cdn/shop/files/KENNETH_TRIM_BROWN_1_fb3b180c-7998-4f16-904e-f0b1353f2d8e.jpg?v=1757654573","image/jpeg","200","OK","Indexable","","0","0.190","",""
"https://inc5shop.com/products/atesber-tan-driving-casual-shoes-for-mens-1697-3-tan","text/html; charset=UTF-8","429","Too Many Requests","Non-Indexable","Client Error","3","0.167","",""
"https://inc5shop.com/cdn/shop/files/8905564769559.jpg?v=1778693473","image/jpeg","200","OK","Indexable","","0","0.422","",""
"https://inc5shop.com/products/atesber-driving-casual-shoe-for-mens-cx8675-3-blue-blue","text/html; charset=UTF-8","429","Too Many Requests","Non-Indexable","Client Error","3","0.241","",""
"https://inc5shop.com/cdn/shop/files/8905564272912.jpg?v=1778674372&width=1500","image/jpeg","200","OK","Indexable","","0","0.638","",""
"https://inc5shop.com/cdn/shop/products/CX8675-5_BLUE_2.jpg?v=1749450081&width=1500","image/jpeg","200","OK","Indexable","","0","0.626","",""
"https://inc5shop.com/cdn/shop/t/203/assets/pickup-availability.js?v=78418059211521962961770717761","text/javascript","200","OK","Non-Indexable","Canonicalised","0","0.180","",""
"https://inc5shop.com/cdn/shop/products/763-13_TAN_3.jpg?v=1749450206&width=1500","image/jpeg","200","OK","Indexable","","0","0.417","",""
"https://inc5shop.com/cdn/shop/files/KENNETH_TRIM_BROWN_1_fb3b180c-7998-4f16-904e-f0b1353f2d8e.jpg?v=1757654573&width=1500","image/jpeg","200","OK","Indexable","","0","0.430","",""
"https://inc5shop.com/collections/mens-lace-up","text/html; charset=UTF-8","429","Too Many Requests","Non-Indexable","Client Error","5","0.170","",""
"https://inc5shop.com/cdn/shop/products/1697-3_Tan_1.jpg?v=1755485049&width=1500","image/jpeg","200","OK","Indexable","","0","0.228","",""
"https://inc5shop.com/cdn/shop/products/8905564273292-5.jpg?v=1749450028&width=1500","image/jpeg","200","OK","Indexable","","0","1.193","",""
"https://inc5shop.com/products/atesber-tan-driving-casual-shoes-for-mens-1697-1-tan","text/html; charset=UTF-8","429","Too Many Requests","Non-Indexable","Client Error","6","0.110","",""
"https://inc5shop.com/cdn/shop/files/8905564769870.jpg?v=1778693554","image/jpeg","200","OK","Indexable","","0","0.242","",""
"https://inc5shop.com/cdn/shop/t/203/assets/show-more.js?v=135784227224860024771770717761","text/javascript","200","OK","Non-Indexable","Canonicalised","0","0.109","",""
"https://inc5shop.com/products/atesber-blue-loafer-driving-shoes-for-men-kenneth-trim-blue","text/html; charset=UTF-8","429","Too Many Requests","Non-Indexable","Client Error","4","0.119","",""
"https://inc5shop.com/cdn/shop/products/8905564273315-1.jpg?v=1749450025&width=1500","image/jpeg","200","OK","Indexable","","0","1.200","",""
"https://inc5shop.com/products/driving-shoes-blue-cx8675-5blue","text/html; charset=UTF-8","429","Too Many Requests","Non-Indexable","Client Error","3","0.125","",""
"https://inc5shop.com/collections/mens-formal-shoes","text/html; charset=UTF-8","429","Too Many Requests","Non-Indexable","Client Error","14","0.120","",""
"https://inc5shop.com/cdn/shop/files/Kenneth-Blue.jpg?v=1755484172","image/jpeg","200","OK","Indexable","","0","0.164","",""
"https://inc5shop.com/cdn/shop/files/8905564110559.jpg?v=1778871091","image/jpeg","200","OK","Indexable","","0","0.119","",""
"https://inc5shop.com/cdn/shop/files/TO-01_Brown_1_4eb098f1-5921-4631-a569-2ea321b102cb.jpg?v=1755484997&width=1500","image/jpeg","200","OK","Indexable","","0","0.253","",""
"https://inc5shop.com/cdn/shop/files/8905564272912.jpg?v=1778674372","image/jpeg","200","OK","Indexable","","0","0.356","",""
"https://inc5shop.com/cdn/shop/files/TO-01_Tan_1_5ea23041-1dd0-4ec7-8747-aa898d2319ea.jpg?v=1755484996&width=1500","image/jpeg","200","OK","Indexable","","0","0.129","",""
"https://inc5shop.com/cdn/shop/files/Kenneth-Blue.jpg?v=1755484172&width=1500","image/jpeg","200","OK","Indexable","","0","1.232","",""
"https://inc5shop.com/products/atesber-tan-casual-driving-shoes-for-mens-to-01-tan","text/html; charset=UTF-8","429","Too Many Requests","Non-Indexable","Client Error","8","0.175","",""
"https://inc5shop.com/cdn/shop/products/CX8675-5_BLUE_1.jpg?v=1749450081","image/jpeg","200","OK","Indexable","","0","0.239","",""
"https://inc5shop.com/products/atesber-driving-casual-shoe-for-mens-cx8675-1-burgundy-burgundy","text/html; charset=UTF-8","429","Too Many Requests","Non-Indexable","Client Error","3","0.189","",""
"https://inc5shop.com/cdn/shop/products/8905564273315-4.jpg?v=1749450025&width=1500","image/jpeg","200","OK","Indexable","","0","0.194","",""
"https://inc5shop.com/cdn/shop/files/8905564769870.jpg?v=1778693554&width=1500","image/jpeg","200","OK","Indexable","","0","0.702","",""
"https://inc5shop.com/cdn/shop/files/8905564771071.jpg?v=1778693649","image/jpeg","200","OK","Indexable","","0","0.202","",""
"https://inc5shop.com/cdn/shop/products/KENNETH_Trim_Blue_1.jpg?v=1755484172&width=1500","image/jpeg","200","OK","Indexable","","0","0.806","",""
"https://inc5shop.com/cdn/shop/files/8905564771156.jpg?v=1778693676&width=1500","image/jpeg","200","OK","Indexable","","0","0.405","",""
"https://inc5shop.com/products/atesber-brown-casual-driving-shoes-for-mens-to-01-brown","text/html; charset=UTF-8","429","Too Many Requests","Non-Indexable","Client Error","8","0.125","",""
"https://inc5shop.com/cdn/shop/files/8905564771071.jpg?v=1778693649&width=1500","image/jpeg","200","OK","Indexable","","0","0.626","",""
"https://inc5shop.com/cdn/shop/products/CX8675-5_BLUE_1.jpg?v=1749450081&width=1500","image/jpeg","200","OK","Indexable","","0","0.202","",""
"https://inc5shop.com/cdn/shop/t/203/assets/facets.js?v=165165207855008112461774418580","text/javascript","200","OK","Non-Indexable","Canonicalised","0","0.133","",""
"https://inc5shop.com/cdn/shop/products/8905564273315-1.jpg?v=1749450025","image/jpeg","200","OK","Indexable","","0","0.164","",""
"https://inc5shop.com/cdn/shop/products/KENNETH_Trim_Brown_1.jpg?v=1757654573&width=1500","image/jpeg","200","OK","Indexable","","0","0.634","",""
"https://inc5shop.com/products/women-golden-embellished-pattern-clutch-bag-with-magnet-lock","text/html; charset=UTF-8","429","Too Many Requests","Non-Indexable","Client Error","3","0.154","",""
"https://inc5shop.com/cdn/shop/files/206.png?v=1764066359&width=1500","image/png","200","OK","Indexable","","0","0.151","",""
"https://inc5shop.com/cdn/shop/files/8905564771156.jpg?v=1778693676","image/jpeg","200","OK","Indexable","","0","0.394","",""
"https://inc5shop.com/cdn/shop/files/8905564110559.jpg?v=1778871091&width=1500","image/jpeg","200","OK","Indexable","","0","0.645","",""
"https://inc5shop.com/cdn/shop/files/200.png?v=1764066270&width=1500","image/png","200","OK","Indexable","","0","0.244","",""
"https://inc5shop.com/cdn/shop/files/201.png?v=1764066447&width=1500","image/png","200","OK","Indexable","","0","0.246","",""
"https://inc5shop.com/cdn/shop/files/211.png?v=1764066058&width=1500","image/png","200","OK","Indexable","","0","0.158","",""
"https://inc5shop.com/cdn/shop/files/LYNG16-8906_Black_1_2be1f043-9f3e-41ba-9744-a38285b9b1ce.jpg?v=1764066246&width=1500","image/jpeg","200","OK","Indexable","","0","0.311","",""
"https://inc5shop.com/cdn/shop/files/LYNG16-8930_Black-1.jpg?v=1777452764&width=1500","image/jpeg","200","OK","Indexable","","0","0.298","",""
"https://inc5shop.com/cdn/shop/files/LYNG16-8924_Rose_Gold-0.jpg?v=1777876960&width=1500","image/jpeg","200","OK","Indexable","","0","0.236","",""
"https://inc5shop.com/cdn/shop/files/212.png?v=1764066419&width=1500","image/png","200","OK","Indexable","","0","0.197","",""
"https://inc5shop.com/products/womens-grey-clutches-with-magnet-lock-for-party-use-lyng16-8905-grey","text/html; charset=UTF-8","429","Too Many Requests","Non-Indexable","Client Error","3","0.238","",""
"https://inc5shop.com/cdn/shop/files/213.png?v=1764066392&width=1500","image/png","200","OK","Indexable","","0","0.321","",""
"https://inc5shop.com/products/women-rose-gold-embellished-clutch-bag-with-magnet-lock-for-party","text/html; charset=UTF-8","429","Too Many Requests","Non-Indexable","Client Error","3","0.183","",""
"https://inc5shop.com/cdn/shop/files/LYNG16-8923_Gold-0.jpg?v=1777876960&width=1500","image/jpeg","200","OK","Indexable","","0","0.285","",""
"https://inc5shop.com/products/women-golden-embellished-clutch-bag-with-magnet-lock-for-party","text/html; charset=UTF-8","429","Too Many Requests","Non-Indexable","Client Error","3","0.171","",""
"https://inc5shop.com/products/womens-champagne-clutches-with-magnet-lock-for-party-use-lyng16-8905-champagne","text/html; charset=UTF-8","429","Too Many Requests","Non-Indexable","Client Error","3","0.152","",""
"https://inc5shop.com/products/womens-black-clutches-with-magnet-lock-for-party-use-lyng16-8904-black","text/html; charset=UTF-8","429","Too Many Requests","Non-Indexable","Client Error","3","0.179","",""
"https://inc5shop.com/products/women-grey-embellished-clutch-bag-with-zip-lock-for-party","text/html; charset=UTF-8","429","Too Many Requests","Non-Indexable","Client Error","3","0.255","",""
"https://inc5shop.com/cdn/shop/files/198.png?v=1764065963&width=1500","image/png","200","OK","Indexable","","0","0.420","",""
"https://inc5shop.com/products/women-grey-embellished-clutch-bag-with-magnet-lock-for-party","text/html; charset=UTF-8","429","Too Many Requests","Non-Indexable","Client Error","3","0.139","",""
"https://inc5shop.com/cdn/shop/files/LYNG16-8923_Gun_Metal-0.jpg?v=1777876960&width=1500","image/jpeg","200","OK","Indexable","","0","0.465","",""
"https://inc5shop.com/cdn/shop/files/LYNG16-8923_Gold-1.jpg?v=1777452765&width=1500","image/jpeg","200","OK","Indexable","","0","0.453","",""
"https://inc5shop.com/products/womens-black-clutches-with-magnet-lock-for-party-use-lyng16-8907-black","text/html; charset=UTF-8","429","Too Many Requests","Non-Indexable","Client Error","3","0.130","",""
"https://inc5shop.com/products/womens-golden-clutches-with-twist-lock-for-party-use-lyng16-8902-gold","text/html; charset=UTF-8","429","Too Many Requests","Non-Indexable","Client Error","3","0.115","",""
"https://inc5shop.com/products/womens-golden-clutches-with-magnet-lock-for-party-use-lyng16-8904-gold","text/html; charset=UTF-8","429","Too Many Requests","Non-Indexable","Client Error","3","0.160","",""
"https://inc5shop.com/cdn/shop/files/LYNG16-8924_Black-1.jpg?v=1777452764&width=1500","image/jpeg","200","OK","Indexable","","0","0.955","",""
"https://inc5shop.com/cdn/shop/files/LYNG16-8929_Gold-0.jpg?v=1777876960&width=1500","image/jpeg","200","OK","Indexable","","0","0.465","",""
"https://inc5shop.com/cdn/shop/files/LYNG16-8904_Black_1_7acb3b99-4056-4b0b-bc24-4414f68a68b3.jpg?v=1764066359&width=1500","image/jpeg","200","OK","Indexable","","0","0.524","",""
"https://inc5shop.com/products/women-golden-embellished-pattern-clutch-bag-with-magnet-lock-for-party","text/html; charset=UTF-8","429","Too Many Requests","Non-Indexable","Client Error","3","0.198","",""
"https://inc5shop.com/collections/tote-bags","text/html; charset=UTF-8","429","Too Many Requests","Non-Indexable","Client Error","10","0.154","",""
"https://inc5shop.com/cdn/shop/files/LYNG16-8924_Rose_Gold-1.jpg?v=1777452765&width=1500","image/jpeg","200","OK","Indexable","","0","0.157","",""
"https://inc5shop.com/collections/clutch-bags?page=2","text/html; charset=UTF-8","429","Too Many Requests","Non-Indexable","Client Error","2","0.156","",""
"https://inc5shop.com/cdn/shop/files/207.png?v=1764066246&width=1500","image/png","200","OK","Indexable","","0","0.494","",""
"https://inc5shop.com/cdn/shop/files/LYNG16-8906_Champapgne_1_d766b9e3-6e2a-49e4-b62b-4ceffd68e80a.jpg?v=1764066058&width=1500","image/jpeg","200","OK","Indexable","","0","0.206","",""
"https://inc5shop.com/cdn/shop/files/LYNG16-8907_Champagne_1_5c541091-fd1f-43da-b7dd-7859ab9d85a5.jpg?v=1764065824&width=1500","image/jpeg","200","OK","Indexable","","0","0.465","",""
"https://inc5shop.com/products/womens-champagne-clutches-with-magnet-lock-for-party-use-lyng16-8907-champagne","text/html; charset=UTF-8","429","Too Many Requests","Non-Indexable","Client Error","3","0.130","",""
"https://inc5shop.com/cdn/shop/files/LYNG16-8909_Gold_1_e383afbd-60ed-4172-9237-8bb3e9e341ea.jpg?v=1764066092&width=1500","image/jpeg","200","OK","Indexable","","0","0.482","",""
"https://inc5shop.com/cdn/shop/files/210.png?v=1764066092&width=1500","image/png","200","OK","Indexable","","0","0.223","",""
"https://inc5shop.com/cdn/shop/files/LYNG16-8924_Gold-1.jpg?v=1777452765&width=1500","image/jpeg","200","OK","Indexable","","0","0.210","",""
"https://inc5shop.com/cdn/shop/files/LYNG16-8924_Gold-0.jpg?v=1777876960&width=1500","image/jpeg","200","OK","Indexable","","0","0.844","",""
"https://inc5shop.com/cdn/shop/files/LYNG16-8904_Gold_1_0f5d620e-72dc-4c5d-b439-5b04209b18cc.jpg?v=1764066299&width=1500","image/jpeg","200","OK","Indexable","","0","0.271","",""
"https://inc5shop.com/cdn/shop/files/LYNG16-8903_Champange_1_27f0c176-8966-4a23-9c40-93f0f5b29e42.jpg?v=1764066392&width=1500","image/jpeg","200","OK","Indexable","","0","0.278","",""
"https://inc5shop.com/cdn/shop/files/205.png?v=1764066027&width=1500","image/png","200","OK","Indexable","","0","0.408","",""
"https://inc5shop.com/cdn/shop/files/Womens_Champagne_Clutches_With_Magnet_Lock_For_Party_Use.png?v=1764065824&width=1500","image/png","200","OK","Indexable","","0","0.407","",""
"https://inc5shop.com/products/womens-golden-clutches-with-twist-lock-for-party-use-lyng16-8909-gold","text/html; charset=UTF-8","429","Too Many Requests","Non-Indexable","Client Error","3","0.132","",""
"https://inc5shop.com/cdn/shop/files/LYNG16-8902_Gold_1_581d46c0-44cd-404e-b702-1de1610ea369.jpg?v=1764066447&width=1500","image/jpeg","200","OK","Indexable","","0","0.607","",""
"https://inc5shop.com/products/womens-golden-clutches-with-magnet-lock-for-party-use-lyng16-8910-gold","text/html; charset=UTF-8","429","Too Many Requests","Non-Indexable","Client Error","3","0.153","",""
"https://inc5shop.com/cdn/shop/files/LYNG16-8923_Gun_Metal-1.jpg?v=1777452764&width=1500","image/jpeg","200","OK","Indexable","","0","0.203","",""
"https://inc5shop.com/cdn/shop/files/LYNG16-8930_Black-0.jpg?v=1777876960&width=1500","image/jpeg","200","OK","Indexable","","0","0.185","",""
"https://inc5shop.com/cdn/shop/files/LYNG16-8903_Beige_1_07de787f-eb3d-4cf6-880b-48a656385dd4.jpg?v=1764066419&width=1500","image/jpeg","200","OK","Indexable","","0","0.409","",""
"https://inc5shop.com/cdn/shop/files/LYNG16-8925_Gold-0.jpg?v=1777876960&width=1500","image/jpeg","200","OK","Indexable","","0","0.217","",""
"https://inc5shop.com/cdn/shop/files/197.png?v=1764065871&width=1500","image/png","200","OK","Indexable","","0","0.399","",""
"https://inc5shop.com/products/womens-black-clutches-with-magnet-lock-for-party-use-lyng16-8906-black","text/html; charset=UTF-8","429","Too Many Requests","Non-Indexable","Client Error","3","0.119","",""
"https://inc5shop.com/cdn/shop/files/LYNG16-8910_Brown_1_aad23652-e697-47e8-b36e-d49a6cf0b8a9.jpg?v=1764066027&width=1500","image/jpeg","200","OK","Indexable","","0","0.425","",""
"https://inc5shop.com/cdn/shop/files/LYNG16-8905_Champagne_1_4731d2f0-6d69-4b87-b5a3-b4645ec3e2dc.jpg?v=1764065963&width=1500","image/jpeg","200","OK","Indexable","","0","0.458","",""
"https://inc5shop.com/cdn/shop/files/LYNG16-8907_Black_1_0299c024-730e-48a3-ae47-eee023ddd94d.jpg?v=1764065871&width=1500","image/jpeg","200","OK","Indexable","","0","0.447","",""
"https://inc5shop.com/cdn/shop/files/LYNG16-8925_Gun_Metal-1.jpg?v=1777452765&width=1500","image/jpeg","200","OK","Indexable","","0","0.596","",""
"https://inc5shop.com/cdn/shop/files/LYNG16-8910_Gold_1_02019b63-caf1-4311-a249-e5d834a6e2fa.jpg?v=1764065996&width=1500","image/jpeg","200","OK","Indexable","","0","0.384","",""
"https://inc5shop.com/products/womens-beige-clutches-with-twist-lock-for-party-use-lyng16-8903-beige","text/html; charset=UTF-8","429","Too Many Requests","Non-Indexable","Client Error","3","0.130","",""
"https://inc5shop.com/cdn/shop/files/LYNG16-8925_Gun_Metal-0.jpg?v=1777876960&width=1500","image/jpeg","200","OK","Indexable","","0","0.585","",""
"https://inc5shop.com/products/women-golden-embellished-clutch-bag-with-zip-lock-for-party","text/html; charset=UTF-8","429","Too Many Requests","Non-Indexable","Client Error","3","0.149","",""
"https://inc5shop.com/collections/vendors?q=Inc.5%20Handbag","text/html; charset=UTF-8","429","Too Many Requests","Non-Indexable","Client Error","125","0.126","",""
"https://inc5shop.com/products/women-black-embellished-clutch-bag-with-magnet-lock-for-party","text/html; charset=UTF-8","429","Too Many Requests","Non-Indexable","Client Error","3","0.135","",""
"https://inc5shop.com/products/womens-golden-clutches-with-magnet-lock-for-party-use-lyng16-8908-gold","text/html; charset=UTF-8","429","Too Many Requests","Non-Indexable","Client Error","6","0.122","",""
"https://inc5shop.com/products/womens-champagne-clutches-with-magnet-lock-for-party-use-lyng16-8906-champagne","text/html; charset=UTF-8","429","Too Many Requests","Non-Indexable","Client Error","3","0.118","",""
"https://inc5shop.com/products/women-black-embellished-pattern-clutch-bag-with-magnet-lock-for-party","text/html; charset=UTF-8","429","Too Many Requests","Non-Indexable","Client Error","3","0.133","",""
"https://inc5shop.com/cdn/shop/files/208.png?v=1764065996&width=1500","image/png","200","OK","Indexable","","0","0.417","",""
"https://inc5shop.com/cdn/shop/files/202.png?v=1764066299&width=1500","image/png","200","OK","Indexable","","0","0.396","",""
"https://inc5shop.com/products/womens-brown-clutches-with-magnet-lock-for-party-use-lyng16-8910-brown","text/html; charset=UTF-8","429","Too Many Requests","Non-Indexable","Client Error","3","0.114","",""
"https://inc5shop.com/cdn/shop/files/LYNG16-8929_Gold-1.jpg?v=1777452764&width=1500","image/jpeg","200","OK","Indexable","","0","0.800","",""
"https://inc5shop.com/products/womens-champagne-clutches-with-twist-lock-for-party-use-lyng16-8903-champagne","text/html; charset=UTF-8","429","Too Many Requests","Non-Indexable","Client Error","3","0.147","",""
"https://inc5shop.com/cdn/shop/files/203.png?v=1764066327&width=1500","image/png","200","OK","Indexable","","0","1.056","",""
"https://inc5shop.com/products/men-black-solid-leather-formal-slip-ons-shoes-nd723-black","text/html; charset=UTF-8","429","Too Many Requests","Non-Indexable","Client Error","6","0.119","",""
"https://inc5shop.com/products/men-black-formal-slip-ons-shoes-msd-01-black","text/html; charset=UTF-8","429","Too Many Requests","Non-Indexable","Client Error","6","0.122","",""
"https://inc5shop.com/cdn/shop/files/LYNG16-8924_Black-0.jpg?v=1777876960&width=1500","image/jpeg","200","OK","Indexable","","0","0.623","",""
"https://inc5shop.com/cdn/shop/files/3324_Black_1_d9fe0cbd-dc85-43fa-aed7-bda75792804b.jpg?v=1757917002&width=1500","image/jpeg","200","OK","Indexable","","0","0.107","",""
"https://inc5shop.com/cdn/shop/files/LYNG16-8905_Grey_1_1569a55f-33db-4384-ad71-6a49fdbd2d84.jpg?v=1764066270&width=1500","image/jpeg","200","OK","Indexable","","0","0.509","",""
"https://inc5shop.com/cdn/shop/files/13522_Cherry_1_f7d913be-5e44-40f6-9bbf-332f194b59a6.jpg?v=1755484129&width=1500","image/jpeg","200","OK","Indexable","","0","0.147","",""
"https://inc5shop.com/products/men-tan-solid-formal-lace-up-derby-shoes-nd725-tan","text/html; charset=UTF-8","429","Too Many Requests","Non-Indexable","Client Error","1","0.146","",""
"https://inc5shop.com/cdn/shop/files/LYNG16-8925_Gold-1.jpg?v=1777452765&width=1500","image/jpeg","200","OK","Indexable","","0","0.963","",""
"https://inc5shop.com/cdn/shop/files/15334_black.png?v=1757917231&width=1500","image/png","200","OK","Indexable","","0","0.162","",""
"https://inc5shop.com/cdn/shop/files/3320_Black_1_179b49c7-ac33-4823-a2e9-a64ab61eccca.jpg?v=1757916967&width=1500","image/jpeg","200","OK","Indexable","","0","0.182","",""
"https://inc5shop.com/cdn/shop/files/3320_black.png?v=1757916967&width=1500","image/png","200","OK","Indexable","","0","0.247","",""
"https://inc5shop.com/cdn/shop/files/LYNG16-8908_Gold_1_a06b8a93-dc08-45a9-b6fd-bd23d42feee3.jpg?v=1764066327&width=1500","image/jpeg","200","OK","Indexable","","0","1.002","",""
"https://inc5shop.com/cdn/shop/files/13522BLACK.jpg?v=1755484130&width=1500","image/jpeg","200","OK","Indexable","","0","0.268","",""
"https://inc5shop.com/cdn/shop/files/ND725_Tan_29245d71-a978-488c-ae5d-abb131d1f646.jpg?v=1755484104&width=1500","image/jpeg","200","OK","Indexable","","0","0.383","",""
"https://inc5shop.com/cdn/shop/files/13523BLACK.jpg?v=1755484196&width=1500","image/jpeg","200","OK","Indexable","","0","0.208","",""
"https://inc5shop.com/products/mens-tan-formal-solid-pointed-toe-derby-shoes-3324-tan","text/html; charset=UTF-8","429","Too Many Requests","Non-Indexable","Client Error","6","0.133","",""
"https://inc5shop.com/cdn/shop/files/ND725_Black_1c4139e5-9784-4c1c-b077-059b8c67ab79.jpg?v=1755484105&width=1500","image/jpeg","200","OK","Indexable","","0","0.389","",""
"https://inc5shop.com/cdn/shop/files/ND725_Black_1_93dffc27-7aa2-48b6-a0e7-a972fbde6e89.jpg?v=1755484105&width=1500","image/jpeg","200","OK","Indexable","","0","0.245","",""
"https://inc5shop.com/cdn/shop/files/8909131340165.jpg?v=1779105377&width=1500","image/jpeg","200","OK","Indexable","","0","0.433","",""
"https://inc5shop.com/cdn/shop/files/13543_Wine_1_103a517d-abce-4a34-89b4-3bb53b63ce18.jpg?v=1762753245&width=1500","image/jpeg","200","OK","Indexable","","0","0.747","",""
"https://inc5shop.com/products/mens-black-casual-solid-pointed-toe-loafers-shoe-15336-black","text/html; charset=UTF-8","429","Too Many Requests","Non-Indexable","Client Error","6","0.120","",""
"https://inc5shop.com/cdn/shop/files/15338_Black_1_4d0b24c3-eac2-46ce-bc6b-deaa7690a748.jpg?v=1757917339&width=1500","image/jpeg","200","OK","Indexable","","0","0.510","",""
"https://inc5shop.com/products/mens-tan-casual-solid-pointed-toe-loafers-15339-light-tan","text/html; charset=UTF-8","429","Too Many Requests","Non-Indexable","Client Error","6","0.103","",""
"https://inc5shop.com/cdn/shop/files/15339_Mid_Brown_1_eaa027bd-2f1d-4ba2-9219-25170085bc12.jpg?v=1757932145&width=1500","image/jpeg","200","OK","Indexable","","0","0.793","",""
"https://inc5shop.com/cdn/shop/files/ND725_Tan_29245d71-a978-488c-ae5d-abb131d1f646.jpg?v=1755484104","image/jpeg","200","OK","Indexable","","0","1.246","",""
"https://inc5shop.com/cdn/shop/files/3324_tan.png?v=1757917047&width=1500","image/png","200","OK","Indexable","","0","0.464","",""
"https://inc5shop.com/cdn/shop/files/8909131321454.jpg?v=1779105494&width=1500","image/jpeg","200","OK","Indexable","","0","0.423","",""
"https://inc5shop.com/cdn/shop/files/15336_Brown_1_e7d25eea-2571-4fcf-9af5-848b7eca5b6c.jpg?v=1755483831&width=1500","image/jpeg","200","OK","Indexable","","0","0.438","",""
"https://inc5shop.com/cdn/shop/files/13522BLACK.jpg?v=1755484130","image/jpeg","200","OK","Indexable","","0","0.212","",""
"https://inc5shop.com/cdn/shop/files/15336_Black_1_552d34ea-6577-4ff3-9f6b-a20f9662f643.jpg?v=1754475676&width=1500","image/jpeg","200","OK","Indexable","","0","0.442","",""
"https://inc5shop.com/cdn/shop/files/13543_Black_1_f6707943-1eac-4ded-86a9-f0a19c7e0222.jpg?v=1762753243&width=1500","image/jpeg","200","OK","Indexable","","0","0.430","",""
"https://inc5shop.com/cdn/shop/files/3327_Tan_1_90cea53d-e746-4bfd-b8fc-4f9b4896deff.jpg?v=1757917142&width=1500","image/jpeg","200","OK","Indexable","","0","0.637","",""
"https://inc5shop.com/cdn/shop/files/13524_BLACK_1_80213038-e889-483c-b9af-ab747b4c7f43.jpg?v=1757660106","image/jpeg","200","OK","Indexable","","0","0.361","",""
"https://inc5shop.com/products/mens-brown-formal-solid-pointed-toe-derby-shoe-15338-iron-dark-brown","text/html; charset=UTF-8","429","Too Many Requests","Non-Indexable","Client Error","6","0.140","",""
"https://inc5shop.com/cdn/shop/files/ND723_Black_a2651907-e57d-47e9-a23b-a62e4b6a12f3.jpg?v=1755484108&width=1500","image/jpeg","200","OK","Indexable","","0","0.220","",""
"https://inc5shop.com/cdn/shop/files/3324_Tan_1_ac4060f9-828c-46ad-8402-d6e712329a0e.jpg?v=1757917047&width=1500","image/jpeg","200","OK","Indexable","","0","0.684","",""
"https://inc5shop.com/cdn/shop/files/15333_Black_1_9428d27c-9d7e-4de5-aebe-ca5bf9e474a8.jpg?v=1757917195&width=1500","image/jpeg","200","OK","Indexable","","0","0.662","",""
"https://inc5shop.com/cdn/shop/files/ND725_Black_1c4139e5-9784-4c1c-b077-059b8c67ab79.jpg?v=1755484105","image/jpeg","200","OK","Indexable","","0","0.285","",""
"https://inc5shop.com/cdn/shop/files/ND723_Cherry_58f9c873-125f-469d-99f3-7f4085758280.jpg?v=1755484107&width=1500","image/jpeg","200","OK","Indexable","","0","0.251","",""
"https://inc5shop.com/cdn/shop/files/ND723_Black_a2651907-e57d-47e9-a23b-a62e4b6a12f3.jpg?v=1755484108","image/jpeg","200","OK","Indexable","","0","0.263","",""
"https://inc5shop.com/cdn/shop/files/8909131223949.png?v=1777630661&width=1500","image/png","200","OK","Indexable","","0","0.416","",""
"https://inc5shop.com/products/men-black-solid-formal-lace-up-derby-shoes-nd725-black","text/html; charset=UTF-8","429","Too Many Requests","Non-Indexable","Client Error","3","0.128","",""
"https://inc5shop.com/products/mens-black-formal-solid-pointed-toe-derby-shoe-15338-black","text/html; charset=UTF-8","429","Too Many Requests","Non-Indexable","Client Error","6","0.111","",""
"https://inc5shop.com/cdn/shop/files/13522_Black_1_b8b4df2e-c1ec-439e-b5c7-6fa831fa5770.jpg?v=1755484130&width=1500","image/jpeg","200","OK","Indexable","","0","0.823","",""
"https://inc5shop.com/cdn/shop/products/13523_Black_1.jpg?v=1755484196&width=1500","image/jpeg","200","OK","Indexable","","0","0.739","",""
"https://inc5shop.com/products/mens-tan-formal-solid-pointed-toe-loafer-shoe-15334-tan","text/html; charset=UTF-8","429","Too Many Requests","Non-Indexable","Client Error","6","0.124","",""
"https://inc5shop.com/cdn/shop/files/13524_BLACK_1_80213038-e889-483c-b9af-ab747b4c7f43.jpg?v=1757660106&width=1500","image/jpeg","200","OK","Indexable","","0","0.432","",""
"https://inc5shop.com/cdn/shop/files/15338_Dark_Brown_1_da22d5c1-f518-45bc-9ebf-646a14ce03f0.jpg?v=1757917380&width=1500","image/jpeg","200","OK","Indexable","","0","0.180","",""
"https://inc5shop.com/products/privo-black-casual-slip-on-shoes-with-tassel-detail-13521-black","text/html; charset=UTF-8","429","Too Many Requests","Non-Indexable","Client Error","6","0.123","",""
"https://inc5shop.com/cdn/shop/files/3324_black.png?v=1757917002&width=1500","image/png","200","OK","Indexable","","0","0.628","",""
"https://inc5shop.com/cdn/shop/files/Untitled_design_42.png?v=1757932145&width=1500","image/png","200","OK","Indexable","","0","0.605","",""
"https://inc5shop.com/cdn/shop/files/15333_black.png?v=1757917195&width=1500","image/png","200","OK","Indexable","","0","0.379","",""
"https://inc5shop.com/products/men-cherry-solid-leather-formal-slip-ons-shoes-nd723-cherry","text/html; charset=UTF-8","429","Too Many Requests","Non-Indexable","Client Error","2","0.215","",""
"https://inc5shop.com/products/privo-black-fomal-lace-up-derby-shoes-for-men-13523-black","text/html; charset=UTF-8","429","Too Many Requests","Non-Indexable","Client Error","3","0.143","",""
"https://inc5shop.com/cdn/shop/files/13522CHERRY.jpg?v=1755484128&width=1500","image/jpeg","200","OK","Indexable","","0","0.404","",""
"https://inc5shop.com/cdn/shop/files/15334_tan.png?v=1757917273&width=1500","image/png","200","OK","Indexable","","0","0.449","",""
"https://inc5shop.com/cdn/shop/products/13524_Black_1.jpg?v=1757660106&width=1500","image/jpeg","200","OK","Indexable","","0","0.825","",""
"https://inc5shop.com/cdn/shop/files/15334_Tan_1_83c7af2d-d850-4fbb-b476-aa227dd84936.jpg?v=1757917273&width=1500","image/jpeg","200","OK","Indexable","","0","0.653","",""
"https://inc5shop.com/cdn/shop/files/3327_black.png?v=1757917107&width=1500","image/png","200","OK","Indexable","","0","0.517","",""
"https://inc5shop.com/products/privo-cherry-formal-slipon-for-mens-13522-cherry","text/html; charset=UTF-8","429","Too Many Requests","Non-Indexable","Client Error","5","0.232","",""
"https://inc5shop.com/products/mens-brown-casual-solid-pointed-toe-loafer-shoes-15336-brown","text/html; charset=UTF-8","429","Too Many Requests","Non-Indexable","Client Error","6","0.264","",""
"https://inc5shop.com/products/mens-black-formal-solid-pointed-toe-loafer-shoe-15333-black","text/html; charset=UTF-8","429","Too Many Requests","Non-Indexable","Client Error","6","0.248","",""
"https://inc5shop.com/products/mens-red-formal-solid-pointed-toe-derby-shoe-13543-wine","text/html; charset=UTF-8","429","Too Many Requests","Non-Indexable","Client Error","3","0.140","",""
"https://inc5shop.com/cdn/shop/files/15338_dark_brown.png?v=1757917380&width=1500","image/png","200","OK","Indexable","","0","0.181","",""
"https://inc5shop.com/cdn/shop/files/ND723_Cherry_1_ad256431-6970-4962-87b1-d7640a9b3822.jpg?v=1755484107&width=1500","image/jpeg","200","OK","Indexable","","0","0.436","",""
"https://inc5shop.com/cdn/shop/files/13521BLACK.jpg?v=1755484197","image/jpeg","200","OK","Indexable","","0","0.191","",""
"https://inc5shop.com/cdn/shop/files/MSD-01_Black_1_5839af42-cfd4-4024-b8ac-83234c4a2c4a.jpg?v=1755484110&width=1500","image/jpeg","200","OK","Indexable","","0","0.754","",""
"https://inc5shop.com/products/mens-tan-formal-solid-pointed-toe-derby-shoes-3327-tan","text/html; charset=UTF-8","429","Too Many Requests","Non-Indexable","Client Error","6","0.119","",""
"https://inc5shop.com/cdn/shop/files/15334_Black_1_6f4b5337-a2e0-4f40-9309-3c34c644bff5.jpg?v=1757917231&width=1500","image/jpeg","200","OK","Indexable","","0","0.420","",""
"https://inc5shop.com/products/privo-black-formal-slipon-for-mens-13522-black","text/html; charset=UTF-8","429","Too Many Requests","Non-Indexable","Client Error","7","0.127","",""
"https://inc5shop.com/cdn/shop/products/13521_Black_1.jpg?v=1755484198&width=1500","image/jpeg","200","OK","Indexable","","0","0.782","",""
"https://inc5shop.com/cdn/shop/files/3327_tan.png?v=1757917142&width=1500","image/png","200","OK","Indexable","","0","0.467","",""
"https://inc5shop.com/cdn/shop/files/15335_black.png?v=1757917307&width=1500","image/png","200","OK","Indexable","","0","0.599","",""
"https://inc5shop.com/products/mens-black-formal-solid-pattern-pointed-toe-loafer-shoe-15335-black","text/html; charset=UTF-8","429","Too Many Requests","Non-Indexable","Client Error","6","0.101","",""
"https://inc5shop.com/products/mens-black-formal-solid-pointed-toe-derby-shoes-3327-black","text/html; charset=UTF-8","429","Too Many Requests","Non-Indexable","Client Error","6","0.130","",""
"https://inc5shop.com/cdn/shop/files/15338_black.png?v=1757917339&width=1500","image/png","200","OK","Indexable","","0","0.441","",""
"https://inc5shop.com/cdn/shop/files/8909131223864.png?v=1777564948&width=1500","image/png","200","OK","Indexable","","0","0.861","",""
"https://inc5shop.com/products/mens-black-formal-solid-pattern-pointed-toe-derby-shoe-13543-black","text/html; charset=UTF-8","429","Too Many Requests","Non-Indexable","Client Error","3","0.141","",""
"https://inc5shop.com/cdn/shop/files/8909131321492.jpg?v=1779105440&width=1500","image/jpeg","200","OK","Indexable","","0","0.396","",""
"https://inc5shop.com/cdn/shop/files/13521BLACK.jpg?v=1755484197&width=1500","image/jpeg","200","OK","Indexable","","0","0.689","",""
"https://inc5shop.com/cdn/shop/files/13522CHERRY.jpg?v=1755484128","image/jpeg","200","OK","Indexable","","0","0.383","",""
"https://inc5shop.com/cdn/shop/files/ND723_Black_1_9b7453eb-a8a3-4dc9-b098-9c1a47177a76.jpg?v=1755484108&width=1500","image/jpeg","200","OK","Indexable","","0","0.254","",""
"https://inc5shop.com/products/mens-black-formal-solid-pointed-toe-loafers-15334-black","text/html; charset=UTF-8","429","Too Many Requests","Non-Indexable","Client Error","6","0.139","",""
"https://inc5shop.com/collections/mens-formals?page=3","text/html; charset=UTF-8","429","Too Many Requests","Non-Indexable","Client Error","1","0.153","",""
"https://inc5shop.com/cdn/shop/files/3327_Black_1_3498de21-34ac-4b54-a810-c316df01a51b.jpg?v=1757917107&width=1500","image/jpeg","200","OK","Indexable","","0","0.428","",""
"https://inc5shop.com/products/mens-black-formal-solid-pointed-toe-derby-shoes-3324-black","text/html; charset=UTF-8","429","Too Many Requests","Non-Indexable","Client Error","6","0.105","",""
"https://inc5shop.com/products/mens-black-casual-solid-pointed-toe-moccasin-shoes-3320-black","text/html; charset=UTF-8","429","Too Many Requests","Non-Indexable","Client Error","6","0.131","",""
"https://inc5shop.com/products/mens-brown-casual-solid-pointed-toe-loafers-15339-mid-brown","text/html; charset=UTF-8","429","Too Many Requests","Non-Indexable","Client Error","6","0.152","",""
"https://inc5shop.com/collections/mens-formals?page=2","text/html; charset=UTF-8","429","Too Many Requests","Non-Indexable","Client Error","2","0.139","",""
"https://inc5shop.com/products/privo-black-fomal-slip-on-shoes-for-men-13524-black","text/html; charset=UTF-8","429","Too Many Requests","Non-Indexable","Client Error","6","0.126","",""
"https://inc5shop.com/cdn/shop/files/15335_Black_1_2b10e32e-b4ab-4072-932d-a9de78328ca6.jpg?v=1757917307&width=1500","image/jpeg","200","OK","Indexable","","0","0.852","",""
"https://inc5shop.com/cdn/shop/files/15339_Light_Tan_1_2d2b01df-0c35-4009-a113-d9fb66765d8e.jpg?v=1755483829&width=1500","image/jpeg","200","OK","Indexable","","0","0.476","",""
"https://inc5shop.com/cdn/shop/files/ND723_Cherry_58f9c873-125f-469d-99f3-7f4085758280.jpg?v=1755484107","image/jpeg","200","OK","Indexable","","0","0.914","",""
"https://inc5shop.com/collections/mens-formals?page=6","text/html; charset=UTF-8","429","Too Many Requests","Non-Indexable","Client Error","1","0.126","",""
"https://inc5shop.com/cdn/shop/files/3739_Black-1.jpg?v=1776752958&width=1500","image/jpeg","200","OK","Indexable","","0","0.142","",""
"https://inc5shop.com/products/womens-golden-casual-printed-open-toe-flats-102929-gold","text/html; charset=UTF-8","429","Too Many Requests","Non-Indexable","Client Error","3","0.136","",""
"https://inc5shop.com/products/womens-golden-party-wear-solid-one-toe-flats-mules-601127-antique","text/html; charset=UTF-8","429","Too Many Requests","Non-Indexable","Client Error","3","0.122","",""
"https://inc5shop.com/products/womens-black-casual-solid-pointed-toe-flat-ballerinas-3439-black","text/html; charset=UTF-8","429","Too Many Requests","Non-Indexable","Client Error","3","0.114","",""
"https://inc5shop.com/cdn/shop/files/8909131462249.png?v=1778049209&width=1500","image/png","200","OK","Indexable","","0","0.112","",""
"https://inc5shop.com/products/womens-green-party-wear-printed-toe-flats-mules-601013-pista","text/html; charset=UTF-8","429","Too Many Requests","Non-Indexable","Client Error","6","0.128","",""
"https://inc5shop.com/cdn/shop/files/700070_Peach_1.jpg?v=1779366423&width=1500","image/jpeg","200","OK","Indexable","","0","0.119","",""
"https://inc5shop.com/products/womens-rose-gold-ethnic-embellished-t-strap-flats-601177-rose-gold","text/html; charset=UTF-8","429","Too Many Requests","Non-Indexable","Client Error","6","0.131","",""
"https://inc5shop.com/cdn/shop/files/601177_Antique-0.jpg?v=1779444923&width=1500","image/jpeg","200","OK","Indexable","","0","0.150","",""
"https://inc5shop.com/cdn/shop/files/ND725_Tan_1_7ba68e3a-9e75-4b31-8321-d6b2982e2418.jpg?v=1755484104&width=1500","image/jpeg","200","OK","Indexable","","0","0.803","",""
"https://inc5shop.com/cdn/shop/files/3739_Blue-1.jpg?v=1776752958&width=1500","image/jpeg","200","OK","Indexable","","0","0.178","",""
"https://inc5shop.com/cdn/shop/files/8909131462324.png?v=1778052142&width=1500","image/png","200","OK","Indexable","","0","0.150","",""
"https://inc5shop.com/cdn/shop/files/MSD-01_Black_d30bec8c-9c7d-49d2-9bd1-4b2edabc0b1c.jpg?v=1755484110&width=1500","image/jpeg","200","OK","Indexable","","0","0.727","",""
"https://inc5shop.com/cdn/shop/files/102644_Tan-0.jpg?v=1779444923&width=1500","image/jpeg","200","OK","Indexable","","0","0.120","",""
"https://inc5shop.com/cdn/shop/files/700070_Chikoo-0.jpg?v=1779444923&width=1500","image/jpeg","200","OK","Indexable","","0","0.198","",""
"https://inc5shop.com/cdn/shop/files/700070_Chikoo_1.jpg?v=1779366349&width=1500","image/jpeg","200","OK","Indexable","","0","0.401","",""
"https://inc5shop.com/collections/vendors?q=Inc.5","text/html; charset=UTF-8","429","Too Many Requests","Non-Indexable","Client Error","312","0.128","",""
"https://inc5shop.com/cdn/shop/files/601021_Rose_Gold_1_c0cf6a5a-101a-445f-93eb-1003c2fdb545.jpg?v=1755491173&width=1500","image/jpeg","200","OK","Indexable","","0","0.190","",""
"https://inc5shop.com/cdn/shop/files/3739_Blue-0.jpg?v=1776771879&width=1500","image/jpeg","200","OK","Indexable","","0","0.138","",""
"https://inc5shop.com/cdn/shop/files/3439_BLACK_72b2cde9-4424-4cd9-b333-34a4cf982293.jpg?v=1768388567&width=1500","image/jpeg","200","OK","Indexable","","0","0.166","",""
"https://inc5shop.com/cdn/shop/files/601021_Rose_Gold_2_f66e24f9-eaff-4b58-afa1-b990889028b7.jpg?v=1755491173&width=1500","image/jpeg","200","OK","Indexable","","0","0.204","",""
"https://inc5shop.com/products/womens-black-casual-solid-round-toe-ballerinas-800604-black","text/html; charset=UTF-8","429","Too Many Requests","Non-Indexable","Client Error","1","0.145","",""
"https://inc5shop.com/products/womens-rose-gold-party-wear-printed-toe-flats-mules-601021-rose-gold","text/html; charset=UTF-8","429","Too Many Requests","Non-Indexable","Client Error","5","0.170","",""
"https://inc5shop.com/cdn/shop/files/Inc5-601108_Antique_1_a53ce27b-7455-4d0e-ae1b-51e2ccd2226a.jpg?v=1767690137&width=1500","image/jpeg","200","OK","Indexable","","0","0.667","",""
"https://inc5shop.com/cdn/shop/files/3739_Black-0.jpg?v=1776771879&width=1500","image/jpeg","200","OK","Indexable","","0","0.390","",""
"https://inc5shop.com/cdn/shop/files/102934_Black-0.jpg?v=1779444923&width=1500","image/jpeg","200","OK","Indexable","","0","0.776","",""
"https://inc5shop.com/cdn/shop/files/INC_800604_Black_1_30781e5a-7904-476f-ad3e-8e6460dfa710.jpg?v=1755491439&width=1500","image/jpeg","200","OK","Indexable","","0","0.456","",""
"https://inc5shop.com/products/womens-black-casual-solid-open-toe-flats-102934-black","text/html; charset=UTF-8","429","Too Many Requests","Non-Indexable","Client Error","3","0.135","",""
"https://inc5shop.com/cdn/shop/files/601013_Pista_2_7c4fea69-5456-4d4c-9e3b-ba3dbbcef918.jpg?v=1755492945&width=1500","image/jpeg","200","OK","Indexable","","0","0.193","",""
"https://inc5shop.com/collections/womens-flats?page=23","text/html; charset=UTF-8","429","Too Many Requests","Non-Indexable","Client Error","1","0.150","",""
"https://inc5shop.com/cdn/shop/files/3438_BEIGE_431e20c9-cfdd-4f3e-8be3-71836ecae28d.jpg?v=1768388586&width=1500","image/jpeg","200","OK","Indexable","","0","0.680","",""
"https://inc5shop.com/products/womens-beige-casual-solid-pointed-toe-flat-ballerinas-3438-beige","text/html; charset=UTF-8","429","Too Many Requests","Non-Indexable","Client Error","3","0.136","",""
"https://inc5shop.com/cdn/shop/files/601021_Pewter_2_79bfa986-aab0-4357-8b94-42905b463045.jpg?v=1755491174&width=1500","image/jpeg","200","OK","Indexable","","0","0.432","",""
"https://inc5shop.com/products/womens-black-casual-solid-pointed-flat-ballerinas-3438-black","text/html; charset=UTF-8","429","Too Many Requests","Non-Indexable","Client Error","3","0.124","",""
"https://inc5shop.com/cdn/shop/files/102644_Tan_1.jpg?v=1779366300&width=1500","image/jpeg","200","OK","Indexable","","0","0.437","",""
"https://inc5shop.com/products/womens-beige-casual-embellished-open-toe-flats-700070-chikoo","text/html; charset=UTF-8","429","Too Many Requests","Non-Indexable","Client Error","3","0.130","",""
"https://inc5shop.com/cdn/shop/files/INC-101990_Rose_Gold_2_b3a0ce8f-6d8a-4d85-9ca7-ce1b64a25954.jpg?v=1767690209&width=1500","image/jpeg","200","OK","Indexable","","0","0.286","",""
"https://inc5shop.com/cdn/shop/files/102929_Gold_1.jpg?v=1779366304&width=1500","image/jpeg","200","OK","Indexable","","0","0.172","",""
"https://inc5shop.com/cdn/shop/files/800825_Gold.jpg?v=1774593669&width=1500","image/jpeg","200","OK","Indexable","","0","0.388","",""
"https://inc5shop.com/cdn/shop/files/INC-101990_Rose_Gold_1_5f2c812d-e11a-4672-80f0-db82f77f8409.jpg?v=1767690209&width=1500","image/jpeg","200","OK","Indexable","","0","0.142","",""
"https://inc5shop.com/products/womens-beige-party-wear-solid-one-toe-flats-mules-sandals-800752-beige","text/html; charset=UTF-8","429","Too Many Requests","Non-Indexable","Client Error","3","0.130","",""
"https://inc5shop.com/cdn/shop/files/INC-101990_Antique_2_c4e33fd1-d79d-4de4-8ac1-d8d90caf8654.jpg?v=1767690134&width=1500","image/jpeg","200","OK","Indexable","","0","0.681","",""
"https://inc5shop.com/cdn/shop/files/Inc5-601107_Antique_1_afa43226-4656-4a06-b803-0c27ce436707.jpg?v=1767690136&width=1500","image/jpeg","200","OK","Indexable","","0","0.244","",""
"https://inc5shop.com/cdn/shop/files/601177_Rose_Gold_1.jpg?v=1779366348&width=1500","image/jpeg","200","OK","Indexable","","0","0.114","",""
"https://inc5shop.com/cdn/shop/files/601021_Pewter_1_e7175da5-c1f4-40cf-8f52-0267ebf83546.jpg?v=1755491174","image/jpeg","200","OK","Indexable","","0","0.236","",""
"https://inc5shop.com/products/womens-pewter-party-wear-printed-toe-flats-mules-601021-pewter","text/html; charset=UTF-8","429","Too Many Requests","Non-Indexable","Client Error","7","0.135","",""
"https://inc5shop.com/products/womens-blue-casual-solid-round-toe-ballerinas-800604-blue","text/html; charset=UTF-8","429","Too Many Requests","Non-Indexable","Client Error","3","0.117","",""
"https://inc5shop.com/cdn/shop/files/INC_800604_Black_2_21cd31bc-a8c6-44c4-bcb1-d8aca6d2d859.jpg?v=1755491439&width=1500","image/jpeg","200","OK","Indexable","","0","0.115","",""
"https://inc5shop.com/cdn/shop/files/INC_800604_Blue_1_01253884-f866-450c-9c28-36a732ab37c2.jpg?v=1755491437","image/jpeg","200","OK","Indexable","","0","0.176","",""
"https://inc5shop.com/products/womens-golden-ethnic-embellished-t-strap-flats-601177-antique","text/html; charset=UTF-8","429","Too Many Requests","Non-Indexable","Client Error","3","0.133","",""
"https://inc5shop.com/cdn/shop/files/Inc5-601108_Black_1_74d32d41-f65b-49b2-8505-b42aa4c28371.jpg?v=1767689997&width=1500","image/jpeg","200","OK","Indexable","","0","1.103","",""
"https://inc5shop.com/products/womens-black-party-wear-solid-pattern-one-toe-flats-mules-sandals-601127-black","text/html; charset=UTF-8","429","Too Many Requests","Non-Indexable","Client Error","3","0.124","",""
"https://inc5shop.com/cdn/shop/files/Inc5-800722_Beige_1_7001232a-9a08-43a3-94be-b256b76ca036.jpg?v=1767689936&width=1500","image/jpeg","200","OK","Indexable","","0","0.451","",""
"https://inc5shop.com/products/womens-blue-casual-printed-pointed-toe-ballerinas-3739-blue","text/html; charset=UTF-8","429","Too Many Requests","Non-Indexable","Client Error","6","0.133","",""
"https://inc5shop.com/cdn/shop/files/800825_Rose_Gold-1.jpg?v=1774592938&width=1500","image/jpeg","200","OK","Indexable","","0","0.265","",""
"https://inc5shop.com/cdn/shop/files/INC_800604_Blue_1_01253884-f866-450c-9c28-36a732ab37c2.jpg?v=1755491437&width=1500","image/jpeg","200","OK","Indexable","","0","0.388","",""
"https://inc5shop.com/products/womens-black-casual-printed-pointed-toe-ballerinas-3739-black","text/html; charset=UTF-8","429","Too Many Requests","Non-Indexable","Client Error","6","0.141","",""
"https://inc5shop.com/cdn/shop/files/INC_800604_Blue_2_601dc6b6-8050-4c12-8d5f-d47c4c5f0e05.jpg?v=1755491437&width=1500","image/jpeg","200","OK","Indexable","","0","0.228","",""
"https://inc5shop.com/cdn/shop/files/601177_Rose_Gold-0.jpg?v=1779444923&width=1500","image/jpeg","200","OK","Indexable","","0","0.125","",""
"https://inc5shop.com/cdn/shop/files/601177_Antique_1.jpg?v=1779366348&width=1500","image/jpeg","200","OK","Indexable","","0","0.167","",""
"https://inc5shop.com/cdn/shop/files/102929_Gold-0.jpg?v=1779444924&width=1500","image/jpeg","200","OK","Indexable","","0","0.643","",""
"https://inc5shop.com/products/womens-black-party-wear-one-toe-flats-mules-sandals-601128-black","text/html; charset=UTF-8","429","Too Many Requests","Non-Indexable","Client Error","3","0.171","",""
"https://inc5shop.com/cdn/shop/files/Inc5-601107_Black_1_c539f54e-df51-4d07-a92f-80a3b484ec15.jpg?v=1767690011&width=1500","image/jpeg","200","OK","Indexable","","0","0.736","",""
"https://inc5shop.com/cdn/shop/files/800722_BEIGE_b556dd2c-bc7d-4903-aeb5-096c3461bea0.jpg?v=1767689936&width=1500","image/jpeg","200","OK","Indexable","","0","0.722","",""
"https://inc5shop.com/cdn/shop/files/INC-101990_Antique_1_47e70764-b3b2-4b09-901d-55afb12814da.jpg?v=1767690134&width=1500","image/jpeg","200","OK","Indexable","","0","0.880","",""
"https://inc5shop.com/cdn/shop/files/3438_Beige_1_320b573c-3a49-4d61-a0ad-5f61459bd8d5.jpg?v=1765365636&width=1500","image/jpeg","200","OK","Indexable","","0","0.604","",""
"https://inc5shop.com/cdn/shop/files/700070_Peach-0.jpg?v=1779444924&width=1500","image/jpeg","200","OK","Indexable","","0","0.589","",""
"https://inc5shop.com/cdn/shop/files/601021_Pewter_1_e7175da5-c1f4-40cf-8f52-0267ebf83546.jpg?v=1755491174&width=1500","image/jpeg","200","OK","Indexable","","0","0.912","",""
"https://inc5shop.com/products/womens-rose-gold-party-wear-embellished-t-strap-flat-sandals-102747-rose-gold","text/html; charset=UTF-8","429","Too Many Requests","Non-Indexable","Client Error","3","0.129","",""
"https://inc5shop.com/products/womens-golden-casual-embellished-round-toe-ballerinas-800825-gold","text/html; charset=UTF-8","429","Too Many Requests","Non-Indexable","Client Error","3","0.122","",""
"https://inc5shop.com/cdn/shop/files/3439_Black_1_64a4411c-8177-4ffb-9f88-67b58eebab28.jpg?v=1765365719&width=1500","image/jpeg","200","OK","Indexable","","0","0.422","",""
"https://inc5shop.com/cdn/shop/files/601021_Rose_Gold_1_c0cf6a5a-101a-445f-93eb-1003c2fdb545.jpg?v=1755491173","image/jpeg","200","OK","Indexable","","0","0.402","",""
"https://inc5shop.com/cdn/shop/files/102934_Black_1.jpg?v=1779366304&width=1500","image/jpeg","200","OK","Indexable","","0","0.824","",""
"https://inc5shop.com/cdn/shop/files/601013_Pista_1_6580a2c4-6ac2-4cfb-84cc-ef068a6667da.jpg?v=1755492945&width=1500","image/jpeg","200","OK","Indexable","","0","0.217","",""
"https://inc5shop.com/cdn/shop/files/8909131462454.png?v=1777624838&width=1500","image/png","200","OK","Indexable","","0","0.898","",""
"https://inc5shop.com/collections/womens-flats?page=2","text/html; charset=UTF-8","429","Too Many Requests","Non-Indexable","Client Error","2","0.236","",""
"https://inc5shop.com/cdn/shop/files/3438_BLACK_2c0ed224-6e5b-48bc-bdf5-bbfe5136d0a3.jpg?v=1768388569&width=1500","image/jpeg","200","OK","Indexable","","0","0.250","",""
"https://inc5shop.com/cdn/shop/files/3438_Black_1_2af7b3e8-c446-4330-bf81-9cfe070b214d.jpg?v=1765365714&width=1500","image/jpeg","200","OK","Indexable","","0","0.836","",""
"https://inc5shop.com/products/womens-tan-casual-solid-t-strap-toe-flats-slip-ons-102644-tan","text/html; charset=UTF-8","429","Too Many Requests","Non-Indexable","Client Error","6","0.345","",""
"https://inc5shop.com/cdn/shop/files/INC_800604_Black_1_30781e5a-7904-476f-ad3e-8e6460dfa710.jpg?v=1755491439","image/jpeg","200","OK","Indexable","","0","0.218","",""
"https://inc5shop.com/products/womens-peach-casual-embellished-open-toe-flats-700070-peach","text/html; charset=UTF-8","429","Too Many Requests","Non-Indexable","Client Error","6","0.228","",""
"https://inc5shop.com/products/womens-golden-party-wear-solid-one-toe-flats-mules-sandals-601128-antique","text/html; charset=UTF-8","429","Too Many Requests","Non-Indexable","Client Error","3","0.190","",""
"https://cdn.shopify.com/shopifycloud/perf-kit/shopify-perf-kit-3.7.0.min.js","text/javascript","200","OK","Indexable","","0","0.068","",""
"https://inc5shop.com/collections/womens-flats?page=3","text/html; charset=UTF-8","429","Too Many Requests","Non-Indexable","Client Error","1","0.125","",""
"https://inc5shop.com/products/womens-golden-party-wear-embellished-t-strap-flat-sandals-102747-antique","text/html; charset=UTF-8","429","Too Many Requests","Non-Indexable","Client Error","3","0.119","",""
"https://inc5shop.com/blogs/blog/top-5-monsoon-proof-handbags-what-to-carry-when-it-rains","text/html; charset=UTF-8","429","Too Many Requests","Non-Indexable","Client Error","2","0.126","",""
"https://inc5shop.com/cdn/shop/files/8909131462393.png?v=1777632459&width=1500","image/png","200","OK","Indexable","","0","0.553","",""
"https://inc5shop.com/blogs/blog/traditional-practical-shoulder-bags-a-contemporary-style-guide-2025","text/html; charset=UTF-8","429","Too Many Requests","Non-Indexable","Client Error","2","0.139","",""
"https://inc5shop.com/cdn/shop/articles/mens-boots-style-guide-different-types-of-boots-and-how-to-wear-them.jpg?v=1772012610&width=533","image/jpeg","200","OK","Indexable","","0","0.404","",""
"https://inc5shop.com/cdn/shop/articles/Sling-Bags-vs-Wallets_Blog-3_cb36238f-6cd4-43bd-b7f7-ce8a2415bd20.jpg?v=1754395491&width=533","image/jpeg","200","OK","Indexable","","0","0.437","",""
"https://inc5shop.com/cdn/shop/articles/platform-vs-pumps-right-height-for-you_d7f07e42-d37f-4aea-b302-73e4c944a3da.jpg?v=1761307208&width=533","image/jpeg","200","OK","Indexable","","0","0.431","",""
"https://inc5shop.com/blogs/blog/monsoon-ready-footwear-for-women-stylish-sandals-flats-that-survive-the-rains","text/html; charset=UTF-8","429","Too Many Requests","Non-Indexable","Client Error","2","0.152","",""
"https://inc5shop.com/cdn/shop/articles/1763358177529_5fe061f7-cc56-4f9b-b8a9-96fbe0aeff9e.jpg?v=1763970115&width=533","image/jpeg","200","OK","Indexable","","0","0.424","",""
"https://inc5shop.com/blogs/blog/top-10-women-s-footwear-for-college-and-office-in-india","text/html; charset=UTF-8","429","Too Many Requests","Non-Indexable","Client Error","2","0.156","",""
"https://inc5shop.com/blogs/blog/best-inc5-flats-for-navratri-celebration-with-style-amp-comfort","text/html; charset=UTF-8","429","Too Many Requests","Non-Indexable","Client Error","2","0.128","",""
"https://inc5shop.com/cdn/shop/articles/best-mens-footwear-for-long-commutes-in-indian-cities_1.jpg?v=1776428661&width=533","image/jpeg","200","OK","Indexable","","0","0.662","",""
"https://inc5shop.com/cdn/shop/articles/beginners-guide-to-buying-the-perfect-shoulder-bag-for-women_1_ae6475fe-5120-4beb-a8b6-6aca8f757d44.jpg?v=1774587799&width=533","image/jpeg","200","OK","Indexable","","0","0.441","",""
"https://inc5shop.com/blogs/blog/diwali-2025-outfit-guide-10-stylish-footwear-picks-for-festive-tradition","text/html; charset=UTF-8","429","Too Many Requests","Non-Indexable","Client Error","2","0.136","",""
"https://inc5shop.com/blogs/blog/mens-sandals-strap-style-find-the-right-fit","text/html; charset=UTF-8","429","Too Many Requests","Non-Indexable","Client Error","2","0.146","",""
"https://inc5shop.com/blogs/blog/mix-and-match-sling-bags-for-women-with-kurtis-and-jeans-a-complete-styling-guide","text/html; charset=UTF-8","429","Too Many Requests","Non-Indexable","Client Error","2","0.136","",""
"https://inc5shop.com/blogs/blog/mix-and-match-boots-amp-backpacks-the-ultimate-street-style-duo","text/html; charset=UTF-8","429","Too Many Requests","Non-Indexable","Client Error","2","0.132","",""
"https://inc5shop.com/blogs/blog/sling-bags-vs-wallets-whats-best-for-women","text/html; charset=UTF-8","429","Too Many Requests","Non-Indexable","Client Error","2","0.125","",""
"https://inc5shop.com/cdn/shop/articles/Womens-Wedges_Blog-4_82ff7b9e-c18c-47d1-9613-8b499f1503bf.jpg?v=1754999941&width=533","image/jpeg","200","OK","Indexable","","0","0.626","",""
"https://inc5shop.com/blogs/blog/the-ultimate-guide-to-choosing-the-right-handbag-for-every-occasion","text/html; charset=UTF-8","429","Too Many Requests","Non-Indexable","Client Error","2","0.132","",""
"https://inc5shop.com/blogs/blog/what-shoes-to-wear-with-jeans-the-ultimate-styling-guide","text/html; charset=UTF-8","429","Too Many Requests","Non-Indexable","Client Error","2","0.129","",""
"https://inc5shop.com/blogs/blog/style-one-pair-of-black-heels-in-7-chic-outfit-ideas","text/html; charset=UTF-8","429","Too Many Requests","Non-Indexable","Client Error","2","0.123","",""
"https://inc5shop.com/cdn/shop/articles/best-footwear-for-men_webp_a447a98a-9448-48de-b19b-919b76ef26d0.jpg?v=1760699041&width=533","image/jpeg","200","OK","Indexable","","0","0.437","",""
"https://inc5shop.com/cdn/shop/articles/What-shoes-to-wear-with-jeans-the-ultimate-styling-guide_f530e034-7b45-4e3c-bca9-0a8c79dc2010.jpg?v=1765951628&width=533","image/jpeg","200","OK","Indexable","","0","0.443","",""
"https://inc5shop.com/blogs/blog/wedges-for-college-girls","text/html; charset=UTF-8","429","Too Many Requests","Non-Indexable","Client Error","2","0.103","",""
"https://inc5shop.com/cdn/shop/articles/Blog-2_1_a4419ce2-11bb-441e-a827-6c0ce2a0f9e6.jpg?v=1757671028&width=533","image/jpeg","200","OK","Indexable","","0","0.627","",""
"https://inc5shop.com/blogs/blog/boho-vibes-mix-and-max-womens-wedges-with-printed-maxi-dresses-and-denim-jackets","text/html; charset=UTF-8","429","Too Many Requests","Non-Indexable","Client Error","2","0.109","",""
"https://inc5shop.com/cdn/shop/articles/strap-styles-in-mens-sandals_1_31a20bb6-2e2b-4565-96b8-862d488b030c.jpg?v=1776429708&width=533","image/jpeg","200","OK","Indexable","","0","0.692","",""
"https://inc5shop.com/cdn/shop/articles/diwali-2025-outfits-guide-stylish-footwear_acbc02a7-7864-47a0-b313-c8df7ac0d6e7.jpg?v=1760699026&width=533","image/jpeg","200","OK","Indexable","","0","0.535","",""
"https://inc5shop.com/blogs/blog/how-to-wear-transparent-heels-for-women","text/html; charset=UTF-8","429","Too Many Requests","Non-Indexable","Client Error","2","0.134","",""
"https://inc5shop.com/cdn/shop/articles/Footwear-handbags-care-guide-cleaning-storage-longevity_1a43e5ac-5dca-424f-8b61-493839cda9d6.jpg?v=1766122300&width=533","image/jpeg","200","OK","Indexable","","0","0.668","",""
"https://inc5shop.com/cdn/shop/articles/10-stylish-pumps-heels-for-women-trending-in-2026_1_341b1f47-a5e6-40d5-bbe3-5d9dc5ba48d6.jpg?v=1774879012&width=533","image/jpeg","200","OK","Indexable","","0","0.418","",""
"https://inc5shop.com/blogs/blog/elevate-your-all-white-independence-day-style-with-inc5-footwear","text/html; charset=UTF-8","429","Too Many Requests","Non-Indexable","Client Error","2","0.149","",""
"https://inc5shop.com/blogs/blog/best-beach-footwear-for-women","text/html; charset=UTF-8","429","Too Many Requests","Non-Indexable","Client Error","2","0.100","",""
"https://inc5shop.com/cdn/shop/articles/Elevate_Your_All-White_Independence_Day_Style_with_INC5_Footwear_-_Banner_50dd1750-7c1d-4785-b895-79d2abe5e983.jpg?v=1754982427&width=533","image/jpeg","200","OK","Indexable","","0","0.410","",""
"https://inc5shop.com/cdn/shop/articles/Flats_For_Navratri_36de8267-3087-408d-9c01-7576bc54b996.jpg?v=1779343264&width=533","image/jpeg","200","OK","Indexable","","0","0.630","",""
"https://inc5shop.com/cdn/shop/articles/top-branded-sling-bags-for-women-luxury-bags-from-the-best-brand_f2aa4a07-f791-46d2-a66d-988f6a4ebdcf.jpg?v=1769582062&width=533","image/jpeg","200","OK","Indexable","","0","0.443","",""
"https://inc5shop.com/cdn/shop/articles/Mix-and-Match-Sling-Bags_a4311238-8788-4a24-baa4-d525b4f12d46.jpg?v=1757663196&width=533","image/jpeg","200","OK","Indexable","","0","0.410","",""
"https://inc5shop.com/blogs/blog/5-must-have-shoes-for-men","text/html; charset=UTF-8","429","Too Many Requests","Non-Indexable","Client Error","2","0.107","",""
"https://inc5shop.com/blogs/blog/blog-how-to-choose-crossbody-bag-for-women","text/html; charset=UTF-8","429","Too Many Requests","Non-Indexable","Client Error","2","0.113","",""
"https://inc5shop.com/blogs/blog/best-6-different-types-of-clutch-bags-every-women-should-own","text/html; charset=UTF-8","429","Too Many Requests","Non-Indexable","Client Error","2","0.144","",""
"https://inc5shop.com/blogs/blog/best-sandals-for-men-outfit-guide","text/html; charset=UTF-8","429","Too Many Requests","Non-Indexable","Client Error","2","0.147","",""
"https://inc5shop.com/cdn/shop/articles/College-_-Office_Blog-2_69dcb238-532a-4c73-ab42-df15c2c96e7c.jpg?v=1757670545&width=533","image/jpeg","200","OK","Indexable","","0","0.404","",""
"https://inc5shop.com/blogs/blog/top-5-inc-5-party-heels-for-women-that-are-perfect-for-every-celebration","text/html; charset=UTF-8","429","Too Many Requests","Non-Indexable","Client Error","2","0.123","",""
"https://inc5shop.com/cdn/shop/articles/mix-and-match-boots-and-backpacks-for-street-style_352851f5-5611-478c-b4fa-30d000044376.jpg?v=1761309345&width=533","image/jpeg","200","OK","Indexable","","0","0.478","",""
"https://inc5shop.com/cdn/shop/articles/your-ultimate-style-guide-to-wear-transparent-heels-for-women_Blog-2_193d7c9b-f94d-440b-b367-6568ec4218cf.jpg?v=1780122050&width=533","image/jpeg","200","OK","Indexable","","0","0.652","",""
"https://inc5shop.com/blogs/blog/best-mens-footwear-for-long-commutes-in-indian-cities","text/html; charset=UTF-8","429","Too Many Requests","Non-Indexable","Client Error","2","0.097","",""
"https://inc5shop.com/blogs/blog/monsoon-office-style-best-mens-formal-casual-shoes-for-rainy-commutes","text/html; charset=UTF-8","429","Too Many Requests","Non-Indexable","Client Error","2","0.119","",""
"https://inc5shop.com/blogs/blog/best-womens-sandals-online-for-casual-office-and-party-wear","text/html; charset=UTF-8","429","Too Many Requests","Non-Indexable","Client Error","2","0.151","",""
"https://inc5shop.com/blogs/blog/best-footwear-bags-college-student","text/html; charset=UTF-8","429","Too Many Requests","Non-Indexable","Client Error","2","0.167","",""
"https://inc5shop.com/blogs/blog/top-5-stylish-flats-for-ladies-that-combine-comfort-style-in-2026","text/html; charset=UTF-8","429","Too Many Requests","Non-Indexable","Client Error","2","0.119","",""
"https://inc5shop.com/cdn/shop/articles/1763373734718_190524ed-c1d2-470b-9115-772a44add262.jpg?v=1763461115&width=533","image/jpeg","200","OK","Indexable","","0","0.393","",""
"https://inc5shop.com/cdn/shop/articles/Best-wallet-colors-for-women-how-to-style-them_378efeec-3a57-4eb5-830b-d1bca3248972.jpg?v=1765435507&width=533","image/jpeg","200","OK","Indexable","","0","0.440","",""
"https://inc5shop.com/cdn/shop/articles/7-Reasons-Why-Women_s-Wedge-Heels-Are-Trending-in-2026_1_1.jpg?v=1774856257&width=533","image/jpeg","200","OK","Indexable","","0","0.393","",""
"https://inc5shop.com/blogs/blog/monsoon-shoe-care-tips-keep-your-footwear-safe-from-rain","text/html; charset=UTF-8","429","Too Many Requests","Non-Indexable","Client Error","2","0.120","",""
"https://inc5shop.com/blogs/blog/how-to-care-for-your-footwear-handbags-cleaning-storage-longevity-tips-you-must-know","text/html; charset=UTF-8","429","Too Many Requests","Non-Indexable","Client Error","2","0.148","",""
"https://inc5shop.com/blogs/blog/best-slip-on-shoes-for-men","text/html; charset=UTF-8","429","Too Many Requests","Non-Indexable","Client Error","2","0.120","",""
"https://inc5shop.com/cdn/shop/articles/wedges-for-college-girls_2_33e54e41-8816-4d29-90cd-d97cbd8b7a29.jpg?v=1776685817&width=533","image/jpeg","200","OK","Indexable","","0","0.450","",""
"https://inc5shop.com/blogs/blog/best-wallet-colours-for-women-how-to-style-them","text/html; charset=UTF-8","429","Too Many Requests","Non-Indexable","Client Error","2","0.143","",""
"https://inc5shop.com/blogs/blog/7-reasons-why-womens-wedge-heels-are-trending-in-2026","text/html; charset=UTF-8","429","Too Many Requests","Non-Indexable","Client Error","2","0.127","",""
"https://inc5shop.com/blogs/blog/best-black-formal-shoes-for-men","text/html; charset=UTF-8","429","Too Many Requests","Non-Indexable","Client Error","2","0.132","",""
"https://inc5shop.com/cdn/shop/articles/effortless-elegance-how-to-style-sling-bags-for-any-occasion_1.jpg?v=1764162147&width=533","image/jpeg","200","OK","Indexable","","0","0.379","",""
"https://inc5shop.com/cdn/shop/articles/top-5-inc5-party-heels-for-women-that-are-perfect-for-every-celebration.jpg?v=1768827132&width=533","image/jpeg","200","OK","Indexable","","0","0.429","",""
"https://inc5shop.com/cdn/shop/articles/monsoon-office-style-mens-formal-casual-shoes-rainy-commutes_9e8348fd-6278-40af-b04d-2862b0632d0b.jpg?v=1782735162&width=533","image/jpeg","200","OK","Indexable","","0","0.646","",""
"https://inc5shop.com/blogs/blog/10-stylish-pumps-heels-for-women-trending-in-2026","text/html; charset=UTF-8","429","Too Many Requests","Non-Indexable","Client Error","2","0.116","",""
"https://inc5shop.com/blogs/blog/mens-boots-style-guide-types-of-boots","text/html; charset=UTF-8","429","Too Many Requests","Non-Indexable","Client Error","2","0.154","",""
"https://inc5shop.com/cdn/shop/articles/inc5-stylish-beach-footwear-for-women-vacation-getaway_a48c7e52-85c9-4f67-a044-d7cc6f954ae0.jpg?v=1781679338&width=533","image/jpeg","200","OK","Indexable","","0","0.604","",""
"https://inc5shop.com/cdn/shop/articles/how-to-choose-the-perfect-crossbody-bag-for-women-wide-strap-black-cloth-purse-styles.jpg?v=1769598626&width=533","image/jpeg","200","OK","Indexable","","0","0.430","",""
"https://inc5shop.com/blogs/blog/https-inc5shop-com-blogs-blog-top-4-best-mens-formal-shoes","text/html; charset=UTF-8","429","Too Many Requests","Non-Indexable","Client Error","2","0.124","",""
"https://inc5shop.com/blogs/blog/top-8-best-women-s-black-bags-from-inc-5-stylish-black-handbags-for-every-occasion","text/html; charset=UTF-8","429","Too Many Requests","Non-Indexable","Client Error","2","0.141","",""
"https://inc5shop.com/blogs/blog/top-9-christmas-gift-ideas-shoes-handbags-amp-wallets-she-will-absolutely-love","text/html; charset=UTF-8","429","Too Many Requests","Non-Indexable","Client Error","2","0.127","",""
"https://inc5shop.com/cdn/shop/articles/essential-shoes-for-men-5-must-have-shoes-for-men-in-his-wardrobe.jpg?v=1769600000&width=533","image/jpeg","200","OK","Indexable","","0","0.430","",""
"https://inc5shop.com/blogs/blog/essential-shoes-bags-guide-must-haves-for-every-woman","text/html; charset=UTF-8","429","Too Many Requests","Non-Indexable","Client Error","2","0.131","",""
"https://inc5shop.com/cdn/shop/articles/top-4-best-mens-formal-shoes-for-office-weddings-and-special-events.jpg?v=1775034520&width=533","image/jpeg","200","OK","Indexable","","0","0.465","",""
"https://inc5shop.com/blogs/blog/top-branded-sling-bags-for-women-luxury-bags","text/html; charset=UTF-8","429","Too Many Requests","Non-Indexable","Client Error","2","0.144","",""
"https://inc5shop.com/blogs/blog/driving-in-style-a-practical-guide-to-men-s-driving-shoes","text/html; charset=UTF-8","429","Too Many Requests","Non-Indexable","Client Error","2","0.125","",""
"https://inc5shop.com/blogs/blog/valentine-gift-ideas-for-him-and-her","text/html; charset=UTF-8","429","Too Many Requests","Non-Indexable","Client Error","2","0.121","",""
"https://inc5shop.com/blogs/blog/inc-5-men-s-footwear-trendy-comfortable-timeless-styles-for-you","text/html; charset=UTF-8","429","Too Many Requests","Non-Indexable","Client Error","2","0.114","",""
"https://inc5shop.com/cdn/shop/articles/best-backpacks-for-women.jpg?v=1772706269&width=533","image/jpeg","200","OK","Indexable","","0","0.398","",""
"https://inc5shop.com/blogs/blog/beginner-s-guide-to-buying-the-perfect-shoulder-bag-for-women-1","text/html; charset=UTF-8","429","Too Many Requests","Non-Indexable","Client Error","2","0.118","",""
"https://inc5shop.com/cdn/shop/articles/top-5-best-black-formal-shoes-for-men-you-must-own-in-2026.jpg?v=1772012979&width=533","image/jpeg","200","OK","Indexable","","0","0.445","",""
"https://inc5shop.com/cdn/shop/articles/Valentines-gift-ideas-for-him-and-her_bdf6c58d-6822-4652-968d-3acc9343f169.jpg?v=1771250525&width=533","image/jpeg","200","OK","Indexable","","0","0.401","",""
"https://inc5shop.com/cdn/shop/articles/styling-one-pair-of-black-heels-in-7-different-outfits_1_be0a3e3e-0888-444d-b2cd-d417036587ed.jpg?v=1776429279&width=533","image/jpeg","200","OK","Indexable","","0","0.754","",""
"https://inc5shop.com/blogs/blog/effortless-elegance-how-to-style-sling-bags-for-any-occasion","text/html; charset=UTF-8","429","Too Many Requests","Non-Indexable","Client Error","2","0.119","",""
"https://inc5shop.com/cdn/shop/articles/a-complete-guide-to-different-types-of-heels-for-women_Blog-3_904d1965-1fe9-419b-abcb-42452297e119.jpg?v=1780123088&width=533","image/jpeg","200","OK","Indexable","","0","0.636","",""
"https://inc5shop.com/cdn/shop/articles/guide-to-choosing-the-right-handbag-for-every-occasion_4e8906b8-d1b9-48ec-b436-8aeafaa12654.jpg?v=1760699010&width=533","image/jpeg","200","OK","Indexable","","0","0.409","",""
"https://inc5shop.com/cdn/shop/articles/Classic-and-convenient-a-guide-to-wearing-shoulder-bags-the-morden-way_85f3c8fa-2a51-407e-8ec5-4e8982910c00.jpg?v=1763638191&width=533","image/jpeg","200","OK","Indexable","","0","0.431","",""
"https://inc5shop.com/cdn/shop/articles/top-5-monsoon-proof-handbags-what-to-carry-when-it-rains_58a5cfda-4469-4dfe-be22-0abda273b1b7.jpg?v=1782735157&width=533","image/jpeg","200","OK","Indexable","","0","0.532","",""
"https://inc5shop.com/cdn/shop/articles/sandals-for-men-what-works-with-shorts-jeans-ethnic-wear_Blog-4.jpg?v=1780123850&width=533","image/jpeg","200","OK","Indexable","","0","0.859","",""
"https://inc5shop.com/blogs/blog/platform-vs-pumps-finding-the-right-height-for-you","text/html; charset=UTF-8","429","Too Many Requests","Non-Indexable","Client Error","2","0.191","",""
"https://inc5shop.com/blogs/blog/top-5-best-selling-boots-for-women-style-comfort-amp-elegance-by-inc5","text/html; charset=UTF-8","429","Too Many Requests","Non-Indexable","Client Error","2","0.116","",""
"https://inc5shop.com/cdn/shop/articles/Top-9-christmas-gift-ideas-shoes-handbags-wallets-she-will-absolutely-love_2_e344b8c8-880f-4229-9293-173247bcee2c.jpg?v=1765784601&width=533","image/jpeg","200","OK","Indexable","","0","0.433","",""
"https://inc5shop.com/blogs/blog/different-types-of-heels-for-women","text/html; charset=UTF-8","429","Too Many Requests","Non-Indexable","Client Error","2","0.110","",""
"https://inc5shop.com/cdn/shop/articles/how-to-choose-the-best-slip-on-shoes-for-men-style-guide_Blog-1_75e7e469-9b65-40f2-8502-7ca225e91484.jpg?v=1780120860&width=533","image/jpeg","200","OK","Indexable","","0","0.689","",""
"https://inc5shop.com/blogs/blog/best-backpacks-for-womens","text/html; charset=UTF-8","429","Too Many Requests","Non-Indexable","Client Error","2","0.143","",""
"https://inc5shop.com/cdn/shop/articles/Monsoon-Shoe-Care-Tips_Blog-1_04ebe78b-63a2-46a7-a944-f050b972813d.jpg?v=1783085034&width=533","image/jpeg","200","OK","Indexable","","0","0.562","",""
"https://inc5shop.com/cdn/shop/articles/top-5-stylish-flats-for-ladies-that-combine-comfort-style-in-2026_1_1_1.jpg?v=1775035089&width=533","image/jpeg","200","OK","Indexable","","0","0.431","",""
"https://inc5shop.com/cdn/shop/articles/best-footwear-and-bags-for-college-students.jpg?v=1776428696&width=533","image/jpeg","200","OK","Indexable","","0","1.258","",""
"https://inc5shop.com/cdn/shop/articles/best-womens-sandals-online_431f28f4-d2a7-4e0f-aec4-1b3ebb4bcd2d.jpg?v=1772099229&width=533","image/jpeg","200","OK","Indexable","","0","0.432","",""
"https://inc5shop.com/cdn/shop/articles/monsoon-ready-footwear-for-women-stylish-sandals-flats._420edda3-204c-4b09-a619-6363fd15eb8a.jpg?v=1782736270&width=533","image/jpeg","200","OK","Indexable","","0","0.381","",""
"https://inc5shop.com/cdn/shop/files/8905564943638_5a3a792e-a1d9-4b55-ab36-2aff78cd3f67.png?v=1758866548&width=1500","image/png","200","OK","Indexable","","0","0.185","",""
"https://inc5shop.com/cdn/shop/files/600462_ANTIQUE.jpg?v=1758866492&width=1500","image/jpeg","200","OK","Indexable","","0","0.125","",""
"https://inc5shop.com/cdn/shop/files/600667GREY_1_62873cc5-d44f-4e00-af31-88f641ac1e41.jpg?v=1755496167","image/jpeg","200","OK","Indexable","","0","0.206","",""
"https://inc5shop.com/cdn/shop/articles/Top-8-best-womens-black-bags-from-inc5-stylish-black-handbags_cbf41527-5463-4aa0-9098-d5fdb4efc144.jpg?v=1768283518&width=533","image/jpeg","200","OK","Indexable","","0","0.397","",""
"https://inc5shop.com/cdn/shop/articles/Best-6-different-types-of-clutch-bags-every-women-should-own.jpg?v=1764244379&width=533","image/jpeg","200","OK","Indexable","","0","0.551","",""
"https://inc5shop.com/cdn/shop/files/600870_Antique_1_e8c5b153-25cf-4330-a759-b592582fe9ce.jpg?v=1758866567&width=1500","image/jpeg","200","OK","Indexable","","0","0.176","",""
"https://inc5shop.com/cdn/shop/files/101528BLACK_1_03089660-44ad-4530-a7e3-0571047f5f77.jpg?v=1758866560&width=1500","image/jpeg","200","OK","Indexable","","0","0.149","",""
"https://inc5shop.com/cdn/shop/files/600462_Black_1_0f9d023e-d28b-4f2c-ae52-54ccfa9490f3.jpg?v=1755490469&width=1500","image/jpeg","200","OK","Indexable","","0","0.320","",""
"https://inc5shop.com/products/women-antique-textured-open-toe-wedges-101528-antique?_pos=6&_fid=c95316f25&_ss=c&variant=44127626330356","text/html; charset=UTF-8","429","Too Many Requests","Non-Indexable","Client Error","4","0.190","",""
"https://inc5shop.com/cdn/shop/files/8907716912974_5980b2eb-6698-4c14-9796-e59feb84ba18.png?v=1758866492&width=1500","image/png","200","OK","Indexable","","0","0.234","",""
"https://inc5shop.com/cdn/shop/files/8905564942914_9c758f2c-efa1-4030-9d95-f73f95a374c1.png?v=1758868028&width=1500","image/png","200","OK","Indexable","","0","0.229","",""
"https://inc5shop.com/cdn/shop/files/8905564721434_1e4fd3d4-5500-4187-a47e-b23571c69919.png?v=1758866638","image/png","200","OK","Indexable","","0","0.197","",""
"https://inc5shop.com/products/women-black-metallic-print-wedge-sandals-with-knot-detail-101754-black?_pos=18&_fid=c95316f25&_ss=c&variant=44875124146420","text/html; charset=UTF-8","429","Too Many Requests","Non-Indexable","Client Error","4","0.148","",""
"https://inc5shop.com/cdn/shop/files/8905564492600_5d4f7924-0770-42ab-8ac4-c14e5db39b32.png?v=1758868452","image/png","200","OK","Indexable","","0","0.128","",""
"https://inc5shop.com/cdn/shop/files/8905564831577_6f35ac9e-d8ed-4ae9-9737-9dcab7310f9d.png?v=1758867994","image/png","200","OK","Indexable","","0","0.197","",""
"https://inc5shop.com/cdn/shop/files/101785_BLACK_a2cae367-97da-4a19-b93b-93c9d5a41c33.jpg?v=1758868473&width=1500","image/jpeg","200","OK","Indexable","","0","0.259","",""
"https://inc5shop.com/cdn/shop/files/600462_BLACK_d7103af1-3130-42bc-a839-e84f87a159f8.jpg?v=1755490469&width=1500","image/jpeg","200","OK","Indexable","","0","0.131","",""
"https://inc5shop.com/products/inc-5-wedges-thong-sandal-for-womens-600462-beige-beige?_pos=7&_fid=c95316f25&_ss=c","text/html; charset=UTF-8","429","Too Many Requests","Non-Indexable","Client Error","4","0.139","",""
"https://inc5shop.com/cdn/shop/files/A-600879_Cream_1_f10adf17-125d-49c6-b428-053b409a3582.jpg?v=1755491851","image/jpeg","200","OK","Indexable","","0","0.248","",""
"https://inc5shop.com/products/women-black-colourblocked-open-toe-t-strap-flats-101764-black","text/html; charset=UTF-8","429","Too Many Requests","Non-Indexable","Client Error","2","0.166","",""
"https://inc5shop.com/cdn/shop/products/600643_BLACK.jpg?v=1758868477&width=1500","image/jpeg","200","OK","Indexable","","0","0.359","",""
"https://inc5shop.com/cdn/shop/files/600462_BLACK_d7103af1-3130-42bc-a839-e84f87a159f8.jpg?v=1755490469","image/jpeg","200","OK","Indexable","","0","0.217","",""
"https://inc5shop.com/cdn/shop/files/8905564492600_5d4f7924-0770-42ab-8ac4-c14e5db39b32.png?v=1758868452&width=1500","image/png","200","OK","Indexable","","0","0.203","",""
"https://inc5shop.com/products/women-antique-metallic-print-one-toe-wedge-sandals-101785-antique?_pos=12&_fid=c95316f25&_ss=c&variant=44874355835124","text/html; charset=UTF-8","429","Too Many Requests","Non-Indexable","Client Error","4","0.229","",""
"https://inc5shop.com/products/women-antique-embellished-open-toe-flats-with-ankle-bells-600743-antique?_pos=11&_fid=c95316f25&_ss=c&variant=48102622068980","text/html; charset=UTF-8","429","Too Many Requests","Non-Indexable","Client Error","3","0.236","",""
"https://inc5shop.com/cdn/shop/files/101754_ANTIQUE_5d3910b7-7f3d-4524-a93c-4fac95818228.jpg?v=1771224889&width=1500","image/jpeg","200","OK","Indexable","","0","0.121","",""
"https://inc5shop.com/cdn/shop/files/8905564976858_0d7d7173-90be-4cff-a9db-2d1109b57297.png?v=1758866515&width=1500","image/png","200","OK","Indexable","","0","0.586","",""
"https://inc5shop.com/cdn/shop/files/8905564477218_ea99dc95-4f38-4c1e-8630-948647b38c99.png?v=1758868497","image/png","200","OK","Indexable","","0","0.127","",""
"https://inc5shop.com/cdn/shop/files/8905564831669_3f872bc0-4479-4709-a3e7-96c19025f71d.png?v=1758868014&width=1500","image/png","200","OK","Indexable","","0","0.470","",""
"https://inc5shop.com/products/women-navy-embellished-wedge-heelnavy-600643-navy?_pos=21&_fid=c95316f25&_ss=c&variant=44806758596852","text/html; charset=UTF-8","429","Too Many Requests","Non-Indexable","Client Error","4","0.121","",""
"https://inc5shop.com/cdn/shop/files/8905564831669.png?v=1758868014&width=1500","image/png","200","OK","Indexable","","0","0.202","",""
"https://inc5shop.com/cdn/shop/files/8905564915277_831a627d-1fe9-4e8f-a159-5325d57542d9.png?v=1758868462&width=1500","image/png","200","OK","Indexable","","0","0.193","",""
"https://inc5shop.com/products/women-white-and-multicoloured-open-toe-flats-with-knot-detail-101764-white?_pos=1&_fid=c95316f25&_ss=c&variant=48102510788852","text/html; charset=UTF-8","429","Too Many Requests","Non-Indexable","Client Error","4","0.117","",""
"https://inc5shop.com/cdn/shop/files/8905564828690_67b24d87-7fa6-4a18-8fa5-a5fc2661ab72.png?v=1758868001","image/png","200","OK","Indexable","","0","0.180","",""
"https://inc5shop.com/cdn/shop/files/8905564940743_a708f02c-878e-4fec-92d1-3e20541b8594.png?v=1758866567&width=1500","image/png","200","OK","Indexable","","0","1.000","",""
"https://inc5shop.com/cdn/shop/files/101521ANTIQUE_1_207ff1ff-4b27-4f55-b391-d0d5ca8001c6.jpg?v=1758866486&width=1500","image/jpeg","200","OK","Indexable","","0","0.141","",""
"https://inc5shop.com/products/embroided-platform-thong-2?_pos=4&_fid=c95316f25&_ss=c","text/html; charset=UTF-8","429","Too Many Requests","Non-Indexable","Client Error","4","0.138","",""
"https://inc5shop.com/collections/like-mother-like-daughter?filter.v.availability=1&page=2","text/html; charset=UTF-8","429","Too Many Requests","Non-Indexable","Client Error","2","0.121","",""
"https://inc5shop.com/products/women-black-embellished-wedge-heels-101667-black?_pos=24&_fid=c95316f25&_ss=c&variant=46597687640308","text/html; charset=UTF-8","429","Too Many Requests","Non-Indexable","Client Error","3","0.140","",""
"https://inc5shop.com/cdn/shop/files/8905564737107_e7453d03-c2be-4358-a4c3-a0144b4ee6d4.png?v=1758866589","image/png","200","OK","Indexable","","0","0.462","",""
"https://inc5shop.com/cdn/shop/files/101754_BLACK_9a4b335b-f36f-4113-abe9-2171434c8c88.jpg?v=1758868462&width=1500","image/jpeg","200","OK","Indexable","","0","0.188","",""
"https://inc5shop.com/products/women-antique-toned-embellished-ethnic-wedge-heels-600870-antique?_pos=13&_fid=c95316f25&_ss=c","text/html; charset=UTF-8","429","Too Many Requests","Non-Indexable","Client Error","3","0.102","",""
"https://inc5shop.com/products/women-black-metallic-print-one-toe-wedge-sandals-101785-black?_pos=14&_fid=c95316f25&_ss=c&variant=44874359341300","text/html; charset=UTF-8","429","Too Many Requests","Non-Indexable","Client Error","4","0.145","",""
"https://inc5shop.com/cdn/shop/files/101785_ANTIQUE_60d6a9a2-6cc3-461b-aa12-7cb3c82bcde7.jpg?v=1758866584&width=1500","image/jpeg","200","OK","Indexable","","0","0.131","",""
"https://inc5shop.com/collections/like-mother-like-daughter","text/html; charset=UTF-8","429","Too Many Requests","Non-Indexable","Client Error","7","0.150","",""
"https://inc5shop.com/cdn/shop/files/8905564721342_bd3c3e57-8dbd-4b64-8d84-f92d300fdaac.png?v=1758866560","image/png","200","OK","Indexable","","0","0.603","",""
"https://inc5shop.com/cdn/shop/files/101764_BLACK.jpg?v=1755491992&width=1500","image/jpeg","200","OK","Indexable","","0","0.455","",""
"https://inc5shop.com/cdn/shop/files/Handbags_Myntra_size_3.png?v=1771224889&width=1500","image/png","200","OK","Indexable","","0","0.453","",""
"https://inc5shop.com/cdn/shop/files/8905564936319_b23aa87d-72ac-4c24-8419-87859f7703a4.png?v=1758866584","image/png","200","OK","Indexable","","0","0.581","",""
"https://inc5shop.com/cdn/shop/files/8905564003363_0264ce8e-d71c-4536-a082-35f611d7cd4d.png?v=1758866507&width=1500","image/png","200","OK","Indexable","","0","0.293","",""
"https://inc5shop.com/cdn/shop/files/8905564828607_fb2187e2-a1e0-41ab-961a-cb6c2b84008c.png?v=1758868005&width=1500","image/png","200","OK","Indexable","","0","0.363","",""
"https://inc5shop.com/cdn/shop/files/8905564640186_84c36db7-ccd2-4141-824b-245d06915a88.png?v=1758868517&width=1500","image/png","200","OK","Indexable","","0","0.573","",""
"https://inc5shop.com/cdn/shop/files/600730_ANTIQUE_08493374-bb1c-4365-9ef2-18fb803d1788.jpg?v=1758868517&width=1500","image/jpeg","200","OK","Indexable","","0","0.794","",""
"https://inc5shop.com/cdn/shop/files/8905564976858_0d7d7173-90be-4cff-a9db-2d1109b57297.png?v=1758866515","image/png","200","OK","Indexable","","0","0.197","",""
"https://inc5shop.com/cdn/shop/files/8905564921315_450696ff-b1a3-461b-8474-ec4b7bcc5e99.png?v=1758868490&width=1500","image/png","200","OK","Indexable","","0","1.230","",""
"https://inc5shop.com/cdn/shop/files/8905564936241_816cff0d-2e15-4071-8109-e617f8aaefd3.png?v=1758868473","image/png","200","OK","Indexable","","0","1.062","",""
"https://inc5shop.com/cdn/shop/files/600462_Silver_2_13779343-8461-4539-acfd-32c80b444f89.jpg?v=1755491203&width=1500","image/jpeg","200","OK","Indexable","","0","0.902","",""
"https://inc5shop.com/products/womens-silver-party-wear-embellished-round-toe-wedge-heel-sandals-600462-silver","text/html; charset=UTF-8","429","Too Many Requests","Non-Indexable","Client Error","2","0.117","",""
"https://inc5shop.com/cdn/shop/files/8905564512285_6356a87e-c08a-4307-a4ec-ad6e6e091482.png?v=1758866486&width=1500","image/png","200","OK","Indexable","","0","0.244","",""
"https://inc5shop.com/cdn/shop/files/101764_WHITE_e646c326-db57-4ede-99d8-d079dbefe717.jpg?v=1758866477&width=1500","image/jpeg","200","OK","Indexable","","0","0.383","",""
"https://inc5shop.com/products/women-antique-embellished-party-block-sandals-600667-antique?_pos=25&_fid=c95316f25&_ss=c","text/html; charset=UTF-8","429","Too Many Requests","Non-Indexable","Client Error","1","0.114","",""
"https://inc5shop.com/cdn/shop/files/8907716912974_5980b2eb-6698-4c14-9796-e59feb84ba18.png?v=1758866492","image/png","200","OK","Indexable","","0","1.147","",""
"https://inc5shop.com/cdn/shop/files/A-600879_Cream_1_f10adf17-125d-49c6-b428-053b409a3582.jpg?v=1755491851&width=1500","image/jpeg","200","OK","Indexable","","0","0.699","",""
"https://inc5shop.com/cdn/shop/files/8905564828607_fb2187e2-a1e0-41ab-961a-cb6c2b84008c.png?v=1758868005","image/png","200","OK","Indexable","","0","0.429","",""
"https://inc5shop.com/cdn/shop/products/101600_ANTIQUE_2eb00044-70d0-4c5d-b812-62abedf34824.jpg?v=1758866601&width=1500","image/jpeg","200","OK","Indexable","","0","0.883","",""
"https://inc5shop.com/products/women-antique-textured-wedge-heels-101521-antique?_pos=3&_fid=c95316f25&_ss=c&variant=44121573261556","text/html; charset=UTF-8","429","Too Many Requests","Non-Indexable","Client Error","3","0.107","",""
"https://inc5shop.com/cdn/shop/products/101600_BLACK_ac3252ed-47c1-4bf2-b755-d592d4d89454.jpg?v=1758866589&width=1500","image/jpeg","200","OK","Indexable","","0","0.352","",""
"https://inc5shop.com/products/women-rose-gold-embellished-party-block-sandals600667-rose-gold?_pos=15&_fid=c95316f25&_ss=c&variant=44121474367732","text/html; charset=UTF-8","429","Too Many Requests","Non-Indexable","Client Error","3","0.113","",""
"https://inc5shop.com/cdn/shop/products/600462_BEIGE.jpg?v=1758866507&width=1500","image/jpeg","200","OK","Indexable","","0","0.575","",""
"https://inc5shop.com/cdn/shop/files/8905564936319_b23aa87d-72ac-4c24-8419-87859f7703a4.png?v=1758866584&width=1500","image/png","200","OK","Indexable","","0","1.281","",""
"https://inc5shop.com/cdn/shop/products/600643_NAVY_10eaa44e-f13f-4041-bc16-45d51d8e2816.jpg?v=1758868497&width=1500","image/jpeg","200","OK","Indexable","","0","0.103","",""
"https://inc5shop.com/products/women-black-toned-embellished-block-heels-600779-black?_pos=22&_fid=c95316f25&_ss=c&variant=46597694685428","text/html; charset=UTF-8","429","Too Many Requests","Non-Indexable","Client Error","3","0.115","",""
"https://inc5shop.com/cdn/shop/files/8905564936241_816cff0d-2e15-4071-8109-e617f8aaefd3.png?v=1758868473&width=1500","image/png","200","OK","Indexable","","0","0.212","",""
"https://inc5shop.com/products/women-antique-toned-embellished-open-toe-wedge-heels-600875-antique?_pos=23&_fid=c95316f25&_ss=c&variant=44874469933300","text/html; charset=UTF-8","429","Too Many Requests","Non-Indexable","Client Error","3","0.135","",""
"https://inc5shop.com/products/women-antique-toned-striped-embellished-wedge-heels-101600-antique?_pos=10&_fid=c95316f25&_ss=c&variant=44230863323380","text/html; charset=UTF-8","429","Too Many Requests","Non-Indexable","Client Error","4","0.158","",""
"https://inc5shop.com/products/women-antique-embellished-ethnic-wedge-heels-600730-antique?_pos=19&_fid=c95316f25&_ss=c","text/html; charset=UTF-8","429","Too Many Requests","Non-Indexable","Client Error","3","0.142","",""
"https://inc5shop.com/cdn/shop/files/8905564828607.png?v=1758868005&width=1500","image/png","200","OK","Indexable","","0","0.184","",""
"https://inc5shop.com/cdn/shop/files/8905564477218_ea99dc95-4f38-4c1e-8630-948647b38c99.png?v=1758868497&width=1500","image/png","200","OK","Indexable","","0","0.943","",""
"https://inc5shop.com/cdn/shop/files/101866_BLACK_baae8717-1177-4cbc-997f-9ca1cd584ccb.jpg?v=1758866515&width=1500","image/jpeg","200","OK","Indexable","","0","0.227","",""
"https://inc5shop.com/cdn/shop/files/8905564831577_6f35ac9e-d8ed-4ae9-9737-9dcab7310f9d.png?v=1758867994&width=1500","image/png","200","OK","Indexable","","0","0.364","",""
"https://inc5shop.com/cdn/shop/files/101528ANTIQUE.jpg?v=1758866638&width=1500","image/jpeg","200","OK","Indexable","","0","0.186","",""
"https://inc5shop.com/cdn/shop/files/101764_MUSTARD_cd9c69c1-03a1-48b6-a05f-bfd43bebfd1d.jpg?v=1758868490&width=1500","image/jpeg","200","OK","Indexable","","0","0.388","",""
"https://inc5shop.com/products/women-antique-toned-embellished-block-heels-600779-antique?_pos=27&_fid=c95316f25&_ss=c&variant=46597693636852","text/html; charset=UTF-8","429","Too Many Requests","Non-Indexable","Client Error","1","0.111","",""
"https://inc5shop.com/cdn/shop/products/101521Black-1.jpg?v=1751452523&width=1500","image/jpeg","200","OK","Indexable","","0","0.110","",""
"https://inc5shop.com/cdn/shop/files/8905564737107_e7453d03-c2be-4358-a4c3-a0144b4ee6d4.png?v=1758866589&width=1500","image/png","200","OK","Indexable","","0","0.258","",""
"https://inc5shop.com/products/women-black-party-wear-embellished-round-toe-wedge-heel-sandals-600462-black","text/html; charset=UTF-8","429","Too Many Requests","Non-Indexable","Client Error","2","0.106","",""
"https://inc5shop.com/cdn/shop/products/101521_BLACK_21c2aff5-4d5c-4ce1-806f-666d87226fef.jpg?v=1751452523&width=1500","image/jpeg","200","OK","Indexable","","0","0.112","",""
"https://inc5shop.com/cdn/shop/files/8905564661754_081371b9-f4b1-4084-bc55-16bba689a055.png?v=1758866553&width=1500","image/png","200","OK","Indexable","","0","0.197","",""
"https://inc5shop.com/cdn/shop/files/600667GREY_1_62873cc5-d44f-4e00-af31-88f641ac1e41.jpg?v=1755496167&width=1500","image/jpeg","200","OK","Indexable","","0","0.114","",""
"https://inc5shop.com/cdn/shop/files/600462_Silver_1_375e4046-f085-43b5-8a5b-1e9e575b91a9.jpg?v=1755491203&width=1500","image/jpeg","200","OK","Indexable","","0","0.423","",""
"https://inc5shop.com/cdn/shop/files/8905564737183_566b064f-c5ee-49db-b99a-ce3209e418e9.png?v=1758866601","image/png","200","OK","Indexable","","0","0.522","",""
"https://inc5shop.com/products/women-black-textured-open-toe-wedges-101528-black?_pos=2&_fid=c95316f25&_ss=c&variant=44127626658036","text/html; charset=UTF-8","429","Too Many Requests","Non-Indexable","Client Error","4","0.176","",""
"https://inc5shop.com/cdn/shop/files/600462_Silver_1_375e4046-f085-43b5-8a5b-1e9e575b91a9.jpg?v=1755491203","image/jpeg","200","OK","Indexable","","0","0.715","",""
"https://inc5shop.com/cdn/shop/files/8905564548611_8ac2fad5-dd7f-40bd-b38b-ff43be963040.png?v=1758866579&width=1500","image/png","200","OK","Indexable","","0","0.137","",""
"https://inc5shop.com/products/women-black-strappy-metallic-printed-wedge-heels-101866-black?_pos=5&_fid=c95316f25&_ss=c&variant=48102488867060","text/html; charset=UTF-8","429","Too Many Requests","Non-Indexable","Client Error","3","0.128","",""
"https://inc5shop.com/cdn/shop/products/101521_BLACK_21c2aff5-4d5c-4ce1-806f-666d87226fef.jpg?v=1751452523","image/jpeg","200","OK","Indexable","","0","0.104","",""
"https://inc5shop.com/cdn/shop/products/600667_ROSE_GLOD_629807e9-faa5-4b8d-b42f-0253493de5ff.jpg?v=1758866579&width=1500","image/jpeg","200","OK","Indexable","","0","0.180","",""
"https://inc5shop.com/cdn/shop/files/101764_BLACK.jpg?v=1755491992","image/jpeg","200","OK","Indexable","","0","0.452","",""
"https://inc5shop.com/cdn/shop/files/600879_Antique_1_8537cdf0-f1e1-47c3-bb95-2793f3f095ae.jpg?v=1758866548&width=1500","image/jpeg","200","OK","Indexable","","0","0.378","",""
"https://inc5shop.com/cdn/shop/files/600875_ANTIQUE_14efdcf8-a64e-431b-8b95-e95e08c66547.jpg?v=1758868028&width=1500","image/jpeg","200","OK","Indexable","","0","0.145","",""
"https://inc5shop.com/cdn/shop/files/8905564477126_f8ac8a22-e96e-48ce-9d6f-78b900e3aa0a.png?v=1758868477","image/png","200","OK","Indexable","","0","0.368","",""
"https://inc5shop.com/cdn/shop/files/Handbags_Myntra_size_3.png?v=1771224889","image/png","200","OK","Indexable","","0","0.232","",""
"https://inc5shop.com/cdn/shop/files/101764_Black_1_3a3f1a16-919a-467b-ab15-8415739f9b31.jpg?v=1755491992&width=1500","image/jpeg","200","OK","Indexable","","0","0.792","",""
"https://inc5shop.com/products/womens-cream-casual-embellished-small-heels-600879-cream","text/html; charset=UTF-8","429","Too Many Requests","Non-Indexable","Client Error","1","0.142","",""
"https://inc5shop.com/cdn/shop/files/8905564831577.png?v=1758867994&width=1500","image/png","200","OK","Indexable","","0","0.250","",""
"https://inc5shop.com/cdn/shop/files/8905564828690.png?v=1758868000&width=1500","image/png","200","OK","Indexable","","0","0.236","",""
"https://inc5shop.com/products/women-mustard-and-multicoloured-open-toe-flats-with-knot-detail-101764-mustard?_pos=17&_fid=c95316f25&_ss=c&variant=48102510919924","text/html; charset=UTF-8","429","Too Many Requests","Non-Indexable","Client Error","4","0.100","",""
"https://inc5shop.com/products/women-antique-embellished-ethnic-block-heels-600879-antique?_pos=9&_fid=c95316f25&_ss=c&variant=45235289358580","text/html; charset=UTF-8","429","Too Many Requests","Non-Indexable","Client Error","3","0.138","",""
"https://inc5shop.com/cdn/shop/files/8905564920592_44878e3c-5264-403e-ae98-76f13c4692e3.png?v=1758866477","image/png","200","OK","Indexable","","0","0.439","",""
"https://inc5shop.com/products/women-black-textured-wedge-heels-101521-black","text/html; charset=UTF-8","429","Too Many Requests","Non-Indexable","Client Error","1","0.093","",""
"https://inc5shop.com/cdn/shop/files/8905564831669_3f872bc0-4479-4709-a3e7-96c19025f71d.png?v=1758868014","image/png","200","OK","Indexable","","0","0.228","",""
"https://inc5shop.com/cdn/shop/files/8905564003363_0264ce8e-d71c-4536-a082-35f611d7cd4d.png?v=1758866507","image/png","200","OK","Indexable","","0","1.008","",""
"https://inc5shop.com/cdn/shop/products/600743_ANTIQUE_bcfe4f24-1ea0-41fa-abf5-1a86aeb45ce1.jpg?v=1758866553&width=1500","image/jpeg","200","OK","Indexable","","0","0.458","",""
"https://inc5shop.com/cdn/shop/files/8905564920592_44878e3c-5264-403e-ae98-76f13c4692e3.png?v=1758866477&width=1500","image/png","200","OK","Indexable","","0","1.018","",""
"https://inc5shop.com/cdn/shop/files/8905564915277_831a627d-1fe9-4e8f-a159-5325d57542d9.png?v=1758868462","image/png","200","OK","Indexable","","0","1.125","",""
"https://inc5shop.com/cdn/shop/files/8905564512285_6356a87e-c08a-4307-a4ec-ad6e6e091482.png?v=1758866486","image/png","200","OK","Indexable","","0","0.451","",""
"https://inc5shop.com/cdn/shop/files/8905564921315_450696ff-b1a3-461b-8474-ec4b7bcc5e99.png?v=1758868490","image/png","200","OK","Indexable","","0","1.219","",""
"https://inc5shop.com/cdn/shop/files/A-600879_Cream_5_72e1b992-644a-4481-a056-8b2c0e82db6f.jpg?v=1755491851&width=1500","image/jpeg","200","OK","Indexable","","0","0.461","",""
"https://inc5shop.com/cdn/shop/files/8905564548611_8ac2fad5-dd7f-40bd-b38b-ff43be963040.png?v=1758866579","image/png","200","OK","Indexable","","0","0.228","",""
"https://inc5shop.com/cdn/shop/files/600667ANTIQUE.jpg?v=1758868452&width=1500","image/jpeg","200","OK","Indexable","","0","0.376","",""
"https://inc5shop.com/cdn/shop/files/8905564721342_bd3c3e57-8dbd-4b64-8d84-f92d300fdaac.png?v=1758866560&width=1500","image/png","200","OK","Indexable","","0","0.442","",""
"https://inc5shop.com/cdn/shop/files/8905564943638_5a3a792e-a1d9-4b55-ab36-2aff78cd3f67.png?v=1758866548","image/png","200","OK","Indexable","","0","0.471","",""
"https://inc5shop.com/products/women-antique-embellished-wedge-heels-101667-antique?_pos=26&_fid=c95316f25&_ss=c&variant=46597686919412","text/html; charset=UTF-8","429","Too Many Requests","Non-Indexable","Client Error","1","0.173","",""
"https://inc5shop.com/cdn/shop/files/8905564828690_67b24d87-7fa6-4a18-8fa5-a5fc2661ab72.png?v=1758868001&width=1500","image/png","200","OK","Indexable","","0","0.394","",""
"https://inc5shop.com/products/women-black-embellished-wedge-heelblack-600643-black?_pos=20&_fid=c95316f25&_ss=c&variant=44121741492468","text/html; charset=UTF-8","429","Too Many Requests","Non-Indexable","Client Error","4","0.144","",""
"https://inc5shop.com/products/women-black-striped-embellished-wedge-heels-101600-black?_pos=8&_fid=c95316f25&_ss=c&variant=44230864077044","text/html; charset=UTF-8","429","Too Many Requests","Non-Indexable","Client Error","4","0.151","",""
"https://inc5shop.com/products/women-grey-embellished-party-block-sandals-600667-grey","text/html; charset=UTF-8","429","Too Many Requests","Non-Indexable","Client Error","1","0.164","",""
"https://inc5shop.com/cdn/shop/products/600667Grey-1.jpg?v=1755496167&width=1500","image/jpeg","200","OK","Indexable","","0","0.140","",""
"https://inc5shop.com/products/women-antique-metallic-print-wedge-sandals-with-knot-detail-101754-antique?_pos=16&_fid=c95316f25&_ss=c&variant=44875121131764","text/html; charset=UTF-8","429","Too Many Requests","Non-Indexable","Client Error","4","0.153","",""
"https://inc5shop.com/cdn/shop/files/8905564737183_566b064f-c5ee-49db-b99a-ce3209e418e9.png?v=1758866601&width=1500","image/png","200","OK","Indexable","","0","1.143","",""
"https://inc5shop.com/cdn/shop/files/INC-102052_White_2_3fb1e00a-4184-4d3b-b964-563ef3bfec16.jpg?v=1767690246&width=1500","image/jpeg","200","OK","Indexable","","0","0.111","",""
"https://inc5shop.com/cdn/shop/files/102020_Cream_2_6a6882f7-e9cd-4cbc-ab73-43328526ed9b.jpg?v=1755491076&width=1500","image/jpeg","200","OK","Indexable","","0","0.149","",""
"https://inc5shop.com/cdn/shop/products/300796_Silver_1.jpg?v=1755492181&width=1500","image/jpeg","200","OK","Indexable","","0","0.101","",""
"https://inc5shop.com/cdn/shop/files/500282_Antique.jpg?v=1774593668&width=1500","image/jpeg","200","OK","Indexable","","0","0.126","",""
"https://cdn.shopify.com/s/files/1/0564/8826/3854/t/203/assets/details-modal.js","text/javascript","200","OK","Indexable","","0","0.419","",""
"https://inc5shop.com/cdn/shop/files/8905564721434_1e4fd3d4-5500-4187-a47e-b23571c69919.png?v=1758866638&width=1500","image/png","200","OK","Indexable","","0","0.503","",""
"https://inc5shop.com/cdn/shop/files/102020_Beige_1_e29cb735-0f2a-4504-9096-f67a976295a5.jpg?v=1755492040&width=1500","image/jpeg","200","OK","Indexable","","0","0.118","",""
"https://inc5shop.com/cdn/shop/products/300796_Rose_Gold_1.jpg?v=1755492183&width=1500","image/jpeg","200","OK","Indexable","","0","0.185","",""
"https://inc5shop.com/products/womens-black-party-wear-transparent-round-toe-block-heel-sandals-102750-black","text/html; charset=UTF-8","429","Too Many Requests","Non-Indexable","Client Error","3","0.111","",""
"https://inc5shop.com/cdn/shop/files/300793_GOLD_134b11d5-3d92-4934-a599-6fd62f010362.jpg?v=1755492187&width=1500","image/jpeg","200","OK","Indexable","","0","0.110","",""
"https://inc5shop.com/products/womens-silver-party-wear-transparent-square-toe-block-heel-sandals-300938-silver","text/html; charset=UTF-8","429","Too Many Requests","Non-Indexable","Client Error","4","0.111","",""
"https://inc5shop.com/products/womens-black-party-wear-transparent-round-toe-heel-sandals-102013-black","text/html; charset=UTF-8","429","Too Many Requests","Non-Indexable","Client Error","4","0.114","",""
"https://inc5shop.com/cdn/shop/files/300817BEIGE_1_821c6a34-12df-4b25-841d-695a96b51a70.jpg?v=1755492296&width=1500","image/jpeg","200","OK","Indexable","","0","0.106","",""
"https://inc5shop.com/cdn/shop/files/300793_ROSE_GOLD_1d56c297-7a63-4d07-af58-4c68de459c52.jpg?v=1755492185","image/jpeg","200","OK","Indexable","","0","0.115","",""
"https://inc5shop.com/products/womens-silver-party-wear-transparent-pointed-toe-block-heel-sandals-102928-silver","text/html; charset=UTF-8","429","Too Many Requests","Non-Indexable","Client Error","3","0.114","",""
"https://inc5shop.com/products/women-silver-transparent-embellished-party-block-heels-300796-silver","text/html; charset=UTF-8","429","Too Many Requests","Non-Indexable","Client Error","4","0.150","",""
"https://inc5shop.com/products/womens-silver-party-wear-transparent-round-toe-block-heel-sandals-102838-silver","text/html; charset=UTF-8","429","Too Many Requests","Non-Indexable","Client Error","3","0.159","",""
"https://inc5shop.com/collections/transparent-heel-for-women?page=2","text/html; charset=UTF-8","429","Too Many Requests","Non-Indexable","Client Error","2","0.162","",""
"https://inc5shop.com/collections/transparent-heel-for-women?page=3","text/html; charset=UTF-8","429","Too Many Requests","Non-Indexable","Client Error","1","0.201","",""
"https://inc5shop.com/cdn/shop/files/8905564477126_f8ac8a22-e96e-48ce-9d6f-78b900e3aa0a.png?v=1758868477&width=1500","image/png","200","OK","Indexable","","0","1.050","",""
"https://inc5shop.com/cdn/shop/files/102020_GREEN_06b5ecf1-bcf8-40d9-9aad-432c615abd23.jpg?v=1755492038","image/jpeg","200","OK","Indexable","","0","0.217","",""
"https://inc5shop.com/products/womens-rose-gold-party-wear-transparent-square-toe-block-heel-sandals-300938-rose-gold","text/html; charset=UTF-8","429","Too Many Requests","Non-Indexable","Client Error","4","0.183","",""
"https://inc5shop.com/products/womens-rose-gold-party-wear-transparent-round-toe-wedge-heel-sandals-500283-rose-gold","text/html; charset=UTF-8","429","Too Many Requests","Non-Indexable","Client Error","3","0.289","",""
"https://inc5shop.com/cdn/shop/files/300938SILVER_1_73d9f592-d062-4c93-88f7-39f512edc5f8.jpg?v=1755491573&width=1500","image/jpeg","200","OK","Indexable","","0","0.308","",""
"https://inc5shop.com/cdn/shop/files/102020_Cream_1_9f0d7410-3535-4296-b55d-86687732abd2.jpg?v=1755491076","image/jpeg","200","OK","Indexable","","0","0.290","",""
"https://inc5shop.com/cdn/shop/files/Myntra_size_AI_IMAGES_-_2025-05-20T161044.135.png?v=1755491575","image/png","200","OK","Indexable","","0","0.385","",""
"https://inc5shop.com/cdn/shop/files/500283_GOLD_7aaa6d35-9586-4c07-baa9-87d40391c652.jpg?v=1764151738&width=1500","image/jpeg","200","OK","Indexable","","0","0.231","",""
"https://inc5shop.com/cdn/shop/files/300896_Beige_1_d2e807e7-de51-45f4-9a94-13eea39e39b5.jpg?v=1755490488&width=1500","image/jpeg","200","OK","Indexable","","0","0.431","",""
"https://inc5shop.com/cdn/shop/files/INC-102052_Black_2_f01803f1-71e2-4f95-9d65-588302f4fa2d.jpg?v=1767690048&width=1500","image/jpeg","200","OK","Indexable","","0","0.252","",""
"https://inc5shop.com/cdn/shop/products/300793_Gold_1.jpg?v=1755492187&width=1500","image/jpeg","200","OK","Indexable","","0","0.255","",""
"https://inc5shop.com/cdn/shop/files/500282_Rose_Gold-1.jpg?v=1774518855&width=1500","image/jpeg","200","OK","Indexable","","0","0.156","",""
"https://inc5shop.com/products/womens-white-party-wear-transparent-round-toe-block-heels-102751-white","text/html; charset=UTF-8","429","Too Many Requests","Non-Indexable","Client Error","3","0.132","",""
"https://inc5shop.com/cdn/shop/files/102020_Cream_1_9f0d7410-3535-4296-b55d-86687732abd2.jpg?v=1755491076&width=1500","image/jpeg","200","OK","Indexable","","0","0.122","",""
"https://inc5shop.com/cdn/shop/files/102838_Antique.jpg?v=1774593669&width=1500","image/jpeg","200","OK","Indexable","","0","0.470","",""
"https://inc5shop.com/cdn/shop/files/102838_Silver.jpg?v=1774593668&width=1500","image/jpeg","200","OK","Indexable","","0","0.402","",""
"https://inc5shop.com/cdn/shop/files/102013CREAM_1_46a38090-7c1f-4160-b229-bda7c365a759.jpg?v=1755491824&width=1500","image/jpeg","200","OK","Indexable","","0","0.442","",""
"https://inc5shop.com/cdn/shop/files/INC-102052_White_1_2c6e0c23-2ec3-43d8-ae03-e26eab49c639.jpg?v=1767690246&width=1500","image/jpeg","200","OK","Indexable","","0","0.550","",""
"https://inc5shop.com/cdn/shop/files/Myntra_size_AI_IMAGES_-_2025-05-20T161044.135.png?v=1755491575&width=1500","image/png","200","OK","Indexable","","0","0.111","",""
"https://inc5shop.com/cdn/shop/files/B-300938_Rose_Gold_2_58613299-50f6-41d9-8946-d196570ab2f9.jpg?v=1755491575&width=1500","image/jpeg","200","OK","Indexable","","0","0.390","",""
"https://inc5shop.com/products/womens-black-party-wear-transparent-round-toe-block-heels-102751-black","text/html; charset=UTF-8","429","Too Many Requests","Non-Indexable","Client Error","3","0.135","",""
"https://inc5shop.com/cdn/shop/files/300793_GOLD_134b11d5-3d92-4934-a599-6fd62f010362.jpg?v=1755492187","image/jpeg","200","OK","Indexable","","0","0.233","",""
"https://inc5shop.com/products/womens-golden-party-wear-transparent-square-toe-block-heel-sandals-3570-gold","text/html; charset=UTF-8","429","Too Many Requests","Non-Indexable","Client Error","3","0.150","",""
"https://inc5shop.com/cdn/shop/files/102053_White_1_489172d0-e7dd-4a1e-80cd-9c150b1cfabe.jpg?v=1755490282&width=1500","image/jpeg","200","OK","Indexable","","0","0.664","",""
"https://inc5shop.com/cdn/shop/files/102053_BLACK_4ac0633f-29eb-4b25-bcb1-45d7de8bad63.jpg?v=1755491687&width=1500","image/jpeg","200","OK","Indexable","","0","0.174","",""
"https://inc5shop.com/cdn/shop/files/300701DARK_BEIGE_1_2073ddef-cae3-443b-9772-bb53cf315f9c.jpg?v=1755492386","image/jpeg","200","OK","Indexable","","0","0.178","",""
"https://inc5shop.com/cdn/shop/files/102928_SILVER_5879bf7b-5b66-48e0-baaf-6fd636fc8e47.jpg?v=1770805180&width=1500","image/jpeg","200","OK","Indexable","","0","0.441","",""
"https://inc5shop.com/cdn/shop/files/A-102013_Cream_1_618ec11f-2450-495d-b07e-b5c4fa61cf85.jpg?v=1755491824&width=1500","image/jpeg","200","OK","Indexable","","0","0.897","",""
"https://inc5shop.com/cdn/shop/files/Inc5-500283_Rose_Gold_1_d44caf76-90f6-42dd-92d8-1eee6d66a0d4.jpg?v=1763010924&width=1500","image/jpeg","200","OK","Indexable","","0","0.416","",""
"https://inc5shop.com/cdn/shop/products/300817_Beige_1.jpg?v=1755492296&width=1500","image/jpeg","200","OK","Indexable","","0","0.731","",""
"https://inc5shop.com/cdn/shop/files/102053_WHITE_daa68263-634a-4d60-9394-87a0a758c156.jpg?v=1755490282&width=1500","image/jpeg","200","OK","Indexable","","0","1.073","",""
"https://inc5shop.com/products/women-green-transparent-two-strap-wedge-heels-102020-green","text/html; charset=UTF-8","429","Too Many Requests","Non-Indexable","Client Error","3","0.124","",""
"https://inc5shop.com/cdn/shop/files/Inc5-500283_Gold_1_d780df76-8c67-48de-a6a8-d9f2e906a037.jpg?v=1763010923&width=1500","image/jpeg","200","OK","Indexable","","0","0.108","",""
"https://inc5shop.com/cdn/shop/products/300793_Rose_Gold_1.jpg?v=1755492185&width=1500","image/jpeg","200","OK","Indexable","","0","0.585","",""
"https://inc5shop.com/cdn/shop/files/102020_GREEN_06b5ecf1-bcf8-40d9-9aad-432c615abd23.jpg?v=1755492038&width=1500","image/jpeg","200","OK","Indexable","","0","0.418","",""
"https://inc5shop.com/products/women-gold-t-strape-transparent-embellished-party-block-heels-300793-gold","text/html; charset=UTF-8","429","Too Many Requests","Non-Indexable","Client Error","3","0.121","",""
"https://inc5shop.com/cdn/shop/files/102928_GOLD_503d24d5-cd65-45be-83a8-796cdb9119c4.jpg?v=1770805225&width=1500","image/jpeg","200","OK","Indexable","","0","0.878","",""
"https://inc5shop.com/cdn/shop/files/500282_Antique-1.jpg?v=1774518818&width=1500","image/jpeg","200","OK","Indexable","","0","0.179","",""
"https://inc5shop.com/products/womens-rose-gold-party-wear-transparent-round-toe-wedge-heel-sandals-500282-rose-gold","text/html; charset=UTF-8","429","Too Many Requests","Non-Indexable","Client Error","9","0.126","",""
"https://inc5shop.com/cdn/shop/files/A-102013_Black_1_8c9480c6-f4b9-4652-a3f7-e746f3dc4460.jpg?v=1755491823&width=1500","image/jpeg","200","OK","Indexable","","0","0.426","",""
"https://inc5shop.com/products/womens-cream-party-wear-transparent-round-toe-heel-sandals-102013-cream","text/html; charset=UTF-8","429","Too Many Requests","Non-Indexable","Client Error","4","0.147","",""
"https://inc5shop.com/cdn/shop/files/3570_Gold-0_a008fdae-f6c3-4914-8f89-d675e1f27581.jpg?v=1758524768&width=1500","image/jpeg","200","OK","Indexable","","0","0.442","",""
"https://inc5shop.com/cdn/shop/files/102020_Green_1_90ead32b-274c-4fd4-b90b-e49c557f7d8a.jpg?v=1755492038&width=1500","image/jpeg","200","OK","Indexable","","0","0.442","",""
"https://inc5shop.com/cdn/shop/files/102013CREAM_1_46a38090-7c1f-4160-b229-bda7c365a759.jpg?v=1755491824","image/jpeg","200","OK","Indexable","","0","0.189","",""
"https://inc5shop.com/cdn/shop/files/Inc-102053_Black_1_cd428cf0-cdb5-4415-aef6-80ceec864f61.jpg?v=1755491687&width=1500","image/jpeg","200","OK","Indexable","","0","0.384","",""
"https://inc5shop.com/cdn/shop/files/102928_Silver_1_62e80147-e3d9-47cc-9c93-c7b512849a71.jpg?v=1770717482&width=1500","image/jpeg","200","OK","Indexable","","0","0.522","",""
"https://inc5shop.com/cdn/shop/files/300796_SILVER_8a801cca-b76a-4555-811a-257dabe080a3.jpg?v=1755492181","image/jpeg","200","OK","Indexable","","0","0.354","",""
"https://inc5shop.com/products/womens-golden-party-wear-transparent-round-toe-block-heel-sandals-102838-antique","text/html; charset=UTF-8","429","Too Many Requests","Non-Indexable","Client Error","3","0.207","",""
"https://inc5shop.com/products/womens-golden-party-wear-transparent-pointed-toe-block-heel-sandals-102928-gold","text/html; charset=UTF-8","429","Too Many Requests","Non-Indexable","Client Error","3","0.142","",""
"https://inc5shop.com/products/women-cream-party-wear-transparent-round-toe-platform-heel-sandals-102020-cream","text/html; charset=UTF-8","429","Too Many Requests","Non-Indexable","Client Error","1","0.132","",""
"https://inc5shop.com/products/womens-white-party-wear-transparent-round-toe-block-heel-sandals-102750-white","text/html; charset=UTF-8","429","Too Many Requests","Non-Indexable","Client Error","3","0.127","",""
"https://inc5shop.com/cdn/shop/files/300793_ROSE_GOLD_1d56c297-7a63-4d07-af58-4c68de459c52.jpg?v=1755492185&width=1500","image/jpeg","200","OK","Indexable","","0","0.184","",""
"https://inc5shop.com/products/women-beige-toned-transparent-block-sandals-300817-beige","text/html; charset=UTF-8","429","Too Many Requests","Non-Indexable","Client Error","3","0.128","",""
"https://inc5shop.com/cdn/shop/files/500283_ROSE_GOLD_37ced2fd-0e03-4256-aa05-1abcc0f92852.jpg?v=1764151737&width=1500","image/jpeg","200","OK","Indexable","","0","0.472","",""
"https://inc5shop.com/cdn/shop/files/102928_Gold_1_cbb21789-d0b6-4475-94ab-10f601ff3fa6.jpg?v=1770717406&width=1500","image/jpeg","200","OK","Indexable","","0","0.848","",""
"https://inc5shop.com/cdn/shop/files/500282_Rose_Gold.jpg?v=1774593668&width=1500","image/jpeg","200","OK","Indexable","","0","0.253","",""
"https://inc5shop.com/products/womens-golden-party-wear-transparent-round-toe-wedge-heel-sandals-500282-antique","text/html; charset=UTF-8","429","Too Many Requests","Non-Indexable","Client Error","9","0.114","",""
"https://inc5shop.com/products/women-beige-party-wear-transparent-square-toe-block-heel-sandals-300896-beige","text/html; charset=UTF-8","429","Too Many Requests","Non-Indexable","Client Error","3","0.098","",""
"https://inc5shop.com/cdn/shop/files/102020_BEIGE_ffa3ba00-74bb-467f-a3a5-194fa19620c3.jpg?v=1755492040","image/jpeg","200","OK","Indexable","","0","0.134","",""
"https://inc5shop.com/cdn/shop/files/300701DARK_BEIGE_1_2073ddef-cae3-443b-9772-bb53cf315f9c.jpg?v=1755492386&width=1500","image/jpeg","200","OK","Indexable","","0","0.209","",""
"https://inc5shop.com/cdn/shop/files/300896_BEIGE_557d83e4-d06e-4136-94a4-7357045555b5.jpg?v=1755490488","image/jpeg","200","OK","Indexable","","0","0.201","",""
"https://inc5shop.com/cdn/shop/files/300701DARKBEIGE_1.jpg?v=1755492386&width=1500","image/jpeg","200","OK","Indexable","","0","0.116","",""
"https://inc5shop.com/cdn/shop/files/102838_Antique-1.jpg?v=1774518858&width=1500","image/jpeg","200","OK","Indexable","","0","0.527","",""
"https://inc5shop.com/products/women-beige-transparent-two-strap-wedge-heels-102020-beige","text/html; charset=UTF-8","429","Too Many Requests","Non-Indexable","Client Error","1","0.209","",""
"https://inc5shop.com/products/women-rose-gold-transparent-embellished-party-block-heels-300796-rose-gold","text/html; charset=UTF-8","429","Too Many Requests","Non-Indexable","Client Error","4","0.105","",""
"https://inc5shop.com/cdn/shop/files/INC-102052_Black_1_af2064a1-6cc9-400d-85c4-0e1facbd1fee.jpg?v=1767690048&width=1500","image/jpeg","200","OK","Indexable","","0","0.438","",""
"https://inc5shop.com/cdn/shop/files/A-102013_Black_5_cd4951e6-259c-4e8c-b3a0-80bf880e9c5f.jpg?v=1755491823&width=1500","image/jpeg","200","OK","Indexable","","0","0.501","",""
"https://inc5shop.com/cdn/shop/files/300796_SILVER_8a801cca-b76a-4555-811a-257dabe080a3.jpg?v=1755492181&width=1500","image/jpeg","200","OK","Indexable","","0","0.959","",""
"https://inc5shop.com/cdn/shop/files/300938SILVER_1_73d9f592-d062-4c93-88f7-39f512edc5f8.jpg?v=1755491573","image/jpeg","200","OK","Indexable","","0","0.248","",""
"https://inc5shop.com/cdn/shop/files/B-300938_Silver_1_519bd7e8-f661-47da-8817-402b2137b8df.jpg?v=1755491573&width=1500","image/jpeg","200","OK","Indexable","","0","0.160","",""
"https://inc5shop.com/cdn/shop/files/102838_Silver-1.jpg?v=1774518854&width=1500","image/jpeg","200","OK","Indexable","","0","0.712","",""
"https://inc5shop.com/products/women-beige-transparent-block-heels-300701-dark-beige","text/html; charset=UTF-8","429","Too Many Requests","Non-Indexable","Client Error","3","0.132","",""
"https://inc5shop.com/products/womens-golden-party-wear-transparent-round-toe-wedge-heel-sandals-500283-gold","text/html; charset=UTF-8","429","Too Many Requests","Non-Indexable","Client Error","3","0.097","",""
"https://inc5shop.com/cdn/shop/files/300796_ROSE_GOLD_fd2c16db-80b3-4076-9a86-bf9702b18b69.jpg?v=1755492183","image/jpeg","200","OK","Indexable","","0","0.688","",""
"https://inc5shop.com/cdn/shop/files/102020_BEIGE_ffa3ba00-74bb-467f-a3a5-194fa19620c3.jpg?v=1755492040&width=1500","image/jpeg","200","OK","Indexable","","0","0.436","",""
"https://inc5shop.com/cdn/shop/files/3570_Gold_1_dabb4ab4-d47e-437b-9e75-73f717439ca4.jpg?v=1758524768&width=1500","image/jpeg","200","OK","Indexable","","0","0.462","",""
"https://inc5shop.com/products/women-rose-gold-t-strape-transparent-embellished-party-block-heels-300793-rose-gold","text/html; charset=UTF-8","429","Too Many Requests","Non-Indexable","Client Error","1","0.115","",""
"https://inc5shop.com/cdn/shop/files/A-102013_Black_1_8c9480c6-f4b9-4652-a3f7-e746f3dc4460.jpg?v=1755491823","image/jpeg","200","OK","Indexable","","0","0.679","",""
"https://cdn.shopify.com/shopifycloud/shop-js/modules/v2/loader.init-shop-cart-sync.en.esm.js","text/javascript","200","OK","Indexable","","0","0.171","",""
"https://inc5shop.com/cdn/shop/files/300796_ROSE_GOLD_fd2c16db-80b3-4076-9a86-bf9702b18b69.jpg?v=1755492183&width=1500","image/jpeg","200","OK","Indexable","","0","0.544","",""
"https://cdn.shopify.com/s/files/1/0564/8826/3854/t/203/assets/constants.js","text/javascript","200","OK","Indexable","","0","0.480","",""
"https://inc5shop.com/cdn/shop/files/300896_BEIGE_557d83e4-d06e-4136-94a4-7357045555b5.jpg?v=1755490488&width=1500","image/jpeg","200","OK","Indexable","","0","0.928","",""
"https://inc5shop.com/collections/no-sale-inc5?page=2","text/html; charset=UTF-8","429","Too Many Requests","Non-Indexable","Client Error","2","0.155","",""
"https://cdn.shopify.com/s/files/1/0564/8826/3854/t/203/assets/base.css","text/css","200","OK","Indexable","","0","0.698","",""
"https://inc5shop.com/collections/no-sale-inc5?page=3","text/html; charset=UTF-8","429","Too Many Requests","Non-Indexable","Client Error","1","0.162","",""
"https://inc5shop.com/cdn/shop/files/500374_Gold-0.jpg?v=1781516666&width=1500","image/jpeg","200","OK","Indexable","","0","0.245","",""
"https://inc5shop.com/products/womens_tan_casual_embossed_open_toe_flat_slip-ons_102932_tan","text/html; charset=UTF-8","429","Too Many Requests","Non-Indexable","Client Error","3","0.112","",""
"https://inc5shop.com/cdn/shop/files/800822_Tan-0.jpg?v=1781516666&width=1500","image/jpeg","200","OK","Indexable","","0","0.117","",""
"https://cdn.shopify.com/s/files/1/0564/8826/3854/t/203/assets/search-form.js","text/javascript","200","OK","Indexable","","0","0.666","",""
"https://inc5shop.com/products/womens_purple_casual_printed_open_toe_flat_slip-ons_102849_purple","text/html; charset=UTF-8","429","Too Many Requests","Non-Indexable","Client Error","3","0.105","",""
"https://inc5shop.com/cdn/shop/files/102831_Gold_1.jpg?v=1781264922&width=1500","image/jpeg","200","OK","Indexable","","0","0.187","",""
"https://inc5shop.com/products/womens_silver_party_wear_embellished_round_toe_stiletto_heels_500374_silver","text/html; charset=UTF-8","429","Too Many Requests","Non-Indexable","Client Error","3","0.152","",""
"https://inc5shop.com/products/womens_white_party_wear_solid_round_toe_wedge_heels_102877_white","text/html; charset=UTF-8","429","Too Many Requests","Non-Indexable","Client Error","3","0.112","",""
"https://inc5shop.com/cdn/shop/files/102849_Purple-0.jpg?v=1781516666&width=1500","image/jpeg","200","OK","Indexable","","0","0.195","",""
"https://inc5shop.com/cdn/shop/files/601178_Antique-0.jpg?v=1781516667&width=1500","image/jpeg","200","OK","Indexable","","0","0.464","",""
"https://inc5shop.com/products/womens_tan_party_wear_solid_round_toe_block_heels_102989_tan","text/html; charset=UTF-8","429","Too Many Requests","Non-Indexable","Client Error","3","0.144","",""
"https://inc5shop.com/cdn/shop/files/102989_Tan-0.jpg?v=1781516667&width=1500","image/jpeg","200","OK","Indexable","","0","0.194","",""
"https://inc5shop.com/cdn/shop/files/301110_Pewter-0.jpg?v=1781516667&width=1500","image/jpeg","200","OK","Indexable","","0","0.189","",""
"https://inc5shop.com/products/womens_green_casual_solid_open_toe_flat_slip-ons_102792_green","text/html; charset=UTF-8","429","Too Many Requests","Non-Indexable","Client Error","3","0.136","",""
"https://inc5shop.com/products/womens_grey_party_wear_solid_round_toe_wedge_heels_102879_grey","text/html; charset=UTF-8","429","Too Many Requests","Non-Indexable","Client Error","3","0.099","",""
"https://inc5shop.com/cdn/shop/files/102793_Yellow_1.jpg?v=1781264920&width=1500","image/jpeg","200","OK","Indexable","","0","0.516","",""
"https://inc5shop.com/cdn/shop/files/102932_Tan-0.jpg?v=1781516667&width=1500","image/jpeg","200","OK","Indexable","","0","0.384","",""
"https://inc5shop.com/collections/no-sale-inc5?page=35","text/html; charset=UTF-8","429","Too Many Requests","Non-Indexable","Client Error","1","0.116","",""
"https://inc5shop.com/cdn/shop/files/900399_Chikoo-0.jpg?v=1781516666&width=1500","image/jpeg","200","OK","Indexable","","0","0.597","",""
"https://inc5shop.com/cdn/shop/files/102792_Green-0.jpg?v=1781516666&width=1500","image/jpeg","200","OK","Indexable","","0","0.790","",""
"https://inc5shop.com/cdn/shop/files/102831_Gold-0.jpg?v=1781516667&width=1500","image/jpeg","200","OK","Indexable","","0","0.616","",""
"https://inc5shop.com/products/womens_gold_party_wear_solid_round_toe_stiletto_heels_102831_gold","text/html; charset=UTF-8","429","Too Many Requests","Non-Indexable","Client Error","3","0.124","",""
"https://inc5shop.com/cdn/shop/files/102879_Chikoo_1.jpg?v=1781264939&width=1500","image/jpeg","200","OK","Indexable","","0","0.389","",""
"https://inc5shop.com/cdn/shop/files/102966_White_1.jpg?v=1781264941&width=1500","image/jpeg","200","OK","Indexable","","0","0.689","",""
"https://inc5shop.com/products/womens_gold_party_wear_embellished_round_toe_stiletto_heels_500374_gold","text/html; charset=UTF-8","429","Too Many Requests","Non-Indexable","Client Error","3","0.122","",""
"https://inc5shop.com/cdn/shop/files/500374_Silver_1.jpg?v=1781264850&width=1500","image/jpeg","200","OK","Indexable","","0","0.289","",""
"https://inc5shop.com/cdn/shop/files/301114_Green-0.jpg?v=1781516667&width=1500","image/jpeg","200","OK","Indexable","","0","0.638","",""
"https://inc5shop.com/products/womens_yellow_casual_solid_open_toe_flat_slip-ons_102793_yellow","text/html; charset=UTF-8","429","Too Many Requests","Non-Indexable","Client Error","3","0.132","",""
"https://inc5shop.com/cdn/shop/files/102879_Grey_1.jpg?v=1781264942&width=1500","image/jpeg","200","OK","Indexable","","0","0.206","",""
"https://inc5shop.com/products/womens_camel_brown_party_wear_solid_round_toe_wedge_heels_900399_chikoo","text/html; charset=UTF-8","429","Too Many Requests","Non-Indexable","Client Error","3","0.211","",""
"https://inc5shop.com/products/womens_camel_brown_party_wear_solid_round_toe_wedges_102879_chikoo","text/html; charset=UTF-8","429","Too Many Requests","Non-Indexable","Client Error","3","0.116","",""
"https://inc5shop.com/products/womens_camel_brown_party_wear_embellished_round_toe_wedge_heels_102908_chikoo","text/html; charset=UTF-8","429","Too Many Requests","Non-Indexable","Client Error","3","0.126","",""
"https://inc5shop.com/cdn/shop/files/102849_Purple_1.jpg?v=1781264921&width=1500","image/jpeg","200","OK","Indexable","","0","0.422","",""
"https://inc5shop.com/products/womens_grey_party_wear_solid_round_toe_block_heels_301110_pewter","text/html; charset=UTF-8","429","Too Many Requests","Non-Indexable","Client Error","3","0.111","",""
"https://inc5shop.com/cdn/shop/files/900444_Pewter-0.jpg?v=1781516667&width=1500","image/jpeg","200","OK","Indexable","","0","0.177","",""
"https://inc5shop.com/cdn/shop/files/900444_Pewter_1.jpg?v=1781264871&width=1500","image/jpeg","200","OK","Indexable","","0","0.257","",""
"https://inc5shop.com/cdn/shop/files/102877_White_1.jpg?v=1781264933&width=1500","image/jpeg","200","OK","Indexable","","0","0.821","",""
"https://inc5shop.com/products/womens_purple_casual_solid_t-strap_flat_slip-ons_102966_lilac","text/html; charset=UTF-8","429","Too Many Requests","Non-Indexable","Client Error","3","0.120","",""
"https://inc5shop.com/cdn/shop/files/102966_White-0.jpg?v=1781516666&width=1500","image/jpeg","200","OK","Indexable","","0","0.375","",""
"https://inc5shop.com/products/womens_white_casual_solid_t-strap_flat_slip-ons_102966_white","text/html; charset=UTF-8","429","Too Many Requests","Non-Indexable","Client Error","3","0.125","",""
"https://inc5shop.com/cdn/shop/files/301110_Pewter_1.jpg?v=1781264852&width=1500","image/jpeg","200","OK","Indexable","","0","0.193","",""
"https://inc5shop.com/products/womens_gold_ethnic_embellished_round_toe_block_heels_601111_antique","text/html; charset=UTF-8","429","Too Many Requests","Non-Indexable","Client Error","3","0.110","",""
"https://inc5shop.com/cdn/shop/files/500374_Gold_1.jpg?v=1781264849&width=1500","image/jpeg","200","OK","Indexable","","0","0.182","",""
"https://inc5shop.com/cdn/shop/files/800822_Tan_1.jpg?v=1781264868&width=1500","image/jpeg","200","OK","Indexable","","0","0.893","",""
"https://inc5shop.com/cdn/shop/files/102908_Chikoo_1.jpg?v=1781264936&width=1500","image/jpeg","200","OK","Indexable","","0","0.223","",""
"https://inc5shop.com/cdn/shop/files/102966_Lilac_1.jpg?v=1781264937&width=1500","image/jpeg","200","OK","Indexable","","0","0.184","",""
"https://inc5shop.com/cdn/shop/files/102877_White-0.jpg?v=1781516667&width=1500","image/jpeg","200","OK","Indexable","","0","0.197","",""
"https://inc5shop.com/cdn/shop/files/102908_Chikoo-0.jpg?v=1781516666&width=1500","image/jpeg","200","OK","Indexable","","0","0.476","",""
"https://inc5shop.com/products/womens_gold_party_wear_embellished_pattern_round_toe_block_heel_mules_601178_antique","text/html; charset=UTF-8","429","Too Many Requests","Non-Indexable","Client Error","6","0.129","",""
"https://inc5shop.com/cdn/shop/files/102966_Lilac-0.jpg?v=1781516667&width=1500","image/jpeg","200","OK","Indexable","","0","0.513","",""
"https://inc5shop.com/cdn/shop/files/900399_Chikoo_1.jpg?v=1781264868&width=1500","image/jpeg","200","OK","Indexable","","0","0.220","",""
"https://inc5shop.com/cdn/shop/files/301110_Silver-0.jpg?v=1781516667&width=1500","image/jpeg","200","OK","Indexable","","0","0.666","",""
"https://inc5shop.com/products/womens_grey_casual_solid_t-strap_flat_slip-ons_900444_pewter","text/html; charset=UTF-8","429","Too Many Requests","Non-Indexable","Client Error","3","0.129","",""
"https://inc5shop.com/cdn/shop/files/601178_Gold-0.jpg?v=1781516667&width=1500","image/jpeg","200","OK","Indexable","","0","0.601","",""
"https://inc5shop.com/products/womens_green_party_wear_solid_round_toe_block_heels_301114_green","text/html; charset=UTF-8","429","Too Many Requests","Non-Indexable","Client Error","3","0.131","",""
"https://inc5shop.com/cdn/shop/files/301114_Green_1.jpg?v=1781264853&width=1500","image/jpeg","200","OK","Indexable","","0","0.658","",""
"https://inc5shop.com/cdn/shop/files/102989_Tan_1.jpg?v=1781264852&width=1500","image/jpeg","200","OK","Indexable","","0","0.883","",""
"https://inc5shop.com/cdn/shop/files/601111_Antique_1.jpg?v=1781264855&width=1500","image/jpeg","200","OK","Indexable","","0","0.417","",""
"https://inc5shop.com/products/womens_maroon_casual_solid_t-strap_flat_slip-ons_102843_maroon","text/html; charset=UTF-8","429","Too Many Requests","Non-Indexable","Client Error","3","0.112","",""
"https://inc5shop.com/products/womens_silver_party_wear_solid_round_toe_block_heels_301110_silver","text/html; charset=UTF-8","429","Too Many Requests","Non-Indexable","Client Error","3","0.105","",""
"https://inc5shop.com/cdn/shop/files/301110_Silver_1.jpg?v=1781264851&width=1500","image/jpeg","200","OK","Indexable","","0","0.145","",""
"https://inc5shop.com/cdn/shop/files/601178_Gold_1.jpg?v=1781264854&width=1500","image/jpeg","200","OK","Indexable","","0","0.574","",""
"https://inc5shop.com/cdn/shop/files/601178_Antique_1.jpg?v=1781264852&width=1500","image/jpeg","200","OK","Indexable","","0","0.405","",""
"https://inc5shop.com/cdn/shop/files/500374_Silver-0.jpg?v=1781516667&width=1500","image/jpeg","200","OK","Indexable","","0","0.688","",""
"https://inc5shop.com/cdn/shop/files/102843_Maroon_1.jpg?v=1781264920&width=1500","image/jpeg","200","OK","Indexable","","0","0.206","",""
"https://inc5shop.com/cdn/shop/files/102879_Grey-0.jpg?v=1781516667&width=1500","image/jpeg","200","OK","Indexable","","0","0.216","",""
"https://inc5shop.com/products/womens_tan_party_wear_solid_flat_ballerinas_800822_tan","text/html; charset=UTF-8","429","Too Many Requests","Non-Indexable","Client Error","3","0.106","",""
"https://inc5shop.com/cdn/shop/files/102932_Tan_1.jpg?v=1781264939&width=1500","image/jpeg","200","OK","Indexable","","0","0.441","",""
"https://inc5shop.com/cdn/shop/files/102879_Chikoo-0.jpg?v=1781516666&width=1500","image/jpeg","200","OK","Indexable","","0","0.662","",""
"https://inc5shop.com/cdn/shop/files/102792_Green_1.jpg?v=1781264921&width=1500","image/jpeg","200","OK","Indexable","","0","0.909","",""
"https://inc5shop.com/cdn/shop/files/102793_Yellow-0.jpg?v=1781516666&width=1500","image/jpeg","200","OK","Indexable","","0","0.546","",""
"https://inc5shop.com/products/womens_gold_party_wear_embellished_round_toe_block_heel_mules_601178_gold","text/html; charset=UTF-8","429","Too Many Requests","Non-Indexable","Client Error","6","0.154","",""
"https://inc5shop.com/products/mens-red-casual-one-toe-flat-slip-on-sandals-13551-wine","text/html; charset=UTF-8","429","Too Many Requests","Non-Indexable","Client Error","9","0.112","",""
"https://inc5shop.com/cdn/shop/files/601111_Antique-0.jpg?v=1781516667&width=1500","image/jpeg","200","OK","Indexable","","0","0.419","",""
"https://inc5shop.com/cdn/shop/files/6032-Tan_f32c6c22-6906-4059-93c9-cfc6a01d759f.jpg?v=1755484113","image/jpeg","200","OK","Indexable","","0","0.171","",""
"https://inc5shop.com/cdn/shop/files/13554_BROWN.jpg?v=1766044170&width=1500","image/jpeg","200","OK","Indexable","","0","0.198","",""
"https://inc5shop.com/cdn/shop/files/672-Navy_Blue_dcdff113-9829-4d51-ad5d-acd7fc55c8af.jpg?v=1755484101","image/jpeg","200","OK","Indexable","","0","0.166","",""
"https://inc5shop.com/cdn/shop/files/13551_Tan_1_c77163b0-95cc-456b-b54b-7cb43d03f18f.jpg?v=1766043451&width=1500","image/jpeg","200","OK","Indexable","","0","0.250","",""
"https://inc5shop.com/cdn/shop/files/13556_Tan-0.jpg?v=1766043493&width=1500","image/jpeg","200","OK","Indexable","","0","0.221","",""
"https://inc5shop.com/cdn/shop/files/Inc-ORD-01_Olive_1_5ab1d5a7-7eb6-4cb4-8d47-2e9103b80c95.jpg?v=1755483910&width=1500","image/jpeg","200","OK","Indexable","","0","0.287","",""
"https://inc5shop.com/cdn/shop/files/6032-Tan_f32c6c22-6906-4059-93c9-cfc6a01d759f.jpg?v=1755484113&width=1500","image/jpeg","200","OK","Indexable","","0","0.362","",""
"https://inc5shop.com/cdn/shop/files/102843_Maroon-0.jpg?v=1781516667&width=1500","image/jpeg","200","OK","Indexable","","0","0.694","",""
"https://inc5shop.com/products/mens-tan-casual-one-toe-flat-slip-on-sandals-13556-tan","text/html; charset=UTF-8","429","Too Many Requests","Non-Indexable","Client Error","12","0.179","",""
"https://inc5shop.com/cdn/shop/files/13553_BROWN_a19ec1d6-5a3f-4c63-a6e3-bed011670aca.png?v=1772445020&width=1500","image/png","200","OK","Indexable","","0","0.339","",""
"https://inc5shop.com/products/mens-black-casual-one-toe-flat-slip-on-sandals-13556-black","text/html; charset=UTF-8","429","Too Many Requests","Non-Indexable","Client Error","12","0.188","",""
"https://inc5shop.com/products/mens-tan-casual-one-toe-slip-on-sandals-13550-tan","text/html; charset=UTF-8","429","Too Many Requests","Non-Indexable","Client Error","12","0.179","",""
"https://inc5shop.com/cdn/shop/files/13554_Black_1_245883ae-4e4f-4109-a301-f96fb3e66f3a.jpg?v=1766044266&width=1500","image/jpeg","200","OK","Indexable","","0","0.196","",""
"https://inc5shop.com/cdn/shop/files/13556_Black_1_03e0445f-2ca7-4151-b597-0b32fa732031.jpg?v=1766043727&width=1500","image/jpeg","200","OK","Indexable","","0","0.206","",""
"https://inc5shop.com/cdn/shop/files/13551_WINE.jpg?v=1766043952&width=1500","image/jpeg","200","OK","Indexable","","0","0.225","",""
"https://inc5shop.com/cdn/shop/files/13553_TAN_fee14898-65f7-4a9c-aecb-e99ca9507fce.png?v=1772445021&width=1500","image/png","200","OK","Indexable","","0","0.208","",""
"https://inc5shop.com/products/men-navy-blue-casual-slip-ons-shoes-672-navy-blue","text/html; charset=UTF-8","429","Too Many Requests","Non-Indexable","Client Error","3","0.120","",""
"https://inc5shop.com/cdn/shop/files/6032_Tan_1_64198739-1d16-418f-870f-c896aa7a83a6.jpg?v=1755484113&width=1500","image/jpeg","200","OK","Indexable","","0","0.382","",""
"https://inc5shop.com/cdn/shop/files/Inc-CPR-02_Black_1_53dafd36-b724-406d-9162-335974954485.jpg?v=1755483945&width=1500","image/jpeg","200","OK","Indexable","","0","0.401","",""
"https://inc5shop.com/products/mens-tan-casual-solid-pattern-one-toe-flats-slip-on-sandals-13552-tan","text/html; charset=UTF-8","429","Too Many Requests","Non-Indexable","Client Error","12","0.149","",""
"https://inc5shop.com/cdn/shop/files/15244_Tan_1_c4f6848c-e47e-4e34-99ca-cd27939b7573.jpg?v=1755485012&width=1500","image/jpeg","200","OK","Indexable","","0","0.441","",""
"https://inc5shop.com/cdn/shop/files/Inc-ORD-01_Brown_1_5775353c-0400-4f88-9842-ee7bf3569b04.jpg?v=1755483912&width=1500","image/jpeg","200","OK","Indexable","","0","0.400","",""
"https://inc5shop.com/products/mens-casual-brown-one-toe-flat-slip-on-sandals-13550-brown","text/html; charset=UTF-8","429","Too Many Requests","Non-Indexable","Client Error","12","0.131","",""
"https://inc5shop.com/products/mens-brown-casual-solid-pattern-one-toe-flats-slip-on-sandals-13552-brown","text/html; charset=UTF-8","429","Too Many Requests","Non-Indexable","Client Error","12","0.135","",""
"https://inc5shop.com/cdn/shop/files/Inc-CPR-02_Black_1_53dafd36-b724-406d-9162-335974954485.jpg?v=1755483945","image/jpeg","200","OK","Indexable","","0","0.352","",""
"https://inc5shop.com/cdn/shop/files/13550_Tan_1_f1e4c5f0-af8e-49f1-a23b-fd456cdf40b4.jpg?v=1766044017&width=1500","image/jpeg","200","OK","Indexable","","0","0.437","",""
"https://inc5shop.com/cdn/shop/files/Inc-CPR-02_Tan_1_18fc614f-14ad-41b5-bbbb-c1696bcc252a.jpg?v=1755483943&width=1500","image/jpeg","200","OK","Indexable","","0","0.206","",""
"https://inc5shop.com/cdn/shop/files/13552_BROWN_8d3ad79f-eeb5-4250-b2c2-5853893d6b39.png?v=1772445021&width=1500","image/png","200","OK","Indexable","","0","0.176","",""
"https://inc5shop.com/cdn/shop/files/13553_Tan_1_95051411-e391-4a1c-99e3-109c251128d4.jpg?v=1772184041&width=1500","image/jpeg","200","OK","Indexable","","0","0.453","",""
"https://inc5shop.com/cdn/shop/files/13550_TAN.jpg?v=1766044017&width=1500","image/jpeg","200","OK","Indexable","","0","0.694","",""
"https://inc5shop.com/cdn/shop/files/13552_Brown_1_f369011f-47b8-461f-b808-497ccc70a2e8.jpg?v=1772184036&width=1500","image/jpeg","200","OK","Indexable","","0","0.730","",""
"https://inc5shop.com/cdn/shop/files/672_NAvy_Blue_1_039f4be5-f470-461c-aa50-94f47e529a73.jpg?v=1755484101&width=1500","image/jpeg","200","OK","Indexable","","0","0.524","",""
"https://inc5shop.com/cdn/shop/files/13556_Black-0.jpg?v=1766043727&width=1500","image/jpeg","200","OK","Indexable","","0","0.459","",""
"https://inc5shop.com/cdn/shop/files/Inc-ORD-01_Olive_2_e1ef35ec-f846-4261-8f8d-13f6f2024cb7.jpg?v=1755483910&width=1500","image/jpeg","200","OK","Indexable","","0","0.440","",""
"https://inc5shop.com/cdn/shop/files/Inc-CPR-02_Tan_1_18fc614f-14ad-41b5-bbbb-c1696bcc252a.jpg?v=1755483943","image/jpeg","200","OK","Indexable","","0","0.194","",""
"https://inc5shop.com/products/mens-olive-solid-round-toe-casual-leather-slipon-shoes-ord-01-olive","text/html; charset=UTF-8","429","Too Many Requests","Non-Indexable","Client Error","5","0.118","",""
"https://inc5shop.com/cdn/shop/files/13551_Wine_1_a55d0602-cb2c-4456-8849-d74975fdf695.jpg?v=1766043952&width=1500","image/jpeg","200","OK","Indexable","","0","0.816","",""
"https://inc5shop.com/cdn/shop/files/13556_Tan_1_81f66d38-59d2-4301-948a-16390a1de9e8.jpg?v=1766043493&width=1500","image/jpeg","200","OK","Indexable","","0","0.417","",""
"https://inc5shop.com/cdn/shop/files/13553_Brown_1_4634db80-c47f-475d-a2fd-9ddfbb63cee5.jpg?v=1772184034&width=1500","image/jpeg","200","OK","Indexable","","0","0.780","",""
"https://inc5shop.com/cdn/shop/files/13552_TAN_8f50d439-e3e7-4e5a-817c-14ac290d63bd.png?v=1772445023&width=1500","image/png","200","OK","Indexable","","0","0.107","",""
"https://inc5shop.com/collections/mens-slipons?page=2","text/html; charset=UTF-8","429","Too Many Requests","Non-Indexable","Client Error","2","0.142","",""
"https://inc5shop.com/cdn/shop/files/672-Navy_Blue_dcdff113-9829-4d51-ad5d-acd7fc55c8af.jpg?v=1755484101&width=1500","image/jpeg","200","OK","Indexable","","0","0.900","",""
"https://inc5shop.com/collections/mens-slipons?page=3","text/html; charset=UTF-8","429","Too Many Requests","Non-Indexable","Client Error","1","0.157","",""
"https://inc5shop.com/cdn/shop/files/Inc-ORD-01_Brown_2_4893ddb0-56fc-4b04-b88b-b7ef0270911b.jpg?v=1755483912&width=1500","image/jpeg","200","OK","Indexable","","0","0.556","",""
"https://inc5shop.com/products/mens-tan-casual-solid-one-toe-flats-slip-on-sandals-13553-tan","text/html; charset=UTF-8","429","Too Many Requests","Non-Indexable","Client Error","12","0.112","",""
"https://inc5shop.com/cdn/shop/files/Inc-ORD-01_Olive_1_5ab1d5a7-7eb6-4cb4-8d47-2e9103b80c95.jpg?v=1755483910","image/jpeg","200","OK","Indexable","","0","0.302","",""
"https://inc5shop.com/products/men-tan-textured-slip-ons-ethnic-mojri-6032-tan","text/html; charset=UTF-8","429","Too Many Requests","Non-Indexable","Client Error","3","0.223","",""
"https://inc5shop.com/cdn/shop/files/13551_Tan-0.jpg?v=1766043451&width=1500","image/jpeg","200","OK","Indexable","","0","0.370","",""
"https://inc5shop.com/products/atesber-tan-casual-slipon-for-mens-15244-tan","text/html; charset=UTF-8","429","Too Many Requests","Non-Indexable","Client Error","6","0.119","",""
"https://inc5shop.com/cdn/shop/files/13552_Tan_1_808fb6d0-a404-4e23-9e1e-263a7c8791c4.jpg?v=1772184041&width=1500","image/jpeg","200","OK","Indexable","","0","0.359","",""
"https://inc5shop.com/products/mens-black-casual-one-toe-slip-on-sandals-13554-black","text/html; charset=UTF-8","429","Too Many Requests","Non-Indexable","Client Error","12","0.128","",""
"https://inc5shop.com/cdn/shop/files/13550_BROWN.jpg?v=1766044077&width=1500","image/jpeg","200","OK","Indexable","","0","0.839","",""
"https://inc5shop.com/cdn/shop/files/13554_BLACK.jpg?v=1766044266&width=1500","image/jpeg","200","OK","Indexable","","0","0.143","",""
"https://inc5shop.com/products/mens-black-solid-round-toe-casual-leather-slipon-shoes-cpr-02-black","text/html; charset=UTF-8","429","Too Many Requests","Non-Indexable","Client Error","4","0.155","",""
"https://inc5shop.com/cdn/shop/files/Inc-ORD-01_Brown_1_5775353c-0400-4f88-9842-ee7bf3569b04.jpg?v=1755483912","image/jpeg","200","OK","Indexable","","0","0.218","",""
"https://inc5shop.com/cdn/shop/files/13550_Brown_1_9361300b-e2af-4119-a19c-d673a22f5ba8.jpg?v=1766044077&width=1500","image/jpeg","200","OK","Indexable","","0","0.528","",""
"https://inc5shop.com/cdn/shop/files/8905564800504.jpg?v=1778674691&width=1500","image/jpeg","200","OK","Indexable","","0","0.610","",""
"https://inc5shop.com/products/mens-brown-casual-solid-one-toe-flats-slip-on-sandals-13553-brown","text/html; charset=UTF-8","429","Too Many Requests","Non-Indexable","Client Error","12","0.146","",""
"https://inc5shop.com/products/mens-brown-solid-round-toe-casual-leather-slipon-shoes-ord-01-brown","text/html; charset=UTF-8","429","Too Many Requests","Non-Indexable","Client Error","7","0.123","",""
"https://inc5shop.com/products/mens-tan-solid-round-toe-casual-leather-slipon-shoes-cpr-02-tan","text/html; charset=UTF-8","429","Too Many Requests","Non-Indexable","Client Error","4","0.146","",""
"https://inc5shop.com/products/mens-brown-casual-one-toe-flat-slip-on-sandals-13554-brown","text/html; charset=UTF-8","429","Too Many Requests","Non-Indexable","Client Error","12","0.152","",""
"https://inc5shop.com/products/mens-tan-casual-one-toe-flat-slip-ons-13551-tan","text/html; charset=UTF-8","429","Too Many Requests","Non-Indexable","Client Error","9","0.125","",""
"https://inc5shop.com/products/mens-black-casual-open-toe-flat-backstrap-sandals-13555-black","text/html; charset=UTF-8","429","Too Many Requests","Non-Indexable","Client Error","9","0.098","",""
"https://inc5shop.com/cdn/shop/files/Inc-CPR-02_Tan_2_e805c0d9-2f7d-4654-9fd4-e2885a15352a.jpg?v=1755483943&width=1500","image/jpeg","200","OK","Indexable","","0","0.425","",""
"https://inc5shop.com/cdn/shop/files/13555_BROWN.jpg?v=1766044126&width=1500","image/jpeg","200","OK","Indexable","","0","0.113","",""
"https://inc5shop.com/cdn/shop/files/15293BROWN.jpg?v=1755484118&width=1500","image/jpeg","200","OK","Indexable","","0","0.187","",""
"https://inc5shop.com/cdn/shop/files/13554_Brown_1_b2044b71-b9ef-456d-8af5-2b4b4f535201.jpg?v=1766044170&width=1500","image/jpeg","200","OK","Indexable","","0","0.746","",""
"https://inc5shop.com/cdn/shop/files/Inc-CPR-02_Black_2_0c60c02d-e1db-41eb-b404-892d19342a3d.jpg?v=1755483945&width=1500","image/jpeg","200","OK","Indexable","","0","0.381","",""
"https://inc5shop.com/products/mens-brown-casual-open-toe-flat-backstrap-sandals-13555-brown","text/html; charset=UTF-8","429","Too Many Requests","Non-Indexable","Client Error","9","0.130","",""
"https://inc5shop.com/cdn/shop/products/15303_Black_1.jpg?v=1755484201&width=1500","image/jpeg","200","OK","Indexable","","0","0.257","",""
"https://inc5shop.com/cdn/shop/products/TNC-20_Tan_1.jpg?v=1755484158&width=1500","image/jpeg","200","OK","Indexable","","0","0.203","",""
"https://inc5shop.com/cdn/shop/products/TNC-20_Cherry_1.jpg?v=1755484159&width=1500","image/jpeg","200","OK","Indexable","","0","0.360","",""
"https://inc5shop.com/cdn/shop/files/15304TAN.jpg?v=1755484199","image/jpeg","200","OK","Indexable","","0","0.170","",""
"https://inc5shop.com/cdn/shop/files/15305Tan-1.jpg?v=1755484207&width=1500","image/jpeg","200","OK","Indexable","","0","0.238","",""
"https://inc5shop.com/products/atesber-cherry-textured-casual-sandal-for-men-tnc-20-cherry","text/html; charset=UTF-8","429","Too Many Requests","Non-Indexable","Client Error","5","0.123","",""
"https://inc5shop.com/products/atesber-black-woven-strap-sandal-for-mens-15293-black","text/html; charset=UTF-8","429","Too Many Requests","Non-Indexable","Client Error","8","0.102","",""
"https://inc5shop.com/products/mens-brown-casual-solid-round-toe-sandals-cw-103-musket","text/html; charset=UTF-8","429","Too Many Requests","Non-Indexable","Client Error","6","0.120","",""
"https://inc5shop.com/cdn/shop/files/TNC-20_CHERRY.jpg?v=1755484159","image/jpeg","200","OK","Indexable","","0","0.200","",""
"https://inc5shop.com/cdn/shop/products/15304_BLACK.jpg?v=1755484201","image/jpeg","200","OK","Indexable","","0","0.257","",""
"https://inc5shop.com/cdn/shop/files/15306Black-1.jpg?v=1757655624&width=1500","image/jpeg","200","OK","Indexable","","0","0.119","",""
"https://inc5shop.com/cdn/shop/files/15306_BLACK_1.jpg?v=1757655624&width=1500","image/jpeg","200","OK","Indexable","","0","0.342","",""
"https://inc5shop.com/cdn/shop/products/AD-15_Tan_1.jpg?v=1755484163&width=1500","image/jpeg","200","OK","Indexable","","0","0.782","",""
"https://inc5shop.com/cdn/shop/products/15304_Tan_1.jpg?v=1755484199&width=1500","image/jpeg","200","OK","Indexable","","0","0.371","",""
"https://inc5shop.com/cdn/shop/files/15293BROWN.jpg?v=1755484118","image/jpeg","200","OK","Indexable","","0","0.202","",""
"https://inc5shop.com/cdn/shop/files/TNC-20_CHERRY.jpg?v=1755484159&width=1500","image/jpeg","200","OK","Indexable","","0","0.102","",""
"https://inc5shop.com/products/atesber-tan-textured-casual-sandal-for-men-tnc-20-tan","text/html; charset=UTF-8","429","Too Many Requests","Non-Indexable","Client Error","5","0.135","",""
"https://inc5shop.com/cdn/shop/files/AD-15TAN.jpg?v=1755484163&width=1500","image/jpeg","200","OK","Indexable","","0","0.191","",""
"https://inc5shop.com/products/atesber-black-textured-casual-sandal-for-men-tnc-20-black","text/html; charset=UTF-8","429","Too Many Requests","Non-Indexable","Client Error","5","0.111","",""
"https://inc5shop.com/cdn/shop/files/Myntra_size_AI_IMAGES_27.png?v=1764244463&width=1500","image/png","200","OK","Indexable","","0","0.924","",""
"https://inc5shop.com/cdn/shop/products/15304_BLACK.jpg?v=1755484201&width=1500","image/jpeg","200","OK","Indexable","","0","0.424","",""
"https://inc5shop.com/cdn/shop/files/AD-15BLACK.jpg?v=1755484165","image/jpeg","200","OK","Indexable","","0","0.691","",""
"https://inc5shop.com/cdn/shop/files/13555_BLACK.jpg?v=1766044220&width=1500","image/jpeg","200","OK","Indexable","","0","0.401","",""
"https://inc5shop.com/cdn/shop/files/TNC-20BLACK.jpg?v=1755484161","image/jpeg","200","OK","Indexable","","0","0.386","",""
"https://inc5shop.com/cdn/shop/files/15293_Black_1_c28e636a-1c1f-4d71-bf78-e24adf71b477.jpg?v=1755484119&width=1500","image/jpeg","200","OK","Indexable","","0","0.846","",""
"https://inc5shop.com/cdn/shop/files/15293BLACK.jpg?v=1755484119&width=1500","image/jpeg","200","OK","Indexable","","0","1.015","",""
"https://inc5shop.com/cdn/shop/files/TNC-20TAN.jpg?v=1755484157","image/jpeg","200","OK","Indexable","","0","0.384","",""
"https://inc5shop.com/cdn/shop/files/13555_Brown_1_59f4d4fb-f948-40a1-8711-0a9c6732af60.jpg?v=1766044126&width=1500","image/jpeg","200","OK","Indexable","","0","0.447","",""
"https://inc5shop.com/products/atesber-balck-comfort-sandals-for-men-15306-black","text/html; charset=UTF-8","429","Too Many Requests","Non-Indexable","Client Error","1","0.126","",""
"https://inc5shop.com/cdn/shop/files/TNC-20TAN.jpg?v=1755484157&width=1500","image/jpeg","200","OK","Indexable","","0","0.792","",""
"https://inc5shop.com/products/atesber-brown-casual-sandal-for-men-15305-brown","text/html; charset=UTF-8","429","Too Many Requests","Non-Indexable","Client Error","1","0.134","",""
"https://inc5shop.com/cdn/shop/files/15306_BROWN_1.jpg?v=1757655534&width=1500","image/jpeg","200","OK","Indexable","","0","0.362","",""
"https://inc5shop.com/products/atesber-tan-striped-casual-sandal-for-men-ad-15-tan","text/html; charset=UTF-8","429","Too Many Requests","Non-Indexable","Client Error","3","0.115","",""
"https://inc5shop.com/cdn/shop/files/15306Brown1.jpg?v=1757655534&width=1500","image/jpeg","200","OK","Indexable","","0","0.181","",""
"https://inc5shop.com/cdn/shop/products/TNC-20_Black_1.jpg?v=1755484161&width=1500","image/jpeg","200","OK","Indexable","","0","0.446","",""
"https://inc5shop.com/cdn/shop/files/8905564614743.jpg?v=1778841679&width=1500","image/jpeg","200","OK","Indexable","","0","0.570","",""
"https://inc5shop.com/products/atesber-black-striped-casual-sandal-for-mens-15304-black","text/html; charset=UTF-8","429","Too Many Requests","Non-Indexable","Client Error","3","0.137","",""
"https://inc5shop.com/cdn/shop/files/13555_Black_1_fe50e8ef-e6a4-4c16-be98-dffeff418984.jpg?v=1766044220&width=1500","image/jpeg","200","OK","Indexable","","0","0.517","",""
"https://inc5shop.com/products/atesber-tan-casual-sandal-for-men-15305-tan","text/html; charset=UTF-8","429","Too Many Requests","Non-Indexable","Client Error","3","0.121","",""
"https://inc5shop.com/cdn/shop/files/15304TAN.jpg?v=1755484199&width=1500","image/jpeg","200","OK","Indexable","","0","0.686","",""
"https://inc5shop.com/cdn/shop/files/15305Brown-1.jpg?v=1755484210&width=1500","image/jpeg","200","OK","Indexable","","0","0.174","",""
"https://inc5shop.com/cdn/shop/files/15306_BLACK_1.jpg?v=1757655624","image/jpeg","200","OK","Indexable","","0","0.140","",""
"https://inc5shop.com/cdn/shop/files/8905564614675.jpg?v=1778841620&width=1500","image/jpeg","200","OK","Indexable","","0","0.616","",""
"https://inc5shop.com/cdn/shop/files/15293_Brown_1_1927076f-f382-4f40-a76b-40a1ae7e6900.jpg?v=1755484118&width=1500","image/jpeg","200","OK","Indexable","","0","0.800","",""
"https://inc5shop.com/cdn/shop/files/8905564614743.jpg?v=1778841679","image/jpeg","200","OK","Indexable","","0","0.387","",""
"https://inc5shop.com/cdn/shop/products/AD-15_Black_1.jpg?v=1755484165&width=1500","image/jpeg","200","OK","Indexable","","0","0.746","",""
"https://inc5shop.com/products/atesber-brown-woven-strap-sandal-for-mens-15293-brown","text/html; charset=UTF-8","429","Too Many Requests","Non-Indexable","Client Error","8","0.104","",""
"https://inc5shop.com/cdn/shop/files/CW-103_Musket_1_e5e0428e-58e4-4528-8a02-484ecd066362.jpg?v=1764244463&width=1500","image/jpeg","200","OK","Indexable","","0","0.709","",""
"https://inc5shop.com/products/atesber-tan-striped-casual-sandal-for-mens-15304-tan","text/html; charset=UTF-8","429","Too Many Requests","Non-Indexable","Client Error","1","0.131","",""
"https://inc5shop.com/cdn/shop/files/AD-15BLACK.jpg?v=1755484165&width=1500","image/jpeg","200","OK","Indexable","","0","0.636","",""
"https://inc5shop.com/cdn/shop/files/AD-15TAN.jpg?v=1755484163","image/jpeg","200","OK","Indexable","","0","0.648","",""
"https://inc5shop.com/products/atesber-brown-comfort-sandals-for-men-15306-brown","text/html; charset=UTF-8","429","Too Many Requests","Non-Indexable","Client Error","3","0.119","",""
"https://inc5shop.com/cdn/shop/files/15293BLACK.jpg?v=1755484119","image/jpeg","200","OK","Indexable","","0","0.431","",""
"https://inc5shop.com/collections/mens-sandals?page=3","text/html; charset=UTF-8","429","Too Many Requests","Non-Indexable","Client Error","1","0.102","",""
"https://inc5shop.com/cdn/shop/files/8905564614675.jpg?v=1778841620","image/jpeg","200","OK","Indexable","","0","0.577","",""
"https://inc5shop.com/cdn/shop/files/15306_BROWN_1.jpg?v=1757655534","image/jpeg","200","OK","Indexable","","0","0.178","",""
"https://inc5shop.com/collections/mens-sandals?page=4","text/html; charset=UTF-8","429","Too Many Requests","Non-Indexable","Client Error","1","0.135","",""
"https://inc5shop.com/products/atesber-black-striped-casual-sandal-for-men-ad-15-black","text/html; charset=UTF-8","429","Too Many Requests","Non-Indexable","Client Error","1","0.128","",""
"https://inc5shop.com/collections/mens-sandals?page=2","text/html; charset=UTF-8","429","Too Many Requests","Non-Indexable","Client Error","2","0.144","",""
"https://inc5shop.com/cdn/shop/files/8905564768668.jpg?v=1779105541&width=1500","image/jpeg","200","OK","Indexable","","0","0.211","",""
"https://inc5shop.com/cdn/shop/files/TNC-20BLACK.jpg?v=1755484161&width=1500","image/jpeg","200","OK","Indexable","","0","0.664","",""
"https://inc5shop.com/cdn/shop/files/8905564768668.jpg?v=1779105541","image/jpeg","200","OK","Indexable","","0","0.475","",""
"https://inc5shop.com/cdn/shop/files/8909131225516.jpg?v=1778871483&width=1500","image/jpeg","200","OK","Indexable","","0","0.690","",""
"https://inc5shop.com/cdn/shop/files/Inc.5_13540_Tan_2_8546956b-d0a2-4172-ae78-67c509d345b5.jpg?v=1755483895&width=1500","image/jpeg","200","OK","Indexable","","0","0.450","",""
"https://inc5shop.com/cdn/shop/files/8909131225448.jpg?v=1778871454&width=1500","image/jpeg","200","OK","Indexable","","0","0.684","",""
"https://inc5shop.com/cdn/shop/products/LANC_02_Black_1.jpg?v=1755484146&width=1500","image/jpeg","200","OK","Indexable","","0","0.654","",""
"https://inc5shop.com/cdn/shop/files/Untitled_design_44.png?v=1757932868&width=1500","image/png","200","OK","Indexable","","0","1.267","",""
"https://inc5shop.com/cdn/shop/files/8905564768583.jpg?v=1779105605","image/jpeg","200","OK","Indexable","","0","0.695","",""
"https://inc5shop.com/products/mens-tan-solid-round-toe-casual-loafers-13540-tan","text/html; charset=UTF-8","429","Too Many Requests","Non-Indexable","Client Error","4","0.110","",""
"https://inc5shop.com/cdn/shop/files/Inc.5_13540_Black_2_68b7c02f-6048-4c66-a366-4df6a615b0a8.jpg?v=1755483897&width=1500","image/jpeg","200","OK","Indexable","","0","1.005","",""
"https://inc5shop.com/products/atesber-black-textured-loafer-shoes-for-men-lanc-02-black","text/html; charset=UTF-8","429","Too Many Requests","Non-Indexable","Client Error","5","0.111","",""
"https://inc5shop.com/products/mens-tan-solid-round-toe-casual-shoes-lanc-02-tan","text/html; charset=UTF-8","429","Too Many Requests","Non-Indexable","Client Error","5","0.104","",""
"https://inc5shop.com/products/mens-black-solid-round-toe-casual-loafer-13541-black","text/html; charset=UTF-8","429","Too Many Requests","Non-Indexable","Client Error","4","0.121","",""
"https://inc5shop.com/cdn/shop/files/8909131225516.jpg?v=1778871483","image/jpeg","200","OK","Indexable","","0","0.711","",""
"https://inc5shop.com/cdn/shop/files/8909131225448.jpg?v=1778871454","image/jpeg","200","OK","Indexable","","0","0.619","",""
"https://inc5shop.com/cdn/shop/files/8909131225301.jpg?v=1778871347&width=1500","image/jpeg","200","OK","Indexable","","0","0.407","",""
"https://inc5shop.com/cdn/shop/files/8905564768583.jpg?v=1779105605&width=1500","image/jpeg","200","OK","Indexable","","0","0.675","",""
"https://inc5shop.com/cdn/shop/files/Inc.5_13541_Black_2_47adbe89-bbb3-400d-ae5b-e6010a8bb4e2.jpg?v=1755483893&width=1500","image/jpeg","200","OK","Indexable","","0","0.709","",""
"https://inc5shop.com/cdn/shop/files/Untitled_design_41.png?v=1757931056&width=1500","image/png","200","OK","Indexable","","0","0.189","",""
"https://inc5shop.com/products/mens-black-solid-round-toe-casual-loafers-13540-black","text/html; charset=UTF-8","429","Too Many Requests","Non-Indexable","Client Error","4","0.113","",""
"https://inc5shop.com/cdn/shop/files/INC-Lanc-02_Tan_2_d9f4b974-8a18-4db0-9fa6-47afeb656649.jpg?v=1755483971&width=1500","image/jpeg","200","OK","Indexable","","0","0.673","",""
"https://inc5shop.com/cdn/shop/files/Untitled_design_41.png?v=1757931056","image/png","200","OK","Indexable","","0","1.022","",""
"https://inc5shop.com/products/mens-blue-casual-solid-square-loafer-shoe-turin-02-blue","text/html; charset=UTF-8","429","Too Many Requests","Non-Indexable","Client Error","6","0.108","",""
"https://inc5shop.com/products/mens-brown-solid-round-toe-casual-loafers-13541-brown","text/html; charset=UTF-8","429","Too Many Requests","Non-Indexable","Client Error","4","0.103","",""
"https://inc5shop.com/cdn/shop/files/Inc-IG-353_Black_1_fb695d06-ba2f-4fcb-b41d-3095dbfdd695.jpg?v=1757932224&width=1500","image/jpeg","200","OK","Indexable","","0","0.628","",""
"https://inc5shop.com/cdn/shop/files/INC-Lanc-02_Coffee-Brown_1_35a08d46-66f8-4de5-8807-1681c1cac5eb.jpg?v=1757931056&width=1500","image/jpeg","200","OK","Indexable","","0","0.168","",""
"https://inc5shop.com/products/mens-coffee-brown-solid-round-toe-casual-shoes-lanc-02-coffee-brown","text/html; charset=UTF-8","429","Too Many Requests","Non-Indexable","Client Error","5","0.104","",""
"https://inc5shop.com/cdn/shop/files/03023.jpg?v=1757932868&width=1500","image/jpeg","200","OK","Indexable","","0","0.689","",""
"https://inc5shop.com/products/mens-black-solid-round-toe-formal-leather-shoes-ig-353-black","text/html; charset=UTF-8","429","Too Many Requests","Non-Indexable","Client Error","6","0.130","",""
"https://inc5shop.com/cdn/shop/files/8909131225301.jpg?v=1778871347","image/jpeg","200","OK","Indexable","","0","0.825","",""
"https://inc5shop.com/cdn/shop/files/Inc.5_13541_Brown_2_67a53d3d-a154-4263-a43f-c08ae498933b.jpg?v=1755483891&width=1500","image/jpeg","200","OK","Indexable","","0","0.431","",""
"https://inc5shop.com/cdn/shop/files/8909131225370.jpg?v=1778871389&width=1500","image/jpeg","200","OK","Indexable","","0","0.375","",""
"https://inc5shop.com/cdn/shop/files/800826_Blue.jpg?v=1774593669&width=1500","image/jpeg","200","OK","Indexable","","0","0.219","",""
"https://inc5shop.com/products/womens-pewter-party-wear-solid-pointed-toe-kitten-heel-mules-1937-pewter","text/html; charset=UTF-8","429","Too Many Requests","Non-Indexable","Client Error","6","0.107","",""
"https://inc5shop.com/cdn/shop/files/800826_Black-1.jpg?v=1774518810&width=1500","image/jpeg","200","OK","Indexable","","0","0.179","",""
"https://inc5shop.com/cdn/shop/files/8909131225370.jpg?v=1778871389","image/jpeg","200","OK","Indexable","","0","0.488","",""
"https://inc5shop.com/products/womens-maroon-party-wear-solid-pointed-toe-block-heel-mules-800613-maroon","text/html; charset=UTF-8","429","Too Many Requests","Non-Indexable","Client Error","3","0.100","",""
"https://inc5shop.com/cdn/shop/files/601094_Gold_1_2a015c81-c2a2-4f03-8a91-3cba1d6f23fd.jpg?v=1765365904&width=1500","image/jpeg","200","OK","Indexable","","0","0.105","",""
"https://inc5shop.com/products/womens-golden-party-wear-embellished-round-toe-block-heel-mules-601104-antique","text/html; charset=UTF-8","429","Too Many Requests","Non-Indexable","Client Error","3","0.139","",""
"https://inc5shop.com/cdn/shop/files/Untitled_design_43.png?v=1757932224&width=1500","image/png","200","OK","Indexable","","0","1.001","",""
"https://inc5shop.com/cdn/shop/files/3436_Peach_0_16031fdd-bdc5-4b95-a979-d4688c9e4c9a.jpg?v=1756807722&width=1500","image/jpeg","200","OK","Indexable","","0","0.128","",""
"https://inc5shop.com/cdn/shop/files/800613_Maroon_5a0f25a0-6bba-449d-b1e1-faa875307633.png?v=1770805219&width=1500","image/png","200","OK","Indexable","","0","0.212","",""
"https://inc5shop.com/cdn/shop/files/Inc5-1937_Pewter_1_1044e7aa-1961-4808-8a46-af6078537d76.jpg?v=1763010822&width=1500","image/jpeg","200","OK","Indexable","","0","0.135","",""
"https://inc5shop.com/products/womens-peach-casual-solid-one-toe-flat-mules-102598-peach","text/html; charset=UTF-8","429","Too Many Requests","Non-Indexable","Client Error","3","0.119","",""
"https://inc5shop.com/cdn/shop/files/601094_Gold-0_4fea9868-a317-49ac-bc10-06985e04e9da.jpg?v=1765865030&width=1500","image/jpeg","200","OK","Indexable","","0","0.188","",""
"https://inc5shop.com/cdn/shop/files/800523_Maroon.jpg?v=1774593668&width=1500","image/jpeg","200","OK","Indexable","","0","0.687","",""
"https://inc5shop.com/products/womens-blue-ethnic-printed-round-toe-flat-mules-800826-blue","text/html; charset=UTF-8","429","Too Many Requests","Non-Indexable","Client Error","3","0.124","",""
"https://inc5shop.com/cdn/shop/files/800830_Beige_1.jpg?v=1781264869&width=1500","image/jpeg","200","OK","Indexable","","0","0.411","",""
"https://inc5shop.com/products/womens-burgundy-party-wear-solid-pointed-toe-kitten-heel-mules-800523-maroon","text/html; charset=UTF-8","429","Too Many Requests","Non-Indexable","Client Error","3","0.101","",""
"https://inc5shop.com/cdn/shop/files/102598_Peach_1_69992919-396b-4a9e-92f1-06cc770d231e.jpg?v=1770292019&width=1500","image/jpeg","200","OK","Indexable","","0","0.180","",""
"https://inc5shop.com/cdn/shop/files/800830_Black_1.jpg?v=1781264866&width=1500","image/jpeg","200","OK","Indexable","","0","0.428","",""
"https://inc5shop.com/products/womens-golden-party-wear-printed-one-toe-flat-mules-601094-gold","text/html; charset=UTF-8","429","Too Many Requests","Non-Indexable","Client Error","6","0.116","",""
"https://inc5shop.com/cdn/shop/files/800699_GREY_56d8e1e6-0c1a-43d4-bfa4-5a920c4398ff.jpg?v=1764151699&width=1500","image/jpeg","200","OK","Indexable","","0","0.185","",""
"https://inc5shop.com/collections/womens-mules?page=2","text/html; charset=UTF-8","429","Too Many Requests","Non-Indexable","Client Error","2","0.128","",""
"https://inc5shop.com/collections/womens-mules?page=3","text/html; charset=UTF-8","429","Too Many Requests","Non-Indexable","Client Error","1","0.121","",""
"https://inc5shop.com/collections/womens-mules?page=4","text/html; charset=UTF-8","429","Too Many Requests","Non-Indexable","Client Error","1","0.103","",""
"https://inc5shop.com/products/women-rose-gold-woven-design-block-mules-800333-rose-gold","text/html; charset=UTF-8","429","Too Many Requests","Non-Indexable","Client Error","3","0.103","",""
"https://inc5shop.com/cdn/shop/files/800830_Beige-0.jpg?v=1781516667&width=1500","image/jpeg","200","OK","Indexable","","0","0.392","",""
"https://inc5shop.com/cdn/shop/files/601094_Cream_1_1565839a-4b09-47fc-8455-d1044cb63144.jpg?v=1765365846&width=1500","image/jpeg","200","OK","Indexable","","0","0.606","",""
"https://inc5shop.com/products/womens-pewter-ethnic-embellished-round-toe-block-heel-mules-601012-pewter","text/html; charset=UTF-8","429","Too Many Requests","Non-Indexable","Client Error","3","0.096","",""
"https://inc5shop.com/products/womens_black_party_wear_solid_pointed_kitten_heel_mules_800830_black","text/html; charset=UTF-8","429","Too Many Requests","Non-Indexable","Client Error","3","0.124","",""
"https://inc5shop.com/products/womens-cream-party-wear-printed-one-toe-flat-mules-601094-cream","text/html; charset=UTF-8","429","Too Many Requests","Non-Indexable","Client Error","6","0.108","",""
"https://inc5shop.com/cdn/shop/products/800333_Rose_Gold_1.jpg?v=1755492231&width=1500","image/jpeg","200","OK","Indexable","","0","0.371","",""
"https://inc5shop.com/products/womens-peach-casual-solid-pointed-toe-heel-flat-mules-3436-peach","text/html; charset=UTF-8","429","Too Many Requests","Non-Indexable","Client Error","3","0.138","",""
"https://inc5shop.com/cdn/shop/files/1937_PEWTER_d6243be4-aef0-4ed9-92b9-18a281462f86.jpg?v=1764151775&width=1500","image/jpeg","200","OK","Indexable","","0","0.122","",""
"https://inc5shop.com/products/womens-pewter-party-wear-solid-pointed-toe-kitten-heel-mules-1942-pewter","text/html; charset=UTF-8","429","Too Many Requests","Non-Indexable","Client Error","3","0.121","",""
"https://inc5shop.com/cdn/shop/files/300888_Beige_1_c79d29d9-6c23-4363-89d8-109f32b98646.jpg?v=1755495053&width=1500","image/jpeg","200","OK","Indexable","","0","0.541","",""
"https://inc5shop.com/cdn/shop/files/102598_PEACH-0_6cb97d12-169d-426f-8391-cdc64f630ff9.jpg?v=1770359656&width=1500","image/jpeg","200","OK","Indexable","","0","0.124","",""
"https://inc5shop.com/cdn/shop/files/800052Maroon-1.jpg?v=1774593060&width=1500","image/jpeg","200","OK","Indexable","","0","0.249","",""
"https://inc5shop.com/cdn/shop/files/800497_Navy_1_7981be6c-fa08-413f-9584-a835ababa4aa.jpg?v=1755490021&width=1500","image/jpeg","200","OK","Indexable","","0","0.826","",""
"https://inc5shop.com/cdn/shop/files/300888_BEIGE_a12240d8-00dd-47ce-9795-a44bf4b1a894.jpg?v=1755495053&width=1500","image/jpeg","200","OK","Indexable","","0","0.391","",""
"https://inc5shop.com/products/womens-grey-party-wear-printed-pointed-toe-block-heel-mules-800699-grey","text/html; charset=UTF-8","429","Too Many Requests","Non-Indexable","Client Error","3","0.124","",""
"https://inc5shop.com/products/womens_beige_party_wear_solid_pointed_kitten_heel_mules_800830_beige","text/html; charset=UTF-8","429","Too Many Requests","Non-Indexable","Client Error","3","0.129","",""
"https://inc5shop.com/products/womens-beige-casual-solid-one-toe-flat-mules-102598-beige","text/html; charset=UTF-8","429","Too Many Requests","Non-Indexable","Client Error","3","0.107","",""
"https://inc5shop.com/cdn/shop/files/800524_Black_1_d97bdb3c-929a-4db3-ae1f-7dff4a5ca6f4.jpg?v=1755490007&width=1500","image/jpeg","200","OK","Indexable","","0","0.182","",""
"https://inc5shop.com/products/womens-yellow-ethnic-printed-round-toe-flat-mules-800826-yellow","text/html; charset=UTF-8","429","Too Many Requests","Non-Indexable","Client Error","3","0.127","",""
"https://inc5shop.com/cdn/shop/files/601104_ANTIQUE_be6fc922-60d6-4828-8840-b67c90c65424.jpg?v=1768992172&width=1500","image/jpeg","200","OK","Indexable","","0","0.172","",""
"https://inc5shop.com/cdn/shop/files/601012_Pewter_1_dec75f2e-3cb1-4216-a9d4-bb81b200143b.jpg?v=1755490080&width=1500","image/jpeg","200","OK","Indexable","","0","0.383","",""
"https://inc5shop.com/cdn/shop/files/102598_BEIGE-0_fe87249f-ae14-483e-babd-b64802afcf46.jpg?v=1770359808&width=1500","image/jpeg","200","OK","Indexable","","0","0.114","",""
"https://inc5shop.com/cdn/shop/files/Inc5-800699_Grey_1_1f709590-2ac7-4568-b9e8-d9608a867e17.jpg?v=1763011018&width=1500","image/jpeg","200","OK","Indexable","","0","0.352","",""
"https://inc5shop.com/products/women-beige-textured-pointed-toe-party-stiletto-heeled-mules-300888-beige","text/html; charset=UTF-8","429","Too Many Requests","Non-Indexable","Client Error","3","0.170","",""
"https://inc5shop.com/cdn/shop/files/601094_Cream-0_16613530-7393-4856-80f9-06829485e600.jpg?v=1765865047&width=1500","image/jpeg","200","OK","Indexable","","0","0.382","",""
"https://inc5shop.com/cdn/shop/files/800826_Yellow.jpg?v=1774593669&width=1500","image/jpeg","200","OK","Indexable","","0","0.491","",""
"https://inc5shop.com/cdn/shop/products/800333_ROSE_GOLD.jpg?v=1755492231&width=1500","image/jpeg","200","OK","Indexable","","0","0.410","",""
"https://inc5shop.com/cdn/shop/files/800826_Yellow-1.jpg?v=1774518810&width=1500","image/jpeg","200","OK","Indexable","","0","0.171","",""
"https://inc5shop.com/cdn/shop/files/800497_NAVY_e5646042-7307-416d-aff4-5378441073dc.jpg?v=1755490021&width=1500","image/jpeg","200","OK","Indexable","","0","0.676","",""
"https://inc5shop.com/products/womens-black-party-wear-solid-pointed-kitten-heel-mules-800524-black","text/html; charset=UTF-8","429","Too Many Requests","Non-Indexable","Client Error","3","0.116","",""
"https://inc5shop.com/cdn/shop/files/800524_BLACK_93b1fca0-8fd1-4b18-8f79-4b8ff33bf9fb.jpg?v=1755490007&width=1500","image/jpeg","200","OK","Indexable","","0","0.473","",""
"https://inc5shop.com/cdn/shop/files/800830_Black-0.jpg?v=1781516667&width=1500","image/jpeg","200","OK","Indexable","","0","0.417","",""
"https://inc5shop.com/products/womens-flatvy-casual-solid-flat-mules-800497-navy","text/html; charset=UTF-8","429","Too Many Requests","Non-Indexable","Client Error","3","0.108","",""
"https://inc5shop.com/cdn/shop/files/1942_Pewter-0_e4c8af2d-39f6-42db-bd38-57d905723b42.jpg?v=1765865010&width=1500","image/jpeg","200","OK","Indexable","","0","0.470","",""
"https://inc5shop.com/cdn/shop/files/601012_PEWTER_3bcb7b31-d613-40aa-9bd3-2225854ac113.jpg?v=1755490080&width=1500","image/jpeg","200","OK","Indexable","","0","0.446","",""
"https://inc5shop.com/cdn/shop/files/Inc5-601104_Antique_1_bf904581-a9eb-4045-b68b-0b7ebd2c711a.jpg?v=1763010939&width=1500","image/jpeg","200","OK","Indexable","","0","0.428","",""
"https://inc5shop.com/cdn/shop/files/1942_Pewter_1_b3efaf16-4f86-42e7-a078-3ab7097453b1.jpg?v=1765365998&width=1500","image/jpeg","200","OK","Indexable","","0","0.391","",""
"https://inc5shop.com/cdn/shop/files/102598_Beige_1_c6487511-5681-4a09-8973-eb26acc8bda3.jpg?v=1770291690&width=1500","image/jpeg","200","OK","Indexable","","0","0.211","",""
"https://inc5shop.com/cdn/shop/files/800613_Maroon_1_7f79ffb8-2e12-4e30-83f3-33318e44bda6.jpg?v=1770717420&width=1500","image/jpeg","200","OK","Indexable","","0","0.762","",""
"https://inc5shop.com/cdn/shop/files/102880_Coffee-3.jpg?v=1776752961&width=1946","image/jpeg","200","OK","Indexable","","0","0.108","",""
"https://inc5shop.com/cdn/shop/files/102880_Coffee-4.jpg?v=1776752962&width=1946","image/jpeg","200","OK","Indexable","","0","0.157","",""
"https://inc5shop.com/cdn/shop/t/203/assets/product-modal.js?v=116616134454508949461770717761","text/javascript","200","OK","Non-Indexable","Canonicalised","0","0.111","",""
"https://cdn.shopify.com/extensions/019f7f4a-03a3-700a-849a-65160a48a247/clickpost-edd-staging-166/assets/clickpost-edd.css","text/css","200","OK","Indexable","","0","0.056","",""
"https://inc5shop.com/policies/shipping-policy","text/html; charset=UTF-8","429","Too Many Requests","Non-Indexable","Client Error","4","0.125","",""
"https://cdn.shopify.com/extensions/019f7f4a-03a3-700a-849a-65160a48a247/clickpost-edd-staging-166/assets/clickpost-edd.js","text/javascript","200","OK","Indexable","","0","0.060","",""
"https://inc5shop.com/cdn/shop/t/203/assets/product-form.js?v=82553749319723712671770717761","text/javascript","200","OK","Non-Indexable","Canonicalised","0","0.125","",""
"https://inc5shop.com/cdn/shop/files/3436_Peach_1_b45f5a23-9997-448a-9d5f-abeee8e76f6e.jpg?v=1756807723&width=1500","image/jpeg","200","OK","Indexable","","0","0.668","",""
"https://www.googletagmanager.com/gtag/js?id=G-Z7JGKLREKL","application/javascript; charset=UTF-8","200","OK","Indexable","","0","0.112","",""
"https://inc5shop.com/cdn/shopifycloud/portable-wallets/latest/portable-wallets.en.js","text/javascript","200","OK","Non-Indexable","Canonicalised","0","0.138","",""
"https://cdn.shopify.com/extensions/019f7f4a-03a3-700a-849a-65160a48a247/clickpost-edd-staging-166/assets/ga-helpers.js","text/javascript","200","OK","Indexable","","0","0.050","",""
"https://inc5shop.com/cdn/shop/t/203/assets/media-gallery.js?v=53998976194532824491770717761","text/javascript","200","OK","Non-Indexable","Canonicalised","0","0.107","",""
"https://inc5shop.com/cdn/shop/t/203/assets/share.js?v=13024540447964430191770717761","text/javascript","200","OK","Non-Indexable","Canonicalised","0","0.113","",""
"https://inc5shop.com/cdn/shop/files/102880_Coffee-2.jpg?v=1776752963&width=1445","image/jpeg","200","OK","Indexable","","0","0.725","",""
"https://inc5shop.com/cdn/shop/files/102880_Coffee-1.jpg?v=1776752962&width=1946","image/jpeg","200","OK","Indexable","","0","0.186","",""
"https://inc5shop.com/cdn/shop/files/102880_Coffee-0.jpg?v=1776771880&width=1946","image/jpeg","200","OK","Indexable","","0","0.225","",""
"https://inc5shop.com/cdn/shop/files/102880_Coffee-2.jpg?v=1776752963&width=1946","image/jpeg","200","OK","Indexable","","0","0.183","",""
"https://inc5shop.com/cdn/shop/files/102880_Coffee-0.jpg?v=1776771880&width=1445","image/jpeg","200","OK","Indexable","","0","0.828","",""
"https://inc5shop.com/cdn/shop/files/102880_Coffee-1.jpg?v=1776752962&width=1445","image/jpeg","200","OK","Indexable","","0","0.910","",""
"https://inc5shop.com/cdn/shopifycloud/portable-wallets/latest/accelerated-checkout-backwards-compat.css","text/css","200","OK","Non-Indexable","Canonicalised","0","0.108","",""
"https://inc5shop.com/cdn/shop/files/102880_Coffee-4.jpg?v=1776752962&width=1445","image/jpeg","200","OK","Indexable","","0","0.407","",""
"https://inc5shop.com/cdn/shop/t/203/assets/product-info.js?v=149160427226008204701770717761","text/javascript","200","OK","Non-Indexable","Canonicalised","0","0.114","",""
"https://inc5shop.com/cdn/shop/files/102880_Coffee-3.jpg?v=1776752961&width=1445","image/jpeg","200","OK","Indexable","","0","0.390","",""
"https://inc5shop.com/cdn/shop/files/LYNG29-8849_TAN_1_05180839-1331-4674-83df-1cf30b216d6c.jpg?v=1755483275","image/jpeg","200","OK","Indexable","","0","0.167","",""
"https://inc5shop.com/cdn/shop/files/LYNG29-8793_BLACK_1_22085477-c83f-4ee7-891b-8a0f61af7781.jpg?v=1755483352","image/jpeg","200","OK","Indexable","","0","0.379","",""
"https://inc5shop.com/cdn/shop/files/LYNG29-8803_DARK_BEIGE_1_d15d470f-7400-401d-acdb-989846d104a1.jpg?v=1755483332","image/jpeg","200","OK","Indexable","","0","0.171","",""
"https://inc5shop.com/cdn/shop/files/LYNG29-8803_CREAM_2_19421534-f2b4-42b6-b1ec-a7cb032a82e5.jpg?v=1755483335&width=1500","image/jpeg","200","OK","Indexable","","0","0.193","",""
"https://cdn.shopify.com/s/files/1/0564/8826/3854/t/203/assets/tsw.css","text/css","200","OK","Indexable","","0","0.472","",""
"https://inc5shop.com/products/womens-black-textured-pattern-sling-bag-with-magnet-lock-lyng29-8803-black","text/html; charset=UTF-8","429","Too Many Requests","Non-Indexable","Client Error","4","0.149","",""
"https://app.kiwisizing.com/web/js/dist/kiwiSizing/plugin/SizingPlugin.prod.js?v=339&shop=inc5shoesonline.myshopify.com","application/javascript","200","OK","Indexable","","0","0.055","",""
"https://inc5shop.com/cdn/shop/files/LYNG29-8780_CHIKOO_1_772460d6-4a78-4f3f-b843-97a4ee383873.jpg?v=1755483393","image/jpeg","200","OK","Indexable","","0","0.167","",""
"https://inc5shop.com/cdn/shop/files/LYNG34-8828_Beige-0_9a3c7942-81cf-4d21-b174-31e61ec2dd8b.jpg?v=1755483124","image/jpeg","200","OK","Indexable","","0","0.304","",""
"https://inc5shop.com/products/womens-beige-party-textured-pattern-wallet-with-zip-lock-lyng35-8843-beige","text/html; charset=UTF-8","429","Too Many Requests","Non-Indexable","Client Error","6","0.134","",""
"https://inc5shop.com/products/womens-cream-textured-sling-bag-with-zip-lock-lyng34-8828-cream","text/html; charset=UTF-8","429","Too Many Requests","Non-Indexable","Client Error","2","0.129","",""
"https://inc5shop.com/cdn/shop/files/LYNG29-8801_BEIGE_1_b44cb441-a5bc-476f-b0c9-96676dbb8f85.jpg?v=1755483342","image/jpeg","200","OK","Indexable","","0","0.366","",""
"https://inc5shop.com/cdn/shop/files/LYNG29-8780_CHIKOO_1_772460d6-4a78-4f3f-b843-97a4ee383873.jpg?v=1755483393&width=1500","image/jpeg","200","OK","Indexable","","0","0.155","",""
"https://inc5shop.com/products/womens-beige-casual-textured-sling-bag-with-twist-lock-lyng29-8812-beige","text/html; charset=UTF-8","429","Too Many Requests","Non-Indexable","Client Error","1","0.180","",""
"https://inc5shop.com/cdn/shop/files/LYNG34-8890_BEIGE_1b6ea2a9-109b-41ee-8063-d6ece973800d.jpg?v=1767938969&width=1500","image/jpeg","200","OK","Indexable","","0","0.175","",""
"https://inc5shop.com/products/womens-olive-casual-textured-backpack-with-zip-lock-lyng29-8793-olive","text/html; charset=UTF-8","429","Too Many Requests","Non-Indexable","Client Error","2","0.187","",""
"https://inc5shop.com/cdn/shop/files/LYNG33-8917_Green_1_734288b3-cf33-4ec3-836e-72f74b563f1e.jpg?v=1763968876&width=1500","image/jpeg","200","OK","Indexable","","0","0.169","",""
"https://inc5shop.com/cdn/shop/files/LYNG34-8828_Maroon_1_718629e4-829f-4d7a-9757-7f03f425db3b.jpg?v=1755483119&width=1500","image/jpeg","200","OK","Indexable","","0","0.121","",""
"https://inc5shop.com/products/womens-black-casual-handbag-with-zip-lock-lyng34-8915-black","text/html; charset=UTF-8","429","Too Many Requests","Non-Indexable","Client Error","3","0.134","",""
"https://inc5shop.com/cdn/shop/files/LYNG34-8899_BLACK_a09b6a96-cb5e-419a-a411-086d1ef1143f.jpg?v=1767938965&width=1500","image/jpeg","200","OK","Indexable","","0","0.290","",""
"https://inc5shop.com/cdn/shop/files/LYNG29-8849_BEIGE_1_4e8793d5-3808-4a1a-a628-0b3a065c8a9e.jpg?v=1755483278","image/jpeg","200","OK","Indexable","","0","0.196","",""
"https://inc5shop.com/products/womens-brown-casual-textured-pattern-handbag-with-zipper-lyng29-8780-chikoo","text/html; charset=UTF-8","429","Too Many Requests","Non-Indexable","Client Error","3","0.135","",""
"https://inc5shop.com/cdn/shop/files/LYNG29-8780_BLACK_2_2bfdbd75-b7fb-44bf-89f9-0f3bef02558e.jpg?v=1755483395&width=1500","image/jpeg","200","OK","Indexable","","0","0.194","",""
"https://inc5shop.com/products/women-beige-solid-shoulder-bag-lyng29-8603-beige","text/html; charset=UTF-8","429","Too Many Requests","Non-Indexable","Client Error","4","0.130","",""
"https://inc5shop.com/cdn/shop/files/LYNG29-8780_BLACK_1_a5fee249-b040-4d8b-bc20-1413f6b76772.jpg?v=1755483395","image/jpeg","200","OK","Indexable","","0","0.368","",""
"https://inc5shop.com/products/women-peach-solid-shoulder-bag-lyng29-8603-peach","text/html; charset=UTF-8","429","Too Many Requests","Non-Indexable","Client Error","4","0.099","",""
"https://inc5shop.com/cdn/shop/files/LYNG29-8780_BEIGE_1_5db94a84-d224-4b0d-ba07-f9b489e9d551.jpg?v=1755483397&width=1500","image/jpeg","200","OK","Indexable","","0","0.257","",""
"https://inc5shop.com/products/womens-black-shoulder-bag-with-zip-lock-for-party-use-lyng34-8899-black","text/html; charset=UTF-8","429","Too Many Requests","Non-Indexable","Client Error","3","0.120","",""
"https://inc5shop.com/products/womens-black-casual-textured-pattern-handbag-with-zipper-lyng29-8780-black","text/html; charset=UTF-8","429","Too Many Requests","Non-Indexable","Client Error","1","0.106","",""
"https://inc5shop.com/collections/bags-june-eoss-2026?page=5","text/html; charset=UTF-8","429","Too Many Requests","Non-Indexable","Client Error","1","0.140","",""
"https://inc5shop.com/cdn/shop/files/Myntra_size_AI_IMAGES_-_2025-05-19T150634.772.png?v=1755483348&width=1500","image/png","200","OK","Indexable","","0","0.383","",""
"https://inc5shop.com/products/womens-beige-party-textured-sling-bag-with-zip-lyng29-8849-beige","text/html; charset=UTF-8","429","Too Many Requests","Non-Indexable","Client Error","4","0.134","",""
"https://inc5shop.com/cdn/shop/files/LYNG29-8812_BROWN_1_1206c9ea-442a-4af7-854a-57984bcf85c2.jpg?v=1755483306","image/jpeg","200","OK","Indexable","","0","0.398","",""
"https://inc5shop.com/cdn/shop/files/LYNG29-8812_BROWN_1_1206c9ea-442a-4af7-854a-57984bcf85c2.jpg?v=1755483306&width=1500","image/jpeg","200","OK","Indexable","","0","0.587","",""
"https://inc5shop.com/collections/bags-june-eoss-2026?page=2","text/html; charset=UTF-8","429","Too Many Requests","Non-Indexable","Client Error","2","0.111","",""
"https://inc5shop.com/collections/bags-june-eoss-2026?page=3","text/html; charset=UTF-8","429","Too Many Requests","Non-Indexable","Client Error","1","0.106","",""
"https://inc5shop.com/cdn/shop/files/LYNG33-8917_Tan_1_02f2b65e-674e-4b36-ab5b-4d157293080c.jpg?v=1763968877&width=1500","image/jpeg","200","OK","Indexable","","0","0.374","",""
"https://inc5shop.com/cdn/shop/files/LYNG29-8603BEIGE1.jpg?v=1755483685","image/jpeg","200","OK","Indexable","","0","0.148","",""
"https://inc5shop.com/cdn/shop/files/LYNG29-8793_BLACK_2_e5c1620a-b287-4c8a-80cb-4fa79b10d65c.jpg?v=1755483352&width=1500","image/jpeg","200","OK","Indexable","","0","0.422","",""
"https://inc5shop.com/cdn/shop/files/LYNG29-8849_BEIGE_1_4e8793d5-3808-4a1a-a628-0b3a065c8a9e.jpg?v=1755483278&width=1500","image/jpeg","200","OK","Indexable","","0","0.986","",""
"https://inc5shop.com/cdn/shop/files/LYNG29-8603BEIGE-1.jpg?v=1755483685&width=1500","image/jpeg","200","OK","Indexable","","0","0.186","",""
"https://inc5shop.com/cdn/shop/files/Myntra_size_AI_IMAGES_-_2025-05-19T150634.772.png?v=1755483348","image/png","200","OK","Indexable","","0","0.376","",""
"https://inc5shop.com/cdn/shop/files/LYNG29-8801_BEIGE_2_6ef30f70-c6dd-4a02-bc04-4f0e8faaa60b.jpg?v=1755483343&width=1500","image/jpeg","200","OK","Indexable","","0","0.246","",""
"https://inc5shop.com/cdn/shop/files/LYNG29-8603BEIGE1.jpg?v=1755483685&width=1500","image/jpeg","200","OK","Indexable","","0","0.542","",""
"https://inc5shop.com/cdn/shop/files/LYNG34-8899_BLACK_1_0cb0ddcb-d4dd-4e19-a04f-ea1b4ff72744.jpg?v=1767937279&width=1500","image/jpeg","200","OK","Indexable","","0","0.255","",""
"https://inc5shop.com/cdn/shop/files/LYNG34-8724_GOLD.jpg?v=1755483577","image/jpeg","200","OK","Indexable","","0","0.418","",""
"https://inc5shop.com/cdn/shop/files/LYNG29-8603.png?v=1755483681&width=1500","image/png","200","OK","Indexable","","0","1.028","",""
"https://inc5shop.com/cdn/shop/files/LYNG29-8603.png?v=1755483681","image/png","200","OK","Indexable","","0","0.414","",""
"https://inc5shop.com/cdn/shop/files/LYNG29-8812_BROWN_2_d7fbe619-40f8-4d55-a0e3-58aafe70103c.jpg?v=1755483307&width=1500","image/jpeg","200","OK","Indexable","","0","0.602","",""
"https://inc5shop.com/cdn/shop/files/Bag_LYNG_34-8724_Gold_1_2a4a7a86-d5a7-4368-aab1-f24b671e4827.jpg?v=1755483578&width=1500","image/jpeg","200","OK","Indexable","","0","0.419","",""
"https://inc5shop.com/cdn/shop/files/LYNG29-8793_BLACK_1_22085477-c83f-4ee7-891b-8a0f61af7781.jpg?v=1755483352&width=1500","image/jpeg","200","OK","Indexable","","0","0.255","",""
"https://inc5shop.com/products/womens-beige-casual-textured-handbag-with-zipper-lyng29-8780-beige","text/html; charset=UTF-8","429","Too Many Requests","Non-Indexable","Client Error","1","0.114","",""
"https://inc5shop.com/cdn/shop/files/LYNG29-8801_BROWN_1_d61e6b59-3975-4e9c-84e7-839166ce42fc.jpg?v=1755483338&width=1500","image/jpeg","200","OK","Indexable","","0","0.135","",""
"https://inc5shop.com/products/womens-beige-sling-bag-with-zipper-lock-for-party-use-lyng34-8890-beige","text/html; charset=UTF-8","429","Too Many Requests","Non-Indexable","Client Error","3","0.121","",""
"https://inc5shop.com/products/womens-beige-textured-sling-bag-with-zip-lock-lyng34-8828-beige","text/html; charset=UTF-8","429","Too Many Requests","Non-Indexable","Client Error","2","0.133","",""
"https://inc5shop.com/products/womens-black-textured-sling-bag-with-zip-lock-lyng34-8828-black","text/html; charset=UTF-8","429","Too Many Requests","Non-Indexable","Client Error","4","0.135","",""
"https://inc5shop.com/cdn/shop/files/LYNG34-8882_Khaki_1_a4a86b42-b65b-461b-b65a-cff1e2e27ef7.jpg?v=1767937322&width=1500","image/jpeg","200","OK","Indexable","","0","0.700","",""
"https://inc5shop.com/cdn/shop/files/LYNG29-8849_BEIGE_2_420b7f4e-2633-4407-a097-3c8266d7c0e8.jpg?v=1755483278&width=1500","image/jpeg","200","OK","Indexable","","0","0.842","",""
"https://inc5shop.com/cdn/shop/files/LYNG29-8801_BLACK_1_a6566c5f-fd90-4178-8b40-307b91ebf2c3.jpg?v=1755483340&width=1500","image/jpeg","200","OK","Indexable","","0","0.411","",""
"https://inc5shop.com/cdn/shop/files/LYNG34-8828_Maroon-0_65eb5d34-6dfd-44aa-a354-04889f8cb9bb.jpg?v=1755483119&width=1500","image/jpeg","200","OK","Indexable","","0","0.480","",""
"https://inc5shop.com/products/womens-green-casual-wallet-with-magnet-lock-lyng33-8917-green","text/html; charset=UTF-8","429","Too Many Requests","Non-Indexable","Client Error","6","0.111","",""
"https://inc5shop.com/cdn/shop/files/LYNG29-8780_CHIKOO_2_3daa295a-3657-47b8-af49-5bd33aad6205.jpg?v=1755483393&width=1500","image/jpeg","200","OK","Indexable","","0","0.381","",""
"https://inc5shop.com/cdn/shop/files/LYNG34-8882_KHAKI_e22f3ddb-de78-4a4b-82e2-53b13c79b07b.jpg?v=1767938945&width=1500","image/jpeg","200","OK","Indexable","","0","0.888","",""
"https://inc5shop.com/cdn/shop/files/LYNG29-8780_BEIGE_1_5db94a84-d224-4b0d-ba07-f9b489e9d551.jpg?v=1755483397","image/jpeg","200","OK","Indexable","","0","0.439","",""
"https://inc5shop.com/products/womens-tan-party-textured-sling-bag-with-zip-lyng29-8849-tan","text/html; charset=UTF-8","429","Too Many Requests","Non-Indexable","Client Error","4","0.108","",""
"https://inc5shop.com/products/womens-black-casual-textured-sling-bag-with-twist-lock-lyng29-8812-black","text/html; charset=UTF-8","429","Too Many Requests","Non-Indexable","Client Error","3","0.130","",""
"https://inc5shop.com/cdn/shop/files/LYNG34-8890_Dark_Brown_1_be9a5dd0-48eb-4cf9-9b86-ed95f9240e37.jpg?v=1767937303&width=1500","image/jpeg","200","OK","Indexable","","0","0.774","",""
"https://inc5shop.com/cdn/shop/files/LYNG29-8801_BLACK_2_284a10a6-0011-430b-9bf4-4030320cf3f4.jpg?v=1755483340&width=1500","image/jpeg","200","OK","Indexable","","0","0.396","",""
"https://inc5shop.com/cdn/shop/files/LYNG35-8843_WHITE_1_fee83566-95d7-4f62-bb7a-a943cadf1bad.jpg?v=1755483204","image/jpeg","200","OK","Indexable","","0","0.420","",""
"https://inc5shop.com/cdn/shop/files/INC-LYNG_27-8741_Black_1_96815450-bdf0-4a14-8cbd-f2265f9bdaa2.jpg?v=1755483546&width=1500","image/jpeg","200","OK","Indexable","","0","0.375","",""
"https://inc5shop.com/cdn/shop/files/LYNG33-8917_Green-0_f0b5aa2d-d360-47ab-8fca-8e223c0bcb24.jpg?v=1764062385&width=1500","image/jpeg","200","OK","Indexable","","0","0.219","",""
"https://inc5shop.com/cdn/shop/files/LYNG29-8803_BLACK_1_5b4e3e27-1cb3-4c71-83b1-afc6003ec370.jpg?v=1755483336","image/jpeg","200","OK","Indexable","","0","0.517","",""
"https://inc5shop.com/cdn/shop/files/LYNG34-8890_Beige_1_0beac343-cba4-487f-93f2-ecb747dc4c7a.jpg?v=1767937270&width=1500","image/jpeg","200","OK","Indexable","","0","0.668","",""
"https://inc5shop.com/products/womens-khaki-sling-bag-with-magnet-lock-for-party-use-lyng34-8882-khaki","text/html; charset=UTF-8","429","Too Many Requests","Non-Indexable","Client Error","3","0.117","",""
"https://inc5shop.com/cdn/shop/files/LYNG34-8828_Cream_1_3664ef7e-ed6e-44b3-823b-ff41d5b78f8b.jpg?v=1755483121&width=1500","image/jpeg","200","OK","Indexable","","0","0.568","",""
"https://inc5shop.com/cdn/shop/files/LYNG29-8803_DARK_BEIGE_1_d15d470f-7400-401d-acdb-989846d104a1.jpg?v=1755483332&width=1500","image/jpeg","200","OK","Indexable","","0","0.377","",""
"https://inc5shop.com/products/womens-black-party-textured-pattern-sling-bag-with-magnet-lock-lyng29-8801-black","text/html; charset=UTF-8","429","Too Many Requests","Non-Indexable","Client Error","1","0.104","",""
"https://inc5shop.com/cdn/shop/files/LYNG35-8843_NUDE_1_99ee66ee-3800-4ddd-affe-7c607a68f46b.jpg?v=1755483207","image/jpeg","200","OK","Indexable","","0","0.317","",""
"https://inc5shop.com/cdn/shop/files/LYNG34-8915_Black_1_be49f124-3816-4f98-8591-d24880491781.jpg?v=1763968900&width=1500","image/jpeg","200","OK","Indexable","","0","0.244","",""
"https://inc5shop.com/cdn/shop/files/LYNG29-8801_BLACK_1_a6566c5f-fd90-4178-8b40-307b91ebf2c3.jpg?v=1755483340","image/jpeg","200","OK","Indexable","","0","0.447","",""
"https://inc5shop.com/cdn/shop/files/LYNG34-8828_Cream-0_0fcea4d9-dbd7-48b9-afb5-573e3f84a779.jpg?v=1755483121","image/jpeg","200","OK","Indexable","","0","0.181","",""
"https://inc5shop.com/cdn/shop/files/LYNG29-8780_BEIGE_2_e902fade-bd11-437d-a4cb-f3276289e866.jpg?v=1755483398&width=1500","image/jpeg","200","OK","Indexable","","0","0.374","",""
"https://inc5shop.com/cdn/shop/files/LYNG34-8724_CREAM.jpg?v=1755483580","image/jpeg","200","OK","Indexable","","0","0.499","",""
"https://inc5shop.com/cdn/shop/files/LYNG29-8812_BEIGE_1_7f18c69f-af1f-4056-bcd6-87e3d11c55bb.jpg?v=1755483310","image/jpeg","200","OK","Indexable","","0","0.450","",""
"https://inc5shop.com/products/women-casual-black-textured-handbag-with-twist-lock-lyng27-8741-black","text/html; charset=UTF-8","429","Too Many Requests","Non-Indexable","Client Error","3","0.128","",""
"https://inc5shop.com/cdn/shop/files/LYNG35-8843_BEIGE_1_5b4b8a1e-55c9-4f6c-90b1-7f1f2a29d3e9.jpg?v=1755483205&width=1500","image/jpeg","200","OK","Indexable","","0","0.172","",""
"https://inc5shop.com/cdn/shop/files/LYNG29-8793_CREAM_1_dbc74f6c-bf02-476c-84f0-f69399ebcdeb.jpg?v=1755483350","image/jpeg","200","OK","Indexable","","0","0.672","",""
"https://inc5shop.com/products/womens-brown-party-textured-sling-bag-with-magnet-lock-lyng29-8801-brown","text/html; charset=UTF-8","429","Too Many Requests","Non-Indexable","Client Error","3","0.108","",""
"https://inc5shop.com/products/womens-black-casual-textured-backpack-with-zip-lock-lyng29-8793-black","text/html; charset=UTF-8","429","Too Many Requests","Non-Indexable","Client Error","4","0.105","",""
"https://inc5shop.com/products/womens-red-textured-sling-bag-with-zip-lock-lyng34-8828-maroon","text/html; charset=UTF-8","429","Too Many Requests","Non-Indexable","Client Error","4","0.115","",""
"https://inc5shop.com/cdn/shop/files/LYNG34-8890_DARK_BROWN_30267f99-d7bc-45fc-a879-6964f8b34628.jpg?v=1767938955&width=1500","image/jpeg","200","OK","Indexable","","0","0.382","",""
"https://inc5shop.com/products/womens-white-party-textured-wallet-with-zip-lock-lyng35-8843-white","text/html; charset=UTF-8","429","Too Many Requests","Non-Indexable","Client Error","8","0.097","",""
"https://inc5shop.com/cdn/shop/files/LYNG34-8828_Cream-0_0fcea4d9-dbd7-48b9-afb5-573e3f84a779.jpg?v=1755483121&width=1500","image/jpeg","200","OK","Indexable","","0","0.336","",""
"https://inc5shop.com/cdn/shop/files/LYNG29-8812_BLACK_1_cf4900c9-292d-48c0-bf91-a84168bb7e35.jpg?v=1755483308","image/jpeg","200","OK","Indexable","","0","0.459","",""
"https://inc5shop.com/cdn/shop/files/LYNG34-8828_Beige_1_78f64d9b-63a1-44ed-bbad-34e257005c2b.jpg?v=1755483124&width=1500","image/jpeg","200","OK","Indexable","","0","0.475","",""
"https://inc5shop.com/cdn/shop/files/Bag_LYNG_34-8724_Cream_1_7624fe17-b131-4351-9f65-b88d1e478704.jpg?v=1755483580&width=1500","image/jpeg","200","OK","Indexable","","0","0.421","",""
"https://inc5shop.com/products/womens-nude-party-textured-wallet-with-zip-lock-lyng35-8843-nude","text/html; charset=UTF-8","429","Too Many Requests","Non-Indexable","Client Error","6","0.094","",""
"https://inc5shop.com/products/womens-brown-sling-bag-with-zipper-lock-for-party-use-lyng34-8890-dark-brown","text/html; charset=UTF-8","429","Too Many Requests","Non-Indexable","Client Error","3","0.104","",""
"https://inc5shop.com/cdn/shop/files/LYNG29-8849_TAN_2_b09b784c-2df7-4728-89b7-c30ca473d5cf.jpg?v=1755483275&width=1500","image/jpeg","200","OK","Indexable","","0","0.731","",""
"https://inc5shop.com/cdn/shop/files/LYNG29-8793_OLIVE_2_f7e9a370-311d-489e-aab2-66cb5c8f6087.jpg?v=1755483348&width=1500","image/jpeg","200","OK","Indexable","","0","0.408","",""
"https://inc5shop.com/cdn/shop/files/LYNG35-8843_NUDE_2_40e98a98-753e-4568-a22e-5dfa60734367.jpg?v=1755483205&width=1500","image/jpeg","200","OK","Indexable","","0","0.870","",""
"https://inc5shop.com/cdn/shop/files/LYNG29-8803_BLACK_2_01411266-3fa8-48e7-9de0-e59c032a4c12.jpg?v=1755483337&width=1500","image/jpeg","200","OK","Indexable","","0","0.572","",""
"https://inc5shop.com/cdn/shop/files/LYNG34-8724_GOLD.jpg?v=1755483577&width=1500","image/jpeg","200","OK","Indexable","","0","0.451","",""
"https://inc5shop.com/cdn/shop/files/LYNG35-8843_WHITE_1_fee83566-95d7-4f62-bb7a-a943cadf1bad.jpg?v=1755483204&width=1500","image/jpeg","200","OK","Indexable","","0","0.509","",""
"https://inc5shop.com/cdn/shop/files/LYNG29-8801_BROWN_2_6d456fab-e50c-43ac-9aa2-05b292be3694.jpg?v=1755483339&width=1500","image/jpeg","200","OK","Indexable","","0","0.574","",""
"https://inc5shop.com/cdn/shop/files/LYNG34-8828_Black-0_35c58e98-f977-4198-b397-0f917ea7c673.jpg?v=1755483122","image/jpeg","200","OK","Indexable","","0","0.392","",""
"https://inc5shop.com/cdn/shop/files/LYNG35-8843_WHITE_2_80178c0f-602b-4775-90b3-7a4d0eb45be0.jpg?v=1755483204&width=1500","image/jpeg","200","OK","Indexable","","0","0.498","",""
"https://inc5shop.com/products/womens-brown-casual-textured-sling-bag-with-twist-lock-lyng29-8812-brown","text/html; charset=UTF-8","429","Too Many Requests","Non-Indexable","Client Error","1","0.125","",""
"https://inc5shop.com/cdn/shop/files/LYNG29-8849_TAN_1_05180839-1331-4674-83df-1cf30b216d6c.jpg?v=1755483275&width=1500","image/jpeg","200","OK","Indexable","","0","0.677","",""
"https://inc5shop.com/products/womens-beige-party-textured-sling-bag-with-magnet-lock-lyng29-8803-dark-beige","text/html; charset=UTF-8","429","Too Many Requests","Non-Indexable","Client Error","4","0.159","",""
"https://inc5shop.com/cdn/shop/files/LYNG29-8812_BLACK_1_cf4900c9-292d-48c0-bf91-a84168bb7e35.jpg?v=1755483308&width=1500","image/jpeg","200","OK","Indexable","","0","0.518","",""
"https://inc5shop.com/cdn/shop/files/LYNG29-8803_BLACK_1_5b4e3e27-1cb3-4c71-83b1-afc6003ec370.jpg?v=1755483336&width=1500","image/jpeg","200","OK","Indexable","","0","0.424","",""
"https://inc5shop.com/cdn/shop/files/LYNG29-8803_CREAM_1_488da2de-7d01-4dad-9819-5a44e69c4ed2.jpg?v=1755483334","image/jpeg","200","OK","Indexable","","0","0.402","",""
"https://inc5shop.com/cdn/shop/files/LYNG29-8812_BLACK_2_87f40e16-7068-4d1f-a278-6f0042302415.jpg?v=1755483309&width=1500","image/jpeg","200","OK","Indexable","","0","0.638","",""
"https://inc5shop.com/cdn/shop/files/INC-LYNG_27-8741_Black_2_82bf8626-ef6e-4921-b6f1-b125b15c5f1b.jpg?v=1755483546&width=1500","image/jpeg","200","OK","Indexable","","0","0.405","",""
"https://inc5shop.com/products/womens-cream-casual-textured-backpack-with-zip-lock-lyng29-8793-cream","text/html; charset=UTF-8","429","Too Many Requests","Non-Indexable","Client Error","4","0.122","",""
"https://inc5shop.com/products/womens-tan-casual-wallet-with-magnet-lock-lyng33-8917-tan","text/html; charset=UTF-8","429","Too Many Requests","Non-Indexable","Client Error","6","0.126","",""
"https://inc5shop.com/cdn/shop/files/LYNG35-8843_BEIGE_2_e6431573-eef7-405a-8e66-d4b10cb4ca18.jpg?v=1755483207&width=1500","image/jpeg","200","OK","Indexable","","0","0.737","",""
"https://inc5shop.com/cdn/shop/files/LYNG33-8917_Tan-0_02cfda75-564a-4edc-be41-1d2a7dbb13c9.jpg?v=1764062384&width=1500","image/jpeg","200","OK","Indexable","","0","0.184","",""
"https://inc5shop.com/cdn/shop/files/LYNG29-8812_BEIGE_2_25df77d1-ec14-407f-ab42-a8040fc245f4.jpg?v=1755483311&width=1500","image/jpeg","200","OK","Indexable","","0","0.413","",""
"https://inc5shop.com/cdn/shop/files/LYNG34-8828_Beige-0_9a3c7942-81cf-4d21-b174-31e61ec2dd8b.jpg?v=1755483124&width=1500","image/jpeg","200","OK","Indexable","","0","0.467","",""
"https://inc5shop.com/cdn/shop/files/LYNG29-8793_CREAM_2_d14ea46a-ca2f-4772-b6d2-71a9a26ccf44.jpg?v=1755483350&width=1500","image/jpeg","200","OK","Indexable","","0","0.702","",""
"https://inc5shop.com/cdn/shop/files/LYNG29-8812_BEIGE_1_7f18c69f-af1f-4056-bcd6-87e3d11c55bb.jpg?v=1755483310&width=1500","image/jpeg","200","OK","Indexable","","0","0.572","",""
"https://inc5shop.com/products/womens-cream-textured-sling-bag-lyng34-8724-cream","text/html; charset=UTF-8","429","Too Many Requests","Non-Indexable","Client Error","1","0.098","",""
"https://inc5shop.com/cdn/shop/files/LYNG34-8828_Maroon-0_65eb5d34-6dfd-44aa-a354-04889f8cb9bb.jpg?v=1755483119","image/jpeg","200","OK","Indexable","","0","0.806","",""
"https://inc5shop.com/cdn/shop/files/LYNG34-8915_Black-0_c7174171-3f7d-412f-9399-c1f5d1201798.jpg?v=1764062371&width=1500","image/jpeg","200","OK","Indexable","","0","0.413","",""
"https://inc5shop.com/products/womens-beige-party-textured-pattern-sling-bag-with-magnet-lock-lyng29-8801-beige","text/html; charset=UTF-8","429","Too Many Requests","Non-Indexable","Client Error","1","0.094","",""
"https://inc5shop.com/cdn/shop/files/LYNG29-8801_BROWN_1_d61e6b59-3975-4e9c-84e7-839166ce42fc.jpg?v=1755483338","image/jpeg","200","OK","Indexable","","0","0.349","",""
"https://inc5shop.com/cdn/shop/files/LYNG34-8724_CREAM.jpg?v=1755483580&width=1500","image/jpeg","200","OK","Indexable","","0","0.694","",""
"https://inc5shop.com/cdn/shop/files/LYNG34-8828_Black_1_0b28b8a4-8e76-4e35-af29-2397c85233bf.jpg?v=1755483123&width=1500","image/jpeg","200","OK","Indexable","","0","0.395","",""
"https://inc5shop.com/cdn/shop/files/LYNG29-8803_DARK_BEIGE_2_c808c2c7-ea3e-4d7c-963d-8230baf08cf3.jpg?v=1755483333&width=1500","image/jpeg","200","OK","Indexable","","0","0.547","",""
"https://inc5shop.com/products/womens-cream-party-textured-sling-bag-with-magnet-lock-lyng29-8803-cream","text/html; charset=UTF-8","429","Too Many Requests","Non-Indexable","Client Error","2","0.109","",""
"https://inc5shop.com/cdn/shop/files/LYNG35-8843_NUDE_1_99ee66ee-3800-4ddd-affe-7c607a68f46b.jpg?v=1755483207&width=1500","image/jpeg","200","OK","Indexable","","0","0.708","",""
"https://inc5shop.com/products/womens-gold-textured-sling-bag-lyng34-8724-gold","text/html; charset=UTF-8","429","Too Many Requests","Non-Indexable","Client Error","3","0.129","",""
"https://inc5shop.com/cdn/shop/files/LYNG29-8780_BLACK_1_a5fee249-b040-4d8b-bc20-1413f6b76772.jpg?v=1755483395&width=1500","image/jpeg","200","OK","Indexable","","0","0.102","",""
"https://inc5shop.com/cdn/shop/products/LYNG29_8603_Peach_2.jpg?v=1755483681&width=1500","image/jpeg","200","OK","Indexable","","0","0.569","",""
"https://inc5shop.com/cdn/shop/files/LYNG29-8803_CREAM_1_488da2de-7d01-4dad-9819-5a44e69c4ed2.jpg?v=1755483334&width=1500","image/jpeg","200","OK","Indexable","","0","0.414","",""
"https://inc5shop.com/cdn/shop/files/LYNG35-8843_BEIGE_1_5b4b8a1e-55c9-4f6c-90b1-7f1f2a29d3e9.jpg?v=1755483205","image/jpeg","200","OK","Indexable","","0","0.208","",""
"https://inc5shop.com/cdn/shop/files/LYNG29-8793_CREAM_1_dbc74f6c-bf02-476c-84f0-f69399ebcdeb.jpg?v=1755483350&width=1500","image/jpeg","200","OK","Indexable","","0","0.359","",""
"https://inc5shop.com/collections/women-footwear?gf_82619=43","text/html; charset=UTF-8","429","Too Many Requests","Non-Indexable","Client Error","1","0.125","",""
"https://inc5shop.com/cdn/shop/files/LYNG29-8801_BEIGE_1_b44cb441-a5bc-476f-b0c9-96676dbb8f85.jpg?v=1755483342&width=1500","image/jpeg","200","OK","Indexable","","0","0.185","",""
"https://inc5shop.com/cdn/shop/files/LYNG34-8828_Black-0_35c58e98-f977-4198-b397-0f917ea7c673.jpg?v=1755483122&width=1500","image/jpeg","200","OK","Indexable","","0","0.452","",""
"https://inc5shop.com/collections/men?gf_82619=39","text/html; charset=UTF-8","429","Too Many Requests","Non-Indexable","Client Error","1","0.119","",""
"https://inc5shop.com/cdn/shop/files/Banner.gif?v=1730127853&width=3840","image/gif","200","OK","Indexable","","0","0.584","",""
"https://inc5shop.com/cdn/shop/files/38.jpg?v=1730113334&width=3200","image/jpeg","200","OK","Indexable","","0","0.586","",""
"https://inc5shop.com/cdn/shop/files/43.jpg?v=1730113334&width=3200","image/jpeg","200","OK","Indexable","","0","0.785","",""
"https://inc5shop.com/cdn/shop/files/42.jpg?v=1730113334&width=3200","image/jpeg","200","OK","Indexable","","0","0.714","",""
"https://inc5shop.com/cdn/shop/files/46.jpg?v=1730113334&width=3200","image/jpeg","200","OK","Indexable","","0","0.538","",""
"https://inc5shop.com/cdn/shop/files/Group_2.jpg?v=1730110902&width=3200","image/jpeg","200","OK","Indexable","","0","0.543","",""
"https://inc5shop.com/collections/inc5-sale?gf_82619=42","text/html; charset=UTF-8","429","Too Many Requests","Non-Indexable","Client Error","1","0.131","",""
"https://inc5shop.com/cdn/shop/files/Group_8.jpg?v=1730110917&width=3200","image/jpeg","200","OK","Indexable","","0","0.524","",""
"https://inc5shop.com/cdn/shop/files/Group_4.jpg?v=1730110917&width=3200","image/jpeg","200","OK","Indexable","","0","0.620","",""
"https://inc5shop.com/cdn/shop/files/41.jpg?v=1730113334&width=3200","image/jpeg","200","OK","Indexable","","0","0.532","",""
"https://inc5shop.com/collections/inc5-sale?gf_82619=41","text/html; charset=UTF-8","429","Too Many Requests","Non-Indexable","Client Error","1","0.126","",""
"https://inc5shop.com/cdn/shop/files/Group_3.jpg?v=1730110918&width=3200","image/jpeg","200","OK","Indexable","","0","0.785","",""
"https://inc5shop.com/collections/inc5-sale?gf_82619=40","text/html; charset=UTF-8","429","Too Many Requests","Non-Indexable","Client Error","1","0.124","",""
"https://inc5shop.com/collections/men?gf_82619=46","text/html; charset=UTF-8","429","Too Many Requests","Non-Indexable","Client Error","1","0.110","",""
"https://inc5shop.com/cdn/shop/files/Group_7.jpg?v=1730110917&width=3200","image/jpeg","200","OK","Indexable","","0","0.485","",""
"https://inc5shop.com/cdn/shop/files/Group_5.jpg?v=1730110919&width=3200","image/jpeg","200","OK","Indexable","","0","0.526","",""
"https://inc5shop.com/cdn/shop/files/45.jpg?v=1730113334&width=3200","image/jpeg","200","OK","Indexable","","0","0.613","",""
"https://inc5shop.com/cdn/shop/files/Group_9.jpg?v=1730110917&width=3200","image/jpeg","200","OK","Indexable","","0","0.540","",""
"https://inc5shop.com/collections/men-footwear?gf_82619=38","text/html; charset=UTF-8","429","Too Many Requests","Non-Indexable","Client Error","1","0.125","",""
"https://inc5shop.com/collections/men?gf_82619=41","text/html; charset=UTF-8","429","Too Many Requests","Non-Indexable","Client Error","1","0.105","",""
"https://inc5shop.com/collections/men?gf_82619=40","text/html; charset=UTF-8","429","Too Many Requests","Non-Indexable","Client Error","1","0.104","",""
"https://inc5shop.com/cdn/shop/files/40.jpg?v=1730113334&width=3200","image/jpeg","200","OK","Indexable","","0","0.581","",""
"https://inc5shop.com/collections/men?gf_82619=43","text/html; charset=UTF-8","429","Too Many Requests","Non-Indexable","Client Error","1","0.118","",""
"https://inc5shop.com/collections/inc5-sale?gf_82619=39","text/html; charset=UTF-8","429","Too Many Requests","Non-Indexable","Client Error","1","0.126","",""
"https://inc5shop.com/collections/women-footwear?gf_82619=35","text/html; charset=UTF-8","429","Too Many Requests","Non-Indexable","Client Error","1","0.101","",""
"https://inc5shop.com/cdn/shop/files/44.jpg?v=1730113334&width=3200","image/jpeg","200","OK","Indexable","","0","0.590","",""
"https://inc5shop.com/collections/inc5-sale?gf_82619=38","text/html; charset=UTF-8","429","Too Many Requests","Non-Indexable","Client Error","1","0.100","",""
"https://inc5shop.com/collections/men?gf_82619=42","text/html; charset=UTF-8","429","Too Many Requests","Non-Indexable","Client Error","1","0.105","",""
"https://inc5shop.com/collections/inc5-sale?gf_82619=37","text/html; charset=UTF-8","429","Too Many Requests","Non-Indexable","Client Error","1","0.103","",""
"https://inc5shop.com/cdn/shop/files/Group_1.jpg?v=1730110808&width=3200","image/jpeg","200","OK","Indexable","","0","0.577","",""
"https://inc5shop.com/collections/men?gf_82619=45","text/html; charset=UTF-8","429","Too Many Requests","Non-Indexable","Client Error","1","0.108","",""
"https://inc5shop.com/cdn/shop/files/Group_6.jpg?v=1730110917&width=3200","image/jpeg","200","OK","Indexable","","0","0.521","",""
"https://inc5shop.com/collections/inc5-sale?gf_82619=36","text/html; charset=UTF-8","429","Too Many Requests","Non-Indexable","Client Error","1","0.126","",""
"https://inc5shop.com/collections/men?gf_82619=44","text/html; charset=UTF-8","429","Too Many Requests","Non-Indexable","Client Error","1","0.101","",""
"https://inc5shop.com/cdn/shop/files/39.jpg?v=1730113334&width=3200","image/jpeg","200","OK","Indexable","","0","0.554","",""
"https://inc5shop.com/cdn/shop/files/LYNG34-8877_Taupe.png?v=1773122209&width=1500","image/png","200","OK","Indexable","","0","0.113","",""
"https://inc5shop.com/cdn/shop/files/LYNG34-8893_Taupe_1.jpg?v=1773057748&width=1500","image/jpeg","200","OK","Indexable","","0","0.112","",""
"https://inc5shop.com/collections/the-march-edit-in-house-bag?page=2","text/html; charset=UTF-8","429","Too Many Requests","Non-Indexable","Client Error","2","0.116","",""
"https://inc5shop.com/products/womens-taupe-handbag-with-zip-lock-for-casual-lyng34-8901-taupe","text/html; charset=UTF-8","429","Too Many Requests","Non-Indexable","Client Error","3","0.129","",""
"https://inc5shop.com/cdn/shop/files/LYNG34-8900_Yellow.png?v=1773122208&width=1500","image/png","200","OK","Indexable","","0","0.109","",""
"https://inc5shop.com/products/womens-white-sling-bag-with-magnet-button-lock-for-party-lyng34-8900-white","text/html; charset=UTF-8","429","Too Many Requests","Non-Indexable","Client Error","3","0.123","",""
"https://inc5shop.com/cdn/shop/files/LYNG34-8891_White_1.jpg?v=1773057746&width=1500","image/jpeg","200","OK","Indexable","","0","0.114","",""
"https://inc5shop.com/products/womens-white-shoulder-bag-with-zip-lock-for-casual-lyng34-8891-white","text/html; charset=UTF-8","429","Too Many Requests","Non-Indexable","Client Error","6","0.111","",""
"https://inc5shop.com/cdn/shop/files/LYNG34-8877_Brown_1.jpg?v=1773057746&width=1500","image/jpeg","200","OK","Indexable","","0","0.100","",""
"https://inc5shop.com/products/womens-taupe-shoulder-bag-with-magnet-lock-for-party-lyng34-8893-taupe","text/html; charset=UTF-8","429","Too Many Requests","Non-Indexable","Client Error","6","0.124","",""
"https://inc5shop.com/products/womens-green-shoulder-bag-with-magnet-button-lock-for-party-lyng34-8896-green","text/html; charset=UTF-8","429","Too Many Requests","Non-Indexable","Client Error","6","0.128","",""
"https://inc5shop.com/cdn/shop/files/LYNG34-8879_Dark_Pink.png?v=1773122207&width=1500","image/png","200","OK","Indexable","","0","0.203","",""
"https://inc5shop.com/cdn/shop/files/LYNG34-8896_Green.png?v=1773122205&width=1500","image/png","200","OK","Indexable","","0","0.208","",""
"https://inc5shop.com/cdn/shop/files/LYNG34-8893_Taupe.png?v=1773122206&width=1500","image/png","200","OK","Indexable","","0","0.174","",""
"https://inc5shop.com/cdn/shop/files/LYNG34-8879_Dark_Brown.png?v=1773122205&width=1500","image/png","200","OK","Indexable","","0","0.266","",""
"https://inc5shop.com/products/womens-pink-sling-bag-with-magnet-button-lock-party-lyng34-8879-dark-pink","text/html; charset=UTF-8","429","Too Many Requests","Non-Indexable","Client Error","3","0.114","",""
"https://inc5shop.com/cdn/shop/files/LYNG34-8900_Coffee_1.jpg?v=1773057750&width=1500","image/jpeg","200","OK","Indexable","","0","0.193","",""
"https://inc5shop.com/cdn/shop/files/LYNG34-8878_Taupe_1.jpg?v=1773057747&width=1500","image/jpeg","200","OK","Indexable","","0","0.197","",""
"https://inc5shop.com/products/womens-tan-handbag-with-magnet-button-lock-for-party-lyng34-8894-tan","text/html; charset=UTF-8","429","Too Many Requests","Non-Indexable","Client Error","3","0.109","",""
"https://inc5shop.com/products/womens-pink-sling-bag-with-magnet-button-lock-for-party-lyng34-8880-dark-pink","text/html; charset=UTF-8","429","Too Many Requests","Non-Indexable","Client Error","3","0.122","",""
"https://inc5shop.com/cdn/shop/files/LYNG34-8877_Taupe_1.jpg?v=1773057746&width=1500","image/jpeg","200","OK","Indexable","","0","0.408","",""
"https://inc5shop.com/products/womens-tan-handbag-with-zip-lock-for-casual-lyng34-8901-tan","text/html; charset=UTF-8","429","Too Many Requests","Non-Indexable","Client Error","3","0.120","",""
"https://inc5shop.com/cdn/shop/files/LYNG34-8879_Dark_Pink_1.jpg?v=1773057747&width=1500","image/jpeg","200","OK","Indexable","","0","0.364","",""
"https://inc5shop.com/cdn/shop/files/LYNG34-8879_Dark_Brown_1.jpg?v=1773057747&width=1500","image/jpeg","200","OK","Indexable","","0","0.215","",""
"https://inc5shop.com/products/womens-green-handbag-with-zip-lock-for-party-lyng34-8895-green","text/html; charset=UTF-8","429","Too Many Requests","Non-Indexable","Client Error","3","0.106","",""
"https://inc5shop.com/products/womens-taupe-color-handbag-with-zip-lock-for-casual-lyng34-8876-taupe","text/html; charset=UTF-8","429","Too Many Requests","Non-Indexable","Client Error","3","0.127","",""
"https://inc5shop.com/cdn/shop/files/LYNG34-8900_White_1.jpg?v=1773057750&width=1500","image/jpeg","200","OK","Indexable","","0","0.372","",""
"https://inc5shop.com/products/womens-yellow-sling-bag-with-magnet-button-lock-for-party-lyng34-8900-yellow","text/html; charset=UTF-8","429","Too Many Requests","Non-Indexable","Client Error","3","0.094","",""
"https://inc5shop.com/products/womens-taupe-handbag-with-zip-lock-for-party-lyng34-8895-taupe","text/html; charset=UTF-8","429","Too Many Requests","Non-Indexable","Client Error","3","0.140","",""
"https://inc5shop.com/cdn/shop/files/LYNG34-8880_Dark_Pink_1.jpg?v=1773057746&width=1500","image/jpeg","200","OK","Indexable","","0","0.489","",""
"https://inc5shop.com/cdn/shop/files/LYNG34-8878_Taupe.png?v=1773122207&width=1500","image/png","200","OK","Indexable","","0","0.171","",""
"https://inc5shop.com/cdn/shop/files/LYNG34-8876_Taupe.png?v=1773122207&width=1500","image/png","200","OK","Indexable","","0","0.187","",""
"https://inc5shop.com/cdn/shop/files/LYNG34-8895_Green_1.jpg?v=1773057749&width=1500","image/jpeg","200","OK","Indexable","","0","0.375","",""
"https://inc5shop.com/cdn/shop/files/LYNG34-8901_Tan_1.jpg?v=1773057793&width=1500","image/jpeg","200","OK","Indexable","","0","0.558","",""
"https://inc5shop.com/products/womens-brown-sling-bag-with-zip-lock-for-party-lyng34-8877-brown","text/html; charset=UTF-8","429","Too Many Requests","Non-Indexable","Client Error","3","0.104","",""
"https://inc5shop.com/cdn/shop/files/LYNG34-8896_Taupe_1.jpg?v=1773057750&width=1500","image/jpeg","200","OK","Indexable","","0","0.387","",""
"https://inc5shop.com/cdn/shop/files/LYNG34-8894_Green.png?v=1773122203&width=1500","image/png","200","OK","Indexable","","0","0.163","",""
"https://inc5shop.com/cdn/shop/files/LYNG34-8900_Coffee.png?v=1773122206&width=1500","image/png","200","OK","Indexable","","0","0.218","",""
"https://inc5shop.com/cdn/shop/files/LYNG34-8883_Taupe_1.jpg?v=1773057747&width=1500","image/jpeg","200","OK","Indexable","","0","0.596","",""
"https://inc5shop.com/cdn/shop/files/LYNG34-8877_Brown.png?v=1773122205&width=1500","image/png","200","OK","Indexable","","0","0.227","",""
"https://inc5shop.com/products/womens-tan-sling-bag-with-magnet-button-lock-for-casual-lyng34-8897-tan","text/html; charset=UTF-8","429","Too Many Requests","Non-Indexable","Client Error","3","0.125","",""
"https://inc5shop.com/cdn/shop/files/LYNG34-8895_Taupe_1.jpg?v=1773057750&width=1500","image/jpeg","200","OK","Indexable","","0","0.258","",""
"https://inc5shop.com/cdn/shop/files/LYNG34-8894_Tan.png?v=1773122207&width=1500","image/png","200","OK","Indexable","","0","0.185","",""
"https://inc5shop.com/products/womens-taupe-shoulder-bag-with-zip-lock-for-casual-lyng34-8878-taupe","text/html; charset=UTF-8","429","Too Many Requests","Non-Indexable","Client Error","6","0.140","",""
"https://inc5shop.com/cdn/shop/files/LYNG34-8896_Taupe.png?v=1773122206&width=1500","image/png","200","OK","Indexable","","0","0.231","",""
"https://inc5shop.com/cdn/shop/files/LYNG34-8876_Taupe_1.jpg?v=1773057747&width=1500","image/jpeg","200","OK","Indexable","","0","0.484","",""
"https://inc5shop.com/products/womens-brown-sling-bag-with-magnet-button-lock-for-party-lyng34-8900-coffee","text/html; charset=UTF-8","429","Too Many Requests","Non-Indexable","Client Error","3","0.125","",""
"https://inc5shop.com/products/womens-tan-shoulder-bag-with-zip-lock-for-casual-lyng34-8891-tan","text/html; charset=UTF-8","429","Too Many Requests","Non-Indexable","Client Error","6","0.117","",""
"https://inc5shop.com/cdn/shop/files/LYNG34-8894_Tan_1.jpg?v=1773057749&width=1500","image/jpeg","200","OK","Indexable","","0","0.489","",""
"https://inc5shop.com/products/womens-green-handbag-with-magnet-button-lock-for-party-lyng34-8894-green","text/html; charset=UTF-8","429","Too Many Requests","Non-Indexable","Client Error","3","0.108","",""
"https://inc5shop.com/cdn/shop/files/LYNG34-8900_White.png?v=1773122207&width=1500","image/png","200","OK","Indexable","","0","0.391","",""
"https://inc5shop.com/cdn/shop/files/LYNG34-8900_Yellow_1.jpg?v=1773057794&width=1500","image/jpeg","200","OK","Indexable","","0","0.106","",""
"https://inc5shop.com/products/womens-taupe-hand-bag-with-zip-lock-for-casual-lyng34-8883-taupe","text/html; charset=UTF-8","429","Too Many Requests","Non-Indexable","Client Error","3","0.141","",""
"https://inc5shop.com/products/womens-taupe-shoulder-bag-with-magnet-button-lock-for-party-lyng34-8896-taupe","text/html; charset=UTF-8","429","Too Many Requests","Non-Indexable","Client Error","6","0.105","",""
"https://inc5shop.com/cdn/shop/files/LYNG34-8897_Tan_1.jpg?v=1773057750&width=1500","image/jpeg","200","OK","Indexable","","0","0.478","",""
"https://inc5shop.com/cdn/shop/files/LYNG34-8896_Green_1.jpg?v=1773057750&width=1500","image/jpeg","200","OK","Indexable","","0","0.559","",""
"https://inc5shop.com/cdn/shop/files/LYNG34-8891_Tan.png?v=1773122208&width=1500","image/png","200","OK","Indexable","","0","0.397","",""
"https://inc5shop.com/cdn/shop/files/LYNG34-8883_Taupe.png?v=1773122208&width=1500","image/png","200","OK","Indexable","","0","0.987","",""
"https://inc5shop.com/cdn/shop/files/LYNG34-8894_Green_1.jpg?v=1773057749&width=1500","image/jpeg","200","OK","Indexable","","0","0.828","",""
"https://inc5shop.com/products/womens-taupe-sling-bag-with-zip-lock-for-party-lyng34-8877-taupe","text/html; charset=UTF-8","429","Too Many Requests","Non-Indexable","Client Error","3","0.105","",""
"https://inc5shop.com/cdn/shop/files/LYNG34-8895_Taupe.png?v=1773122206&width=1500","image/png","200","OK","Indexable","","0","0.402","",""
"https://inc5shop.com/cdn/shop/files/LYNG34-8880_Dark_Pink.png?v=1773122204&width=1500","image/png","200","OK","Indexable","","0","0.405","",""
"https://inc5shop.com/products/womens-brown-sling-bag-with-magnet-button-lock-for-party-wear-lyng34-8879-dark-brown","text/html; charset=UTF-8","429","Too Many Requests","Non-Indexable","Client Error","3","0.141","",""
"https://inc5shop.com/cdn/shop/files/LYNG34-8891_White.png?v=1773122207&width=1500","image/png","200","OK","Indexable","","0","0.188","",""
"https://inc5shop.com/cdn/shop/files/LYNG34-8901_Taupe_1.jpg?v=1773057794&width=1500","image/jpeg","200","OK","Indexable","","0","0.695","",""
"https://inc5shop.com/cdn/shop/files/LYNG34-8897_Tan.png?v=1773122205&width=1500","image/png","200","OK","Indexable","","0","0.389","",""
"https://inc5shop.com/cdn/shop/files/LYNG34-8901_Tan.png?v=1773122208&width=1500","image/png","200","OK","Indexable","","0","0.503","",""
"https://inc5shop.com/cdn/shop/files/LYNG34-8901_Taupe.png?v=1773122208&width=1500","image/png","200","OK","Indexable","","0","1.085","",""
"https://inc5shop.com/cdn/shop/files/LYNG34-8895_Green.png?v=1773122205&width=1500","image/png","200","OK","Indexable","","0","0.594","",""
"https://inc5shop.com/cdn/shop/files/LYNG34-8891_Tan_1.jpg?v=1773057749&width=1500","image/jpeg","200","OK","Indexable","","0","0.506","",""
"https://inc5shop.com/products/womens-grey-sling-bag-with-zip-lock-for-casual-lyng34-8898-pista","text/html; charset=UTF-8","429","Too Many Requests","Non-Indexable","Client Error","3","0.137","",""
"https://cdn.jsdelivr.net/npm/slick-carousel@1.8.1/slick/slick.min.js","application/javascript; charset=utf-8","200","OK","Indexable","","0","0.062","",""
"https://cdn.shopify.com/extensions/019f455a-4fa1-7c03-aea8-57ec03bc13c6/omni-storelocator-app-2-307/assets/map-style.js","text/html; charset=utf-8","404","Not Found","Non-Indexable","Client Error","0","0.066","",""
"https://cdn.shopify.com/extensions/019f455a-4fa1-7c03-aea8-57ec03bc13c6/omni-storelocator-app-2-307/assets/omni-store-locator.js","text/javascript","200","OK","Indexable","","0","0.065","",""
"https://code.jquery.com/jquery-3.6.0.min.js","application/javascript; charset=utf-8","200","OK","Indexable","","0","0.053","",""
"https://cdn.shopify.com/extensions/019f455a-4fa1-7c03-aea8-57ec03bc13c6/omni-storelocator-app-2-307/assets/omni-store-locator-1.js","text/javascript","200","OK","Indexable","","0","0.082","",""
"https://cdn.shopify.com/extensions/019f455a-4fa1-7c03-aea8-57ec03bc13c6/omni-storelocator-app-2-307/assets/my-app-style-new.css","text/css","200","OK","Indexable","","0","0.049","",""
"https://inc5shop.com/cdn/shop/files/LYNG34-8898_Pista_1.jpg?v=1773057750&width=1500","image/jpeg","200","OK","Indexable","","0","0.398","",""
"https://inc5shop.com/cdn/shop/files/500293_Beige-0_62b45257-cd79-4c3d-bed9-117d8d192a17.jpg?v=1777466303&width=1500","image/jpeg","200","OK","Indexable","","0","0.107","",""
"https://inc5shop.com/cdn/shop/files/102809_Brown_1_c884a9a0-d313-4039-8a8f-92ae1eb1eada.jpg?v=1770717341&width=1500","image/jpeg","200","OK","Indexable","","0","0.104","",""
"https://inc5shop.com/cdn/shop/files/700025_Black_1_8375763b-9431-431c-a621-52db0ecf78e9.jpg?v=1756807817&width=1500","image/jpeg","200","OK","Indexable","","0","0.098","",""
"https://inc5shop.com/cdn/shop/files/102809_Beige_1_14035252-b1bc-4d26-8472-c4c92b09c3e8.jpg?v=1770717261&width=1500","image/jpeg","200","OK","Indexable","","0","0.166","",""
"https://inc5shop.com/cdn/shop/files/3162_ROSE_GOLD_a75f7957-1676-43c1-9652-28c22da0f77a.jpg?v=1770805188&width=1500","image/jpeg","200","OK","Indexable","","0","0.126","",""
"https://unpkg.com/@googlemaps/markerclusterer@2.0.3/dist/index.min.js","text/javascript; charset=utf-8","200","OK","Indexable","","0","0.019","",""
"https://inc5shop.com/cdn/shop/files/LYNG34-8898_Pista.png?v=1773122205&width=1500","image/png","200","OK","Indexable","","0","0.805","",""
"https://inc5shop.com/cdn/shop/files/300885_Pewter_1_9d74c9da-7434-4c8f-a0e9-533d8a794321.jpg?v=1761718594&width=1500","image/jpeg","200","OK","Indexable","","0","0.158","",""
"https://inc5shop.com/products/womens-grey-ethnic-wear-textured-round-toe-platform-heel-sandals-3556-grey","text/html; charset=UTF-8","429","Too Many Requests","Non-Indexable","Client Error","3","0.129","",""
"https://inc5shop.com/cdn/shop/files/3556_Grey_1_61412e1c-e426-46f4-8322-752e375e195e.jpg?v=1765365967&width=1500","image/jpeg","200","OK","Indexable","","0","0.117","",""
"https://inc5shop.com/cdn/shop/files/3162_Gold_1_d9de105e-4a77-46ca-a702-f7b33591f0d1.jpg?v=1770717404&width=1500","image/jpeg","200","OK","Indexable","","0","0.154","",""
"https://maps.googleapis.com/maps/api/js?key=AIzaSyAgVD6WHEKK4lJLRquC9GV5N2FguwMHdtk","text/javascript; charset=UTF-8","200","OK","Indexable","","0","0.471","",""
"https://inc5shop.com/cdn/shop/files/Inc5-3484_Black_1_6ba8ea58-ccd8-4b47-9b3b-1abdcfb4a884.jpg?v=1763010893&width=1500","image/jpeg","200","OK","Indexable","","0","0.163","",""
"https://inc5shop.com/products/womens-cream-party-wear-striped-round-toe-platform-heel-sandals-3491-cream","text/html; charset=UTF-8","429","Too Many Requests","Non-Indexable","Client Error","3","0.119","",""
"https://inc5shop.com/cdn/shop/files/500294_Grey-1.jpg?v=1774518816&width=1500","image/jpeg","200","OK","Indexable","","0","0.146","",""
"https://inc5shop.com/cdn/shop/files/3488_BLACK_824df810-3690-4d41-b466-714f9066c6a1.jpg?v=1770805273&width=1500","image/jpeg","200","OK","Indexable","","0","0.175","",""
"https://inc5shop.com/products/womens-cream-party-wear-printed-round-toe-platform-heel-sandals-3488-cream","text/html; charset=UTF-8","429","Too Many Requests","Non-Indexable","Client Error","3","0.145","",""
"https://inc5shop.com/cdn/shop/files/Inc5-3485_Pewter_1_02e9cd6d-5752-4489-a5cb-8089fedca51d.jpg?v=1763010900&width=1500","image/jpeg","200","OK","Indexable","","0","0.175","",""
"https://inc5shop.com/products/womens-rose-gold-party-wear-solid-round-toe-platform-heel-sandals-3162-rose-gold","text/html; charset=UTF-8","429","Too Many Requests","Non-Indexable","Client Error","6","0.131","",""
"https://inc5shop.com/cdn/shop/files/500293_Black-0_11b0696d-4da3-4910-9488-9dc4aef89622.jpg?v=1777466286&width=1500","image/jpeg","200","OK","Indexable","","0","0.118","",""
"https://inc5shop.com/products/women-peach-casual-solid-round-toe-platform-heel-sandals-700024-peach","text/html; charset=UTF-8","429","Too Many Requests","Non-Indexable","Client Error","3","0.109","",""
"https://inc5shop.com/cdn/shop/files/3484_BLACK_55f5ccf3-e84c-47bb-8214-f6e373629a89.jpg?v=1764151749&width=1500","image/jpeg","200","OK","Indexable","","0","0.217","",""
"https://inc5shop.com/cdn/shop/files/300976_Beige_18c3f529-5798-4048-b563-f5b02cb72877.png?v=1770805294&width=1500","image/png","200","OK","Indexable","","0","0.199","",""
"https://inc5shop.com/cdn/shop/files/3491_Cream_1_df0c928f-b805-4753-bffb-483052ec5376.jpg?v=1765365859&width=1500","image/jpeg","200","OK","Indexable","","0","0.389","",""
"https://inc5shop.com/collections/platform-heels?page=2","text/html; charset=UTF-8","429","Too Many Requests","Non-Indexable","Client Error","2","0.116","",""
"https://inc5shop.com/collections/platform-heels?page=3","text/html; charset=UTF-8","429","Too Many Requests","Non-Indexable","Client Error","1","0.142","",""
"https://inc5shop.com/collections/platform-heels?page=5","text/html; charset=UTF-8","429","Too Many Requests","Non-Indexable","Client Error","1","0.106","",""
"https://inc5shop.com/cdn/shop/files/3162_Rose_Gold_1_cc707802-5cd1-4bc7-842c-19917e599305.jpg?v=1770717468&width=1500","image/jpeg","200","OK","Indexable","","0","0.116","",""
"https://inc5shop.com/products/womens-golden-party-wear-solid-round-toe-platform-heel-sandals-3162-gold","text/html; charset=UTF-8","429","Too Many Requests","Non-Indexable","Client Error","3","0.112","",""
"https://inc5shop.com/products/womens-black-party-wear-embellished-pattern-round-toe-platform-heels-102506-black","text/html; charset=UTF-8","429","Too Many Requests","Non-Indexable","Client Error","3","0.138","",""
"https://inc5shop.com/cdn/shop/files/8909131325605.png?v=1778069615","image/png","200","OK","Indexable","","0","0.366","",""
"https://inc5shop.com/cdn/shop/files/500294_L.Pink-1.jpg?v=1774518815&width=1500","image/jpeg","200","OK","Indexable","","0","0.119","",""
"https://inc5shop.com/cdn/shop/files/500294_Grey.jpg?v=1774593668&width=1500","image/jpeg","200","OK","Indexable","","0","0.541","",""
"https://inc5shop.com/cdn/shop/files/3491_Cream-0_56360686-87cf-424b-bfb2-9cae4fcd5888.jpg?v=1765865041&width=1500","image/jpeg","200","OK","Indexable","","0","0.541","",""
"https://inc5shop.com/products/womens-beige-party-wear-solid-round-toe-platform-heel-sandals-102809-beige","text/html; charset=UTF-8","429","Too Many Requests","Non-Indexable","Client Error","3","0.128","",""
"https://inc5shop.com/products/womens-black-party-wear-embellished-round-toe-platform-heel-sandals-500287-black","text/html; charset=UTF-8","429","Too Many Requests","Non-Indexable","Client Error","3","0.158","",""
"https://inc5shop.com/products/womens-black-party-wear-printed-round-toe-platform-heel-sandals-3488-black","text/html; charset=UTF-8","429","Too Many Requests","Non-Indexable","Client Error","3","0.096","",""
"https://inc5shop.com/products/women-cream-party-wear-solid-round-toe-platform-heel-sandals-3679-cream","text/html; charset=UTF-8","429","Too Many Requests","Non-Indexable","Client Error","4","0.142","",""
"https://inc5shop.com/cdn/shop/files/3488_CREAM_73bdbecb-0ef2-47df-8828-14e1880e7826.jpg?v=1770805253&width=1500","image/jpeg","200","OK","Indexable","","0","0.194","",""
"https://inc5shop.com/cdn/shop/files/300976_Green_1_8893d97c-ac2b-4acb-8f5e-a69bf2eb6d44.jpg?v=1770717410&width=1500","image/jpeg","200","OK","Indexable","","0","0.422","",""
"https://inc5shop.com/cdn/shop/files/8909131298237.png?v=1778281270","image/png","200","OK","Indexable","","0","0.399","",""
"https://inc5shop.com/products/womens-grey-party-wear-printed-round-toe-platform-heel-sandals-500294-grey","text/html; charset=UTF-8","429","Too Many Requests","Non-Indexable","Client Error","9","0.157","",""
"https://inc5shop.com/cdn/shop/files/3488_Cream_1_2dd01419-f4c9-498b-bbaf-484a0329f17d.jpg?v=1770717352&width=1500","image/jpeg","200","OK","Indexable","","0","0.202","",""
"https://inc5shop.com/products/womens-green-party-wear-embellished-round-toe-platform-heel-sandals-300976-green","text/html; charset=UTF-8","429","Too Many Requests","Non-Indexable","Client Error","3","0.163","",""
"https://inc5shop.com/products/womens-beige-party-wear-embellished-round-toe-platform-heel-sandals-300976-beige","text/html; charset=UTF-8","429","Too Many Requests","Non-Indexable","Client Error","3","0.135","",""
"https://inc5shop.com/products/womens-pewter-party-wear-striped-platform-heel-sandals-300885-pewter","text/html; charset=UTF-8","429","Too Many Requests","Non-Indexable","Client Error","3","0.109","",""
"https://inc5shop.com/cdn/shop/files/3488_Black_1_f7ee654d-321b-4672-907c-4ab6d07cd276.jpg?v=1770717307&width=1500","image/jpeg","200","OK","Indexable","","0","0.099","",""
"https://inc5shop.com/cdn/shop/files/500294_Pink.jpg?v=1774593668&width=1500","image/jpeg","200","OK","Indexable","","0","0.101","",""
"https://inc5shop.com/cdn/shop/files/102506_BLACK_63f1ae07-6879-4f9c-acb6-84b4069520b9.jpg?v=1770805275&width=1500","image/jpeg","200","OK","Indexable","","0","0.103","",""
"https://inc5shop.com/cdn/shop/files/700025_Peach_1_e5c407b5-e79e-490d-be5b-d916a1e49596.jpg?v=1756807816&width=1500","image/jpeg","200","OK","Indexable","","0","0.753","",""
"https://inc5shop.com/cdn/shop/files/8909131298237.png?v=1778281270&width=1500","image/png","200","OK","Indexable","","0","0.216","",""
"https://inc5shop.com/cdn/shop/files/102809_BROWN_4098d893-b516-45b0-98a8-8412fd4f6e4c.jpg?v=1770805261&width=1500","image/jpeg","200","OK","Indexable","","0","0.651","",""
"https://inc5shop.com/products/women-peach-casual-printed-round-toe-platform-heel-sandals-700025-peach","text/html; charset=UTF-8","429","Too Many Requests","Non-Indexable","Client Error","4","0.115","",""
"https://inc5shop.com/cdn/shop/files/8909131325667.png?v=1778133667","image/png","200","OK","Indexable","","0","0.412","",""
"https://inc5shop.com/cdn/shop/files/500293_Beige-1.jpg?v=1774518852&width=1500","image/jpeg","200","OK","Indexable","","0","0.116","",""
"https://inc5shop.com/cdn/shop/files/8909131325667.png?v=1778133667&width=1500","image/png","200","OK","Indexable","","0","1.033","",""
"https://inc5shop.com/products/womens-brown-party-wear-solid-round-toe-platform-heel-sandals-102809-brown","text/html; charset=UTF-8","429","Too Many Requests","Non-Indexable","Client Error","3","0.113","",""
"https://inc5shop.com/products/womens-black-party-wear-solid-round-toe-platform-heel-sandals-3484-black","text/html; charset=UTF-8","429","Too Many Requests","Non-Indexable","Client Error","3","0.097","",""
"https://inc5shop.com/cdn/shop/files/8909131325728.png?v=1778133710","image/png","200","OK","Indexable","","0","0.235","",""
"https://inc5shop.com/cdn/shop/files/102809_BEIGE_db8f8c50-85ed-41ed-981a-cad5c3243998.jpg?v=1770805288&width=1500","image/jpeg","200","OK","Indexable","","0","0.228","",""
"https://inc5shop.com/cdn/shop/files/3162_GOLD_7dc984a2-0d5f-460e-81e3-7c77f147179a.jpg?v=1770805226&width=1500","image/jpeg","200","OK","Indexable","","0","0.206","",""
"https://inc5shop.com/cdn/shop/files/500293_Black-1.jpg?v=1774518817&width=1500","image/jpeg","200","OK","Indexable","","0","0.143","",""
"https://inc5shop.com/products/women-black-casual-printed-round-toe-platform-heels-700025-black","text/html; charset=UTF-8","429","Too Many Requests","Non-Indexable","Client Error","4","0.109","",""
"https://inc5shop.com/cdn/shop/files/500287_Black_1_6b4f4aec-9332-46cd-92ad-b3b3ea595e6c.jpg?v=1770717304&width=1500","image/jpeg","200","OK","Indexable","","0","0.257","",""
"https://inc5shop.com/cdn/shop/files/300885_Pewter-0_5e361fca-36ef-4999-bca2-267d016b80f2.jpg?v=1761739354&width=1500","image/jpeg","200","OK","Indexable","","0","0.549","",""
"https://inc5shop.com/cdn/shop/files/3679_Peach_1_f40ad2b9-b66d-4c9e-aa18-3ccd698bf0b5.jpg?v=1756807835&width=1500","image/jpeg","200","OK","Indexable","","0","0.365","",""
"https://inc5shop.com/products/women-peach-party-wear-solid-round-toe-platform-heel-sandals-3679-peach","text/html; charset=UTF-8","429","Too Many Requests","Non-Indexable","Client Error","4","0.111","",""
"https://inc5shop.com/cdn/shop/files/8909131325605.png?v=1778069615&width=1500","image/png","200","OK","Indexable","","0","0.391","",""
"https://inc5shop.com/cdn/shop/files/700024_Peach_1_f3378d8b-7e61-42c7-929c-853817c1d0d0.jpg?v=1756807818&width=1500","image/jpeg","200","OK","Indexable","","0","0.387","",""
"https://inc5shop.com/cdn/shop/files/3485_PEWTER_40cb9f06-309e-478d-a52e-fb15d34c9a0c.jpg?v=1764151746&width=1500","image/jpeg","200","OK","Indexable","","0","0.461","",""
"https://inc5shop.com/products/womens-beige-party-wear-printed-round-toe-platform-heel-sandals-500293-beige","text/html; charset=UTF-8","429","Too Many Requests","Non-Indexable","Client Error","9","0.115","",""
"https://inc5shop.com/cdn/shop/files/8909131298145.png?v=1778281243&width=1500","image/png","200","OK","Indexable","","0","0.234","",""
"https://inc5shop.com/cdn/shop/files/300976_Beige_1_ca9778a4-ce1e-4e2a-8722-eaedbfcea935.jpg?v=1770717252&width=1500","image/jpeg","200","OK","Indexable","","0","0.711","",""
"https://inc5shop.com/cdn/shop/files/8909131325728.png?v=1778133710&width=1500","image/png","200","OK","Indexable","","0","0.971","",""
"https://inc5shop.com/cdn/shop/files/300976_Green_ebae5d2a-630e-4c30-a2d5-e75897a2a421.png?v=1770805225&width=1500","image/png","200","OK","Indexable","","0","0.441","",""
"https://inc5shop.com/products/womens-pink-party-wear-printed-round-toe-platform-heel-sandals-500294-pink","text/html; charset=UTF-8","429","Too Many Requests","Non-Indexable","Client Error","9","0.126","",""
"https://inc5shop.com/cdn/shop/files/3556_GREY_adab2edd-5da6-466c-a540-5ec0c2598685.jpg?v=1768388514&width=1500","image/jpeg","200","OK","Indexable","","0","0.484","",""
"https://inc5shop.com/products/womens-pewter-party-wear-solid-round-toe-platform-heel-sandals-3485-pewter","text/html; charset=UTF-8","429","Too Many Requests","Non-Indexable","Client Error","3","0.125","",""
"https://inc5shop.com/cdn/shop/files/3679_Cream_1_fa8a6fb3-68b6-4b09-b4ff-ddea22b71e3a.jpg?v=1756807836&width=1500","image/jpeg","200","OK","Indexable","","0","0.246","",""
"https://inc5shop.com/cdn/shop/files/500287_Black_fe160f28-7692-4a52-a3f3-a23cac99fa88.png?v=1770805277&width=1500","image/png","200","OK","Indexable","","0","0.181","",""
"https://inc5shop.com/products/womens-black-party-wear-printed-round-toe-platform-heel-sandals-500293-black","text/html; charset=UTF-8","429","Too Many Requests","Non-Indexable","Client Error","9","0.119","",""
"https://inc5shop.com/products/women-beige-party-wear-transparent-round-toe-platform-heel-sandals-102168-beige","text/html; charset=UTF-8","429","Too Many Requests","Non-Indexable","Client Error","1","0.111","",""
"https://inc5shop.com/cdn/shop/files/900292_CREAM_d052b1fd-9305-400e-b00e-48ea81845e55.jpg?v=1755491994","image/jpeg","200","OK","Indexable","","0","0.114","",""
"https://inc5shop.com/cdn/shop/files/102506_Black_1_a2551cb6-7216-42e4-a8ca-17b2498713cc.jpg?v=1770717301&width=1500","image/jpeg","200","OK","Indexable","","0","0.399","",""
"https://inc5shop.com/cdn/shop/files/8909131298145.png?v=1778281243","image/png","200","OK","Indexable","","0","0.385","",""
"https://inc5shop.com/cdn/shop/files/A-102173_Beige_1_f8a61137-64ee-40a1-8673-391a6d9cc758.jpg?v=1755491844&width=1500","image/jpeg","200","OK","Indexable","","0","0.204","",""
"https://inc5shop.com/products/womens-black-party-wear-solid-pointed-toe-block-heel-mule-sandals-800790-black","text/html; charset=UTF-8","429","Too Many Requests","Non-Indexable","Client Error","3","0.138","",""
"https://inc5shop.com/cdn/shop/files/A-102173_Cream_1_ea6d2275-a1b3-4351-a889-2f27d2bd0fc1.jpg?v=1755491845","image/jpeg","200","OK","Indexable","","0","0.238","",""
"https://inc5shop.com/products/womens-golden-party-wear-solid-square-toe-block-heel-sandals-102298-antique","text/html; charset=UTF-8","429","Too Many Requests","Non-Indexable","Client Error","1","0.121","",""
"https://inc5shop.com/cdn/shop/files/B-800490_Cream_1_b8b3f1f3-084d-4566-a327-96ed934c8cc8.jpg?v=1755491545","image/jpeg","200","OK","Indexable","","0","0.111","",""
"https://inc5shop.com/cdn/shop/files/601010_BLACK_0a12e3ed-f2e9-4247-bae8-5b61df76b8c5.jpg?v=1755490429","image/jpeg","200","OK","Indexable","","0","0.120","",""
"https://inc5shop.com/cdn/shop/files/INC_101997_Beige_1_136a1649-207b-4555-9dba-f462c70c755f.jpg?v=1755491406&width=1500","image/jpeg","200","OK","Indexable","","0","0.367","",""
"https://inc5shop.com/cdn/shop/products/101689_YELLOW.jpg?v=1755492240&width=1500","image/jpeg","200","OK","Indexable","","0","0.219","",""
"https://inc5shop.com/cdn/shop/files/101844_Beige_1_0a14e768-9706-4160-a249-15e901e11672.jpg?v=1755492100&width=1500","image/jpeg","200","OK","Indexable","","0","0.284","",""
"https://inc5shop.com/cdn/shop/files/B-600898_Green_1_9263399a-9baa-4873-a351-7af51107c940.jpg?v=1755491792","image/jpeg","200","OK","Indexable","","0","0.188","",""
"https://inc5shop.com/cdn/shop/files/MyntrasizeAIIMAGES-2025-05-20T173957.533.png?v=1755491525&width=1500","image/png","200","OK","Indexable","","0","0.120","",""
"https://inc5shop.com/cdn/shop/files/101844_BEIGE_17d95b88-9187-4c54-92de-7e80efae1f2a.jpg?v=1755492100&width=1500","image/jpeg","200","OK","Indexable","","0","0.196","",""
"https://inc5shop.com/cdn/shop/files/800219_TAN_e956f8c8-85c4-44fa-abd7-82034a8d48c2.jpg?v=1755490025&width=1500","image/jpeg","200","OK","Indexable","","0","0.217","",""
"https://inc5shop.com/cdn/shop/files/102298_SILVER_c4aa7014-d008-4fb7-9425-8db09c017735.jpg?v=1755490515","image/jpeg","200","OK","Indexable","","0","0.105","",""
"https://inc5shop.com/products/womens-beige-party-wear-embellished-round-toe-block-heel-sandals-101997-beige","text/html; charset=UTF-8","429","Too Many Requests","Non-Indexable","Client Error","1","0.113","",""
"https://inc5shop.com/collections/shop-our-bestsellers?page=2","text/html; charset=UTF-8","429","Too Many Requests","Non-Indexable","Client Error","2","0.121","",""
"https://inc5shop.com/cdn/shop/files/800219_Tan_1_b078b72c-3a99-47d8-94e3-db4be9544590.jpg?v=1755490025&width=1500","image/jpeg","200","OK","Indexable","","0","0.365","",""
"https://inc5shop.com/cdn/shop/files/A-800536_Black_1_a8648cbb-a989-407f-8aea-8247b30662cd.jpg?v=1767690025&width=1500","image/jpeg","200","OK","Indexable","","0","0.399","",""
"https://inc5shop.com/collections/shop-our-bestsellers?page=3","text/html; charset=UTF-8","429","Too Many Requests","Non-Indexable","Client Error","1","0.142","",""
"https://inc5shop.com/cdn/shop/files/601010_Gold_1_46b5f260-3aac-47fe-971a-19a478d5c09d.jpg?v=1755491184","image/jpeg","200","OK","Indexable","","0","0.186","",""
"https://inc5shop.com/products/womens-cream-formal-solid-round-toe-block-heels-pumps-800490-cream","text/html; charset=UTF-8","429","Too Many Requests","Non-Indexable","Client Error","4","0.092","",""
"https://inc5shop.com/cdn/shop/files/601010_Gold_2_af3ff230-39e9-45cd-a51e-433674cdaebc.jpg?v=1755491185&width=1500","image/jpeg","200","OK","Indexable","","0","0.424","",""
"https://inc5shop.com/products/women-beige-party-wear-solid-pointed-toe-block-heel-mules-800515-beige","text/html; charset=UTF-8","429","Too Many Requests","Non-Indexable","Client Error","3","0.112","",""
"https://inc5shop.com/cdn/shop/files/800515_Beige_2_ff6badc1-9200-4521-b616-0d4371b5405d.jpg?v=1755490732&width=1500","image/jpeg","200","OK","Indexable","","0","0.618","",""
"https://inc5shop.com/cdn/shop/files/900292_Cream_1_0f5310dc-4d67-46d0-915a-0eca54008200.jpg?v=1755491994&width=1500","image/jpeg","200","OK","Indexable","","0","0.377","",""
"https://inc5shop.com/cdn/shop/files/INC_102298_Antique_1_17cea0a2-f545-41ae-8c94-89904efc2dea.jpg?v=1755491363","image/jpeg","200","OK","Indexable","","0","0.190","",""
"https://inc5shop.com/cdn/shop/files/A-102173_Beige_1_f8a61137-64ee-40a1-8673-391a6d9cc758.jpg?v=1755491844","image/jpeg","200","OK","Indexable","","0","0.185","",""
"https://inc5shop.com/products/women-golden-casual-open-toe-flat-sandal-900315-golden","text/html; charset=UTF-8","429","Too Many Requests","Non-Indexable","Client Error","3","0.135","",""
"https://inc5shop.com/cdn/shop/files/MyntrasizeAIIMAGES-2025-05-20T161958.318.png?v=1755491527&width=1500","image/png","200","OK","Indexable","","0","0.167","",""
"https://inc5shop.com/cdn/shop/files/B-600898_Maroon_1_66cd9729-7496-4aca-93a1-f00b9aee201f.jpg?v=1755491790","image/jpeg","200","OK","Indexable","","0","0.122","",""
"https://inc5shop.com/cdn/shop/files/INC-900315_Gold_2_29e3221f-8d16-42ab-ac72-e4b07f9a94ed.jpg?v=1755491710&width=1500","image/jpeg","200","OK","Indexable","","0","0.419","",""
"https://inc5shop.com/cdn/shop/files/MyntrasizeAIIMAGES-2025-05-20T173957.533.png?v=1755491525","image/png","200","OK","Indexable","","0","0.173","",""
"https://inc5shop.com/products/womens-green-embellished-open-toe-ethnic-block-heel-sandals","text/html; charset=UTF-8","429","Too Many Requests","Non-Indexable","Client Error","1","0.138","",""
"https://inc5shop.com/cdn/shop/files/800515_BLACK_12791c25-8a42-4fe4-9d9d-0d5e2a5e12d5.jpg?v=1755490382&width=1500","image/jpeg","200","OK","Indexable","","0","0.817","",""
"https://inc5shop.com/cdn/shop/files/900263_CREAM_24cbdf38-1335-424e-830a-a8e0e2cc33da.jpg?v=1751451725&width=1500","image/jpeg","200","OK","Indexable","","0","0.404","",""
"https://inc5shop.com/cdn/shop/products/101689_CREAM.jpg?v=1755492242","image/jpeg","200","OK","Indexable","","0","0.404","",""
"https://inc5shop.com/cdn/shop/files/900292_Blue_1_639e4e09-f5f1-4568-9dac-7da45f4238d7.jpg?v=1755491997&width=1500","image/jpeg","200","OK","Indexable","","0","0.258","",""
"https://inc5shop.com/products/womens-tan-party-wear-solid-pointed-kitten-heel-pumps-800219-tan","text/html; charset=UTF-8","429","Too Many Requests","Non-Indexable","Client Error","3","0.149","",""
"https://inc5shop.com/cdn/shop/files/900263_Cream_1_3ee7c3d7-0903-4609-9cd8-d75e5d083920.jpg?v=1751451725&width=1500","image/jpeg","200","OK","Indexable","","0","0.555","",""
"https://inc5shop.com/products/women-black-party-wear-solid-square-toe-block-heels-102211-black","text/html; charset=UTF-8","429","Too Many Requests","Non-Indexable","Client Error","4","0.111","",""
"https://inc5shop.com/products/women-cream-textured-open-toe-comfort-heels-with-buckles-900263-cream","text/html; charset=UTF-8","429","Too Many Requests","Non-Indexable","Client Error","3","0.104","",""
"https://inc5shop.com/cdn/shop/files/800463_Beige_1_c9b101b8-a1c7-44a2-a89a-d3b9554e6629.jpg?v=1755491154","image/jpeg","200","OK","Indexable","","0","0.247","",""
"https://inc5shop.com/cdn/shop/files/102211_Beige_1_84b002b7-a83f-4d02-a9bb-b9175942e995.jpg?v=1755491248","image/jpeg","200","OK","Indexable","","0","0.113","",""
"https://inc5shop.com/cdn/shop/files/B-600898_Maroon_2_6af51746-25e0-49e4-9257-636d0d48bdd8.jpg?v=1755491790&width=1500","image/jpeg","200","OK","Indexable","","0","0.445","",""
"https://inc5shop.com/products/womens-maroon-embellished-open-toe-ethnic-block-heel-sandals","text/html; charset=UTF-8","429","Too Many Requests","Non-Indexable","Client Error","3","0.133","",""
"https://inc5shop.com/cdn/shop/files/101844_BEIGE_17d95b88-9187-4c54-92de-7e80efae1f2a.jpg?v=1755492100","image/jpeg","200","OK","Indexable","","0","0.347","",""
"https://inc5shop.com/cdn/shop/files/900292_BLUE_af57411e-6c12-4ffa-9da4-742913cdb8ee.jpg?v=1755491997","image/jpeg","200","OK","Indexable","","0","0.133","",""
"https://inc5shop.com/cdn/shop/files/102168_Beige_1_a7ad2baf-de3e-45a4-a381-bd8af51b86dd.jpg?v=1756808014","image/jpeg","200","OK","Indexable","","0","0.346","",""
"https://inc5shop.com/cdn/shop/files/INC_102298_Pewter_1_2ae7df3a-1244-4112-bcb7-3dfc7971d9fa.jpg?v=1755491361","image/jpeg","200","OK","Indexable","","0","0.740","",""
"https://inc5shop.com/cdn/shop/files/101689_NAVY_fd095d84-7581-44ae-ae51-5895fc0022a2.jpg?v=1755491958&width=1500","image/jpeg","200","OK","Indexable","","0","0.104","",""
"https://inc5shop.com/products/womens-navy-casual-open-toe-flat-mules-101689-navy","text/html; charset=UTF-8","429","Too Many Requests","Non-Indexable","Client Error","3","0.120","",""
"https://inc5shop.com/cdn/shop/files/INC_101997_Beige_1_136a1649-207b-4555-9dba-f462c70c755f.jpg?v=1755491406","image/jpeg","200","OK","Indexable","","0","0.407","",""
"https://inc5shop.com/cdn/shop/files/102211_Black_1_aa943471-e1ac-4a2e-b46d-6d9bd1259a93.jpg?v=1755490552&width=1500","image/jpeg","200","OK","Indexable","","0","0.652","",""
"https://inc5shop.com/cdn/shop/files/A-102173_Cream_5_c2f1dc21-b97a-4991-9d48-1c6a1d9065ae.jpg?v=1755491845&width=1500","image/jpeg","200","OK","Indexable","","0","0.222","",""
"https://inc5shop.com/cdn/shop/files/601010_Gold_1_46b5f260-3aac-47fe-971a-19a478d5c09d.jpg?v=1755491184&width=1500","image/jpeg","200","OK","Indexable","","0","0.381","",""
"https://inc5shop.com/cdn/shop/files/101689_Navy_1_32f26922-319b-4d10-905f-200f3c2dca38.jpg?v=1755491959&width=1500","image/jpeg","200","OK","Indexable","","0","0.471","",""
"https://inc5shop.com/products/womens-cream-casual-solid-round-toe-heels-102173-cream","text/html; charset=UTF-8","429","Too Many Requests","Non-Indexable","Client Error","3","0.150","",""
"https://inc5shop.com/cdn/shop/files/B-600898_Maroon_1_66cd9729-7496-4aca-93a1-f00b9aee201f.jpg?v=1755491790&width=1500","image/jpeg","200","OK","Indexable","","0","0.815","",""
"https://inc5shop.com/cdn/shop/files/INC_101997_Beige_2_99a7ad80-3cba-4d52-a98a-f2db4a085c91.jpg?v=1755491407&width=1500","image/jpeg","200","OK","Indexable","","0","0.124","",""
"https://inc5shop.com/cdn/shop/files/101844_Black_1_13b6150a-4e39-4f3c-a204-a25bf6021ca5.jpg?v=1755492099&width=1500","image/jpeg","200","OK","Indexable","","0","0.796","",""
"https://inc5shop.com/cdn/shop/files/800536_Tan_1_967333e7-b920-4f99-922a-f88f8168f2ce.jpg?v=1767690230&width=1500","image/jpeg","200","OK","Indexable","","0","0.548","",""
"https://inc5shop.com/cdn/shop/files/800463_Beige_2_ebd0fda2-13d7-4b7c-a525-c0868dd5a332.jpg?v=1755491154&width=1500","image/jpeg","200","OK","Indexable","","0","0.419","",""
"https://inc5shop.com/cdn/shop/files/800463_Chikoo_1_0088861c-f2a6-4500-a162-9219b26a20ba.jpg?v=1755492093&width=1500","image/jpeg","200","OK","Indexable","","0","0.644","",""
"https://inc5shop.com/cdn/shop/files/INC-900315_Rose_Gold_2_0e4dbff3-3d80-46a2-ba81-5da712a706a9.jpg?v=1755491708&width=1500","image/jpeg","200","OK","Indexable","","0","0.412","",""
"https://inc5shop.com/cdn/shop/files/102211_BLACK_a5062bdb-fe53-45bb-9fe6-ea4f6e71ffc3.jpg?v=1755490552&width=1500","image/jpeg","200","OK","Indexable","","0","1.144","",""
"https://inc5shop.com/cdn/shop/products/101689_CREAM.jpg?v=1755492242&width=1500","image/jpeg","200","OK","Indexable","","0","0.202","",""
"https://inc5shop.com/cdn/shop/files/102281_Cream_1_1239210d-f8e9-4a14-99ba-cb578cecfcd1.jpg?v=1767690102&width=1500","image/jpeg","200","OK","Indexable","","0","0.632","",""
"https://inc5shop.com/cdn/shop/files/INC-900315_Rose_Gold_1_6fbfef1c-36d7-47f5-825d-dca047eae87d.jpg?v=1755491708&width=1500","image/jpeg","200","OK","Indexable","","0","0.381","",""
"https://inc5shop.com/cdn/shop/files/102281_Cream_2_5209c27a-15a2-40b2-be72-6f007491ead0.jpg?v=1767690102&width=1500","image/jpeg","200","OK","Indexable","","0","0.706","",""
"https://inc5shop.com/cdn/shop/files/B-102056_White_1_4299aa14-1962-43d2-b614-c499e024d621.jpg?v=1755491609&width=1500","image/jpeg","200","OK","Indexable","","0","0.261","",""
"https://inc5shop.com/cdn/shop/files/101844BLACK_1_9bf65220-cb25-4c52-862f-b3a36b256c62.jpg?v=1755492099&width=1500","image/jpeg","200","OK","Indexable","","0","0.595","",""
"https://inc5shop.com/products/women-rose-golden-casual-open-toe-flat-sandal-900315-rose-golden","text/html; charset=UTF-8","429","Too Many Requests","Non-Indexable","Client Error","1","0.158","",""
"https://inc5shop.com/products/women-blue-textured-open-toe-comfort-heels-900292-blue","text/html; charset=UTF-8","429","Too Many Requests","Non-Indexable","Client Error","1","0.141","",""
"https://inc5shop.com/products/womens-black-party-wear-round-toe-wedge-heels-102764-black","text/html; charset=UTF-8","429","Too Many Requests","Non-Indexable","Client Error","3","0.136","",""
"https://inc5shop.com/cdn/shop/files/800490_Beige_1_23474c78-4ec9-4d52-a366-cd1e3b12e80d.jpg?v=1755491152&width=1500","image/jpeg","200","OK","Indexable","","0","0.665","",""
"https://inc5shop.com/products/womens-golden-party-wear-solid-round-toe-kitten-heel-sandals-601010-gold","text/html; charset=UTF-8","429","Too Many Requests","Non-Indexable","Client Error","1","0.139","",""
"https://inc5shop.com/products/womens-beige-party-wear-solid-square-toe-block-heel-sandals-102211-beige","text/html; charset=UTF-8","429","Too Many Requests","Non-Indexable","Client Error","4","0.117","",""
"https://inc5shop.com/products/women-black-party-wear-solid-pointed-block-heel-mule-sandals-800515-black","text/html; charset=UTF-8","429","Too Many Requests","Non-Indexable","Client Error","1","0.119","",""
"https://inc5shop.com/products/women-black-party-wear-embellished-round-toe-block-heel-sandals-601010-black","text/html; charset=UTF-8","429","Too Many Requests","Non-Indexable","Client Error","3","0.135","",""
"https://inc5shop.com/cdn/shop/files/102298_SILVER_c4aa7014-d008-4fb7-9425-8db09c017735.jpg?v=1755490515&width=1500","image/jpeg","200","OK","Indexable","","0","0.522","",""
"https://inc5shop.com/products/women-yellow-open-toe-flats-with-bows-101689-yellow","text/html; charset=UTF-8","429","Too Many Requests","Non-Indexable","Client Error","1","0.127","",""
"https://inc5shop.com/cdn/shop/files/800463_BLACK_203150c7-b9dd-4ed2-abee-cb479a7f7bf8.jpg?v=1755492094","image/jpeg","200","OK","Indexable","","0","0.271","",""
"https://inc5shop.com/products/women-black-buckle-closure-block-peep-toes-101844-black","text/html; charset=UTF-8","429","Too Many Requests","Non-Indexable","Client Error","1","0.142","",""
"https://inc5shop.com/cdn/shop/files/800515_Black_1_a072c73b-bebd-46bd-b829-52c53f7b4313.jpg?v=1755490382&width=1500","image/jpeg","200","OK","Indexable","","0","0.221","",""
"https://inc5shop.com/cdn/shop/files/102168_Beige_1_a7ad2baf-de3e-45a4-a381-bd8af51b86dd.jpg?v=1756808014&width=1500","image/jpeg","200","OK","Indexable","","0","0.191","",""
"https://inc5shop.com/cdn/shop/files/800536_TAN_ba69905e-5783-4287-8f7a-9fc029e16d1f.jpg?v=1767690230&width=1500","image/jpeg","200","OK","Indexable","","0","0.138","",""
"https://inc5shop.com/cdn/shop/files/800490_BLACK_1_61095a4d-0c91-4952-b3e7-d4e7e0caed99.jpg?v=1756809882&width=1500","image/jpeg","200","OK","Indexable","","0","0.675","",""
"https://inc5shop.com/products/womens-beige-party-wear-solid-pointed-toe-pumps-800490-beige","text/html; charset=UTF-8","429","Too Many Requests","Non-Indexable","Client Error","2","0.114","",""
"https://inc5shop.com/cdn/shop/files/8909131445198.png?v=1778049108&width=1500","image/png","200","OK","Indexable","","0","0.869","",""
"https://inc5shop.com/cdn/shop/files/800490_BLACK.jpg?v=1756809882","image/jpeg","200","OK","Indexable","","0","0.114","",""
"https://inc5shop.com/cdn/shop/files/101997_Black_1_520ad4df-0089-4e92-88bc-b57e708e9dfa.jpg?v=1755490591&width=1500","image/jpeg","200","OK","Indexable","","0","0.273","",""
"https://inc5shop.com/cdn/shop/products/101689_Cream_1.jpg?v=1755492242&width=1500","image/jpeg","200","OK","Indexable","","0","0.198","",""
"https://inc5shop.com/cdn/shop/files/102211_Beige_2_38ab5897-d62a-4572-91cb-31febcfb0948.jpg?v=1755491248&width=1500","image/jpeg","200","OK","Indexable","","0","0.117","",""
"https://inc5shop.com/cdn/shop/files/800463_CHIKOO_fb700d73-f0fc-4ac6-9657-6bcc6abd80d1.jpg?v=1755492093&width=1500","image/jpeg","200","OK","Indexable","","0","0.118","",""
"https://inc5shop.com/cdn/shop/files/MyntrasizeAIIMAGES-2025-05-20T161958.318.png?v=1755491527","image/png","200","OK","Indexable","","0","0.164","",""
"https://inc5shop.com/cdn/shop/files/102343_Black_1_f8307ff2-fdea-4857-89e7-87d847b9fee7.jpg?v=1767690002&width=1500","image/jpeg","200","OK","Indexable","","0","0.184","",""
"https://inc5shop.com/products/women-cream-open-toe-flats-with-bows-101689-cream","text/html; charset=UTF-8","429","Too Many Requests","Non-Indexable","Client Error","1","0.125","",""
"https://inc5shop.com/cdn/shop/files/INC-900315_Gold_1_2c9061f5-6a8d-4e00-9002-38db98fc3851.jpg?v=1755491709","image/jpeg","200","OK","Indexable","","0","0.143","",""
"https://inc5shop.com/cdn/shop/files/B-600898_Green_1_9263399a-9baa-4873-a351-7af51107c940.jpg?v=1755491792&width=1500","image/jpeg","200","OK","Indexable","","0","0.394","",""
"https://inc5shop.com/cdn/shop/files/102168_Beige_2_7c027d0e-a775-4048-a484-bfe9d9ca9141.jpg?v=1756808014&width=1500","image/jpeg","200","OK","Indexable","","0","0.412","",""
"https://inc5shop.com/products/womens-white-party-wear-striped-round-toe-wedges-heel-sandals-102056-white","text/html; charset=UTF-8","429","Too Many Requests","Non-Indexable","Client Error","1","0.134","",""
"https://inc5shop.com/cdn/shop/files/800463_CHIKOO_fb700d73-f0fc-4ac6-9657-6bcc6abd80d1.jpg?v=1755492093","image/jpeg","200","OK","Indexable","","0","0.130","",""
"https://inc5shop.com/cdn/shop/files/102298_Silver_1_a3b92710-d2cf-464e-86a5-5d88e87eb6dc.jpg?v=1755490515&width=1500","image/jpeg","200","OK","Indexable","","0","0.475","",""
"https://inc5shop.com/cdn/shop/files/INC_102298_Pewter_1_2ae7df3a-1244-4112-bcb7-3dfc7971d9fa.jpg?v=1755491361&width=1500","image/jpeg","200","OK","Indexable","","0","0.438","",""
"https://inc5shop.com/cdn/shop/files/INC_102298_Antique_1_17cea0a2-f545-41ae-8c94-89904efc2dea.jpg?v=1755491363&width=1500","image/jpeg","200","OK","Indexable","","0","0.524","",""
"https://inc5shop.com/cdn/shop/files/101997_BLACK_28c5d911-b184-4065-bd6f-30eda575e755.jpg?v=1755490591&width=1500","image/jpeg","200","OK","Indexable","","0","0.502","",""
"https://inc5shop.com/cdn/shop/files/A-800536_Black_5_9f00f0d9-6a98-49f2-b3fa-8c1e30261fb8.jpg?v=1767690025&width=1500","image/jpeg","200","OK","Indexable","","0","0.426","",""
"https://inc5shop.com/products/womens-tan-party-wear-solid-pointed-toe-block-heel-mules-800790-tan","text/html; charset=UTF-8","429","Too Many Requests","Non-Indexable","Client Error","3","0.131","",""
"https://inc5shop.com/products/womens-pewter-party-wear-solid-square-toe-block-heel-sandals-102298-pewter","text/html; charset=UTF-8","429","Too Many Requests","Non-Indexable","Client Error","1","0.145","",""
"https://inc5shop.com/cdn/shop/files/900292_CREAM_d052b1fd-9305-400e-b00e-48ea81845e55.jpg?v=1755491994&width=1500","image/jpeg","200","OK","Indexable","","0","0.268","",""
"https://inc5shop.com/products/women-beige-buckle-closure-block-peep-toes-101844-beige","text/html; charset=UTF-8","429","Too Many Requests","Non-Indexable","Client Error","3","0.150","",""
"https://inc5shop.com/cdn/shop/files/102211_Beige_1_84b002b7-a83f-4d02-a9bb-b9175942e995.jpg?v=1755491248&width=1500","image/jpeg","200","OK","Indexable","","0","0.116","",""
"https://inc5shop.com/products/womens-beige-casual-solid-round-toe-heels-102173-beige","text/html; charset=UTF-8","429","Too Many Requests","Non-Indexable","Client Error","1","0.145","",""
"https://inc5shop.com/products/womens-beige-party-wear-solid-pattern-pointed-toe-pumps-800463-beige","text/html; charset=UTF-8","429","Too Many Requests","Non-Indexable","Client Error","4","0.118","",""
"https://inc5shop.com/cdn/shop/files/A-102173_Beige_5_91c5ef83-62ef-4845-86e2-10233f9e537d.jpg?v=1755491844&width=1500","image/jpeg","200","OK","Indexable","","0","0.653","",""
"https://inc5shop.com/cdn/shop/files/800463_Beige_1_c9b101b8-a1c7-44a2-a89a-d3b9554e6629.jpg?v=1755491154&width=1500","image/jpeg","200","OK","Indexable","","0","0.273","",""
"https://inc5shop.com/cdn/shop/files/B-102056_White_1_4299aa14-1962-43d2-b614-c499e024d621.jpg?v=1755491609","image/jpeg","200","OK","Indexable","","0","0.389","",""
"https://inc5shop.com/cdn/shop/files/INC-102168_Green_1_5911c5d0-c8e0-4455-bff1-212caff5d934.jpg?v=1755491731&width=1500","image/jpeg","200","OK","Indexable","","0","0.847","",""
"https://inc5shop.com/cdn/shop/files/800490_Beige_1_23474c78-4ec9-4d52-a366-cd1e3b12e80d.jpg?v=1755491152","image/jpeg","200","OK","Indexable","","0","0.398","",""
"https://inc5shop.com/cdn/shop/files/INC-900315_Gold_1_2c9061f5-6a8d-4e00-9002-38db98fc3851.jpg?v=1755491709&width=1500","image/jpeg","200","OK","Indexable","","0","0.184","",""
"https://inc5shop.com/products/womens-cream-party-wear-solid-round-toe-platform-heel-sandals-102735-cream","text/html; charset=UTF-8","429","Too Many Requests","Non-Indexable","Client Error","3","0.115","",""
"https://inc5shop.com/cdn/shop/files/B-600898_Green_2_acd232c7-5cd1-49a4-aead-07266ef6120c.jpg?v=1755491792&width=1500","image/jpeg","200","OK","Indexable","","0","0.658","",""
"https://inc5shop.com/cdn/shop/products/101689_Yellow_1.jpg?v=1755492240&width=1500","image/jpeg","200","OK","Indexable","","0","0.733","",""
"https://inc5shop.com/cdn/shop/files/601010_Black_1_001deafe-ebaa-4b5c-a8b8-723d1a3df06e.jpg?v=1755490429&width=1500","image/jpeg","200","OK","Indexable","","0","0.552","",""
"https://inc5shop.com/cdn/shop/files/INC-900315_Rose_Gold_1_6fbfef1c-36d7-47f5-825d-dca047eae87d.jpg?v=1755491708","image/jpeg","200","OK","Indexable","","0","0.204","",""
"https://inc5shop.com/cdn/shop/files/A-102173_Cream_1_ea6d2275-a1b3-4351-a889-2f27d2bd0fc1.jpg?v=1755491845&width=1500","image/jpeg","200","OK","Indexable","","0","0.304","",""
"https://inc5shop.com/cdn/shop/files/102211_BLACK_a5062bdb-fe53-45bb-9fe6-ea4f6e71ffc3.jpg?v=1755490552","image/jpeg","200","OK","Indexable","","0","0.405","",""
"https://inc5shop.com/products/women-black-party-wear-embellished-round-toe-platform-heel-sandals-101997-black","text/html; charset=UTF-8","429","Too Many Requests","Non-Indexable","Client Error","3","0.157","",""
"https://inc5shop.com/cdn/shop/files/INC_102056_Pista_2_af099945-858b-4edc-a8d5-45a2788cd52c.jpg?v=1755491525&width=1500","image/jpeg","200","OK","Indexable","","0","0.387","",""
"https://inc5shop.com/cdn/shop/files/B-800490_Cream_2_4c3ea528-3ecc-4abc-b82d-f67d120e4626.jpg?v=1755491545&width=1500","image/jpeg","200","OK","Indexable","","0","0.742","",""
"https://inc5shop.com/cdn/shop/files/800515_BLACK_12791c25-8a42-4fe4-9d9d-0d5e2a5e12d5.jpg?v=1755490382","image/jpeg","200","OK","Indexable","","0","0.223","",""
"https://inc5shop.com/cdn/shop/files/800515_Beige_1_b29f01b2-a85c-491c-8be6-6ed79148d6ee.jpg?v=1755490732","image/jpeg","200","OK","Indexable","","0","0.452","",""
"https://inc5shop.com/cdn/shop/files/101997_BLACK_28c5d911-b184-4065-bd6f-30eda575e755.jpg?v=1755490591","image/jpeg","200","OK","Indexable","","0","0.277","",""
"https://inc5shop.com/cdn/shop/files/800463_BLACK_203150c7-b9dd-4ed2-abee-cb479a7f7bf8.jpg?v=1755492094&width=1500","image/jpeg","200","OK","Indexable","","0","0.820","",""
"https://inc5shop.com/cdn/shop/files/B-102056_White_2_408c42be-7bae-468f-9271-a83ec47f3318.jpg?v=1755491609&width=1500","image/jpeg","200","OK","Indexable","","0","0.280","",""
"https://inc5shop.com/cdn/shop/products/101689_YELLOW.jpg?v=1755492240","image/jpeg","200","OK","Indexable","","0","0.522","",""
"https://inc5shop.com/cdn/shop/files/800490_Beige_2_4653eb88-b762-4e13-8bd6-02132334f35e.jpg?v=1755491152&width=1500","image/jpeg","200","OK","Indexable","","0","0.769","",""
"https://inc5shop.com/products/women-chikoo-solid-kitten-heeled-mules-800463-chikoo","text/html; charset=UTF-8","429","Too Many Requests","Non-Indexable","Client Error","4","0.126","",""
"https://inc5shop.com/cdn/shop/files/900292_BLUE_af57411e-6c12-4ffa-9da4-742913cdb8ee.jpg?v=1755491997&width=1500","image/jpeg","200","OK","Indexable","","0","0.366","",""
"https://inc5shop.com/products/womens-black-party-wear-solid-round-toe-wedge-heel-sandals-102056-black","text/html; charset=UTF-8","429","Too Many Requests","Non-Indexable","Client Error","3","0.103","",""
"https://inc5shop.com/cdn/shop/files/800490_BLACK.jpg?v=1756809882&width=1500","image/jpeg","200","OK","Indexable","","0","0.641","",""
"https://inc5shop.com/cdn/shop/files/601010_BLACK_0a12e3ed-f2e9-4247-bae8-5b61df76b8c5.jpg?v=1755490429&width=1500","image/jpeg","200","OK","Indexable","","0","0.407","",""
"https://inc5shop.com/cdn/shop/files/B-800490_Cream_1_b8b3f1f3-084d-4566-a327-96ed934c8cc8.jpg?v=1755491545&width=1500","image/jpeg","200","OK","Indexable","","0","0.405","",""
"https://inc5shop.com/products/women-silver-party-wear-solid-square-toe-block-heel-sandals-102298-silver","text/html; charset=UTF-8","429","Too Many Requests","Non-Indexable","Client Error","3","0.177","",""
"https://inc5shop.com/products/womens-green-party-wear-solid-round-toe-wedge-heel-sandals-102056-pista","text/html; charset=UTF-8","429","Too Many Requests","Non-Indexable","Client Error","1","0.158","",""
"https://inc5shop.com/products/women-black-pointed-toe-block-heels-pumps-800490-black","text/html; charset=UTF-8","429","Too Many Requests","Non-Indexable","Client Error","4","0.160","",""
"https://inc5shop.com/cdn/shop/files/INC_102298_Pewter_2_79adbe19-dab7-4ea5-8417-5a3cf3752d31.jpg?v=1755491362&width=1500","image/jpeg","200","OK","Indexable","","0","0.410","",""
"https://inc5shop.com/products/women-cream-textured-open-toe-comfort-heels-900292-cream","text/html; charset=UTF-8","429","Too Many Requests","Non-Indexable","Client Error","3","0.118","",""
"https://inc5shop.com/products/women-black-solid-kitten-heeled-mules-800463-black","text/html; charset=UTF-8","429","Too Many Requests","Non-Indexable","Client Error","2","0.094","",""
"https://inc5shop.com/products/women-green-casual-open-toe-platform-heel-sandal-102168-green","text/html; charset=UTF-8","429","Too Many Requests","Non-Indexable","Client Error","3","0.094","",""
"https://inc5shop.com/cdn/shop/files/INC_102298_Antique_2_1d272fe1-cf6d-48f7-bf5d-72b2e7dc3492.jpg?v=1755491363&width=1500","image/jpeg","200","OK","Indexable","","0","0.636","",""
"https://inc5shop.com/cdn/shop/files/INC_102056_Black_2_083e9f4d-b3c4-49a9-8a08-c0f8ff9bec4a.jpg?v=1755491527&width=1500","image/jpeg","200","OK","Indexable","","0","0.228","",""
"https://inc5shop.com/cdn/shop/files/101689_NAVY_fd095d84-7581-44ae-ae51-5895fc0022a2.jpg?v=1755491958","image/jpeg","200","OK","Indexable","","0","0.400","",""
"https://inc5shop.com/cdn/shop/files/101844BLACK_1_9bf65220-cb25-4c52-862f-b3a36b256c62.jpg?v=1755492099","image/jpeg","200","OK","Indexable","","0","0.375","",""
"https://inc5shop.com/cdn/shop/files/INC-102168_Green_1_5911c5d0-c8e0-4455-bff1-212caff5d934.jpg?v=1755491731","image/jpeg","200","OK","Indexable","","0","0.278","",""
"https://inc5shop.com/cdn/shop/files/800463_Black_1_d2d1ed9c-6017-4255-9b1e-5573979254a5.jpg?v=1755492094&width=1500","image/jpeg","200","OK","Indexable","","0","0.624","",""
"https://inc5shop.com/cdn/shop/files/800515_Beige_1_b29f01b2-a85c-491c-8be6-6ed79148d6ee.jpg?v=1755490732&width=1500","image/jpeg","200","OK","Indexable","","0","0.789","",""
"https://inc5shop.com/products/women-casual-black-textured-wallet-with-push-lock-lyng22-8768-black","text/html; charset=UTF-8","429","Too Many Requests","Non-Indexable","Client Error","6","0.116","",""
"https://inc5shop.com/cdn/shop/files/INC-102168_Green_2_82423017-2a4a-45ce-a1cc-589d06e8471c.jpg?v=1755491731&width=1500","image/jpeg","200","OK","Indexable","","0","0.430","",""
"https://inc5shop.com/products/inc-5-women-silver-textured-card-holder-wallet-lyng22-8578-silver","text/html; charset=UTF-8","429","Too Many Requests","Non-Indexable","Client Error","14","0.129","",""
"https://inc5shop.com/products/inc-5-women-black-textured-card-holder-wallet-lyng22-8578-black","text/html; charset=UTF-8","429","Too Many Requests","Non-Indexable","Client Error","14","0.127","",""
"https://inc5shop.com/cdn/shop/files/INC-LYNG_22-8768_Black_1_ab71421d-08d3-4f4f-bc4e-af7612184e31.jpg?v=1755483562&width=1500","image/jpeg","200","OK","Indexable","","0","0.386","",""
"https://inc5shop.com/products/inc-5-women-beige-textured-card-holder-wallet-lyng22-8578-beige","text/html; charset=UTF-8","429","Too Many Requests","Non-Indexable","Client Error","14","0.114","",""
"https://inc5shop.com/cdn/shop/files/F11-BLACK_11.jpg?v=1755483704&width=1500","image/jpeg","200","OK","Indexable","","0","0.194","",""
"https://inc5shop.com/cdn/shop/files/F11-PINK_11.jpg?v=1755483706&width=1500","image/jpeg","200","OK","Indexable","","0","0.209","",""
"https://inc5shop.com/cdn/shop/files/F11-BLACK_11.jpg?v=1755483704","image/jpeg","200","OK","Indexable","","0","0.532","",""
"https://inc5shop.com/cdn/shop/files/F11-PINK_11.jpg?v=1755483706","image/jpeg","200","OK","Indexable","","0","0.212","",""
"https://inc5shop.com/products/inc-5-women-pink-textured-card-holder-wallet-lyng22-8578-pink","text/html; charset=UTF-8","429","Too Many Requests","Non-Indexable","Client Error","14","0.132","",""
"https://inc5shop.com/cdn/shop/files/F11-YELLOW_11.jpg?v=1755483697&width=1500","image/jpeg","200","OK","Indexable","","0","0.577","",""
"https://inc5shop.com/cdn/shop/files/F11-BEIGE_11.jpg?v=1755483702&width=1500","image/jpeg","200","OK","Indexable","","0","0.471","",""
"https://inc5shop.com/cdn/shop/files/1_8008397a-473b-41f2-b1bb-c1dfadc783ac.jpg?v=1755483706&width=1500","image/jpeg","200","OK","Indexable","","0","0.865","",""
"https://inc5shop.com/cdn/shop/files/1_5d16ed89-8268-43eb-8ca0-9b350b03a596.jpg?v=1755483700&width=1500","image/jpeg","200","OK","Indexable","","0","0.794","",""
"https://inc5shop.com/cdn/shop/files/1_b9868702-f8f7-482a-84be-dfd0c44c34e5.jpg?v=1755483704&width=1500","image/jpeg","200","OK","Indexable","","0","0.803","",""
"https://inc5shop.com/cdn/shop/files/1_d3ad286f-48ab-44db-b993-c74a052e11d0.jpg?v=1755483698&width=1500","image/jpeg","200","OK","Indexable","","0","0.746","",""
"https://inc5shop.com/cdn/shop/files/INC-LYNG_22-8768_Black_2_ad97f781-4764-4d87-ad3b-24771376be56.jpg?v=1755483562&width=1500","image/jpeg","200","OK","Indexable","","0","0.429","",""
"https://inc5shop.com/products/inc-5-women-yellow-textured-card-holder-wallet-lyng22-8578-yellow","text/html; charset=UTF-8","429","Too Many Requests","Non-Indexable","Client Error","14","0.133","",""
"https://inc5shop.com/cdn/shop/files/F11-SILVER_11.jpg?v=1755483700&width=1500","image/jpeg","200","OK","Indexable","","0","0.824","",""
"https://inc5shop.com/cdn/shop/files/F11-SILVER_11.jpg?v=1755483700","image/jpeg","200","OK","Indexable","","0","0.228","",""
"https://inc5shop.com/cdn/shop/files/F11-BEIGE_11.jpg?v=1755483702","image/jpeg","200","OK","Indexable","","0","0.192","",""
"https://inc5shop.com/products/atesber-brown-formal-slipons-for-mens-ro-027-brown","text/html; charset=UTF-8","429","Too Many Requests","Non-Indexable","Client Error","3","0.126","",""
"https://inc5shop.com/products/men-black-comfort-formal-slip-ons-loafer-shoes-nik-trims-p-black","text/html; charset=UTF-8","429","Too Many Requests","Non-Indexable","Client Error","3","0.110","",""
"https://inc5shop.com/cdn/shop/products/SHAW_-_Dark_Brown_1.jpg?v=1755485042&width=1500","image/jpeg","200","OK","Indexable","","0","0.391","",""
"https://inc5shop.com/cdn/shop/products/13428_BLACK_1.jpg?v=1757662755&width=1500","image/jpeg","200","OK","Indexable","","0","0.123","",""
"https://inc5shop.com/cdn/shop/files/F11-YELLOW_11.jpg?v=1755483697","image/jpeg","200","OK","Indexable","","0","0.467","",""
"https://inc5shop.com/cdn/shop/files/INC-1697-2_Tan_2_fd476b6b-a3e7-431a-b444-dac23f5e7500.jpg?v=1755484934&width=1500","image/jpeg","200","OK","Indexable","","0","0.415","",""
"https://inc5shop.com/cdn/shop/files/1_ee9fa287-f977-4920-b48e-dd424faa1f17.jpg?v=1755483702&width=1500","image/jpeg","200","OK","Indexable","","0","0.722","",""
"https://inc5shop.com/products/atesber-brown-textured-casual-lace-up-for-mens-shaw-dark-brown","text/html; charset=UTF-8","429","Too Many Requests","Non-Indexable","Client Error","3","0.124","",""
"https://inc5shop.com/products/men-brown-textured-formal-lace-up-derby-shoes-5030-brown","text/html; charset=UTF-8","429","Too Many Requests","Non-Indexable","Client Error","3","0.112","",""
"https://inc5shop.com/cdn/shop/files/8909131074091.jpg?v=1778674759","image/jpeg","200","OK","Indexable","","0","0.414","",""
"https://inc5shop.com/cdn/shop/files/8905564770982.jpg?v=1778674658","image/jpeg","200","OK","Indexable","","0","0.590","",""
"https://inc5shop.com/cdn/shop/files/8905564971419.jpg?v=1778693781&width=1500","image/jpeg","200","OK","Indexable","","0","0.546","",""
"https://inc5shop.com/cdn/shop/files/13428_WINE_1.jpg?v=1757662706&width=1500","image/jpeg","200","OK","Indexable","","0","0.677","",""
"https://inc5shop.com/products/atesber-tan-solid-loafers-for-men-15282-tan","text/html; charset=UTF-8","429","Too Many Requests","Non-Indexable","Client Error","3","0.100","",""
"https://inc5shop.com/cdn/shop/files/8905564769719.jpg?v=1778693499&width=1500","image/jpeg","200","OK","Indexable","","0","0.706","",""
"https://inc5shop.com/cdn/shop/files/13428_BLACK_1.jpg?v=1757662755","image/jpeg","200","OK","Indexable","","0","0.179","",""
"https://inc5shop.com/cdn/shop/files/SHAW_CHERRY_1_c1272f1c-d5b7-476d-84ea-78a170ad051b.jpg?v=1757570771&width=1500","image/jpeg","200","OK","Indexable","","0","0.461","",""
"https://inc5shop.com/products/men-tan-textured-tassel-casual-slip-ons-loafers-nero-tan","text/html; charset=UTF-8","429","Too Many Requests","Non-Indexable","Client Error","3","0.113","",""
"https://inc5shop.com/cdn/shop/files/8905564770838.jpg?v=1778674624&width=1500","image/jpeg","200","OK","Indexable","","0","0.502","",""
"https://inc5shop.com/cdn/shop/files/CUK_AT_533_Tan_1_3ba7c7e9-36e9-4f11-9433-e90616e36d01.jpg?v=1755485006&width=1500","image/jpeg","200","OK","Indexable","","0","0.374","",""
"https://inc5shop.com/cdn/shop/files/13405_CHERRY_1.jpg?v=1757568180","image/jpeg","200","OK","Indexable","","0","0.812","",""
"https://inc5shop.com/cdn/shop/files/8905564768910.jpg?v=1778674558&width=1500","image/jpeg","200","OK","Indexable","","0","0.171","",""
"https://inc5shop.com/cdn/shop/files/NERO_TAN_1_0ff7c38b-e617-4e32-9f3e-1538d7f367df.jpg?v=1757571540&width=1500","image/jpeg","200","OK","Indexable","","0","0.802","",""
"https://inc5shop.com/cdn/shop/files/RO019_Tan_1_e3c749b2-4a8e-40c7-adcf-c88cb6de484a.jpg?v=1755485000&width=1500","image/jpeg","200","OK","Indexable","","0","0.262","",""
"https://inc5shop.com/cdn/shop/files/5030_Brown_1_e12d4123-092c-47ed-9c39-572223a20de0.jpg?v=1755484990&width=1500","image/jpeg","200","OK","Indexable","","0","0.400","",""
"https://inc5shop.com/products/office-lace-up-black-7","text/html; charset=UTF-8","429","Too Many Requests","Non-Indexable","Client Error","1","0.110","",""
"https://inc5shop.com/products/atesber-brown-formal-slipon-with-buckle-for-mens-1722-brown","text/html; charset=UTF-8","429","Too Many Requests","Non-Indexable","Client Error","3","0.149","",""
"https://inc5shop.com/cdn/shop/files/MSD-104_Tan_1_c4dc00aa-c72e-4fbb-a399-7cd59eff637a.jpg?v=1755484977&width=1500","image/jpeg","200","OK","Indexable","","0","0.407","",""
"https://inc5shop.com/products/formal-slippons-cherry","text/html; charset=UTF-8","429","Too Many Requests","Non-Indexable","Client Error","3","0.116","",""
"https://inc5shop.com/cdn/shop/files/8905564873140.png?v=1778069274","image/png","200","OK","Indexable","","0","0.391","",""
"https://inc5shop.com/cdn/shop/files/8905564971334.png?v=1778048629","image/png","200","OK","Indexable","","0","0.991","",""
"https://inc5shop.com/cdn/shop/files/23428_BLUE-BEIGE_1_44783fd6-7a46-465f-aae6-947ee3fc1ecf.jpg?v=1757655231&width=1500","image/jpeg","200","OK","Indexable","","0","0.862","",""
"https://inc5shop.com/cdn/shop/files/13428_WINE_1.jpg?v=1757662706","image/jpeg","200","OK","Indexable","","0","0.355","",""
"https://inc5shop.com/products/mens-black-solid-round-toe-formal-leather-monk-shoes-1910-black","text/html; charset=UTF-8","429","Too Many Requests","Non-Indexable","Client Error","3","0.097","",""
"https://inc5shop.com/cdn/shop/files/1904_Black_1_df9eb53a-c3d0-41f1-a9d3-80f9c0f26adc.jpg?v=1757567719&width=1500","image/jpeg","200","OK","Indexable","","0","0.767","",""
"https://inc5shop.com/cdn/shop/files/NERO_TAN_1_0ff7c38b-e617-4e32-9f3e-1538d7f367df.jpg?v=1757571540","image/jpeg","200","OK","Indexable","","0","0.357","",""
"https://inc5shop.com/cdn/shop/files/15282_TAN_1.jpg?v=1757659643&width=1500","image/jpeg","200","OK","Indexable","","0","0.432","",""
"https://inc5shop.com/products/mens-tan-solid-round-toe-formal-leather-laceup-shoes-8011-tan","text/html; charset=UTF-8","429","Too Many Requests","Non-Indexable","Client Error","4","0.099","",""
"https://inc5shop.com/cdn/shop/files/RO_027_Brown_1_d67dabc0-34d3-46e6-9efa-3e53c0e23fc2.jpg?v=1755485004&width=1500","image/jpeg","200","OK","Indexable","","0","0.534","",""
"https://inc5shop.com/products/atesber-tan-formal-lace-up-shoes-for-mens-ro019-tan","text/html; charset=UTF-8","429","Too Many Requests","Non-Indexable","Client Error","4","0.101","",""
"https://inc5shop.com/cdn/shop/files/RO019_BROWN_1_a6b070a9-87fc-4e60-aa8b-4f83779e883a.jpg?v=1757570896&width=1500","image/jpeg","200","OK","Indexable","","0","0.190","",""
"https://inc5shop.com/cdn/shop/files/RO019_BROWN_1_a6b070a9-87fc-4e60-aa8b-4f83779e883a.jpg?v=1757570896","image/jpeg","200","OK","Indexable","","0","0.419","",""
"https://inc5shop.com/cdn/shop/files/8905564971334.png?v=1778048629&width=1500","image/png","200","OK","Indexable","","0","0.375","",""
"https://inc5shop.com/collections/flat-50?page=2","text/html; charset=UTF-8","429","Too Many Requests","Non-Indexable","Client Error","2","0.139","",""
"https://inc5shop.com/products/mens-tan-solid-round-toe-casual-shoes-1697-2-tan","text/html; charset=UTF-8","429","Too Many Requests","Non-Indexable","Client Error","3","0.111","",""
"https://inc5shop.com/cdn/shop/files/8905564971419.jpg?v=1778693781","image/jpeg","200","OK","Indexable","","0","0.387","",""
"https://inc5shop.com/products/men-black-formal-lace-up-derby-shoes-8011-black","text/html; charset=UTF-8","429","Too Many Requests","Non-Indexable","Client Error","4","0.137","",""
"https://inc5shop.com/products/atesber-black-casual-lace-up-shoes-for-mens-cuk-at-533-black","text/html; charset=UTF-8","429","Too Many Requests","Non-Indexable","Client Error","4","0.124","",""
"https://inc5shop.com/cdn/shop/files/8905564873140.png?v=1778069274&width=1500","image/png","200","OK","Indexable","","0","0.144","",""
"https://inc5shop.com/cdn/shop/files/Inc-1910_Black_2_95ada18e-c067-4a50-93e7-fc6dc03bc141.jpg?v=1755484926&width=1500","image/jpeg","200","OK","Indexable","","0","0.414","",""
"https://inc5shop.com/cdn/shop/files/15282_TAN_1.jpg?v=1757659643","image/jpeg","200","OK","Indexable","","0","0.578","",""
"https://inc5shop.com/products/atesber-tan-casual-lace-up-shoes-for-mens-cuk-at-533-tan","text/html; charset=UTF-8","429","Too Many Requests","Non-Indexable","Client Error","4","0.140","",""
"https://inc5shop.com/cdn/shop/files/1722BROWN.jpg?v=1755485014&width=1500","image/jpeg","200","OK","Indexable","","0","0.974","",""
"https://inc5shop.com/cdn/shop/files/8905564770838.jpg?v=1778674624","image/jpeg","200","OK","Indexable","","0","0.275","",""
"https://inc5shop.com/cdn/shop/files/8905564768910.jpg?v=1778674558","image/jpeg","200","OK","Indexable","","0","0.861","",""
"https://inc5shop.com/cdn/shop/files/8905564969560.jpg?v=1778693752&width=1500","image/jpeg","200","OK","Indexable","","0","0.417","",""
"https://inc5shop.com/cdn/shop/files/8905564768989.jpg?v=1778674591&width=1500","image/jpeg","200","OK","Indexable","","0","0.263","",""
"https://inc5shop.com/cdn/shop/files/15282Tan-1.jpg?v=1757659643&width=1500","image/jpeg","200","OK","Indexable","","0","0.519","",""
"https://inc5shop.com/cdn/shop/files/8011_Black_1_b96f8363-f689-4dac-a8f3-cac761077d8c.jpg?v=1755484957&width=1500","image/jpeg","200","OK","Indexable","","0","0.467","",""
"https://inc5shop.com/cdn/shop/files/IMG_4122-1.jpg?v=1757568180&width=1500","image/jpeg","200","OK","Indexable","","0","0.439","",""
"https://inc5shop.com/cdn/shop/files/CUK_AT_533_Black_1_a2437d30-f7a4-43e3-a343-7b7438dc6f14.jpg?v=1755485007&width=1500","image/jpeg","200","OK","Indexable","","0","0.432","",""
"https://inc5shop.com/cdn/shop/files/5030-Brown_18f259e8-efad-476a-b295-d43fc10520e5.jpg?v=1755484990&width=1500","image/jpeg","200","OK","Indexable","","0","0.418","",""
"https://inc5shop.com/products/men-black-solid-formal-lace-up-brogues-shoes-1904-black","text/html; charset=UTF-8","429","Too Many Requests","Non-Indexable","Client Error","3","0.166","",""
"https://inc5shop.com/cdn/shop/files/8905564768989.jpg?v=1778674591","image/jpeg","200","OK","Indexable","","0","0.625","",""
"https://inc5shop.com/cdn/shop/files/23428_BLUE-BEIGE_1_44783fd6-7a46-465f-aae6-947ee3fc1ecf.jpg?v=1757655231","image/jpeg","200","OK","Indexable","","0","0.186","",""
"https://inc5shop.com/cdn/shop/products/13428_WINE_1.jpg?v=1757662706&width=1500","image/jpeg","200","OK","Indexable","","0","0.816","",""
"https://inc5shop.com/cdn/shop/files/Nik_Trims_P_Black_1_95f9413d-e2c8-4bda-999d-f82c6fea983b.jpg?v=1755484965&width=1500","image/jpeg","200","OK","Indexable","","0","0.457","",""
"https://inc5shop.com/cdn/shop/files/8905564926563.png?v=1778404127&width=1500","image/png","200","OK","Indexable","","0","0.431","",""
"https://inc5shop.com/cdn/shop/files/NIK_TRIMS_P_BLACK.jpg?v=1755484965&width=1500","image/jpeg","200","OK","Indexable","","0","1.559","",""
"https://inc5shop.com/cdn/shop/files/SHAW_Cherry_1_7d478278-12a9-450c-98b8-8c2dfb91c771.jpg?v=1757570771&width=1500","image/jpeg","200","OK","Indexable","","0","0.450","",""
"https://inc5shop.com/cdn/shop/files/Nero_Tan_1_5dc2daef-dc06-4d15-a21b-090fff0bf5c3.jpg?v=1757571540&width=1500","image/jpeg","200","OK","Indexable","","0","0.442","",""
"https://inc5shop.com/cdn/shop/files/8905564770982.jpg?v=1778674658&width=1500","image/jpeg","200","OK","Indexable","","0","0.653","",""
"https://inc5shop.com/cdn/shop/files/13405_CHERRY_1.jpg?v=1757568180&width=1500","image/jpeg","200","OK","Indexable","","0","0.463","",""
"https://inc5shop.com/cdn/shop/files/1904_BLACK_1_3c06762b-c9d2-4900-b9d2-8395799d25ff.jpg?v=1757567719&width=1500","image/jpeg","200","OK","Indexable","","0","0.881","",""
"https://inc5shop.com/products/office-lace-up-wine","text/html; charset=UTF-8","429","Too Many Requests","Non-Indexable","Client Error","3","0.125","",""
"https://inc5shop.com/products/atesber-cherry-textured-casual-lace-up-for-mens-shaw-cherry","text/html; charset=UTF-8","429","Too Many Requests","Non-Indexable","Client Error","1","0.140","",""
"https://inc5shop.com/cdn/shop/files/23428_Blue-Beige_1_5bbc222b-c937-49f2-b75f-7a0f7614b691.jpg?v=1757655231&width=1500","image/jpeg","200","OK","Indexable","","0","0.402","",""
"https://inc5shop.com/cdn/shop/files/SHAW_CHERRY_1_c1272f1c-d5b7-476d-84ea-78a170ad051b.jpg?v=1757570771","image/jpeg","200","OK","Indexable","","0","0.328","",""
"https://inc5shop.com/cdn/shop/files/8905564769719.jpg?v=1778693499","image/jpeg","200","OK","Indexable","","0","0.830","",""
"https://inc5shop.com/products/men-blue-leather-comfort-sandals-23428-blue-beige","text/html; charset=UTF-8","429","Too Many Requests","Non-Indexable","Client Error","3","0.109","",""
"https://inc5shop.com/products/men-tan-textured-formal-lace-up-derby-shoes-msd-104-tan","text/html; charset=UTF-8","429","Too Many Requests","Non-Indexable","Client Error","3","0.097","",""
"https://inc5shop.com/products/atesber-brown-formal-lace-up-shoes-for-mens-ro019-brown","text/html; charset=UTF-8","429","Too Many Requests","Non-Indexable","Client Error","4","0.129","",""
"https://inc5shop.com/cdn/shop/files/5030-Brown_18f259e8-efad-476a-b295-d43fc10520e5.jpg?v=1755484990","image/jpeg","200","OK","Indexable","","0","0.389","",""
"https://inc5shop.com/cdn/shop/files/13428_BLACK_1.jpg?v=1757662755&width=1500","image/jpeg","200","OK","Indexable","","0","0.538","",""
"https://inc5shop.com/cdn/shop/files/8909131074091.jpg?v=1778674759&width=1500","image/jpeg","200","OK","Indexable","","0","0.417","",""
"https://inc5shop.com/products/mens-black-casual-solid-pattern-square-toe-loafers-shoe-15360-black","text/html; charset=UTF-8","429","Too Many Requests","Non-Indexable","Client Error","3","0.121","",""
"https://inc5shop.com/cdn/shop/files/8905564926563.png?v=1778404127","image/png","200","OK","Indexable","","0","0.896","",""
"https://inc5shop.com/cdn/shop/files/Inc-8011_Tan_2_76b76ec2-61f8-43d5-aa06-51765043a2b6.jpg?v=1755484933&width=1500","image/jpeg","200","OK","Indexable","","0","0.540","",""
"https://inc5shop.com/cdn/shop/files/RO019_Brown_1_e0e52634-2f49-4c5b-83c1-4ff96b99b228.jpg?v=1757570896&width=1500","image/jpeg","200","OK","Indexable","","0","0.786","",""
"https://cdn.shopify.com/s/files/1/0564/8826/3854/t/203/assets/lazysizes.min.js","text/javascript","200","OK","Indexable","","0","0.404","",""
"https://inc5shop.com/products/mens-brown-casual-solid-square-toe-loafers-15357-brown","text/html; charset=UTF-8","429","Too Many Requests","Non-Indexable","Client Error","3","0.128","",""
"https://inc5shop.com/cdn/shop/files/15357_Brown_9a3f5a8e-85a8-4159-acdf-c0ba51df41cc.png?v=1772445008&width=1500","image/png","200","OK","Indexable","","0","0.270","",""
"https://inc5shop.com/cdn/shop/files/15359_Black_1_6fe99d54-51ec-4f80-9017-74f4ec417eb2.jpg?v=1772183357&width=1500","image/jpeg","200","OK","Indexable","","0","0.191","",""
"https://inc5shop.com/cdn/shop/files/15359_Brown_f058bdec-7e15-4a03-8208-b611a526f463.png?v=1772445009&width=1500","image/png","200","OK","Indexable","","0","0.453","",""
"https://inc5shop.com/products/mens-brown-casual-solid-pattern-square-toe-loafers-15358-dark-brown","text/html; charset=UTF-8","429","Too Many Requests","Non-Indexable","Client Error","3","0.141","",""
"https://inc5shop.com/collections/men-footwear?page=2","text/html; charset=UTF-8","429","Too Many Requests","Non-Indexable","Client Error","2","0.181","",""
"https://inc5shop.com/collections/men-footwear?page=3","text/html; charset=UTF-8","429","Too Many Requests","Non-Indexable","Client Error","1","0.155","",""
"https://inc5shop.com/collections/men-footwear?page=17","text/html; charset=UTF-8","429","Too Many Requests","Non-Indexable","Client Error","1","0.118","",""
"https://inc5shop.com/cdn/shop/files/15360_Black_1_935c7f26-6872-4e47-b3c2-b9e7e80e1653.jpg?v=1772183341&width=1500","image/jpeg","200","OK","Indexable","","0","0.780","",""
"https://inc5shop.com/products/mens-brown-casual-solid-square-toe-loafers-shoe-15359-brown","text/html; charset=UTF-8","429","Too Many Requests","Non-Indexable","Client Error","3","0.115","",""
"https://inc5shop.com/products/mens-black-casual-solid-square-toe-loafers-15357-black","text/html; charset=UTF-8","429","Too Many Requests","Non-Indexable","Client Error","3","0.143","",""
"https://inc5shop.com/cdn/shop/files/15359_Brown_1_48b26c2e-0cc9-47a0-a37e-f986aad8d6c2.jpg?v=1772183367&width=1500","image/jpeg","200","OK","Indexable","","0","0.439","",""
"https://inc5shop.com/cdn/shop/files/15358_Black_1_e40b6d39-9ba5-4a79-a4ed-fce8a5bb4901.jpg?v=1772183338&width=1500","image/jpeg","200","OK","Indexable","","0","0.848","",""
"https://inc5shop.com/cdn/shop/files/15358_Dark_Brown_0a2dba1b-b700-4aa3-aa42-6fdaf5f9597a.png?v=1772445006&width=1500","image/png","200","OK","Indexable","","0","0.882","",""
"https://inc5shop.com/products/mens-black-solid-pattern-casual-square-toe-loafers-15359-black","text/html; charset=UTF-8","429","Too Many Requests","Non-Indexable","Client Error","6","0.159","",""
"https://inc5shop.com/cdn/shop/files/8909131371381.png?v=1777561733&width=1500","image/png","200","OK","Indexable","","0","0.800","",""
"https://inc5shop.com/cdn/shop/files/15358_Brown_1_7ebfc198-466c-44b6-aa14-6423a1a0944a.jpg?v=1772183361&width=1500","image/jpeg","200","OK","Indexable","","0","0.683","",""
"https://inc5shop.com/cdn/shop/files/15359_Black_0656d571-e042-496d-a7b2-8d76d92daa48.png?v=1772445004&width=1500","image/png","200","OK","Indexable","","0","1.116","",""
"https://inc5shop.com/cdn/shop/files/15357_Brown_1_d5a1317e-e3f4-4078-8c8d-7e5e07caa82d.jpg?v=1772183365&width=1500","image/jpeg","200","OK","Indexable","","0","0.781","",""
"https://inc5shop.com/cdn/shop/files/15358_Black_bad03015-a445-4d58-85a9-f3f9bdb08311.png?v=1772444993&width=1500","image/png","200","OK","Indexable","","0","0.814","",""
"https://inc5shop.com/products/mens-black-casual-solid-pattern-square-toe-loafers-15358-black","text/html; charset=UTF-8","429","Too Many Requests","Non-Indexable","Client Error","3","0.114","",""
"https://inc5shop.com/cdn/shop/files/15357_Black_1_444f3ce5-8fbe-4f9c-9d6d-0258fd47287c.jpg?v=1772183345&width=1500","image/jpeg","200","OK","Indexable","","0","0.414","",""
"https://cdn.shopify.com/s/files/1/0564/8826/3854/t/203/assets/zence-token.js","text/javascript","200","OK","Indexable","","0","0.456","",""
"https://inc5shop.com/cdn/shop/files/15357_Black_03fdc4ea-2cae-4a75-91eb-6c2de52f6b3a.png?v=1772444997&width=1500","image/png","200","OK","Indexable","","0","0.513","",""
"https://inc5shop.com/cdn/shop/products/8905564184437-1.jpg?v=1755492448&width=1445","image/jpeg","200","OK","Indexable","","0","0.707","",""
"https://inc5shop.com/cdn/shop/files/8905564184451.jpg?v=1778930713&width=1445","image/jpeg","200","OK","Indexable","","0","0.794","",""
"https://inc5shop.com/cdn/shop/products/8905564184437-3.jpg?v=1755492448&width=1946","image/jpeg","200","OK","Indexable","","0","0.381","",""
"https://inc5shop.com/cdn/shop/products/8905564184437-3.jpg?v=1755492448&width=1445","image/jpeg","200","OK","Indexable","","0","0.748","",""
"https://inc5shop.com/cdn/shop/products/8905564184437-2.jpg?v=1755492448&width=1946","image/jpeg","200","OK","Indexable","","0","0.126","",""
"https://inc5shop.com/cdn/shop/products/8905564184437-4.jpg?v=1755492448&width=1946","image/jpeg","200","OK","Indexable","","0","0.225","",""
"https://inc5shop.com/cdn/shop/products/8905564184437-1.jpg?v=1755492448&width=1946","image/jpeg","200","OK","Indexable","","0","0.172","",""
"https://inc5shop.com/cdn/shop/files/LYNG35-8845_BLUE_1_a5921e2e-1df8-4ea2-9785-b4921d06b369.jpg?v=1755483199&width=1500","image/jpeg","200","OK","Indexable","","0","0.127","",""
"https://inc5shop.com/cdn/shop/products/8905564184437-2.jpg?v=1755492448&width=1445","image/jpeg","200","OK","Indexable","","0","0.792","",""
"https://inc5shop.com/cdn/shop/files/Inc.5_LYNG_22-8754_Gold_1_ca26e1ae-c444-479e-ba79-58d31500d62b.jpg?v=1755483508&width=1500","image/jpeg","200","OK","Indexable","","0","0.148","",""
"https://inc5shop.com/cdn/shop/products/8905564184437-4.jpg?v=1755492448&width=1445","image/jpeg","200","OK","Indexable","","0","0.424","",""
"https://inc5shop.com/cdn/shop/files/LYNG35-8847_CREAM_2_87e3019a-d7a4-4d74-a9a2-0a4fa91f3698.jpg?v=1755483188&width=1500","image/jpeg","200","OK","Indexable","","0","0.129","",""
"https://inc5shop.com/cdn/shop/files/8905564184451.jpg?v=1778930713&width=1946","image/jpeg","200","OK","Indexable","","0","0.392","",""
"https://inc5shop.com/products/womens-pink-party-textured-wallet-with-zip-lock-lyng35-8846-pink","text/html; charset=UTF-8","429","Too Many Requests","Non-Indexable","Client Error","5","0.120","",""
"https://inc5shop.com/cdn/shop/files/LYNG35-8844_GREEN_2_2bd58000-a9e1-4b6b-a15c-efa09c47c22f.jpg?v=1755483202&width=1500","image/jpeg","200","OK","Indexable","","0","0.192","",""
"https://inc5shop.com/cdn/shop/files/LYNG35-8845_GREEN_1_bb18bb53-da79-4eff-9790-0acbcc2adc70.jpg?v=1755483195&width=1500","image/jpeg","200","OK","Indexable","","0","0.216","",""
"https://inc5shop.com/cdn/shop/files/LYNG35-8844_PINK_1_396bcb3e-00da-4d87-af38-3b8deb87d863.jpg?v=1755483200&width=1500","image/jpeg","200","OK","Indexable","","0","0.400","",""
"https://inc5shop.com/cdn/shop/files/LYNG35-8846_PINK_1_f4dd8149-b71e-4a77-9978-0e7b4e959488.jpg?v=1755483191","image/jpeg","200","OK","Indexable","","0","0.391","",""
"https://inc5shop.com/products/womens-black-party-textured-wallet-with-zip-lock-lyng35-8846-black","text/html; charset=UTF-8","429","Too Many Requests","Non-Indexable","Client Error","5","0.117","",""
"https://inc5shop.com/cdn/shop/files/Inc.5_LYNG_22-8754_Gold_2_d04d5dd6-7229-47c1-b82a-ff742b231f59.jpg?v=1755483508&width=1500","image/jpeg","200","OK","Indexable","","0","0.599","",""
"https://inc5shop.com/cdn/shop/files/Inc.5_LYNG_22-8754_Gold_1_ca26e1ae-c444-479e-ba79-58d31500d62b.jpg?v=1755483508","image/jpeg","200","OK","Indexable","","0","0.517","",""
"https://inc5shop.com/products/womens-brown-party-textured-wallet-with-zip-lock-lyng35-8845-brown","text/html; charset=UTF-8","429","Too Many Requests","Non-Indexable","Client Error","5","0.143","",""
"https://inc5shop.com/cdn/shop/files/LYNG35-8847_BEIGE_1_b4579ee3-3c78-426f-9c4f-49f862c660ac.jpg?v=1755483189","image/jpeg","200","OK","Indexable","","0","0.198","",""
"https://inc5shop.com/cdn/shop/files/LYNG35-8846_PINK_1_f4dd8149-b71e-4a77-9978-0e7b4e959488.jpg?v=1755483191&width=1500","image/jpeg","200","OK","Indexable","","0","0.396","",""
"https://inc5shop.com/products/womens-green-party-textured-wallet-with-zip-lock-lyng35-8845-green","text/html; charset=UTF-8","429","Too Many Requests","Non-Indexable","Client Error","5","0.115","",""
"https://inc5shop.com/products/womens-blue-party-textured-wallet-with-zip-lock-lyng35-8845-blue","text/html; charset=UTF-8","429","Too Many Requests","Non-Indexable","Client Error","5","0.109","",""
"https://inc5shop.com/cdn/shop/files/LYNG35-8845_BROWN_1_0b257db5-1651-4c53-8c89-3107802d9489.jpg?v=1755483197","image/jpeg","200","OK","Indexable","","0","0.207","",""
"https://inc5shop.com/cdn/shop/files/LYNG35-8846_BEIGE_1_a4767b52-9ad6-49f2-b79f-1c80ccb2739d.jpg?v=1755483194&width=1500","image/jpeg","200","OK","Indexable","","0","0.591","",""
"https://inc5shop.com/cdn/shop/files/LYNG35-8844_PINK_1_396bcb3e-00da-4d87-af38-3b8deb87d863.jpg?v=1755483200","image/jpeg","200","OK","Indexable","","0","0.511","",""
"https://inc5shop.com/products/womens-gold-casual-textured-wallet-with-twist-lock-lyng22-8754-gold","text/html; charset=UTF-8","429","Too Many Requests","Non-Indexable","Client Error","4","0.143","",""
"https://inc5shop.com/cdn/shop/files/LYNG35-8845_BLUE_2_4fa7c688-c50e-403e-b531-778a6a9cb2ce.jpg?v=1755483199&width=1500","image/jpeg","200","OK","Indexable","","0","0.492","",""
"https://inc5shop.com/cdn/shop/files/LYNG35-8845_BLUE_1_a5921e2e-1df8-4ea2-9785-b4921d06b369.jpg?v=1755483199","image/jpeg","200","OK","Indexable","","0","0.575","",""
"https://inc5shop.com/products/womens-pink-party-textured-wallet-with-push-lock-lyng35-8844-pink","text/html; charset=UTF-8","429","Too Many Requests","Non-Indexable","Client Error","4","0.218","",""
"https://inc5shop.com/cdn/shop/files/Inc.5_LYNG_22-8754_Brown_2_7b6b5f7e-f8ab-48c3-806b-b4049a48d0a7.jpg?v=1755483511&width=1500","image/jpeg","200","OK","Indexable","","0","0.783","",""
"https://inc5shop.com/cdn/shop/files/LYNG35-8845_BROWN_1_0b257db5-1651-4c53-8c89-3107802d9489.jpg?v=1755483197&width=1500","image/jpeg","200","OK","Indexable","","0","0.851","",""
"https://inc5shop.com/cdn/shop/files/LYNG35-8847_CREAM_1_3fd6c432-0232-4ff6-87ee-5318028bb3a9.jpg?v=1755483187","image/jpeg","200","OK","Indexable","","0","0.386","",""
"https://inc5shop.com/cdn/shop/files/LYNG35-8846_BLACK_1_de53b673-f7da-46e7-814f-017b1ce212a4.jpg?v=1755483192&width=1500","image/jpeg","200","OK","Indexable","","0","0.423","",""
"https://inc5shop.com/cdn/shop/files/Inc.5_LYNG_22-8754_Brown_1_27502c3b-1478-47bc-8fd6-8c85da81b272.jpg?v=1755483511&width=1500","image/jpeg","200","OK","Indexable","","0","0.682","",""
"https://inc5shop.com/cdn/shop/files/LYNG35-8846_BLACK_2_1430b51a-6852-4594-9c94-534c46972f89.jpg?v=1755483192&width=1500","image/jpeg","200","OK","Indexable","","0","0.415","",""
"https://inc5shop.com/cdn/shop/files/LYNG35-8846_BEIGE_1_a4767b52-9ad6-49f2-b79f-1c80ccb2739d.jpg?v=1755483194","image/jpeg","200","OK","Indexable","","0","0.227","",""
"https://inc5shop.com/products/womens-brown-casual-textured-wallet-with-twist-lock-lyng22-8754-brown","text/html; charset=UTF-8","429","Too Many Requests","Non-Indexable","Client Error","4","0.109","",""
"https://inc5shop.com/products/womens-cream-casual-textured-wallet-with-zip-lock-lyng35-8847-cream","text/html; charset=UTF-8","429","Too Many Requests","Non-Indexable","Client Error","4","0.140","",""
"https://inc5shop.com/cdn/shop/files/LYNG35-8847_CREAM_1_3fd6c432-0232-4ff6-87ee-5318028bb3a9.jpg?v=1755483187&width=1500","image/jpeg","200","OK","Indexable","","0","0.866","",""
"https://inc5shop.com/cdn/shop/files/LYNG35-8847_BEIGE_1_b4579ee3-3c78-426f-9c4f-49f862c660ac.jpg?v=1755483189&width=1500","image/jpeg","200","OK","Indexable","","0","0.430","",""
"https://inc5shop.com/cdn/shop/files/LYNG35-8845_GREEN_1_bb18bb53-da79-4eff-9790-0acbcc2adc70.jpg?v=1755483195","image/jpeg","200","OK","Indexable","","0","0.423","",""
"https://inc5shop.com/products/womens-green-party-textured-wallet-with-push-lock-lyng35-8844-green","text/html; charset=UTF-8","429","Too Many Requests","Non-Indexable","Client Error","4","0.124","",""
"https://inc5shop.com/cdn/shop/files/LYNG35-8845_BROWN_2_4f006e3d-de95-44d3-b670-f66fc0a22a25.jpg?v=1755483197&width=1500","image/jpeg","200","OK","Indexable","","0","0.784","",""
"https://inc5shop.com/cdn/shop/files/LYNG35-8846_BLACK_1_de53b673-f7da-46e7-814f-017b1ce212a4.jpg?v=1755483192","image/jpeg","200","OK","Indexable","","0","0.415","",""
"https://inc5shop.com/products/womens-beige-casual-textured-wallet-with-zip-lock-lyng35-8847-beige","text/html; charset=UTF-8","429","Too Many Requests","Non-Indexable","Client Error","4","0.108","",""
"https://inc5shop.com/products/womens-beige-party-textured-wallet-with-zip-lock-lyng35-8846-beige","text/html; charset=UTF-8","429","Too Many Requests","Non-Indexable","Client Error","5","0.139","",""
"https://inc5shop.com/cdn/shop/files/LYNG35-8845_GREEN_2_aa2f1ce6-f06f-4eba-ad55-31d2d1afffb6.jpg?v=1755483196&width=1500","image/jpeg","200","OK","Indexable","","0","0.402","",""
"https://inc5shop.com/cdn/shop/files/LYNG35-8846_BEIGE_2_1fa44b9c-bf26-44f1-a117-2ba3c057c4d3.jpg?v=1755483194&width=1500","image/jpeg","200","OK","Indexable","","0","0.951","",""
"https://inc5shop.com/cdn/shop/files/LYNG35-8847_BEIGE_2_8ff7fa57-3644-4cc6-a959-3198738efa7d.jpg?v=1755483189&width=1500","image/jpeg","200","OK","Indexable","","0","0.432","",""
"https://inc5shop.com/cdn/shop/files/LYNG35-8844_GREEN_1_d49021eb-a213-4a9f-b4e3-702fed18ccf5.jpg?v=1755483202&width=1500","image/jpeg","200","OK","Indexable","","0","0.564","",""
"https://inc5shop.com/cdn/shop/files/LYNG35-8844_GREEN_1_d49021eb-a213-4a9f-b4e3-702fed18ccf5.jpg?v=1755483202","image/jpeg","200","OK","Indexable","","0","0.349","",""
"https://inc5shop.com/cdn/shop/files/LYNG34-8893_Black.png?v=1773122208&width=1500","image/png","200","OK","Indexable","","0","0.110","",""
"https://inc5shop.com/cdn/shop/files/LYNG35-8844_PINK_2_2d714682-509c-4c55-b93a-6569acdb828a.jpg?v=1755483201&width=1500","image/jpeg","200","OK","Indexable","","0","0.482","",""
"https://inc5shop.com/products/womens-tan-shoulder-bag-with-zip-lock-for-casual-use-lyng36-8860-tan","text/html; charset=UTF-8","429","Too Many Requests","Non-Indexable","Client Error","3","0.115","",""
"https://inc5shop.com/cdn/shop/files/LYNG29-8789_Dark-Beige.png?v=1773122207&width=1500","image/png","200","OK","Indexable","","0","0.121","",""
"https://inc5shop.com/products/womens-olive-shoulder-bag-with-zipper-lock-for-casual-use-lyng36-8863-olive","text/html; charset=UTF-8","429","Too Many Requests","Non-Indexable","Client Error","3","0.101","",""
"https://inc5shop.com/cdn/shop/files/LYNG34-8887_TAN_faa79395-f4d8-4508-9425-4d3796ebcbbb.jpg?v=1767938931&width=1500","image/jpeg","200","OK","Indexable","","0","0.174","",""
"https://inc5shop.com/cdn/shop/files/LYNG34-8891_Black_1_b9f631ef-f130-40f2-9066-634a8de6eef6.jpg?v=1767937285&width=1500","image/jpeg","200","OK","Indexable","","0","0.113","",""
"https://inc5shop.com/cdn/shop/files/LYNG35-8846_PINK_2_7bf7e542-eeda-4d0f-b901-c5b5a01c3698.jpg?v=1755483191&width=1500","image/jpeg","200","OK","Indexable","","0","0.377","",""
"https://inc5shop.com/cdn/shop/files/LYNG34-8878_Beige_1.jpg?v=1773057747&width=1500","image/jpeg","200","OK","Indexable","","0","0.107","",""
"https://inc5shop.com/cdn/shop/files/LYNG34-8878_Black.png?v=1773122206&width=1500","image/png","200","OK","Indexable","","0","0.125","",""
"https://inc5shop.com/products/womens-taupe-shoulder-bag-with-zip-lock-for-party-use-lyng34-8891-taupe","text/html; charset=UTF-8","429","Too Many Requests","Non-Indexable","Client Error","3","0.103","",""
"https://inc5shop.com/products/womens-black-shoulder-bag-with-zip-lock-for-casual-lyng34-8878-black","text/html; charset=UTF-8","429","Too Many Requests","Non-Indexable","Client Error","3","0.135","",""
"https://inc5shop.com/cdn/shop/files/LYNG34-8891_TAUPE_2271af39-7b73-415c-9b9d-109c7450c060.jpg?v=1767938928&width=1500","image/jpeg","200","OK","Indexable","","0","0.169","",""
"https://inc5shop.com/cdn/shop/files/Inc.5_LYNG_22-8754_Brown_1_27502c3b-1478-47bc-8fd6-8c85da81b272.jpg?v=1755483511","image/jpeg","200","OK","Indexable","","0","0.677","",""
"https://inc5shop.com/products/womens-burgundy-shoulder-bag-with-others-lock-for-party-use-lyng34-8884-burgundy","text/html; charset=UTF-8","429","Too Many Requests","Non-Indexable","Client Error","3","0.103","",""
"https://inc5shop.com/cdn/shop/files/LYNG34-8891_BLACK_21a57fa9-04b4-4d28-b43c-3f5b81405dce.jpg?v=1767938963&width=1500","image/jpeg","200","OK","Indexable","","0","0.181","",""
"https://inc5shop.com/products/womens-black-shoulder-bag-zip-lock-for-party-use-lyng34-8891-black","text/html; charset=UTF-8","429","Too Many Requests","Non-Indexable","Client Error","3","0.141","",""
"https://inc5shop.com/cdn/shop/files/LYNG34-8893_Beige.png?v=1773122205&width=1500","image/png","200","OK","Indexable","","0","0.192","",""
"https://inc5shop.com/collections/shoulder-bags?page=2","text/html; charset=UTF-8","429","Too Many Requests","Non-Indexable","Client Error","2","0.104","",""
"https://inc5shop.com/cdn/shop/files/LYNG34-8886_TAUPE_43d24349-b0c3-41d6-b535-d6e7f04c595d.jpg?v=1767938927&width=1500","image/jpeg","200","OK","Indexable","","0","0.419","",""
"https://inc5shop.com/collections/shoulder-bags?page=3","text/html; charset=UTF-8","429","Too Many Requests","Non-Indexable","Client Error","1","0.107","",""
"https://inc5shop.com/products/womens-beige-shoulder-bag-with-zip-lock-for-casual-lyng34-8878-beige","text/html; charset=UTF-8","429","Too Many Requests","Non-Indexable","Client Error","3","0.134","",""
"https://inc5shop.com/cdn/shop/files/LYNG34-8884_BURGUNDY_42ed39d0-501b-4fad-93a5-2548637b552d.jpg?v=1767938954&width=1500","image/jpeg","200","OK","Indexable","","0","0.466","",""
"https://inc5shop.com/collections/shoulder-bags?page=4","text/html; charset=UTF-8","429","Too Many Requests","Non-Indexable","Client Error","1","0.101","",""
"https://inc5shop.com/cdn/shop/files/LYNG34-8878_Black_1.jpg?v=1773057746&width=1500","image/jpeg","200","OK","Indexable","","0","0.730","",""
"https://inc5shop.com/products/womens-brown-shoulder-bag-with-magnet-button-lock-for-party-lyng34-8896-brown","text/html; charset=UTF-8","429","Too Many Requests","Non-Indexable","Client Error","3","0.136","",""
"https://inc5shop.com/products/womens-tan-shoulder-bag-with-zip-lock-for-party-use-lyng34-8899-camel","text/html; charset=UTF-8","429","Too Many Requests","Non-Indexable","Client Error","3","0.104","",""
"https://inc5shop.com/cdn/shop/files/LYNG29-8789_Dark_Beige_1.jpg?v=1773057746&width=1500","image/jpeg","200","OK","Indexable","","0","0.918","",""
"https://inc5shop.com/products/womens-khaki-shoulder-bag-with-zip-lock-for-party-use-lyng34-8885-khaki","text/html; charset=UTF-8","429","Too Many Requests","Non-Indexable","Client Error","3","0.124","",""
"https://inc5shop.com/products/womens-black-shoulder-bag-with-magnet-button-lock-for-party-lyng34-8893-black","text/html; charset=UTF-8","429","Too Many Requests","Non-Indexable","Client Error","3","0.117","",""
"https://inc5shop.com/cdn/shop/files/LYNG34-8884_Khaki_1_e6535a50-9f51-4fcf-95ba-3439bb6eb921.jpg?v=1767937318&width=1500","image/jpeg","200","OK","Indexable","","0","0.716","",""
"https://inc5shop.com/cdn/shop/files/LYNG36-8860_TAN_1_9812af12-8abc-467b-9e5b-e1d750c49090.jpg?v=1767937350&width=1500","image/jpeg","200","OK","Indexable","","0","0.798","",""
"https://inc5shop.com/products/womens-brown-shoulder-bag-with-zipper-lock-for-party-use-lyng34-8886-dark-brown","text/html; charset=UTF-8","429","Too Many Requests","Non-Indexable","Client Error","3","0.107","",""
"https://inc5shop.com/cdn/shop/files/LYNG34-8893_Beige_1.jpg?v=1773057748&width=1500","image/jpeg","200","OK","Indexable","","0","0.635","",""
"https://inc5shop.com/cdn/shop/files/LYNG34-8878_Beige.png?v=1773122207&width=1500","image/png","200","OK","Indexable","","0","0.127","",""
"https://inc5shop.com/cdn/shop/files/LYNG34-8886_Taupe_1_c610745b-bc88-4757-9b6f-fe3bf3445a04.jpg?v=1767937360&width=1500","image/jpeg","200","OK","Indexable","","0","0.201","",""
"https://inc5shop.com/products/womens-tan-shoulder-bag-with-zipper-lock-for-party-use-lyng34-8887-tan","text/html; charset=UTF-8","429","Too Many Requests","Non-Indexable","Client Error","3","0.126","",""
"https://inc5shop.com/cdn/shop/files/LYNG34-8885_KHAKI_1_6c9903b0-5b75-470d-bc4c-fda988ed1a16.jpg?v=1767937320&width=1500","image/jpeg","200","OK","Indexable","","0","0.249","",""
"https://inc5shop.com/cdn/shop/files/LYNG34-8884_KHAKI_ab841490-1c94-4d4e-a876-d726081d1409.jpg?v=1767938946&width=1500","image/jpeg","200","OK","Indexable","","0","0.755","",""
"https://inc5shop.com/products/womens-blue-shoulder-bag-with-others-lock-for-party-use-lyng34-8884-blue","text/html; charset=UTF-8","429","Too Many Requests","Non-Indexable","Client Error","3","0.101","",""
"https://inc5shop.com/products/womens-beige-shoulder-bag-with-zip-lock-casual-lyng29-8789-dark-beige","text/html; charset=UTF-8","429","Too Many Requests","Non-Indexable","Client Error","3","0.120","",""
"https://inc5shop.com/products/womens-taupe-shoulder-bag-with-zipper-lock-for-party-use-lyng34-8886-taupe","text/html; charset=UTF-8","429","Too Many Requests","Non-Indexable","Client Error","3","0.143","",""
"https://inc5shop.com/cdn/shop/files/LYNG34-8884_Burgundy_1_db1ffc1e-fc4b-4acc-8017-3b946a354d41.jpg?v=1767937305&width=1500","image/jpeg","200","OK","Indexable","","0","0.693","",""
"https://inc5shop.com/products/womens-beige-shoulder-bag-with-magnet-button-lock-for-party-lyng34-8893-beige","text/html; charset=UTF-8","429","Too Many Requests","Non-Indexable","Client Error","3","0.117","",""
"https://inc5shop.com/cdn/shop/files/LYNG34-8896_Brown_1.jpg?v=1773057750&width=1500","image/jpeg","200","OK","Indexable","","0","0.718","",""
"https://inc5shop.com/cdn/shop/files/LYNG34-8884_BLUE_d09a2876-aaf6-48c8-adac-aacbd83596dc.jpg?v=1767938962&width=1500","image/jpeg","200","OK","Indexable","","0","0.845","",""
"https://inc5shop.com/cdn/shop/files/LYNG34-8887_TAN_1_0dd1876e-9eab-4c85-ade0-a0517037460d.jpg?v=1767937353&width=1500","image/jpeg","200","OK","Indexable","","0","0.424","",""
"https://inc5shop.com/cdn/shop/files/LYNG36-8860_TAN_ab9ea4e4-5134-47ad-8e4f-de12812e599b.jpg?v=1767938933&width=1500","image/jpeg","200","OK","Indexable","","0","1.120","",""
"https://inc5shop.com/cdn/shop/files/LYNG34-8893_Black_1.jpg?v=1773057748&width=1500","image/jpeg","200","OK","Indexable","","0","0.439","",""
"https://inc5shop.com/cdn/shop/files/LYNG36-8863_Olive_1_f4407a0a-e9fc-4aa0-8715-a42fc9a5ece3.jpg?v=1767937339&width=1500","image/jpeg","200","OK","Indexable","","0","0.437","",""
"https://inc5shop.com/products/womens-khaki-shoulder-bag-with-others-lock-for-party-use-lyng34-8884-khaki","text/html; charset=UTF-8","429","Too Many Requests","Non-Indexable","Client Error","3","0.104","",""
"https://inc5shop.com/cdn/shop/files/LYNG34-8891_Taupe_1_9a544550-7d67-44bc-a2ff-a760ed0ce687.jpg?v=1767937358&width=1500","image/jpeg","200","OK","Indexable","","0","0.713","",""
"https://inc5shop.com/cdn/shop/files/LYNG36-8863_OLIVE_c214db2e-4f79-4b31-b779-2404ecc2af03.jpg?v=1767938937&width=1500","image/jpeg","200","OK","Indexable","","0","0.838","",""
"https://inc5shop.com/cdn/shop/files/LYNG34-8886_DARK_BROWN_b777395c-5d42-410d-8fa1-a05b1552317e.jpg?v=1767938958&width=1500","image/jpeg","200","OK","Indexable","","0","0.416","",""
"https://inc5shop.com/cdn/shop/files/LYNG34-8899_CAMEL_ec976161-5610-4cf8-ace6-6d754cea128b.jpg?v=1767938932&width=1500","image/jpeg","200","OK","Indexable","","0","0.782","",""
"https://inc5shop.com/cdn/shop/files/LYNG34-8885_KHAKI_79f3ebee-fdc7-4eab-8569-1de241b2b728.jpg?v=1767938945&width=1500","image/jpeg","200","OK","Indexable","","0","0.749","",""
"https://inc5shop.com/cdn/shop/files/EC-51_Black_1.jpg?v=1721888162&width=1500","image/jpeg","200","OK","Indexable","","0","0.199","",""
"https://inc5shop.com/cdn/shop/files/LYNG34-8884_Blue_1_20b40247-affb-4bda-8263-79fe4e16f386.jpg?v=1767937291&width=1500","image/jpeg","200","OK","Indexable","","0","0.637","",""
"https://inc5shop.com/cdn/shop/files/LYNG34-8886_Dark_Brown_1_8053bf9e-042d-4b09-86fe-a4a444cfefd3.jpg?v=1767937297&width=1500","image/jpeg","200","OK","Indexable","","0","0.732","",""
"https://inc5shop.com/cdn/shop/files/8905564702181.jpg?v=1778841794&width=1500","image/jpeg","200","OK","Indexable","","0","0.134","",""
"https://inc5shop.com/cdn/shop/files/8905564766756.jpg?v=1778841833&width=1500","image/jpeg","200","OK","Indexable","","0","0.233","",""
"https://inc5shop.com/products/privo-black-strap-casual-sandal-for-men-13511-blue","text/html; charset=UTF-8","429","Too Many Requests","Non-Indexable","Client Error","4","0.131","",""
"https://inc5shop.com/products/mens-brown-solid-round-toe-flat-leather-sandals-13544-cherry","text/html; charset=UTF-8","429","Too Many Requests","Non-Indexable","Client Error","4","0.128","",""
"https://inc5shop.com/cdn/shop/files/LYNG34-8896_Brown.png?v=1773122208&width=1500","image/png","200","OK","Indexable","","0","1.077","",""
"https://inc5shop.com/cdn/shop/files/LYNG34-8899_CAMEL_1_6d391780-27c9-4cb9-ae33-a731ad10ec52.jpg?v=1767937351&width=1500","image/jpeg","200","OK","Indexable","","0","0.710","",""
"https://inc5shop.com/cdn/shop/files/8905564702020.jpg?v=1778841717","image/jpeg","200","OK","Indexable","","0","0.268","",""
"https://inc5shop.com/products/mens-black-solid-round-toe-flat-leather-sandals-13544-black","text/html; charset=UTF-8","429","Too Many Requests","Non-Indexable","Client Error","4","0.137","",""
"https://inc5shop.com/products/atesber-tan-loafer-shoes-for-men-jude-dark-tan-tuton","text/html; charset=UTF-8","429","Too Many Requests","Non-Indexable","Client Error","1","0.101","",""
"https://inc5shop.com/cdn/shop/products/Jude_-_Black_1.jpg?v=1755484150&width=1500","image/jpeg","200","OK","Indexable","","0","0.393","",""
"https://inc5shop.com/cdn/shop/products/13511_Brown_1.jpg?v=1755484188&width=1500","image/jpeg","200","OK","Indexable","","0","0.415","",""
"https://inc5shop.com/products/men-brown-textured-casual-comfort-sandals-ec-55-brown","text/html; charset=UTF-8","429","Too Many Requests","Non-Indexable","Client Error","3","0.222","",""
"https://inc5shop.com/cdn/shop/files/Inc-13536_Brown_1_43bf31d5-490d-42ac-bb38-93f98bc59d5c.jpg?v=1755483966","image/jpeg","200","OK","Indexable","","0","0.100","",""
"https://inc5shop.com/collections/mens-june-eoss-2026?page=2","text/html; charset=UTF-8","429","Too Many Requests","Non-Indexable","Client Error","2","0.113","",""
"https://inc5shop.com/cdn/shop/files/JudeBlack.jpg?v=1755484150&width=1500","image/jpeg","200","OK","Indexable","","0","0.477","",""
"https://inc5shop.com/collections/mens-june-eoss-2026?page=3","text/html; charset=UTF-8","429","Too Many Requests","Non-Indexable","Client Error","1","0.130","",""
"https://inc5shop.com/collections/mens-june-eoss-2026?page=5","text/html; charset=UTF-8","429","Too Many Requests","Non-Indexable","Client Error","1","0.120","",""
"https://inc5shop.com/cdn/shop/files/8905564702105.jpg?v=1778841759","image/jpeg","200","OK","Indexable","","0","0.172","",""
"https://inc5shop.com/products/mens-black-solid-round-toe-casual-leather-sandals-13536-black","text/html; charset=UTF-8","429","Too Many Requests","Non-Indexable","Client Error","3","0.101","",""
"https://inc5shop.com/cdn/shop/files/Inc-13538_Black_2_d7242ee9-db6e-4cf1-8342-eb516794a6ae.jpg?v=1755483960&width=1500","image/jpeg","200","OK","Indexable","","0","0.772","",""
"https://inc5shop.com/cdn/shop/files/EC-51_BROWN.jpg?v=1755484072&width=1500","image/jpeg","200","OK","Indexable","","0","0.374","",""
"https://inc5shop.com/cdn/shop/files/EC-55_Brown_1_59add02c-b7e3-4d29-be2b-026f6cbbd9b8.jpg?v=1755484071&width=1500","image/jpeg","200","OK","Indexable","","0","0.654","",""
"https://inc5shop.com/cdn/shop/files/8905564702020.jpg?v=1778841717&width=1500","image/jpeg","200","OK","Indexable","","0","1.209","",""
"https://inc5shop.com/cdn/shop/products/ZED-101_Black_1.jpg?v=1755484155&width=1500","image/jpeg","200","OK","Indexable","","0","0.231","",""
"https://inc5shop.com/cdn/shop/files/8905564702181.jpg?v=1778841794","image/jpeg","200","OK","Indexable","","0","0.124","",""
"https://inc5shop.com/cdn/shop/files/Inc-13538_Black_1_e4be3512-11ac-46ad-bbb6-f9d404cf3752.jpg?v=1755483960","image/jpeg","200","OK","Indexable","","0","0.382","",""
"https://inc5shop.com/cdn/shop/files/Inc-13538_Brown_2_b05a3b54-65fe-4881-a18c-0c18a0395cd4.jpg?v=1755483959&width=1500","image/jpeg","200","OK","Indexable","","0","0.989","",""
"https://inc5shop.com/cdn/shop/files/8905564766756.jpg?v=1778841833","image/jpeg","200","OK","Indexable","","0","0.371","",""
"https://inc5shop.com/cdn/shop/files/8905564702747.jpg?v=1778693423","image/jpeg","200","OK","Indexable","","0","0.365","",""
"https://inc5shop.com/cdn/shop/files/EC-51_Brown_1_b071f029-236c-4e7e-bf23-12d98e961e1b.jpg?v=1755484073&width=1500","image/jpeg","200","OK","Indexable","","0","0.504","",""
"https://inc5shop.com/cdn/shop/files/Inc-13544_Cherry_2_f3f388c2-45e3-40fe-afa6-ee24ea013677.jpg?v=1755483953&width=1500","image/jpeg","200","OK","Indexable","","0","0.390","",""
"https://inc5shop.com/cdn/shop/files/Inc-13536_Black_1_4c80a909-f7fc-4653-afe6-0c8ac2d330e7.jpg?v=1755483967&width=1500","image/jpeg","200","OK","Indexable","","0","0.527","",""
"https://inc5shop.com/cdn/shop/files/8909131244005.jpg?v=1778955339&width=1500","image/jpeg","200","OK","Indexable","","0","0.555","",""
"https://inc5shop.com/cdn/shop/files/INC-IN-410_Brown_2_3db721ea-2902-4e32-9825-0e255fbf6a24.jpg?v=1755483993&width=1500","image/jpeg","200","OK","Indexable","","0","0.378","",""
"https://inc5shop.com/cdn/shop/files/INC-IN-410_Cherry_2_3c035d43-1c36-4723-aa29-891e3a193cae.jpg?v=1755483992&width=1500","image/jpeg","200","OK","Indexable","","0","0.409","",""
"https://inc5shop.com/cdn/shop/files/Jude-DTan.jpg?v=1755484148&width=1500","image/jpeg","200","OK","Indexable","","0","0.508","",""
"https://inc5shop.com/cdn/shop/files/Inc-13536_Black_2_90eb6b42-491c-4348-92b6-7f970d66eff7.jpg?v=1755483967&width=1500","image/jpeg","200","OK","Indexable","","0","0.380","",""
"https://inc5shop.com/products/mens_black_solid_round_toe_flat_leather_sandals_ec-51_black","text/html; charset=UTF-8","429","Too Many Requests","Non-Indexable","Client Error","3","0.113","",""
"https://inc5shop.com/cdn/shop/files/INC-24733_Brown_2_244b9db4-557d-40e1-aee4-7c8b22b46171.jpg?v=1755484030&width=1500","image/jpeg","200","OK","Indexable","","0","0.407","",""
"https://inc5shop.com/cdn/shop/files/2388_Blue_1_cdff5e1f-d6fe-4369-b508-912e174ac517.jpg?v=1755484124&width=1500","image/jpeg","200","OK","Indexable","","0","0.578","",""
"https://inc5shop.com/products/tri-band-velcro-sandal-brown-1","text/html; charset=UTF-8","429","Too Many Requests","Non-Indexable","Client Error","3","0.094","",""
"https://inc5shop.com/cdn/shop/files/8905564766916_d576f5b0-de05-4b18-895c-fe37432b877d.jpg?v=1778841962&width=1500","image/jpeg","200","OK","Indexable","","0","0.672","",""
"https://inc5shop.com/cdn/shop/files/8909131229040.jpg?v=1778955171&width=1500","image/jpeg","200","OK","Indexable","","0","0.386","",""
"https://inc5shop.com/products/privo-black-strap-casual-sandal-for-men-13511-brown","text/html; charset=UTF-8","429","Too Many Requests","Non-Indexable","Client Error","4","0.157","",""
"https://inc5shop.com/cdn/shop/files/8909131229040.jpg?v=1778955171","image/jpeg","200","OK","Indexable","","0","0.381","",""
"https://inc5shop.com/cdn/shop/files/8909131227930.jpg?v=1778955086&width=1500","image/jpeg","200","OK","Indexable","","0","0.362","",""
"https://inc5shop.com/cdn/shop/files/ZED-101Black-3.jpg?v=1755484155","image/jpeg","200","OK","Indexable","","0","0.436","",""
"https://inc5shop.com/cdn/shop/files/8905564702822.jpg?v=1778693447","image/jpeg","200","OK","Indexable","","0","0.500","",""
"https://inc5shop.com/cdn/shop/files/Inc-13538_Black_1_e4be3512-11ac-46ad-bbb6-f9d404cf3752.jpg?v=1755483960&width=1500","image/jpeg","200","OK","Indexable","","0","0.729","",""
"https://inc5shop.com/cdn/shop/files/ZED-101Tan.jpg?v=1755484153","image/jpeg","200","OK","Indexable","","0","0.414","",""
"https://inc5shop.com/products/mens-black-solid-round-toe-casual-sandals-24733-black","text/html; charset=UTF-8","429","Too Many Requests","Non-Indexable","Client Error","1","0.114","",""
"https://inc5shop.com/products/privo-black-t-starp-casual-sandal-for-men-13509-black","text/html; charset=UTF-8","429","Too Many Requests","Non-Indexable","Client Error","5","0.126","",""
"https://inc5shop.com/products/mens-black-solid-round-toe-flat-leather-sandals-13538-black","text/html; charset=UTF-8","429","Too Many Requests","Non-Indexable","Client Error","1","0.108","",""
"https://inc5shop.com/products/atesber-cherry-casual-sandal-with-buckle-for-men-2388-cherry","text/html; charset=UTF-8","429","Too Many Requests","Non-Indexable","Client Error","5","0.117","",""
"https://inc5shop.com/cdn/shop/files/8909131228975.jpg?v=1778955142","image/jpeg","200","OK","Indexable","","0","0.195","",""
"https://inc5shop.com/cdn/shop/files/13509_Brown_1_4511b0c6-3d68-4752-9e04-94ed5c97bfc4.jpg?v=1755484132&width=1500","image/jpeg","200","OK","Indexable","","0","0.133","",""
"https://inc5shop.com/products/men-brown-textured-casual-comfort-sandals-ec-51-brown","text/html; charset=UTF-8","429","Too Many Requests","Non-Indexable","Client Error","3","0.119","",""
"https://inc5shop.com/cdn/shop/files/2388_Cherry_1_dc5ecbb2-c83d-4f5f-a49a-b797a1d9b24c.jpg?v=1755484122&width=1500","image/jpeg","200","OK","Indexable","","0","0.425","",""
"https://inc5shop.com/cdn/shop/files/Inc-13538_Brown_1_f9fdbd04-4016-4c69-b374-1860b1b873a9.jpg?v=1755483958","image/jpeg","200","OK","Indexable","","0","0.204","",""
"https://inc5shop.com/products/atesber-tan-solid-casual-slip-on-shoes-for-men-zed-101-tan","text/html; charset=UTF-8","429","Too Many Requests","Non-Indexable","Client Error","1","0.128","",""
"https://inc5shop.com/cdn/shop/files/13509_Black_1_06d49f34-96ca-4cb1-911b-2adeb29c6fd1.jpg?v=1755484135&width=1500","image/jpeg","200","OK","Indexable","","0","0.413","",""
"https://inc5shop.com/cdn/shop/files/8905564766831.jpg?v=1778841870&width=1500","image/jpeg","200","OK","Indexable","","0","0.388","",""
"https://inc5shop.com/products/atesber-black-solid-casual-slip-on-shoes-for-men-zed-101-black","text/html; charset=UTF-8","429","Too Many Requests","Non-Indexable","Client Error","3","0.123","",""
"https://inc5shop.com/cdn/shop/files/2388_Olive_1_01dc0ad1-d0ef-43f5-989c-329568b71353.jpg?v=1755484121&width=1500","image/jpeg","200","OK","Indexable","","0","0.485","",""
"https://inc5shop.com/products/mens-brown-solid-round-toe-casual-sandals-24733-brown","text/html; charset=UTF-8","429","Too Many Requests","Non-Indexable","Client Error","3","0.134","",""
"https://inc5shop.com/products/privo-blue-t-starp-casual-sandal-for-men-13509-blue","text/html; charset=UTF-8","429","Too Many Requests","Non-Indexable","Client Error","5","0.105","",""
"https://inc5shop.com/cdn/shop/files/Inc-13536_Brown_2_f26a7e5c-3522-43ff-9ed9-f7c32ee14fe9.jpg?v=1755483966&width=1500","image/jpeg","200","OK","Indexable","","0","0.428","",""
"https://inc5shop.com/cdn/shop/files/8905564702105.jpg?v=1778841759&width=1500","image/jpeg","200","OK","Indexable","","0","0.394","",""
"https://inc5shop.com/cdn/shop/files/ZED-101Black-3.jpg?v=1755484155&width=1500","image/jpeg","200","OK","Indexable","","0","0.386","",""
"https://inc5shop.com/cdn/shop/files/Inc-13536_Brown_1_43bf31d5-490d-42ac-bb38-93f98bc59d5c.jpg?v=1755483966&width=1500","image/jpeg","200","OK","Indexable","","0","0.417","",""
"https://inc5shop.com/cdn/shop/files/8907716714325.jpg?v=1778842025&width=1500","image/jpeg","200","OK","Indexable","","0","0.553","",""
"https://inc5shop.com/cdn/shop/files/8909131228012.jpg?v=1778955113","image/jpeg","200","OK","Indexable","","0","0.126","",""
"https://inc5shop.com/cdn/shop/products/13511_Blue_1.jpg?v=1755484190&width=1500","image/jpeg","200","OK","Indexable","","0","0.380","",""
"https://inc5shop.com/cdn/shop/files/8905564766916_d576f5b0-de05-4b18-895c-fe37432b877d.jpg?v=1778841962","image/jpeg","200","OK","Indexable","","0","0.378","",""
"https://inc5shop.com/products/mens-brown-solid-round-toe-flat-leather-sandals-13538-brown","text/html; charset=UTF-8","429","Too Many Requests","Non-Indexable","Client Error","3","0.114","",""
"https://inc5shop.com/products/atesber-blue-casual-sandal-with-buckle-for-men-2388-blue","text/html; charset=UTF-8","429","Too Many Requests","Non-Indexable","Client Error","5","0.119","",""
"https://inc5shop.com/cdn/shop/files/8909131228012.jpg?v=1778955113&width=1500","image/jpeg","200","OK","Indexable","","0","0.383","",""
"https://inc5shop.com/cdn/shop/files/Inc-13536_Black_1_4c80a909-f7fc-4653-afe6-0c8ac2d330e7.jpg?v=1755483967","image/jpeg","200","OK","Indexable","","0","0.360","",""
"https://inc5shop.com/cdn/shop/files/8909131227930.jpg?v=1778955086","image/jpeg","200","OK","Indexable","","0","0.413","",""
"https://inc5shop.com/cdn/shop/products/Jude_-_D_Tan_1.jpg?v=1755484148&width=1500","image/jpeg","200","OK","Indexable","","0","0.383","",""
"https://inc5shop.com/cdn/shop/files/8909131244005.jpg?v=1778955339","image/jpeg","200","OK","Indexable","","0","0.402","",""
"https://inc5shop.com/cdn/shop/files/8909131243923.jpg?v=1778955311","image/jpeg","200","OK","Indexable","","0","0.704","",""
"https://inc5shop.com/products/atesber-black-loafer-shoes-for-men-jude-black","text/html; charset=UTF-8","429","Too Many Requests","Non-Indexable","Client Error","3","0.127","",""
"https://inc5shop.com/cdn/shop/files/JudeBlack.jpg?v=1755484150","image/jpeg","200","OK","Indexable","","0","0.400","",""
"https://inc5shop.com/cdn/shop/files/8905564971488.jpg?v=1781678021&width=1500","image/jpeg","200","OK","Indexable","","0","0.661","",""
"https://inc5shop.com/products/mens-red-solid-round-toe-casual-sandals-in-410-cherry","text/html; charset=UTF-8","429","Too Many Requests","Non-Indexable","Client Error","3","0.119","",""
"https://inc5shop.com/products/mens-brown-solid-round-toe-casual-sandals-in-410-brown","text/html; charset=UTF-8","429","Too Many Requests","Non-Indexable","Client Error","1","0.129","",""
"https://inc5shop.com/cdn/shop/files/8905564766831.jpg?v=1778841870","image/jpeg","200","OK","Indexable","","0","0.425","",""
"https://inc5shop.com/cdn/shop/files/8905564702822.jpg?v=1778693447&width=1500","image/jpeg","200","OK","Indexable","","0","0.393","",""
"https://inc5shop.com/cdn/shop/files/8905564702747.jpg?v=1778693423&width=1500","image/jpeg","200","OK","Indexable","","0","0.419","",""
"https://inc5shop.com/cdn/shop/files/8909131243923.jpg?v=1778955311&width=1500","image/jpeg","200","OK","Indexable","","0","0.392","",""
"https://inc5shop.com/cdn/shop/files/EC-55_BROWN.jpg?v=1755484071&width=1500","image/jpeg","200","OK","Indexable","","0","0.818","",""
"https://inc5shop.com/cdn/shop/files/13509_Blue_1_f7edc02b-125a-4ec9-930f-22c41c909f50.jpg?v=1755484133&width=1500","image/jpeg","200","OK","Indexable","","0","0.727","",""
"https://inc5shop.com/products/atesber-olive-casual-sandal-with-buckle-for-men-2388-olive","text/html; charset=UTF-8","429","Too Many Requests","Non-Indexable","Client Error","5","0.114","",""
"https://inc5shop.com/cdn/shop/files/Inc-13544_Black_2_7b9ad95f-4a4d-4000-b5ca-1e5a68192c04.jpg?v=1755483955&width=1500","image/jpeg","200","OK","Indexable","","0","0.424","",""
"https://inc5shop.com/products/mens-brown-solid-round-toe-casual-leather-sandals-13536-brown","text/html; charset=UTF-8","429","Too Many Requests","Non-Indexable","Client Error","1","0.121","",""
"https://inc5shop.com/cdn/shop/files/EC-55_BROWN.jpg?v=1755484071","image/jpeg","200","OK","Indexable","","0","0.399","",""
"https://inc5shop.com/cdn/shop/files/Inc-13538_Brown_1_f9fdbd04-4016-4c69-b374-1860b1b873a9.jpg?v=1755483958&width=1500","image/jpeg","200","OK","Indexable","","0","0.422","",""
"https://inc5shop.com/cdn/shop/files/Jude-DTan.jpg?v=1755484148","image/jpeg","200","OK","Indexable","","0","0.777","",""
"https://inc5shop.com/cdn/shop/files/8909131228975.jpg?v=1778955142&width=1500","image/jpeg","200","OK","Indexable","","0","0.422","",""
"https://inc5shop.com/products/privo-brown-t-starp-casual-sandal-for-men-13509-brown","text/html; charset=UTF-8","429","Too Many Requests","Non-Indexable","Client Error","5","0.116","",""
"https://inc5shop.com/cdn/shop/files/ZED-101Tan.jpg?v=1755484153&width=1500","image/jpeg","200","OK","Indexable","","0","0.914","",""
"https://inc5shop.com/cdn/shop/files/601118_Beige.jpg?v=1774593668&width=1500","image/jpeg","200","OK","Indexable","","0","0.110","",""
"https://inc5shop.com/cdn/shop/files/102473_Pewter-0.jpg?v=1776771879&width=1500","image/jpeg","200","OK","Indexable","","0","0.115","",""
"https://inc5shop.com/cdn/shop/products/13337_BROWN_3.jpg?v=1755484219&width=1500","image/jpeg","200","OK","Indexable","","0","0.760","",""
"https://inc5shop.com/cdn/shop/files/601118_Beige-1.jpg?v=1774518816&width=1500","image/jpeg","200","OK","Indexable","","0","0.103","",""
"https://inc5shop.com/cdn/shop/files/500307_Beige-1.jpg?v=1774518854&width=1500","image/jpeg","200","OK","Indexable","","0","0.109","",""
"https://inc5shop.com/cdn/shop/files/102446_Orange_1.jpg?v=1779366300&width=1500","image/jpeg","200","OK","Indexable","","0","0.105","",""
"https://inc5shop.com/cdn/shop/files/INC-24733_Black_2_05bf00a9-eb6e-4b4b-b760-e6a884800d67.jpg?v=1755484032&width=1500","image/jpeg","200","OK","Indexable","","0","0.527","",""
"https://inc5shop.com/cdn/shop/files/500263_Pewter-0_7a952b37-9d9d-4a9e-8fdf-c42bcfceacd1.jpg?v=1761739315&width=1500","image/jpeg","200","OK","Indexable","","0","0.101","",""
"https://inc5shop.com/products/womens-orange-party-wear-solid-round-toe-wedge-heels-102446-orange","text/html; charset=UTF-8","429","Too Many Requests","Non-Indexable","Client Error","12","0.111","",""
"https://inc5shop.com/cdn/shop/files/102473_Bronze-0.jpg?v=1776771879&width=1500","image/jpeg","200","OK","Indexable","","0","0.115","",""
"https://inc5shop.com/products/womens-beige-party-wear-camouflage-square-toe-block-heel-sandals-500307-beige","text/html; charset=UTF-8","429","Too Many Requests","Non-Indexable","Client Error","6","0.102","",""
"https://inc5shop.com/products/womens-white-party-wear-solid-pointed-toe-ballerinas-102739-white","text/html; charset=UTF-8","429","Too Many Requests","Non-Indexable","Client Error","3","0.142","",""
"https://inc5shop.com/products/womens-grey-party-wear-solid-square-toe-block-heel-sandals-800759-grey","text/html; charset=UTF-8","429","Too Many Requests","Non-Indexable","Client Error","6","0.096","",""
"https://inc5shop.com/cdn/shop/products/ZED-101_Tan_1.jpg?v=1755484154&width=1500","image/jpeg","200","OK","Indexable","","0","0.871","",""
"https://inc5shop.com/cdn/shop/files/102473_Pewter-1.jpg?v=1776752958&width=1500","image/jpeg","200","OK","Indexable","","0","0.186","",""
"https://inc5shop.com/products/womens-beige-casual-solid-open-toe-flats-500339-beige","text/html; charset=UTF-8","429","Too Many Requests","Non-Indexable","Client Error","3","0.099","",""
"https://inc5shop.com/products/womens-black-party-wear-solid-narrow-toe-stiletto-heel-pump-shoes-800519-black","text/html; charset=UTF-8","429","Too Many Requests","Non-Indexable","Client Error","3","0.122","",""
"https://inc5shop.com/products/womens-golden-party-wear-solid-round-toe-block-heels-500303-gold","text/html; charset=UTF-8","429","Too Many Requests","Non-Indexable","Client Error","6","0.106","",""
"https://inc5shop.com/products/womens-pewter-party-wear-printed-round-toe-wedge-heels-102473-pewter","text/html; charset=UTF-8","429","Too Many Requests","Non-Indexable","Client Error","9","0.103","",""
"https://inc5shop.com/cdn/shop/files/102446_Green_1.jpg?v=1779366301&width=1500","image/jpeg","200","OK","Indexable","","0","0.227","",""
"https://inc5shop.com/products/womens-pewter-party-wear-solid-round-toe-stiletto-heels-500346-pewter","text/html; charset=UTF-8","429","Too Many Requests","Non-Indexable","Client Error","6","0.097","",""
"https://inc5shop.com/collections/flat-50-off?page=28","text/html; charset=UTF-8","429","Too Many Requests","Non-Indexable","Client Error","1","0.140","",""
"https://inc5shop.com/products/womens-peach-party-wear-camouflage-square-toe-block-heel-sandals-500307-peach","text/html; charset=UTF-8","429","Too Many Requests","Non-Indexable","Client Error","6","0.131","",""
"https://inc5shop.com/cdn/shop/files/102446_Green-0.jpg?v=1779444923&width=1500","image/jpeg","200","OK","Indexable","","0","0.112","",""
"https://inc5shop.com/cdn/shop/files/102473_Bronze-1.jpg?v=1776752958&width=1500","image/jpeg","200","OK","Indexable","","0","0.492","",""
"https://inc5shop.com/cdn/shop/files/500263_Pewter_1_0bd7eff0-5be6-4e74-bf56-4a4f1afe0548.jpg?v=1761718687&width=1500","image/jpeg","200","OK","Indexable","","0","0.362","",""
"https://inc5shop.com/products/womens-golden-party-wear-solid-pattern-round-toe-block-heels-102506-antique","text/html; charset=UTF-8","429","Too Many Requests","Non-Indexable","Client Error","6","0.107","",""
"https://inc5shop.com/products/womens-beige-party-wear-embellished-pattern-round-toe-wedge-heels-601118-beige","text/html; charset=UTF-8","429","Too Many Requests","Non-Indexable","Client Error","12","0.115","",""
"https://inc5shop.com/cdn/shop/files/800508_White_1_fd09ff20-0ac3-4cdd-af61-97241321e3e9.jpg?v=1755491149&width=1500","image/jpeg","200","OK","Indexable","","0","0.116","",""
"https://inc5shop.com/products/womens-grey-casual-solid-open-toe-flats-500339-grey","text/html; charset=UTF-8","429","Too Many Requests","Non-Indexable","Client Error","3","0.119","",""
"https://inc5shop.com/cdn/shop/files/800508_White_2_27bc4c42-9d85-432d-baf3-33537dd1b70c.jpg?v=1755491149&width=1500","image/jpeg","200","OK","Indexable","","0","0.174","",""
"https://inc5shop.com/cdn/shop/files/500307_Peach-1.jpg?v=1774518851&width=1500","image/jpeg","200","OK","Indexable","","0","0.380","",""
"https://inc5shop.com/cdn/shop/files/102506_Antique-0.jpg?v=1776771879&width=1500","image/jpeg","200","OK","Indexable","","0","0.133","",""
"https://inc5shop.com/cdn/shop/files/800759_Grey-1.jpg?v=1774518810&width=1500","image/jpeg","200","OK","Indexable","","0","0.125","",""
"https://inc5shop.com/cdn/shop/files/8909131396018.png?v=1778133423&width=1500","image/png","200","OK","Indexable","","0","0.479","",""
"https://inc5shop.com/cdn/shop/files/500339_Grey.jpg?v=1781674595&width=1500","image/jpeg","200","OK","Indexable","","0","0.124","",""
"https://inc5shop.com/products/womens-tan-party-wear-embellished-pattern-round-toe-wedge-heel-sandals-601118-tan","text/html; charset=UTF-8","429","Too Many Requests","Non-Indexable","Client Error","12","0.114","",""
"https://inc5shop.com/cdn/shop/files/601118_Tan-1.jpg?v=1775804652&width=1500","image/jpeg","200","OK","Indexable","","0","0.106","",""
"https://inc5shop.com/products/womens-pewter-party-wear-solid-round-toe-wedge-heels-102634-pewter","text/html; charset=UTF-8","429","Too Many Requests","Non-Indexable","Client Error","9","0.119","",""
"https://inc5shop.com/cdn/shop/files/500339_Beige.jpg?v=1781674539&width=1500","image/jpeg","200","OK","Indexable","","0","0.281","",""
"https://inc5shop.com/cdn/shop/files/102446_Orange-0.jpg?v=1779444924&width=1500","image/jpeg","200","OK","Indexable","","0","0.101","",""
"https://inc5shop.com/products/womens-golden-party-wear-solid-round-toe-stiletto-heels-500346-gold","text/html; charset=UTF-8","429","Too Many Requests","Non-Indexable","Client Error","6","0.127","",""
"https://inc5shop.com/cdn/shop/files/102634_Pewter-1.jpg?v=1776752958&width=1500","image/jpeg","200","OK","Indexable","","0","0.233","",""
"https://inc5shop.com/cdn/shop/files/500339_Grey-1.jpg?v=1781613478&width=1500","image/jpeg","200","OK","Indexable","","0","0.125","",""
"https://inc5shop.com/cdn/shop/files/500339_Beige-1.jpg?v=1781613497&width=1500","image/jpeg","200","OK","Indexable","","0","0.170","",""
"https://inc5shop.com/cdn/shop/files/800519_Black.jpg?v=1774593668&width=1500","image/jpeg","200","OK","Indexable","","0","0.129","",""
"https://inc5shop.com/cdn/shop/files/500307_Beige.jpg?v=1774593668&width=1500","image/jpeg","200","OK","Indexable","","0","0.193","",""
"https://inc5shop.com/collections/flat-50-off?page=3","text/html; charset=UTF-8","429","Too Many Requests","Non-Indexable","Client Error","1","0.099","",""
"https://inc5shop.com/collections/flat-50-off?page=2","text/html; charset=UTF-8","429","Too Many Requests","Non-Indexable","Client Error","2","0.102","",""
"https://inc5shop.com/cdn/shop/files/102506_Antique-1.jpg?v=1776752958&width=1500","image/jpeg","200","OK","Indexable","","0","0.481","",""
"https://inc5shop.com/products/womens-bronze-party-wear-printed-round-toe-wedge-heels-102473-bronze","text/html; charset=UTF-8","429","Too Many Requests","Non-Indexable","Client Error","9","0.106","",""
"https://inc5shop.com/cdn/shop/files/500307_Peach.jpg?v=1774593669&width=1500","image/jpeg","200","OK","Indexable","","0","0.182","",""
"https://inc5shop.com/cdn/shop/files/500263_Gold_1_bcdbdc96-5f2d-4f85-bad5-672982a7a291.jpg?v=1761718685&width=1500","image/jpeg","200","OK","Indexable","","0","0.194","",""
"https://inc5shop.com/cdn/shop/files/500263_Gold-0_de21b4ed-7cd7-469b-8f95-ac1f2a80fa36.jpg?v=1761739316&width=1500","image/jpeg","200","OK","Indexable","","0","0.391","",""
"https://inc5shop.com/products/womens-green-party-wear-solid-round-toe-wedge-heels-102446-green","text/html; charset=UTF-8","429","Too Many Requests","Non-Indexable","Client Error","9","0.126","",""
"https://inc5shop.com/cdn/shop/files/800519_Black-1.jpg?v=1774518813&width=1500","image/jpeg","200","OK","Indexable","","0","0.179","",""
"https://inc5shop.com/cdn/shop/files/800759_Grey.jpg?v=1774593668&width=1500","image/jpeg","200","OK","Indexable","","0","0.388","",""
"https://inc5shop.com/cdn/shop/files/500303_Gold-1.jpg?v=1776752999&width=1500","image/jpeg","200","OK","Indexable","","0","0.715","",""
"https://cdn.shopify.com/s/files/1/0564/8826/3854/t/203/assets/details-disclosure.js","text/javascript","200","OK","Indexable","","0","0.493","",""
"https://cdn.shopify.com/s/files/1/0564/8826/3854/t/203/assets/pubsub.js","text/javascript","200","OK","Indexable","","0","0.431","",""
"https://inc5shop.com/cdn/shop/files/102634_Pewter-0.jpg?v=1776771880&width=1500","image/jpeg","200","OK","Indexable","","0","0.607","",""
"https://inc5shop.com/cdn/shop/files/500303_Gold-0.jpg?v=1776771879&width=1500","image/jpeg","200","OK","Indexable","","0","0.618","",""
"https://inc5shop.com/collections/soiree-wroth-heels?gf_165874=Women%27s%20Stiletto","text/html; charset=UTF-8","429","Too Many Requests","Non-Indexable","Client Error","1","0.107","",""
"https://inc5shop.com/products/womens-beige-party-wear-printed-round-toe-wedge-heel-sandals-102821-beige","text/html; charset=UTF-8","429","Too Many Requests","Non-Indexable","Client Error","6","0.101","",""
"https://cdn.shopify.com/s/files/1/0564/8826/3854/t/203/assets/tsw.js","text/javascript","200","OK","Indexable","","0","0.566","",""
"https://inc5shop.com/collections/womens-sandals?page=2","text/html; charset=UTF-8","429","Too Many Requests","Non-Indexable","Client Error","2","0.105","",""
"https://cdn.shopify.com/s/files/1/0564/8826/3854/t/203/assets/component-cart-items.css","text/css","200","OK","Indexable","","0","0.377","",""
"https://inc5shop.com/cdn/shop/files/102538_Silver_9dd97b37-6eb7-4d4d-84c1-be302987959b.png?v=1770805181&width=1500","image/png","200","OK","Indexable","","0","0.364","",""
"https://inc5shop.com/collections/womens-sandals?page=33","text/html; charset=UTF-8","429","Too Many Requests","Non-Indexable","Client Error","1","0.114","",""
"https://cdn.shopify.com/s/files/1/0564/8826/3854/t/203/assets/cart-notification.js","text/javascript","200","OK","Indexable","","0","0.452","",""
"https://inc5shop.com/collections/womens-sandals?page=3","text/html; charset=UTF-8","429","Too Many Requests","Non-Indexable","Client Error","1","0.142","",""
"https://inc5shop.com/cdn/shop/files/102821_Peach.jpg?v=1774593668&width=1500","image/jpeg","200","OK","Indexable","","0","0.133","",""
"https://inc5shop.com/cdn/shop/files/102821_Beige.jpg?v=1774593668&width=1500","image/jpeg","200","OK","Indexable","","0","0.114","",""
"https://inc5shop.com/cdn/shop/files/102821_Beige-1.jpg?v=1774518855&width=1500","image/jpeg","200","OK","Indexable","","0","0.118","",""
"https://inc5shop.com/products/womens-silver-party-wear-solid-round-toe-wedge-heel-sandals-102538-silver","text/html; charset=UTF-8","429","Too Many Requests","Non-Indexable","Client Error","6","0.135","",""
"https://inc5shop.com/collections/soiree-wroth-heels?gf_165874=Women%27s%20Kitten%20Heel","text/html; charset=UTF-8","429","Too Many Requests","Non-Indexable","Client Error","1","0.127","",""
"https://cdn.shopify.com/shopifycloud/storefront/assets/storefront/load_feature-1bd60354.js","text/javascript","200","OK","Indexable","","0","0.033","",""
"https://inc5shop.com/collections/soiree-wroth-heels?gf_165874=Women%27s%20Platform","text/html; charset=UTF-8","429","Too Many Requests","Non-Indexable","Client Error","1","0.144","",""
"https://inc5shop.com/products/womens-peach-party-wear-printed-round-toe-wedge-heel-sandals-102821-peach","text/html; charset=UTF-8","429","Too Many Requests","Non-Indexable","Client Error","6","0.107","",""
"https://inc5shop.com/cdn/shop/files/102821_Peach-1.jpg?v=1774518855&width=1500","image/jpeg","200","OK","Indexable","","0","0.210","",""
"https://inc5shop.com/cdn/shop/files/102538_Silver_1_910be85a-19ac-4341-ace3-9662e0180e34.jpg?v=1770717479&width=1500","image/jpeg","200","OK","Indexable","","0","0.336","",""
"https://inc5shop.com/cdn/shop/files/101764_WHITE_e646c326-db57-4ede-99d8-d079dbefe717.jpg?v=1758866477&width=1946","image/jpeg","200","OK","Indexable","","0","0.410","",""
"https://cdn.shopify.com/s/files/1/0564/8826/3854/t/203/assets/component-predictive-search.css","text/css","200","OK","Indexable","","0","0.499","",""
"https://inc5shop.com/cdn/shop/products/101764_White_4.jpg?v=1758286471&width=1445","image/jpeg","200","OK","Indexable","","0","0.399","",""
"https://inc5shop.com/cdn/shop/products/101764_White_3.jpg?v=1758286471&width=1445","image/jpeg","200","OK","Indexable","","0","0.643","",""
"http://inc5shoes.co.in/","text/html; charset=UTF-8","301","Moved Permanently","Non-Indexable","Redirected","1","0.094","https://inc5shoes.co.in/","HTTP Redirect"
"https://inc5shop.com/cdn/shop/products/101764_White_2.jpg?v=1758286471&width=1445","image/jpeg","200","OK","Indexable","","0","0.867","",""
"https://inc5shop.com/cdn/shop/products/101764_White_2.jpg?v=1758286471&width=1946","image/jpeg","200","OK","Indexable","","0","0.176","",""
"https://inc5shop.com/cdn/shop/products/101764_White_3.jpg?v=1758286471&width=1946","image/jpeg","200","OK","Indexable","","0","0.201","",""
"https://inc5shop.com/cdn/shop/files/101764_WHITE_e646c326-db57-4ede-99d8-d079dbefe717.jpg?v=1758866477&width=1445","image/jpeg","200","OK","Indexable","","0","0.392","",""
"https://inc5shop.com/cdn/shop/products/101764_White_1.jpg?v=1758286470&width=1946","image/jpeg","200","OK","Indexable","","0","0.845","",""
"https://inc5shop.com/cdn/shop/files/301006_Antique_1_d9b50a05-ac7b-4866-9b99-2cde6033bdc9.jpg?v=1770717375&width=1500","image/jpeg","200","OK","Indexable","","0","0.120","",""
"https://inc5shop.com/cdn/shop/products/101764_White_4.jpg?v=1758286471&width=1946","image/jpeg","200","OK","Indexable","","0","0.373","",""
"https://inc5shop.com/products/women-green-textured-embellished-wedge-sandals-1594-green","text/html; charset=UTF-8","429","Too Many Requests","Non-Indexable","Client Error","6","0.163","",""
"https://inc5shop.com/cdn/shop/files/301007_ROSE_GOLD_0c0eec31-36f0-4444-8c3f-2df5c95f3710.jpg?v=1770805198&width=1500","image/jpeg","200","OK","Indexable","","0","0.170","",""
"https://inc5shop.com/cdn/shop/files/301010_GOLD_c3c5b81b-7c9d-4942-a99e-dc8f9718c8f3.jpg?v=1770805232&width=1500","image/jpeg","200","OK","Indexable","","0","0.121","",""
"https://inc5shop.com/cdn/shop/files/601102_CREAM_2282e033-e8d1-4770-b0ca-573869e657eb.jpg?v=1770805256&width=1500","image/jpeg","200","OK","Indexable","","0","0.131","",""
"https://inc5shop.com/cdn/shop/files/8905564920592_44878e3c-5264-403e-ae98-76f13c4692e3.png?v=1758866477&width=1946","image/png","200","OK","Indexable","","0","1.037","",""
"https://inc5shop.com/cdn/shop/files/8905564920592_44878e3c-5264-403e-ae98-76f13c4692e3.png?v=1758866477&width=1445","image/png","200","OK","Indexable","","0","0.583","",""
"https://inc5shop.com/cdn/shop/products/1594_GREEN.jpg?v=1752825022&width=1500","image/jpeg","200","OK","Indexable","","0","0.117","",""
"https://inc5shop.com/products/womens-golden-ethnic-embellished-pattern-round-toe-wedge-heels-301006-antique","text/html; charset=UTF-8","429","Too Many Requests","Non-Indexable","Client Error","3","0.121","",""
"https://inc5shop.com/cdn/shop/files/3424_Black_1_a1d32d88-a476-4ca7-a1bb-3965e3f99c8b.jpg?v=1752045447&width=1500","image/jpeg","200","OK","Indexable","","0","0.159","",""
"https://inc5shop.com/cdn/shop/files/301010_Antique_1_7305beb9-5c35-4a08-8cb9-c701ce6b7efb.jpg?v=1770717377&width=1500","image/jpeg","200","OK","Indexable","","0","0.135","",""
"https://inc5shop.com/cdn/shop/products/101764_White_1.jpg?v=1758286470&width=1445","image/jpeg","200","OK","Indexable","","0","0.946","",""
"https://inc5shop.com/cdn/shop/files/301006_ROSE_GOLD_22086acd-3d4e-4ac3-bcf9-a17fd8d32ff9.jpg?v=1770805196&width=1500","image/jpeg","200","OK","Indexable","","0","0.134","",""
"https://inc5shop.com/cdn/shop/files/301009_Gold_1_b06b21bd-8912-4c8c-933d-4243c872e2c4.jpg?v=1770717395&width=1500","image/jpeg","200","OK","Indexable","","0","0.392","",""
"https://inc5shop.com/cdn/shop/files/301009_GOLD_8549bd59-f2b5-42f0-ac01-dd7327709c1e.jpg?v=1770805232&width=1500","image/jpeg","200","OK","Indexable","","0","0.150","",""
"https://inc5shop.com/products/womens-peach-party-wear-solid-round-toe-wedge-heel-slip-on-sandals-3492-peach","text/html; charset=UTF-8","429","Too Many Requests","Non-Indexable","Client Error","3","0.152","",""
"https://inc5shop.com/cdn/shop/files/8909131173497.jpg?v=1779079472&width=1500","image/jpeg","200","OK","Indexable","","0","0.128","",""
"https://inc5shop.com/cdn/shop/files/8909131173497.jpg?v=1779079472","image/jpeg","200","OK","Indexable","","0","0.208","",""
"https://inc5shop.com/products/womens-golden-ethnic-round-toe-wedge-heel-sandals-301009-antique","text/html; charset=UTF-8","429","Too Many Requests","Non-Indexable","Client Error","3","0.205","",""
"https://inc5shop.com/collections/womens-wedges?page=15","text/html; charset=UTF-8","429","Too Many Requests","Non-Indexable","Client Error","1","0.234","",""
"https://inc5shop.com/cdn/shop/files/3492_PEACH_d18018d0-cf3d-496a-992a-07dedfe0b563.jpg?v=1770805207&width=1500","image/jpeg","200","OK","Indexable","","0","0.281","",""
"https://inc5shop.com/cdn/shop/files/601115_Grey_1_c70c4299-65e3-4f64-b77a-c0d23f5b5cb6.jpg?v=1770717414&width=1500","image/jpeg","200","OK","Indexable","","0","0.287","",""
"https://inc5shop.com/products/womens-black-solid-round-toe-party-wear-block-heels-sandals-3424-black","text/html; charset=UTF-8","429","Too Many Requests","Non-Indexable","Client Error","6","0.122","",""
"https://inc5shop.com/cdn/shop/files/301007_Rose_Gold_1_178d3c47-4bef-4d5a-9f1d-47ba33f1fe57.jpg?v=1770717457&width=1500","image/jpeg","200","OK","Indexable","","0","0.286","",""
"https://inc5shop.com/products/womens-golden-ethnic-embellished-pattern-round-toe-wedges-301010-antique","text/html; charset=UTF-8","429","Too Many Requests","Non-Indexable","Client Error","3","0.200","",""
"https://inc5shop.com/cdn/shop/files/301009_ANTIQUE_fa2b4824-2b71-4260-b113-71c29773b5d0.jpg?v=1770805227&width=1500","image/jpeg","200","OK","Indexable","","0","0.368","",""
"https://inc5shop.com/cdn/shop/files/301010_Gold_1_84e0df8c-00dd-4e86-8a1d-fcebe8610856.jpg?v=1770717393&width=1500","image/jpeg","200","OK","Indexable","","0","0.415","",""
"https://inc5shop.com/products/womens-rose-gold-ethnic-embellished-round-toe-wedge-heel-sandals-301006-rose-gold","text/html; charset=UTF-8","429","Too Many Requests","Non-Indexable","Client Error","3","0.129","",""
"https://inc5shop.com/products/womens-grey-ethnic-embellished-pointed-toe-wedge-heel-sandals-601115-grey","text/html; charset=UTF-8","429","Too Many Requests","Non-Indexable","Client Error","6","0.098","",""
"https://inc5shop.com/products/womens-cream-ethnic-embellished-round-toe-wedge-heel-sandals-601102-cream","text/html; charset=UTF-8","429","Too Many Requests","Non-Indexable","Client Error","6","0.122","",""
"https://inc5shop.com/cdn/shop/products/1594_GREEN.jpg?v=1752825022","image/jpeg","200","OK","Indexable","","0","0.371","",""
"https://inc5shop.com/cdn/shop/files/301006_Rose_Gold_1_6d530e7e-664f-48ed-8a71-3eb06a77f139.jpg?v=1770717459&width=1500","image/jpeg","200","OK","Indexable","","0","0.383","",""
"https://inc5shop.com/collections/womens-wedges?page=2","text/html; charset=UTF-8","429","Too Many Requests","Non-Indexable","Client Error","2","0.100","",""
"https://inc5shop.com/cdn/shop/files/601102_Cream_1_c5afbf55-828c-4cf9-aadc-a0dd84c8a434.jpg?v=1770717348&width=1500","image/jpeg","200","OK","Indexable","","0","0.249","",""
"https://inc5shop.com/collections/womens-wedges?page=3","text/html; charset=UTF-8","429","Too Many Requests","Non-Indexable","Client Error","1","0.099","",""
"https://inc5shop.com/cdn/shop/files/3492_Peach_1_08fb8d09-ce52-460b-8976-abbbbdda2bd6.jpg?v=1770717440&width=1500","image/jpeg","200","OK","Indexable","","0","0.371","",""
"https://inc5shop.com/products/womens-rose-gold-ethnic-embellished-pointed-toe-wedge-heel-sandals-301007-rose-gold","text/html; charset=UTF-8","429","Too Many Requests","Non-Indexable","Client Error","3","0.117","",""
"https://inc5shop.com/cdn/shop/files/301006_ANTIQUE_484c86e4-4692-4d92-b730-4e72780d3a14.jpg?v=1770805242&width=1500","image/jpeg","200","OK","Indexable","","0","0.109","",""
"https://inc5shop.com/products/womens-golden-ethnic-embellished-round-toe-wedge-heels-301009-gold","text/html; charset=UTF-8","429","Too Many Requests","Non-Indexable","Client Error","3","0.098","",""
"https://inc5shop.com/cdn/shop/files/601115_GREY_584d19fe-81c4-448a-9f9a-1d3d793ee795.jpg?v=1770805221&width=1500","image/jpeg","200","OK","Indexable","","0","0.188","",""
"https://inc5shop.com/cdn/shop/products/1594_Green_1.jpg?v=1752825022&width=1500","image/jpeg","200","OK","Indexable","","0","0.341","",""
"https://inc5shop.com/products/womens-golden-ethnic-embellished-round-toe-wedge-heel-sandals-301010-gold","text/html; charset=UTF-8","429","Too Many Requests","Non-Indexable","Client Error","3","0.119","",""
"https://inc5shop.com/cdn/shop/files/301009_Antique_1_49fbdb35-58e9-453e-a550-aa0734b1e001.jpg?v=1770717402&width=1500","image/jpeg","200","OK","Indexable","","0","0.192","",""
"https://inc5shop.com/products/womens-silver-ethnic-embellished-round-toe-block-heels-601191-silver","text/html; charset=UTF-8","429","Too Many Requests","Non-Indexable","Client Error","3","0.132","",""
"https://inc5shop.com/cdn/shop/files/102632_Tan-0.jpg?v=1779444925&width=1500","image/jpeg","200","OK","Indexable","","0","0.222","",""
"https://inc5shop.com/cdn/shop/files/800741_White_1.jpg?v=1779366422&width=1500","image/jpeg","200","OK","Indexable","","0","0.200","",""
"https://inc5shop.com/cdn/shop/files/102949_Tan_1.jpg?v=1779366345&width=1500","image/jpeg","200","OK","Indexable","","0","0.173","",""
"https://inc5shop.com/products/womens-peach-casual-embellished-t-strap-flat-slip-ons-700069-peach","text/html; charset=UTF-8","429","Too Many Requests","Non-Indexable","Client Error","3","0.119","",""
"https://inc5shop.com/cdn/shop/files/102938_Silver-0.jpg?v=1779444925&width=1500","image/jpeg","200","OK","Indexable","","0","0.190","",""
"https://inc5shop.com/products/womens-maroon-casual-solid-square-toe-block-heels-pumps-800740-maroon","text/html; charset=UTF-8","429","Too Many Requests","Non-Indexable","Client Error","3","0.109","",""
"https://inc5shop.com/cdn/shop/files/102890_Tan_1.jpg?v=1779366304&width=1500","image/jpeg","200","OK","Indexable","","0","0.692","",""
"https://inc5shop.com/products/womens-silver-ethnic-embellished-open-toe-flat-slip-ons-102938-silver","text/html; charset=UTF-8","429","Too Many Requests","Non-Indexable","Client Error","3","0.105","",""
"https://inc5shop.com/products/womens-tan-party-wear-embellished-pointed-toe-block-heels-800828-tan","text/html; charset=UTF-8","429","Too Many Requests","Non-Indexable","Client Error","3","0.117","",""
"https://inc5shop.com/products/womens-pewter-party-wear-embellished-round-toe-platform-heels-500295-pewter","text/html; charset=UTF-8","429","Too Many Requests","Non-Indexable","Client Error","3","0.106","",""
"https://inc5shop.com/cdn/shop/files/301010_ANTIQUE_6f6e51e4-16c4-4829-814b-da5d37c1ebf3.jpg?v=1770805241&width=1500","image/jpeg","200","OK","Indexable","","0","1.822","",""
"https://inc5shop.com/cdn/shop/files/102894_Tan-0.jpg?v=1779444924&width=1500","image/jpeg","200","OK","Indexable","","0","0.720","",""
"https://inc5shop.com/collections/latest-style-drop?page=2","text/html; charset=UTF-8","429","Too Many Requests","Non-Indexable","Client Error","2","0.113","",""
"https://inc5shop.com/cdn/shop/files/500305_Pewter-0.jpg?v=1779444924&width=1500","image/jpeg","200","OK","Indexable","","0","0.369","",""
"https://inc5shop.com/collections/latest-style-drop?page=3","text/html; charset=UTF-8","429","Too Many Requests","Non-Indexable","Client Error","1","0.151","",""
"https://inc5shop.com/products/womens-tan-casual-solid-pattern-t-strap-flat-slip-ons-102632-tan","text/html; charset=UTF-8","429","Too Many Requests","Non-Indexable","Client Error","3","0.114","",""
"https://inc5shop.com/products/womens-silver-party-wear-solid-round-toe-wedge-heels-301014-silver","text/html; charset=UTF-8","429","Too Many Requests","Non-Indexable","Client Error","3","0.141","",""
"https://inc5shop.com/products/womens-rose-gold-party-wear-solid-square-toe-block-heels-301109-rose-gold","text/html; charset=UTF-8","429","Too Many Requests","Non-Indexable","Client Error","3","0.107","",""
"https://inc5shop.com/cdn/shop/files/800740_Maroon-0.jpg?v=1779444924&width=1500","image/jpeg","200","OK","Indexable","","0","0.386","",""
"https://inc5shop.com/cdn/shop/files/601174_Pewter-0.jpg?v=1779444924&width=1500","image/jpeg","200","OK","Indexable","","0","0.385","",""
"https://inc5shop.com/products/womens-rose-gold-ethnic-embellished-t-strap-flat-slip-ons-601184-rose-gold","text/html; charset=UTF-8","429","Too Many Requests","Non-Indexable","Client Error","3","0.101","",""
"https://inc5shop.com/cdn/shop/files/601176_Rose_Gold-0.jpg?v=1779444924&width=1500","image/jpeg","200","OK","Indexable","","0","0.693","",""
"https://inc5shop.com/cdn/shop/files/601191_Silver-0.jpg?v=1779444925&width=1500","image/jpeg","200","OK","Indexable","","0","0.373","",""
"https://inc5shop.com/cdn/shop/files/301109_Rose_Gold_1.jpg?v=1779366344&width=1500","image/jpeg","200","OK","Indexable","","0","0.399","",""
"https://inc5shop.com/cdn/shop/files/500295_Pewter_1.jpg?v=1779366345&width=1500","image/jpeg","200","OK","Indexable","","0","0.651","",""
"https://inc5shop.com/cdn/shop/files/102842_White_1.jpg?v=1779366299&width=1500","image/jpeg","200","OK","Indexable","","0","0.705","",""
"https://inc5shop.com/products/womens-tan-party-wear-solid-pattern-round-toe-platform-heels-102890-tan","text/html; charset=UTF-8","429","Too Many Requests","Non-Indexable","Client Error","3","0.126","",""
"https://inc5shop.com/cdn/shop/files/102890_Tan-0.jpg?v=1779444923&width=1500","image/jpeg","200","OK","Indexable","","0","0.689","",""
"https://inc5shop.com/products/womens-pewter-ethnic-embellished-one-toe-flat-slip-ons-601174-pewter","text/html; charset=UTF-8","429","Too Many Requests","Non-Indexable","Client Error","3","0.148","",""
"https://inc5shop.com/cdn/shop/files/301109_Rose_Gold-0.jpg?v=1779444924&width=1500","image/jpeg","200","OK","Indexable","","0","0.717","",""
"https://inc5shop.com/collections/latest-style-drop?page=10","text/html; charset=UTF-8","429","Too Many Requests","Non-Indexable","Client Error","1","0.135","",""
"https://inc5shop.com/products/womens-rose-gold-ethnic-embellished-round-toe-wedge-heels-601176-rose-gold","text/html; charset=UTF-8","429","Too Many Requests","Non-Indexable","Client Error","3","0.136","",""
"https://inc5shop.com/cdn/shop/files/102938_Silver_1.jpg?v=1779366343&width=1500","image/jpeg","200","OK","Indexable","","0","0.530","",""
"https://inc5shop.com/cdn/shop/files/500305_Pewter_1.jpg?v=1779366344&width=1500","image/jpeg","200","OK","Indexable","","0","0.295","",""
"https://inc5shop.com/cdn/shop/files/800740_Maroon_1.jpg?v=1779366422&width=1500","image/jpeg","200","OK","Indexable","","0","0.642","",""
"https://inc5shop.com/cdn/shop/files/102842_White-0.jpg?v=1779444923&width=1500","image/jpeg","200","OK","Indexable","","0","0.101","",""
"https://inc5shop.com/cdn/shop/files/102844_Nude-0.jpg?v=1779444924&width=1500","image/jpeg","200","OK","Indexable","","0","0.189","",""
"https://inc5shop.com/cdn/shop/files/800828_Tan_1.jpg?v=1779366423&width=1500","image/jpeg","200","OK","Indexable","","0","0.173","",""
"https://inc5shop.com/cdn/shop/files/601191_Silver_1.jpg?v=1779366349&width=1500","image/jpeg","200","OK","Indexable","","0","0.399","",""
"https://inc5shop.com/cdn/shop/files/601174_Pewter_1.jpg?v=1779366348&width=1500","image/jpeg","200","OK","Indexable","","0","0.589","",""
"https://inc5shop.com/cdn/shop/files/601176_Rose_Gold_1.jpg?v=1779366347&width=1500","image/jpeg","200","OK","Indexable","","0","0.646","",""
"https://inc5shop.com/products/womens-nude-casual-solid-open-toe-flat-slip-ons-102844-nude","text/html; charset=UTF-8","429","Too Many Requests","Non-Indexable","Client Error","3","0.114","",""
"https://inc5shop.com/cdn/shop/files/500295_Pewter-0.jpg?v=1779444924&width=1500","image/jpeg","200","OK","Indexable","","0","0.125","",""
"https://inc5shop.com/products/womens-pewter-party-wear-solid-round-toe-block-heels-500305-pewter","text/html; charset=UTF-8","429","Too Many Requests","Non-Indexable","Client Error","3","0.128","",""
"https://inc5shop.com/cdn/shop/files/601184_Rose_Gold_1.jpg?v=1779366348&width=1500","image/jpeg","200","OK","Indexable","","0","0.417","",""
"https://inc5shop.com/cdn/shop/files/301014_Silver_1.jpg?v=1779366344&width=1500","image/jpeg","200","OK","Indexable","","0","0.237","",""
"https://inc5shop.com/cdn/shop/files/102894_Tan_1.jpg?v=1779366304&width=1500","image/jpeg","200","OK","Indexable","","0","0.210","",""
"https://inc5shop.com/cdn/shop/files/301014_Silver-0.jpg?v=1779444924&width=1500","image/jpeg","200","OK","Indexable","","0","0.104","",""
"https://inc5shop.com/cdn/shop/files/102855_Tan_1.jpg?v=1779366302&width=1500","image/jpeg","200","OK","Indexable","","0","0.249","",""
"https://inc5shop.com/cdn/shop/files/102632_Tan_1.jpg?v=1779366300&width=1500","image/jpeg","200","OK","Indexable","","0","0.166","",""
"https://inc5shop.com/cdn/shop/files/102844_Nude_1.jpg?v=1779366300&width=1500","image/jpeg","200","OK","Indexable","","0","0.582","",""
"https://inc5shop.com/products/womens-tan-ethnic-embellished-square-toe-kitten-heel-102949-tan","text/html; charset=UTF-8","429","Too Many Requests","Non-Indexable","Client Error","3","0.106","",""
"https://inc5shop.com/products/womens-white-casual-solid-t-strap-flat-slip-ons-102842-white","text/html; charset=UTF-8","429","Too Many Requests","Non-Indexable","Client Error","3","0.146","",""
"https://inc5shop.com/cdn/shop/files/601184_Rose_Gold-0.jpg?v=1779444924&width=1500","image/jpeg","200","OK","Indexable","","0","0.887","",""
"https://inc5shop.com/cdn/shop/files/800741_White-0.jpg?v=1779444925&width=1500","image/jpeg","200","OK","Indexable","","0","0.182","",""
"https://inc5shop.com/products/womens-white-party-wear-solid-pointed-toe-block-heels-pumps-800741-white","text/html; charset=UTF-8","429","Too Many Requests","Non-Indexable","Client Error","3","0.130","",""
"https://inc5shop.com/products/womens-tan-party-wear-solid-round-toe-platform-heels-102894-tan","text/html; charset=UTF-8","429","Too Many Requests","Non-Indexable","Client Error","3","0.124","",""
"https://inc5shop.com/cdn/shop/files/800828_Tan-0.jpg?v=1779444925&width=1500","image/jpeg","200","OK","Indexable","","0","0.405","",""
"https://inc5shop.com/cdn/shop/files/102949_Tan-0.jpg?v=1779444925&width=1500","image/jpeg","200","OK","Indexable","","0","0.197","",""
"https://inc5shop.com/products/womens-tan-casual-solid-t-strap-flat-slip-ons-102855-tan","text/html; charset=UTF-8","429","Too Many Requests","Non-Indexable","Client Error","3","0.111","",""
"https://inc5shop.com/cdn/shop/files/800667_White-Pink_1_fb339ce0-c67d-4d9e-bb21-17e9eeca7a72.jpg?v=1752744372&width=1500","image/jpeg","200","OK","Indexable","","0","0.200","",""
"https://inc5shop.com/products/womens-white-casual-round-toe-sneakers-3581-white","text/html; charset=UTF-8","429","Too Many Requests","Non-Indexable","Client Error","3","0.115","",""
"https://inc5shop.com/cdn/shop/files/102855_Tan-0.jpg?v=1779444924&width=1500","image/jpeg","200","OK","Indexable","","0","0.496","",""
"https://inc5shop.com/cdn/shop/files/700069_Peach-0.jpg?v=1779444924&width=1500","image/jpeg","200","OK","Indexable","","0","0.651","",""
"https://inc5shop.com/cdn/shop/files/B-3651_Blue_2_a237d6c7-b984-415f-908c-14c4c245de83.jpg?v=1755493348&width=1500","image/jpeg","200","OK","Indexable","","0","0.114","",""
"https://inc5shop.com/cdn/shop/files/3584BLACK_1_baab5e85-b4a1-4fd9-b7b9-24379b94d0e4.jpg?v=1755494443&width=1500","image/jpeg","200","OK","Indexable","","0","0.106","",""
"https://inc5shop.com/products/womens-peach-party-wear-solid-block-heel-sandals-3406-peach","text/html; charset=UTF-8","429","Too Many Requests","Non-Indexable","Client Error","3","0.133","",""
"https://inc5shop.com/cdn/shop/files/B-3651_Blue_1_ef03dd99-7b37-408b-807d-01b66e2cc82d.jpg?v=1755493348&width=1500","image/jpeg","200","OK","Indexable","","0","0.192","",""
"https://inc5shop.com/products/women-pink-casual-solid-pointed-sneakers-800667-white-pink","text/html; charset=UTF-8","429","Too Many Requests","Non-Indexable","Client Error","4","0.123","",""
"https://inc5shop.com/cdn/shop/files/3584BLACK_1_baab5e85-b4a1-4fd9-b7b9-24379b94d0e4.jpg?v=1755494443","image/jpeg","200","OK","Indexable","","0","0.107","",""
"https://inc5shop.com/cdn/shop/files/3580_PEACH_466369cb-e98c-40eb-89a1-cc47aba21bca.jpg?v=1755494792&width=1500","image/jpeg","200","OK","Indexable","","0","0.114","",""
"https://inc5shop.com/cdn/shop/files/3406_Peach-0_5b0c2e2a-f029-4e01-a152-afecf6aa70b2.jpg?v=1761739324&width=1500","image/jpeg","200","OK","Indexable","","0","0.105","",""
"https://inc5shop.com/cdn/shop/files/700069_Peach_1.jpg?v=1779366349&width=1500","image/jpeg","200","OK","Indexable","","0","0.763","",""
"https://inc5shop.com/cdn/shop/files/8909131288870.png?v=1778048931","image/png","200","OK","Indexable","","0","0.133","",""
"https://inc5shop.com/cdn/shop/files/3403_Beige-0_59629ff9-eaef-4c21-a048-46ffd79a9dd1.jpg?v=1758524791&width=1500","image/jpeg","200","OK","Indexable","","0","0.114","",""
"https://inc5shop.com/cdn/shop/files/3445_GREEN_d3df86dd-6a7a-4c0f-ab7e-6dcdd165733f.jpg?v=1751979459","image/jpeg","200","OK","Indexable","","0","0.152","",""
"https://inc5shop.com/products/womens-white-casual-round-toe-sneakers-3603-white","text/html; charset=UTF-8","429","Too Many Requests","Non-Indexable","Client Error","3","0.168","",""
"https://inc5shop.com/cdn/shop/files/3584BEIGE_1_542a2060-bd46-49f8-a0c7-fc169546bc2c.jpg?v=1755494441","image/jpeg","200","OK","Indexable","","0","0.113","",""
"https://inc5shop.com/products/women-white-casual-solid-round-toe-sneakers-3652-white-purple","text/html; charset=UTF-8","429","Too Many Requests","Non-Indexable","Client Error","1","0.099","",""
"https://inc5shop.com/cdn/shop/files/3581_WHITE_4eedce2c-98f1-4cdd-bb48-c056d76b2977.jpg?v=1755494790&width=1500","image/jpeg","200","OK","Indexable","","0","0.380","",""
"https://inc5shop.com/products/women-white-and-peach-colourblocked-lace-ups-sneakers-1819-white-peach","text/html; charset=UTF-8","429","Too Many Requests","Non-Indexable","Client Error","3","0.114","",""
"https://inc5shop.com/cdn/shop/files/3584BEIGE_1_542a2060-bd46-49f8-a0c7-fc169546bc2c.jpg?v=1755494441&width=1500","image/jpeg","200","OK","Indexable","","0","0.205","",""
"https://inc5shop.com/cdn/shop/files/300983_Pewter_1_ab4681e4-af97-4a2c-ba57-35e3302a70b8.jpg?v=1756100679&width=1500","image/jpeg","200","OK","Indexable","","0","0.401","",""
"https://inc5shop.com/products/women-black-casual-solid-pointed-toe-moccasin-3645-black","text/html; charset=UTF-8","429","Too Many Requests","Non-Indexable","Client Error","3","0.115","",""
"https://inc5shop.com/products/women-navy-textured-block-heels-with-ankle-loop-1781-navy","text/html; charset=UTF-8","429","Too Many Requests","Non-Indexable","Client Error","3","0.104","",""
"https://inc5shop.com/cdn/shop/files/A-3584_Beige_1_b51afcd5-f000-4a7d-aaae-cdbf47ffcb4c.jpg?v=1755494441&width=1500","image/jpeg","200","OK","Indexable","","0","0.255","",""
"https://inc5shop.com/cdn/shop/files/3645_Beige_2_475f1c8f-b347-4c55-9e22-95b0b63c716b.jpg?v=1751435418&width=1500","image/jpeg","200","OK","Indexable","","0","0.393","",""
"https://inc5shop.com/cdn/shop/files/3603_WHITE_9baa65d3-66cb-43a4-a63c-8cab6d250049.jpg?v=1755494777&width=1500","image/jpeg","200","OK","Indexable","","0","0.828","",""
"https://inc5shop.com/cdn/shop/files/3602_White_1_b5665d4d-bc92-491a-8e5c-8df9edd045f0.jpg?v=1755494779&width=1500","image/jpeg","200","OK","Indexable","","0","0.762","",""
"https://inc5shop.com/cdn/shop/files/300983_Pewter_0_6907ee52-d777-4d36-aadb-a6e3015762e1.jpg?v=1756100679&width=1500","image/jpeg","200","OK","Indexable","","0","0.118","",""
"https://inc5shop.com/cdn/shop/files/3445_Green_1_71c743db-ae64-48e8-a13d-51502d0e27d0.jpg?v=1751979459&width=1500","image/jpeg","200","OK","Indexable","","0","0.226","",""
"https://inc5shop.com/cdn/shop/files/3652_Peach-Beige_1_217dc509-dcbc-40e2-8a7a-640298164901.jpg?v=1751449256&width=1500","image/jpeg","200","OK","Indexable","","0","0.378","",""
"https://inc5shop.com/products/women-pewter-party-wear-solid-pattern-round-toe-kitten-heel-sandals-300929-pewter","text/html; charset=UTF-8","429","Too Many Requests","Non-Indexable","Client Error","3","0.102","",""
"https://inc5shop.com/products/womens-blue-casual-solid-round-toe-sneakers-3651-blue","text/html; charset=UTF-8","429","Too Many Requests","Non-Indexable","Client Error","4","0.097","",""
"https://inc5shop.com/products/womens-black-casual-solid-laceup-sneakers-3584-black","text/html; charset=UTF-8","429","Too Many Requests","Non-Indexable","Client Error","4","0.111","",""
"https://inc5shop.com/products/womens-pewter-ethnic-embellished-square-toe-block-heel-sandals-300983-pewter","text/html; charset=UTF-8","429","Too Many Requests","Non-Indexable","Client Error","3","0.107","",""
"https://inc5shop.com/cdn/shop/files/3582_WHITE_fc883b26-1438-4a30-9a34-c0ed7b9e7ec3.jpg?v=1755494788&width=1500","image/jpeg","200","OK","Indexable","","0","0.746","",""
"https://inc5shop.com/cdn/shop/files/8909131286081.png?v=1778069469&width=1500","image/png","200","OK","Indexable","","0","0.871","",""
"https://inc5shop.com/cdn/shop/files/8909131286173.png?v=1777633443&width=1500","image/png","200","OK","Indexable","","0","0.838","",""
"https://inc5shop.com/collections/women-footwear?page=3","text/html; charset=UTF-8","429","Too Many Requests","Non-Indexable","Client Error","1","0.123","",""
"https://inc5shop.com/collections/women-footwear?page=2","text/html; charset=UTF-8","429","Too Many Requests","Non-Indexable","Client Error","2","0.151","",""
"https://inc5shop.com/cdn/shop/files/8909131288962.png?v=1777634376","image/png","200","OK","Indexable","","0","0.115","",""
"https://inc5shop.com/cdn/shop/files/3602_WHITE_095ace1d-2b1a-4d86-9be8-3322b9e6ed44.jpg?v=1755494779&width=1500","image/jpeg","200","OK","Indexable","","0","0.715","",""
"https://inc5shop.com/cdn/shop/files/B-3651_Blue_1_ef03dd99-7b37-408b-807d-01b66e2cc82d.jpg?v=1755493348","image/jpeg","200","OK","Indexable","","0","0.131","",""
"https://inc5shop.com/cdn/shop/files/3603_White_1_afef1fef-7e2f-4bb9-b5ed-3f794978906b.jpg?v=1755494777&width=1500","image/jpeg","200","OK","Indexable","","0","0.697","",""
"https://inc5shop.com/cdn/shop/files/8905564864421.png?v=1778069221&width=1500","image/png","200","OK","Indexable","","0","0.909","",""
"https://inc5shop.com/cdn/shop/files/8909131288702.jpg?v=1778693905&width=1500","image/jpeg","200","OK","Indexable","","0","0.562","",""
"https://inc5shop.com/products/womens-peach-and-white-casual-round-toe-sneakers-3580-peach","text/html; charset=UTF-8","429","Too Many Requests","Non-Indexable","Client Error","3","0.125","",""
"https://inc5shop.com/cdn/shop/files/300929_PEWTER_af3c404c-5369-4907-b7e7-6c16c3e8cf18.jpg?v=1755490474&width=1500","image/jpeg","200","OK","Indexable","","0","0.133","",""
"https://inc5shop.com/cdn/shop/files/3445_GREEN_d3df86dd-6a7a-4c0f-ab7e-6dcdd165733f.jpg?v=1751979459&width=1500","image/jpeg","200","OK","Indexable","","0","0.421","",""
"https://inc5shop.com/cdn/shop/files/3645_Black_2_a8c9d196-3c04-4319-8dec-443782de88ab.jpg?v=1751435416&width=1500","image/jpeg","200","OK","Indexable","","0","0.194","",""
"https://inc5shop.com/cdn/shop/files/generated-image-1783600403027.png?v=1783600795","image/png","200","OK","Indexable","","0","0.139","",""
"https://inc5shop.com/cdn/shop/files/8909131286081.png?v=1778069469","image/png","200","OK","Indexable","","0","0.109","",""
"https://inc5shop.com/products/women-beige-casual-solid-pointed-toe-moccasin-shoes-3645-beige","text/html; charset=UTF-8","429","Too Many Requests","Non-Indexable","Client Error","1","0.116","",""
"https://inc5shop.com/cdn/shop/products/1781_Navy_1.jpg?v=1753265791&width=1500","image/jpeg","200","OK","Indexable","","0","0.780","",""
"https://inc5shop.com/products/womens-beige-casual-solid-round-toe-sneakers-3651-beige","text/html; charset=UTF-8","429","Too Many Requests","Non-Indexable","Client Error","4","0.111","",""
"https://inc5shop.com/cdn/shop/files/generated-image-1783600403027.png?v=1783600795&width=1500","image/png","200","OK","Indexable","","0","0.142","",""
"https://inc5shop.com/cdn/shop/files/800667_White-Silver_1_3b6ffb1c-d0dc-41d9-bdd8-f45688e8973a.jpg?v=1752744370&width=1500","image/jpeg","200","OK","Indexable","","0","0.795","",""
"https://inc5shop.com/products/women-black-lightweight-loafers-1816-black","text/html; charset=UTF-8","429","Too Many Requests","Non-Indexable","Client Error","3","0.125","",""
"https://inc5shop.com/cdn/shop/files/3580_PEACH_466369cb-e98c-40eb-89a1-cc47aba21bca.jpg?v=1755494792","image/jpeg","200","OK","Indexable","","0","0.166","",""
"https://inc5shop.com/cdn/shop/files/3645_Black_1_6b264551-9b55-4a84-96c3-3e093e35da20.jpg?v=1751435416&width=1500","image/jpeg","200","OK","Indexable","","0","0.174","",""
"https://inc5shop.com/cdn/shop/files/3645_Beige_1_8a7efed8-c5e9-435a-b5a7-f634aba903fa.jpg?v=1751435418","image/jpeg","200","OK","Indexable","","0","0.410","",""
"https://inc5shop.com/cdn/shop/files/3581_White_1_cfc5ccf6-7542-4092-93f6-f580078b566d.jpg?v=1755494790&width=1500","image/jpeg","200","OK","Indexable","","0","0.410","",""
"https://inc5shop.com/cdn/shop/files/300929_Pewter_1_02de23a0-3e61-47ac-8834-b9470e1b0aaf.jpg?v=1755490474&width=1500","image/jpeg","200","OK","Indexable","","0","0.375","",""
"https://inc5shop.com/cdn/shop/files/A-3584_Black_1_c3b0dfef-0ca7-4a32-8226-a831e9ab9f6e.jpg?v=1755494443&width=1500","image/jpeg","200","OK","Indexable","","0","0.663","",""
"https://inc5shop.com/cdn/shop/files/3645_Black_1_6b264551-9b55-4a84-96c3-3e093e35da20.jpg?v=1751435416","image/jpeg","200","OK","Indexable","","0","0.204","",""
"https://inc5shop.com/products/women-silver-casual-solid-pointed-sneakers-800667-white-silver","text/html; charset=UTF-8","429","Too Many Requests","Non-Indexable","Client Error","4","0.134","",""
"https://inc5shop.com/products/women-pink-casual-solid-round-toe-sneakers-3652-peach-beige","text/html; charset=UTF-8","429","Too Many Requests","Non-Indexable","Client Error","3","0.136","",""
"https://inc5shop.com/cdn/shop/files/8909131286173.png?v=1777633443","image/png","200","OK","Indexable","","0","0.768","",""
"https://inc5shop.com/products/womens-white-casual-round-toe-sneakers-3602-white","text/html; charset=UTF-8","429","Too Many Requests","Non-Indexable","Client Error","3","0.162","",""
"https://inc5shop.com/cdn/shop/products/1819_White-Peach_1.jpg?v=1751437607&width=1500","image/jpeg","200","OK","Indexable","","0","0.413","",""
"https://inc5shop.com/cdn/shop/files/B-3651_Beige_2_3bc7098d-eaa5-4591-a56a-6190dafc4d23.jpg?v=1755493350&width=1500","image/jpeg","200","OK","Indexable","","0","1.089","",""
"https://inc5shop.com/cdn/shop/files/300929_PEWTER_af3c404c-5369-4907-b7e7-6c16c3e8cf18.jpg?v=1755490474","image/jpeg","200","OK","Indexable","","0","0.174","",""
"https://inc5shop.com/cdn/shop/files/8909131288702.jpg?v=1778693905","image/jpeg","200","OK","Indexable","","0","0.408","",""
"https://inc5shop.com/cdn/shop/files/3652_White-Purple_1_6519b44b-23ff-40ce-a3e3-9a619d5a4058.jpg?v=1751449255&width=1500","image/jpeg","200","OK","Indexable","","0","0.769","",""
"https://inc5shop.com/products/womens-beige-party-wear-solid-square-toe-block-heel-sandals-3403-beige","text/html; charset=UTF-8","429","Too Many Requests","Non-Indexable","Client Error","3","0.345","",""
"https://inc5shop.com/cdn/shop/files/3645_Beige_1_8a7efed8-c5e9-435a-b5a7-f634aba903fa.jpg?v=1751435418&width=1500","image/jpeg","200","OK","Indexable","","0","0.931","",""
"https://inc5shop.com/cdn/shop/files/3580_Peach_1_6076334a-7923-41f9-b990-236b40ba492f.jpg?v=1755494792&width=1500","image/jpeg","200","OK","Indexable","","0","0.781","",""
"https://inc5shop.com/products/womens-white-casual-round-toe-sneakers-3582-white","text/html; charset=UTF-8","429","Too Many Requests","Non-Indexable","Client Error","3","0.101","",""
"https://inc5shop.com/products/women-green-party-wear-solid-round-toe-block-heel-sandals-3445-green","text/html; charset=UTF-8","429","Too Many Requests","Non-Indexable","Client Error","3","0.105","",""
"https://inc5shop.com/products/womens-beige-casual-solid-laceup-sneakers-3584-beige","text/html; charset=UTF-8","429","Too Many Requests","Non-Indexable","Client Error","4","0.118","",""
"https://inc5shop.com/cdn/shop/files/8905564865152.jpg?v=1778693726&width=1500","image/jpeg","200","OK","Indexable","","0","0.409","",""
"https://inc5shop.com/cdn/shop/files/8905564864421.png?v=1778069221","image/png","200","OK","Indexable","","0","0.191","",""
"https://inc5shop.com/collections/women-footwear?page=77","text/html; charset=UTF-8","429","Too Many Requests","Non-Indexable","Client Error","1","0.118","",""
"https://inc5shop.com/cdn/shop/files/3406_Peach_1_32d6c1cb-c390-4e22-8a5a-fca67f1061ec.jpg?v=1761718669&width=1500","image/jpeg","200","OK","Indexable","","0","0.173","",""
"https://inc5shop.com/cdn/shop/files/3403_Beige_1_80048b84-0e2b-48cd-837b-bc095a269e40.jpg?v=1758524791&width=1500","image/jpeg","200","OK","Indexable","","0","0.262","",""
"https://inc5shop.com/cdn/shop/files/8909131288962.png?v=1777634376&width=1500","image/png","200","OK","Indexable","","0","1.086","",""
"https://inc5shop.com/products/mens-red-formal-solid-narrow-toe-lace-up-shoe-15340-wine","text/html; charset=UTF-8","429","Too Many Requests","Non-Indexable","Client Error","3","0.169","",""
"https://inc5shop.com/cdn/shop/files/8909131288870.png?v=1778048931&width=1500","image/png","200","OK","Indexable","","0","0.514","",""
"https://inc5shop.com/collections/the-new-edit?page=4","text/html; charset=UTF-8","429","Too Many Requests","Non-Indexable","Client Error","1","0.240","",""
"https://inc5shop.com/cdn/shop/files/3582_White_1_d95644cf-c120-4f7c-a1ac-8821ccf1e893.jpg?v=1755494788&width=1500","image/jpeg","200","OK","Indexable","","0","0.691","",""
"https://inc5shop.com/cdn/shop/files/15391_Tan_1_66b40331-f0b6-4728-b9f7-48ff7a36799b.jpg?v=1772183381&width=1500","image/jpeg","200","OK","Indexable","","0","0.513","",""
"https://inc5shop.com/cdn/shop/files/1816_Black_1_d5f9803d-5a74-460e-b414-6d6cab5fcc7c.jpg?v=1755177035&width=1500","image/jpeg","200","OK","Indexable","","0","0.884","",""
"https://inc5shop.com/collections/the-new-edit?page=2","text/html; charset=UTF-8","429","Too Many Requests","Non-Indexable","Client Error","2","0.098","",""
"https://inc5shop.com/products/mens-grey-party-wear-solid-square-toe-loafer-shoes-15344-grey","text/html; charset=UTF-8","429","Too Many Requests","Non-Indexable","Client Error","3","0.280","",""
"https://inc5shop.com/collections/the-new-edit?page=3","text/html; charset=UTF-8","429","Too Many Requests","Non-Indexable","Client Error","1","0.107","",""
"https://inc5shop.com/products/mens-tan-casual-solid-pattern-square-toe-loafers-15377-tan","text/html; charset=UTF-8","429","Too Many Requests","Non-Indexable","Client Error","3","0.091","",""
"https://inc5shop.com/cdn/shop/files/15344_BLACK_6c076e3c-595f-4681-bfb0-3c7fe6298825.jpg?v=1766396352&width=1500","image/jpeg","200","OK","Indexable","","0","0.574","",""
"https://inc5shop.com/cdn/shop/files/15344_GREY_1782e8e6-d5e1-4c1a-8ec0-f13fc89379a6.jpg?v=1766396355&width=1500","image/jpeg","200","OK","Indexable","","0","0.470","",""
"https://inc5shop.com/cdn/shop/files/15395_Black_1_3119964d-3be6-4e3a-a995-fe34e4785693.jpg?v=1772183346&width=1500","image/jpeg","200","OK","Indexable","","0","0.610","",""
"https://inc5shop.com/products/mens-black-formal-solid-narrow-toe-derby-shoe-13548-black","text/html; charset=UTF-8","429","Too Many Requests","Non-Indexable","Client Error","3","0.119","",""
"https://inc5shop.com/products/mens-red-casual-embellished-round-toe-loafers-shoe-15394-wine","text/html; charset=UTF-8","429","Too Many Requests","Non-Indexable","Client Error","3","0.099","",""
"https://inc5shop.com/products/mens-tan-casual-striped-round-toe-sandals-15361-tan","text/html; charset=UTF-8","429","Too Many Requests","Non-Indexable","Client Error","3","0.133","",""
"https://inc5shop.com/products/mens-black-casual-solid-square-toe-loafers-shoe-15395-black","text/html; charset=UTF-8","429","Too Many Requests","Non-Indexable","Client Error","3","0.109","",""
"https://inc5shop.com/cdn/shop/files/15395_Black_6eb7265f-7080-4ff8-b2ae-28899b72f742.png?v=1772444998&width=1500","image/png","200","OK","Indexable","","0","0.895","",""
"https://inc5shop.com/cdn/shop/files/13548_BLACK_8eb38fc1-6c80-41ac-815e-5ea920867238.png?v=1772445019&width=1500","image/png","200","OK","Indexable","","0","1.211","",""
"https://inc5shop.com/products/mens-tan-casual-solid-square-toe-loafers-shoe-15395-tan","text/html; charset=UTF-8","429","Too Many Requests","Non-Indexable","Client Error","3","0.114","",""
"https://inc5shop.com/cdn/shop/files/15391_Tan_e1707c71-5434-4fd3-877c-6fcccc1c4d77.png?v=1772445018&width=1500","image/png","200","OK","Indexable","","0","0.418","",""
"https://inc5shop.com/products/mens-brown-formal-solid-narrow-toe-shoe-lace-up-shoe-15392-brown","text/html; charset=UTF-8","429","Too Many Requests","Non-Indexable","Client Error","3","0.123","",""
"https://inc5shop.com/cdn/shop/files/15340_Wine_dd2f9fb6-193c-43c0-8ade-b25062004bae.png?v=1772445013&width=1500","image/png","200","OK","Indexable","","0","0.384","",""
"https://inc5shop.com/cdn/shop/files/15344_Grey_1_3a0bf43d-d7a6-4604-94a6-0193c5b68969.jpg?v=1766382998&width=1500","image/jpeg","200","OK","Indexable","","0","0.414","",""
"https://inc5shop.com/cdn/shop/files/15392_Brown_1_ce9adeae-f27d-47e5-ae69-1251554fe5b2.jpg?v=1772183370&width=1500","image/jpeg","200","OK","Indexable","","0","0.646","",""
"https://inc5shop.com/cdn/shop/files/15361_Tan_1_56237c6b-72dd-4ad6-a4d6-b378f8611b9e.jpg?v=1772183380&width=1500","image/jpeg","200","OK","Indexable","","0","0.626","",""
"https://inc5shop.com/cdn/shop/files/15392_Brown_52ca8f8f-5955-49eb-818e-9f4aa8ccc994.png?v=1772445011&width=1500","image/png","200","OK","Indexable","","0","0.975","",""
"https://inc5shop.com/products/mens-black-party-wear-solid-square-toe-loafer-shoes-15344-black","text/html; charset=UTF-8","429","Too Many Requests","Non-Indexable","Client Error","3","0.166","",""
"https://inc5shop.com/cdn/shop/files/15395_Tan_5beeb071-754c-4fcd-8583-1a985e24941e.png?v=1772445016&width=1500","image/png","200","OK","Indexable","","0","0.176","",""
"https://inc5shop.com/cdn/shop/files/15377_Tan_58db0a12-5c8f-4e33-9958-e6b88d273c76.png?v=1772445014&width=1500","image/png","200","OK","Indexable","","0","0.196","",""
"https://inc5shop.com/cdn/shop/files/15395_Tan_1_837128e9-d91d-4921-876b-d900925d2c0e.jpg?v=1772183378&width=1500","image/jpeg","200","OK","Indexable","","0","0.177","",""
"https://inc5shop.com/cdn/shop/files/13548_Black_1_15e2619e-5b63-4b99-b094-18bce48c7ec9.jpg?v=1772184032&width=1500","image/jpeg","200","OK","Indexable","","0","0.481","",""
"https://inc5shop.com/products/mens-tan-formal-solid-narrow-toe-loafers-shoe-15391-tan","text/html; charset=UTF-8","429","Too Many Requests","Non-Indexable","Client Error","3","0.097","",""
"https://inc5shop.com/cdn/shop/files/15344_Black_1_399d2a8c-7673-4424-8c44-8849d5e85674.jpg?v=1766382994&width=1500","image/jpeg","200","OK","Indexable","","0","0.701","",""
"https://inc5shop.com/cdn/shop/files/15361_Tan_d871ed6a-1c81-47de-a5df-842814781b0b.png?v=1772445016&width=1500","image/png","200","OK","Indexable","","0","0.947","",""
"https://inc5shop.com/cdn/shop/files/15377_Tan_1_73ec8e3f-e43a-4d4b-ad04-fa3d2474a1da.jpg?v=1772183376&width=1500","image/jpeg","200","OK","Indexable","","0","0.808","",""
"https://inc5shop.com/cdn/shop/files/601143_Rose_Gold_1_18182483-71bb-496e-ba90-429e3d97cf2a.jpg?v=1770292089&width=1500","image/jpeg","200","OK","Indexable","","0","0.217","",""
"https://inc5shop.com/cdn/shop/files/3678_Gold_1.jpg?v=1773316345&width=1500","image/jpeg","200","OK","Indexable","","0","0.109","",""
"https://inc5shop.com/cdn/shop/files/601096_Antique_1_52d8f8a4-fc5d-4ff6-934c-98c7b036e385.jpg?v=1765365883&width=1500","image/jpeg","200","OK","Indexable","","0","0.116","",""
"https://inc5shop.com/cdn/shop/files/3688_Beige_1_ff28a040-878c-4a31-a151-5f6c4badef12.jpg?v=1765365663&width=1500","image/jpeg","200","OK","Indexable","","0","0.102","",""
"https://inc5shop.com/cdn/shop/files/15340_Wine_1_d923628b-04a0-490c-8b84-d30e6e07e000.jpg?v=1772183374&width=1500","image/jpeg","200","OK","Indexable","","0","0.696","",""
"https://inc5shop.com/cdn/shop/files/15394_Wine_26ece52d-089c-48ff-a048-590ba70fa3cb.png?v=1772445012&width=1500","image/png","200","OK","Indexable","","0","1.049","",""
"https://inc5shop.com/cdn/shop/files/15394_Wine_1_3e213e4d-02c3-4b97-af5f-f216f0d039cb.jpg?v=1772183372&width=1500","image/jpeg","200","OK","Indexable","","0","0.541","",""
"https://inc5shop.com/products/womens-grey-ethnic-wear-embellished-round-toe-wedge-heel-sandals-601098-grey","text/html; charset=UTF-8","429","Too Many Requests","Non-Indexable","Client Error","3","0.155","",""
"https://inc5shop.com/cdn/shop/files/AI_images.png?v=1773316345&width=1500","image/png","200","OK","Indexable","","0","0.361","",""
"https://inc5shop.com/products/womens-silver-ethnic-embellished-round-toe-block-heel-sandals-600982-silver","text/html; charset=UTF-8","429","Too Many Requests","Non-Indexable","Client Error","3","0.185","",""
"https://inc5shop.com/products/womens-golden-ethnic-wear-embellished-square-toe-block-heel-sandals-601097-gold","text/html; charset=UTF-8","429","Too Many Requests","Non-Indexable","Client Error","3","0.130","",""
"https://inc5shop.com/products/womens-rose-gold-ethnic-wear-embellished-round-toe-wedge-heel-sandals-601043-rose-gold","text/html; charset=UTF-8","429","Too Many Requests","Non-Indexable","Client Error","3","0.131","",""
"https://inc5shop.com/products/womens-golden-ethnic-embellished-round-toe-wedge-heel-sandals-601141-antique","text/html; charset=UTF-8","429","Too Many Requests","Non-Indexable","Client Error","3","0.137","",""
"https://inc5shop.com/products/womens-golden-ethnic-wear-embellished-round-toe-wedge-heel-sandals-601043-antique","text/html; charset=UTF-8","429","Too Many Requests","Non-Indexable","Client Error","3","0.142","",""
"https://inc5shop.com/products/womens-golden-ethnic-wear-embellished-square-toe-heel-sandals-601096-antique","text/html; charset=UTF-8","429","Too Many Requests","Non-Indexable","Client Error","3","0.124","",""
"https://inc5shop.com/products/womens-golden-casual-embellished-round-toe-wedge-heel-sandals-601135-antique","text/html; charset=UTF-8","429","Too Many Requests","Non-Indexable","Client Error","3","0.118","",""
"https://inc5shop.com/products/womens-green-ethnic-wear-textured-round-toe-block-heel-sandals-3688-green","text/html; charset=UTF-8","429","Too Many Requests","Non-Indexable","Client Error","3","0.106","",""
"https://inc5shop.com/products/womens-rose-gold-ethnic-embellished-round-toe-block-heels-600982-rose-gold","text/html; charset=UTF-8","429","Too Many Requests","Non-Indexable","Client Error","3","0.112","",""
"https://inc5shop.com/cdn/shop/files/601043_Antique_1_878fd4dd-9803-488a-a986-c46e8917a2a8.jpg?v=1765365877&width=1500","image/jpeg","200","OK","Indexable","","0","0.195","",""
"https://inc5shop.com/products/womens-golden-ethnic-wear-embellished-pattern-square-toe-block-heels-601097-antique","text/html; charset=UTF-8","429","Too Many Requests","Non-Indexable","Client Error","3","0.132","",""
"https://inc5shop.com/cdn/shop/files/601135_ANTIQUE-0_7b4ea49c-f680-4607-a7dd-20251d4d6663.jpg?v=1783582204&width=1500","image/jpeg","200","OK","Indexable","","0","0.258","",""
"https://inc5shop.com/cdn/shop/files/3688_BEIGE_8524e000-0a6d-4e5b-be26-14a0881e4c2b.jpg?v=1768388579&width=1500","image/jpeg","200","OK","Indexable","","0","0.426","",""
"https://inc5shop.com/products/women-golden-party-wear-embellished-round-toe-block-heel-sandals-3678-gold","text/html; charset=UTF-8","429","Too Many Requests","Non-Indexable","Client Error","3","0.149","",""
"https://inc5shop.com/products/womens-rose-gold-casual-embellished-round-toe-wedge-heel-sandals-601135-rose-gold","text/html; charset=UTF-8","429","Too Many Requests","Non-Indexable","Client Error","3","0.106","",""
"https://inc5shop.com/products/womens-black-ethnic-embellished-round-toe-wedge-heel-sandals-601102-black","text/html; charset=UTF-8","429","Too Many Requests","Non-Indexable","Client Error","3","0.120","",""
"https://inc5shop.com/products/womens-pewter-ethnic-embellished-round-toe-wedge-heel-sandals-601141-pewter","text/html; charset=UTF-8","429","Too Many Requests","Non-Indexable","Client Error","3","0.132","",""
"https://inc5shop.com/collections/ethnic-footwear?page=12","text/html; charset=UTF-8","429","Too Many Requests","Non-Indexable","Client Error","1","0.144","",""
"https://inc5shop.com/cdn/shop/files/3688_Green_1_eca55997-c0b9-41f0-b40d-75c2a1e4c6c1.jpg?v=1765365946&width=1500","image/jpeg","200","OK","Indexable","","0","0.393","",""
"https://inc5shop.com/cdn/shop/files/601102_Black_1_fb33b677-5ffd-44d4-b9c1-9a8f451e7622.jpg?v=1770717290&width=1500","image/jpeg","200","OK","Indexable","","0","0.238","",""
"https://inc5shop.com/cdn/shop/files/601096_Rose_Gold-0_97dd5620-4bbf-45ef-843b-e2f40dba95b0.jpg?v=1765865005&width=1500","image/jpeg","200","OK","Indexable","","0","0.670","",""
"https://inc5shop.com/cdn/shop/files/601135_ROSE_GOLD-0_85ddfa9c-5007-45a0-b59a-f0ea8161c446.jpg?v=1783582264&width=1500","image/jpeg","200","OK","Indexable","","0","0.643","",""
"https://inc5shop.com/cdn/shop/files/601043_ROSE_GOLD_70eae044-4235-4b62-9606-cdcddfd0208c.jpg?v=1768388504&width=1500","image/jpeg","200","OK","Indexable","","0","0.165","",""
"https://inc5shop.com/products/womens-rose-gold-ethnic-embellished-round-toe-block-heel-sandals-601143-rose-gold","text/html; charset=UTF-8","429","Too Many Requests","Non-Indexable","Client Error","3","0.184","",""
"https://inc5shop.com/cdn/shop/files/601135_Antique_1_bd07d442-3eea-48ab-b0a2-58aac6a12a46.jpg?v=1770291909&width=1500","image/jpeg","200","OK","Indexable","","0","0.139","",""
"https://inc5shop.com/products/womens-beige-ethnic-wear-textured-round-toe-block-heel-sandals-3688-beige","text/html; charset=UTF-8","429","Too Many Requests","Non-Indexable","Client Error","3","0.110","",""
"https://inc5shop.com/cdn/shop/files/601043_Rose_Gold_1_daf6a03a-fdba-42fe-b029-a917ac864f48.jpg?v=1765366017&width=1500","image/jpeg","200","OK","Indexable","","0","0.120","",""
"https://inc5shop.com/cdn/shop/files/601043_ANTIQUE_2bc3a484-2f40-40a9-ba81-42d05760d974.jpg?v=1768388532&width=1500","image/jpeg","200","OK","Indexable","","0","0.101","",""
"https://inc5shop.com/cdn/shop/files/601141_Antique_1_0fa8ea1e-ed89-4d5a-95ed-f4596eb10221.jpg?v=1770291944&width=1500","image/jpeg","200","OK","Indexable","","0","0.475","",""
"https://inc5shop.com/products/womens-rose-gold-ethnic-wear-embellished-square-toe-block-heel-sandals-601096-rose-gold","text/html; charset=UTF-8","429","Too Many Requests","Non-Indexable","Client Error","3","0.122","",""
"https://inc5shop.com/cdn/shop/files/601098_Grey-0_dadbae42-fa65-4ef6-a23a-e1c1fc4afa13.jpg?v=1765865019&width=1500","image/jpeg","200","OK","Indexable","","0","0.188","",""
"https://inc5shop.com/cdn/shop/files/601141_PEWTER-0_6208c6d7-6d4f-427a-a6c0-8181518e1a15.jpg?v=1770359636&width=1500","image/jpeg","200","OK","Indexable","","0","0.934","",""
"https://inc5shop.com/cdn/shop/files/601097_Antique_1_eb2b1ba3-d492-48fa-8d95-515e8a4f942a.jpg?v=1765365873&width=1500","image/jpeg","200","OK","Indexable","","0","0.774","",""
"https://inc5shop.com/cdn/shop/files/601097_Gold_1_5cb2ab44-5a1a-4bbe-877a-95ec88b70c51.jpg?v=1765365879&width=1500","image/jpeg","200","OK","Indexable","","0","0.255","",""
"https://inc5shop.com/cdn/shop/files/601135_Rose_Gold_1_3166fac6-f2a0-4024-9cc5-8dabad2af413.jpg?v=1770292081&width=1500","image/jpeg","200","OK","Indexable","","0","0.458","",""
"https://inc5shop.com/cdn/shop/files/601098_Grey_1_cc9899c4-e1ec-4fb3-9a0d-51a668cb60fe.jpg?v=1765365963&width=1500","image/jpeg","200","OK","Indexable","","0","0.188","",""
"https://inc5shop.com/collections/ethnic-footwear?page=2","text/html; charset=UTF-8","429","Too Many Requests","Non-Indexable","Client Error","2","0.115","",""
"https://inc5shop.com/cdn/shop/files/3688_GREEN_6e7c1ec3-13f7-423a-897e-2cce4cf5c0bd.jpg?v=1768388523&width=1500","image/jpeg","200","OK","Indexable","","0","0.638","",""
"https://inc5shop.com/cdn/shop/files/601102_BLACK_d619d982-beea-4d1f-92bd-5bd9a5ec5649.jpg?v=1770805280&width=1500","image/jpeg","200","OK","Indexable","","0","0.394","",""
"https://inc5shop.com/cdn/shop/files/601097_Antique-0_e866421e-bc9f-4483-b105-6ed4d258392b.jpg?v=1765865036&width=1500","image/jpeg","200","OK","Indexable","","0","1.087","",""
"https://inc5shop.com/cdn/shop/files/601097_Gold-0_cdb922ce-4fa2-41c3-81d6-4d7e68bd651b.jpg?v=1765865035&width=1500","image/jpeg","200","OK","Indexable","","0","0.210","",""
"https://inc5shop.com/collections/ethnic-footwear?page=3","text/html; charset=UTF-8","429","Too Many Requests","Non-Indexable","Client Error","1","0.131","",""
"https://inc5shop.com/cdn/shop/files/600982_ROSE_GOLD-0_7a5fff91-3922-4439-8503-697c492be19b.jpg?v=1770359621&width=1500","image/jpeg","200","OK","Indexable","","0","0.651","",""
"https://inc5shop.com/cdn/shop/files/601141_ANTIQUE-0_3d3ad2bc-6ee2-43b9-be03-4e3d66ccdd00.jpg?v=1770359687&width=1500","image/jpeg","200","OK","Indexable","","0","0.425","",""
"https://inc5shop.com/cdn/shop/files/600982_SILVER-0_9c01e609-e2e6-43b9-a99e-c6690179ae36.jpg?v=1770359607&width=1500","image/jpeg","200","OK","Indexable","","0","0.734","",""
"https://inc5shop.com/cdn/shop/files/600982_Silver_1_70ba13e9-b907-4027-aba7-16c89abe4a86.jpg?v=1770292115&width=1500","image/jpeg","200","OK","Indexable","","0","0.401","",""
"https://inc5shop.com/cdn/shop/files/600982_Rose_Gold_1_745f8eec-8cd2-4cf2-97a3-4df865fd866c.jpg?v=1770292091&width=1500","image/jpeg","200","OK","Indexable","","0","0.580","",""
"https://inc5shop.com/cdn/shop/files/601096_Rose_Gold_1_2f608e2b-0b3d-45a6-9838-674eec535a13.jpg?v=1765366019&width=1500","image/jpeg","200","OK","Indexable","","0","0.689","",""
"https://inc5shop.com/cdn/shop/files/601096_Antique-0_25d33a81-2d5e-4de7-84df-7f0f2fd51ce6.jpg?v=1765865034&width=1500","image/jpeg","200","OK","Indexable","","0","0.370","",""
"https://inc5shop.com/cdn/shop/t/203/assets/cart.js?v=53973376719736494311770717761","","0","Blocked by robots.txt","Non-Indexable","Blocked by robots.txt","0","","",""
"https://inc5shop.com/cdn/shop/files/601141_Pewter_1_a82b64df-9f5d-46bd-84bc-b08d9b4a4249.jpg?v=1770292059&width=1500","image/jpeg","200","OK","Indexable","","0","0.699","",""
"https://inc5shop.com/collections/all","text/html; charset=UTF-8","429","Too Many Requests","Non-Indexable","Client Error","2","0.139","",""
"https://inc5shop.com/cdn/shop/t/203/assets/quantity-popover.js?v=987015268078116491770717761","text/javascript","200","OK","Non-Indexable","Canonicalised","0","0.140","",""
"https://inc5shop.com/cdn/shop/files/601143_ROSE_GOLD-0_cebde37a-3b5d-4a0d-8810-79598249fd35.jpg?v=1770359622&width=1500","image/jpeg","200","OK","Indexable","","0","0.565","",""
"https://cdn.shopify.com/s/files/1/0564/8826/3854/t/203/assets/predictive-search.js","text/javascript","200","OK","Indexable","","0","0.532","",""
"https://cdn.shopify.com/s/files/1/0564/8826/3854/t/203/assets/global.js","text/javascript","200","OK","Indexable","","0","0.574","",""
"https://cdn.shopify.com/s/files/1/0564/8826/3854/t/203/assets/show-more.js","text/javascript","200","OK","Indexable","","0","0.479","",""
"https://cdn.shopify.com/shopifycloud/portable-wallets/latest/portable-wallets.en.js","text/javascript","200","OK","Indexable","","0","0.078","",""
"https://cdn.shopify.com/s/files/1/0564/8826/3854/t/203/assets/pickup-availability.js","text/javascript","200","OK","Indexable","","0","0.620","",""
"https://cdn.shopify.com/s/files/1/0564/8826/3854/t/203/assets/product-modal.js","text/javascript","200","OK","Indexable","","0","0.473","",""
"https://cdn.shopify.com/s/files/1/0564/8826/3854/t/203/assets/facets.js","text/javascript","200","OK","Indexable","","0","0.534","",""
"https://cdn.shopify.com/shopifycloud/portable-wallets/latest/accelerated-checkout-backwards-compat.css","text/css","200","OK","Indexable","","0","0.059","",""
"https://cdn.shopify.com/s/files/1/0564/8826/3854/t/203/assets/product-form.js","text/javascript","200","OK","Indexable","","0","0.491","",""
"https://cdn.shopify.com/s/files/1/0564/8826/3854/t/203/assets/share.js","text/javascript","200","OK","Indexable","","0","0.466","",""
"https://cdn.shopify.com/s/files/1/0564/8826/3854/t/203/assets/media-gallery.js","text/javascript","200","OK","Indexable","","0","0.536","",""
"https://cdn.shopify.com/s/files/1/0564/8826/3854/t/203/assets/quantity-popover.js","text/javascript","200","OK","Indexable","","0","0.428","",""
"https://cdn.shopify.com/s/files/1/0564/8826/3854/t/203/assets/product-info.js","text/javascript","200","OK","Indexable","","0","0.518","",""
