check_id,url,severity,status,source,artifact_ref,result,next_action
public_crawl_evidence_available,https://www.strique.io,low,pass,firecrawl,brands/strique/exports/url-inventory.csv,63 public URLs are available in the crawl inventory.,
rendered_browser_evidence_available,https://www.strique.io,low,pass,playwright,brands/strique/references/evidence/20260629T193943Z/pages/511c7435dc7b/playwright.json,63 Playwright page artifacts are available.,
performance_evidence_available,https://www.strique.io,low,pass,lighthouse,brands/strique/references/evidence/20260629T193943Z/pages/511c7435dc7b/lighthouse.json,127 lab or field performance artifacts are available.,
keyword_demand_evidence_available,https://www.strique.io,low,pass,keyword_planner,brands/strique/references/evidence/20260629T193943Z/keyword_planner.json,Keyword Planner evidence is available.,
keyword_intent_grouping,https://www.strique.io,medium,pass,keyword_planner,brands/strique/references/evidence/20260629T193943Z/keyword_planner.json,228 keyword rows grouped into 3 intents and 6 page types.,
posthog_evidence_available,https://www.strique.io,low,fail,posthog,brands/strique/references/evidence/20260629T193943Z/posthog.json,posthog evidence status is blocked.,Record analytics evidence from the connected provider.
crawl_waste_review,https://www.strique.io,medium,pass,firecrawl,brands/strique/exports/url-inventory.csv,0 crawl error or blocked rows found in public inventory.,
redirect_chain_valid,https://www.strique.io,medium,not_applicable,firecrawl,brands/strique/exports/url-inventory.csv,No moved URL or redirect inventory was provided.,
non_html_asset_inventory,https://www.strique.io,low,not_applicable,firecrawl,brands/strique/exports/url-inventory.csv,No non-HTML public assets were included in the crawl inventory.,
non_html_x_robots,https://www.strique.io,low,not_applicable,firecrawl,brands/strique/exports/url-inventory.csv,No non-HTML assets require X-Robots-Tag review.,
tls_certificate_valid,https://www.strique.io,high,pass,public_http,brands/strique/references/evidence/20260629T193943Z/public-http.json,TLS certificate has 35 days remaining.,
hsts_header_present,https://www.strique.io,medium,fail,public_http,brands/strique/references/evidence/20260629T193943Z/public-http.json,Strict-Transport-Security header is missing.,Add HSTS if forced HTTPS is safe for the production domain.
non_production_canonical,https://www.strique.io,medium,not_applicable,firecrawl,brands/strique/exports/url-inventory.csv,No staging or preview URLs were discovered.,
non_production_indexation,https://www.strique.io,medium,not_applicable,firecrawl,brands/strique/exports/url-inventory.csv,No non-production URLs were discovered.,
gsc_url_inspection_indexing,https://www.strique.io,high,fail,gsc,brands/strique/references/evidence/20260629T193943Z/gsc.json,URL Inspection issues found: https://www.strique.io/blog: Not found (404),Fix URL Inspection indexing blockers for priority URLs.
gsc_search_appearance_review,https://www.strique.io,low,pass,gsc,brands/strique/references/evidence/20260629T193943Z/gsc.json,GSC search appearance export reviewed with 0 rows.,
gsc_serp_expectation,https://www.strique.io,medium,pass,gsc,brands/strique/references/evidence/20260629T193943Z/gsc.json,2455 query/page/country rows available for SERP expectation review.,
gsc_measurement_coverage,https://www.strique.io,medium,pass,gsc,brands/strique/references/evidence/20260629T193943Z/gsc.json,"GSC artifact includes 2455 query/page/country rows, 2496 page/date rows, and 10 URL Inspection rows.",
gsc_landing_page_performance,https://www.strique.io,medium,pass,gsc,brands/strique/references/evidence/20260629T193943Z/gsc.json,2455 query/page/country rows and 2496 page/date rows available for organic landing-page review.,
gsc_query_drift,https://www.strique.io,medium,pass,gsc,brands/strique/references/evidence/20260629T193943Z/gsc.json,3000 query/page/date rows available for query drift review.,
gsc_decay,https://www.strique.io,medium,pass,gsc,brands/strique/references/evidence/20260629T193943Z/gsc.json,2496 dated GSC rows available for decay analysis.,
crawl_status,https://www.strique.io/,high,pass,firecrawl,brands/strique/references/crawls/20260629T193943Z/pages/511c7435dc7b/firecrawl.json,URL crawled with status 200.,
indexable,https://www.strique.io/,high,pass,firecrawl,brands/strique/references/crawls/20260629T193943Z/pages/511c7435dc7b/firecrawl.json,Indexability is yes.,
title_present,https://www.strique.io/,medium,pass,firecrawl,brands/strique/references/crawls/20260629T193943Z/pages/511c7435dc7b/firecrawl.json,Title: Agentic AI Marketing Platform for Growth Teams | Strique,
meta_description_present,https://www.strique.io/,medium,pass,firecrawl,brands/strique/references/crawls/20260629T193943Z/pages/511c7435dc7b/firecrawl.json,"Meta description: Run paid media, SEO, content, lifecycle, and reporting from one agentic AI. The leading agentic AI for marketing — used by 1,247 marketers in 38 countries.",
single_h1,https://www.strique.io/,medium,fail,firecrawl,brands/strique/references/crawls/20260629T193943Z/pages/511c7435dc7b/firecrawl.json,H1 count is 2.,Use one clear H1 on the page.
canonical_match,https://www.strique.io/,high,pass,firecrawl,brands/strique/references/crawls/20260629T193943Z/pages/511c7435dc7b/firecrawl.json,Canonical: https://www.strique.io/,
schema_present,https://www.strique.io/,low,pass,firecrawl,brands/strique/references/crawls/20260629T193943Z/pages/511c7435dc7b/firecrawl.json,"Schema types: AggregateRating, Answer, ContactPoint, FAQPage, Offer, Organization, Question, SearchAction, SoftwareApplication, WebSite",
image_alt_text,https://www.strique.io/,low,fail,firecrawl,brands/strique/references/crawls/20260629T193943Z/pages/511c7435dc7b/firecrawl.json,7 images are missing alt text.,Add useful alt text for meaningful images.
sitemap_inclusion,https://www.strique.io/,low,pass,firecrawl,brands/strique/references/crawls/20260629T193943Z/pages/511c7435dc7b/firecrawl.json,Sitemap inclusion is yes.,
content_visible,https://www.strique.io/,high,pass,firecrawl,brands/strique/references/crawls/20260629T193943Z/pages/511c7435dc7b/firecrawl.json,Rendered public text has 10724 words.,
content_type_classifiable,https://www.strique.io/,medium,pass,firecrawl,brands/strique/references/crawls/20260629T193943Z/pages/511c7435dc7b/firecrawl.json,"Public URL, title, and rendered text were reviewed for a recognizable page type.",
resource_rendering_not_blocked,https://www.strique.io/,high,pass,firecrawl,brands/strique/references/crawls/20260629T193943Z/pages/511c7435dc7b/firecrawl.json,Critical page content rendered successfully.,
title_not_keyword_stuffed,https://www.strique.io/,medium,pass,firecrawl,brands/strique/references/crawls/20260629T193943Z/pages/511c7435dc7b/firecrawl.json,Title reviewed for repeated terms and separator stuffing: Agentic AI Marketing Platform for Growth Teams | Strique.,
heading_not_keyword_stuffed,https://www.strique.io/,medium,pass,firecrawl,brands/strique/references/crawls/20260629T193943Z/pages/511c7435dc7b/firecrawl.json,12 rendered headings reviewed for stuffing.,
preview_controls_safe,https://www.strique.io/,medium,pass,firecrawl,brands/strique/references/crawls/20260629T193943Z/pages/511c7435dc7b/firecrawl.json,No harmful snippet preview controls were detected.,
url_path_clean,https://www.strique.io/,medium,pass,firecrawl,brands/strique/references/crawls/20260629T193943Z/pages/511c7435dc7b/firecrawl.json,"URL path reviewed for IDs, dates, session keys, and implementation details.",
media_support_present,https://www.strique.io/,low,pass,firecrawl,brands/strique/references/crawls/20260629T193943Z/pages/511c7435dc7b/firecrawl.json,104 images found on the page.,
content_not_ai_slop,https://www.strique.io/,low,pass,firecrawl,brands/strique/references/crawls/20260629T193943Z/pages/511c7435dc7b/firecrawl.json,Rendered copy reviewed for common generic AI filler phrases.,
thin_prompt_variant_pages,https://www.strique.io/,medium,pass,firecrawl,brands/strique/references/crawls/20260629T193943Z/pages/511c7435dc7b/firecrawl.json,Rendered public text has 10724 words.,
docs_content_extractable,https://www.strique.io/,medium,not_applicable,firecrawl,brands/strique/references/crawls/20260629T193943Z/pages/511c7435dc7b/firecrawl.json,This is not a docs or support URL.,
performance_score,https://www.strique.io/,medium,fail,lighthouse,brands/strique/references/evidence/20260629T193943Z/pages/511c7435dc7b/lighthouse.json,Performance score is 0.65.,Improve Core Web Vitals and Lighthouse performance bottlenecks.
blocking_popups_interstitials,https://www.strique.io/,medium,fail,playwright,brands/strique/references/evidence/20260629T193943Z/pages/511c7435dc7b/playwright.json,"2 large fixed, modal, or interstitial elements may block main content. 2 large fixed, modal, or interstitial elements may block main content.","Remove or reduce blocking overlays on first render, especially on mobile."
body_text_line_length,https://www.strique.io/,medium,pass,playwright,brands/strique/references/evidence/20260629T193943Z/pages/511c7435dc7b/playwright.json,Sampled body text line length is readable. Sampled body text line length is readable.,
client_route_metadata,https://www.strique.io/,medium,not_applicable,playwright,brands/strique/references/evidence/20260629T193943Z/pages/511c7435dc7b/playwright.json,"SPA markers were found, but route-change metadata was not triggered by this deterministic pass.",
color_contrast,https://www.strique.io/,medium,fail,playwright,brands/strique/references/evidence/20260629T193943Z/pages/511c7435dc7b/playwright.json,7 sampled text elements have low contrast. 10 sampled text elements have low contrast.,Increase foreground/background contrast for readable text.
form_accessibility,https://www.strique.io/,medium,not_applicable,playwright,brands/strique/references/evidence/20260629T193943Z/pages/511c7435dc7b/playwright.json,No visible form fields found.,
fragment_deep_links,https://www.strique.io/,medium,pass,playwright,brands/strique/references/evidence/20260629T193943Z/pages/511c7435dc7b/playwright.json,Same-page fragment links have matching targets.,
horizontal_scroll,https://www.strique.io/,medium,pass,playwright,brands/strique/references/evidence/20260629T193943Z/pages/511c7435dc7b/playwright.json,No horizontal overflow detected. No horizontal overflow detected.,
inaccessible_controls,https://www.strique.io/,medium,pass,playwright,brands/strique/references/evidence/20260629T193943Z/pages/511c7435dc7b/playwright.json,Visible controls have accessible names. Visible controls have accessible names.,
keyboard_navigation,https://www.strique.io/,medium,pass,playwright,brands/strique/references/evidence/20260629T193943Z/pages/511c7435dc7b/playwright.json,Keyboard focus reached 4 visible controls. Keyboard focus reached 4 visible controls.,
lazy_loading_in_viewport,https://www.strique.io/,medium,pass,playwright,brands/strique/references/evidence/20260629T193943Z/pages/511c7435dc7b/playwright.json,No unloaded in-viewport lazy content detected. No unloaded in-viewport lazy content detected.,
mobile_form_usability,https://www.strique.io/,medium,not_applicable,playwright,brands/strique/references/evidence/20260629T193943Z/pages/511c7435dc7b/playwright.json,No visible mobile form fields found.,
mobile_text_readability,https://www.strique.io/,medium,fail,playwright,brands/strique/references/evidence/20260629T193943Z/pages/511c7435dc7b/playwright.json,10 sampled text elements are too small or tight on mobile.,Increase mobile font size or line height for readable body text.
route_status_handling,https://www.strique.io/,medium,pass,playwright,brands/strique/references/evidence/20260629T193943Z/pages/511c7435dc7b/playwright.json,Missing route returned status 404 with missing-page signals.,
table_semantics,https://www.strique.io/,medium,not_applicable,playwright,brands/strique/references/evidence/20260629T193943Z/pages/511c7435dc7b/playwright.json,No visible tables found.,
tap_targets,https://www.strique.io/,medium,fail,playwright,brands/strique/references/evidence/20260629T193943Z/pages/511c7435dc7b/playwright.json,10 small and 14 crowded mobile tap targets found.,Increase tap target size or spacing to at least common mobile accessibility targets.
text_spacing,https://www.strique.io/,medium,pass,playwright,brands/strique/references/evidence/20260629T193943Z/pages/511c7435dc7b/playwright.json,WCAG text spacing did not cause overflow or content loss. WCAG text spacing did not cause overflow or content loss.,
zoom_readability,https://www.strique.io/,medium,pass,playwright,brands/strique/references/evidence/20260629T193943Z/pages/511c7435dc7b/playwright.json,Common zoom readability did not cause overflow or content loss. Common zoom readability did not cause overflow or content loss.,
rich_result_properties,https://www.strique.io/,medium,pass,playwright,brands/strique/references/evidence/20260629T193943Z/pages/511c7435dc7b/playwright.json,"Supported rich result schema properties are present for: FAQPage, Organization, SoftwareApplication.",
critical_css_font_loading,https://www.strique.io/,medium,fail,lighthouse,brands/strique/references/evidence/20260629T193943Z/pages/511c7435dc7b/lighthouse.json,Stored lab artifact does not include critical CSS or font diagnostics.,Recollect Lighthouse or PageSpeed evidence with CSS and font diagnostics.
render_blocking_scripts,https://www.strique.io/,medium,fail,lighthouse,brands/strique/references/evidence/20260629T193943Z/pages/511c7435dc7b/lighthouse.json,Stored artifacts do not include render-blocking script diagnostics.,Recollect Lighthouse/PageSpeed diagnostics or Playwright script inventory.
third_party_script_weight,https://www.strique.io/,medium,fail,lighthouse,brands/strique/references/evidence/20260629T193943Z/pages/511c7435dc7b/lighthouse.json,Stored artifacts do not include third-party script weight diagnostics.,Recollect Lighthouse/PageSpeed diagnostics or Playwright script inventory.
lab_root_cause_diagnostics,https://www.strique.io/,medium,pass,lighthouse,brands/strique/references/evidence/20260629T193943Z/pages/511c7435dc7b/lighthouse.json,"Lab diagnostics available: largest-contentful-paint, cumulative-layout-shift, speed-index, total-blocking-time.",
crawl_status,https://www.strique.io/about,high,pass,firecrawl,brands/strique/references/crawls/20260629T193943Z/pages/adc8ca7986b9/firecrawl.json,URL crawled with status 200.,
indexable,https://www.strique.io/about,high,pass,firecrawl,brands/strique/references/crawls/20260629T193943Z/pages/adc8ca7986b9/firecrawl.json,Indexability is yes.,
title_present,https://www.strique.io/about,medium,pass,firecrawl,brands/strique/references/crawls/20260629T193943Z/pages/adc8ca7986b9/firecrawl.json,Title: About Strique and the AI Marketing OS Team · Strique,
meta_description_present,https://www.strique.io/about,medium,pass,firecrawl,brands/strique/references/crawls/20260629T193943Z/pages/adc8ca7986b9/firecrawl.json,"Meta description: Strique is the AI marketing OS we wanted to use ourselves. One agent, every channel, always on. Meet the team building it.",
single_h1,https://www.strique.io/about,medium,fail,firecrawl,brands/strique/references/crawls/20260629T193943Z/pages/adc8ca7986b9/firecrawl.json,H1 count is 2.,Use one clear H1 on the page.
canonical_match,https://www.strique.io/about,high,pass,firecrawl,brands/strique/references/crawls/20260629T193943Z/pages/adc8ca7986b9/firecrawl.json,Canonical: https://www.strique.io/about,
schema_present,https://www.strique.io/about,low,pass,firecrawl,brands/strique/references/crawls/20260629T193943Z/pages/adc8ca7986b9/firecrawl.json,"Schema types: ContactPoint, Organization, SearchAction, WebSite",
image_alt_text,https://www.strique.io/about,low,fail,firecrawl,brands/strique/references/crawls/20260629T193943Z/pages/adc8ca7986b9/firecrawl.json,3 images are missing alt text.,Add useful alt text for meaningful images.
sitemap_inclusion,https://www.strique.io/about,low,pass,firecrawl,brands/strique/references/crawls/20260629T193943Z/pages/adc8ca7986b9/firecrawl.json,Sitemap inclusion is yes.,
content_visible,https://www.strique.io/about,high,pass,firecrawl,brands/strique/references/crawls/20260629T193943Z/pages/adc8ca7986b9/firecrawl.json,Rendered public text has 9200 words.,
content_type_classifiable,https://www.strique.io/about,medium,pass,firecrawl,brands/strique/references/crawls/20260629T193943Z/pages/adc8ca7986b9/firecrawl.json,"Public URL, title, and rendered text were reviewed for a recognizable page type.",
resource_rendering_not_blocked,https://www.strique.io/about,high,pass,firecrawl,brands/strique/references/crawls/20260629T193943Z/pages/adc8ca7986b9/firecrawl.json,Critical page content rendered successfully.,
title_not_keyword_stuffed,https://www.strique.io/about,medium,pass,firecrawl,brands/strique/references/crawls/20260629T193943Z/pages/adc8ca7986b9/firecrawl.json,Title reviewed for repeated terms and separator stuffing: About Strique and the AI Marketing OS Team · Strique.,
heading_not_keyword_stuffed,https://www.strique.io/about,medium,pass,firecrawl,brands/strique/references/crawls/20260629T193943Z/pages/adc8ca7986b9/firecrawl.json,10 rendered headings reviewed for stuffing.,
preview_controls_safe,https://www.strique.io/about,medium,pass,firecrawl,brands/strique/references/crawls/20260629T193943Z/pages/adc8ca7986b9/firecrawl.json,No harmful snippet preview controls were detected.,
url_path_clean,https://www.strique.io/about,medium,pass,firecrawl,brands/strique/references/crawls/20260629T193943Z/pages/adc8ca7986b9/firecrawl.json,"URL path reviewed for IDs, dates, session keys, and implementation details.",
media_support_present,https://www.strique.io/about,low,pass,firecrawl,brands/strique/references/crawls/20260629T193943Z/pages/adc8ca7986b9/firecrawl.json,6 images found on the page.,
content_not_ai_slop,https://www.strique.io/about,low,pass,firecrawl,brands/strique/references/crawls/20260629T193943Z/pages/adc8ca7986b9/firecrawl.json,Rendered copy reviewed for common generic AI filler phrases.,
thin_prompt_variant_pages,https://www.strique.io/about,medium,pass,firecrawl,brands/strique/references/crawls/20260629T193943Z/pages/adc8ca7986b9/firecrawl.json,Rendered public text has 9200 words.,
docs_content_extractable,https://www.strique.io/about,medium,not_applicable,firecrawl,brands/strique/references/crawls/20260629T193943Z/pages/adc8ca7986b9/firecrawl.json,This is not a docs or support URL.,
performance_score,https://www.strique.io/about,medium,fail,lighthouse,brands/strique/references/evidence/20260629T193943Z/pages/adc8ca7986b9/lighthouse.json,Performance score is 0.61.,Improve Core Web Vitals and Lighthouse performance bottlenecks.
blocking_popups_interstitials,https://www.strique.io/about,medium,fail,playwright,brands/strique/references/evidence/20260629T193943Z/pages/adc8ca7986b9/playwright.json,"1 large fixed, modal, or interstitial elements may block main content. 2 large fixed, modal, or interstitial elements may block main content.","Remove or reduce blocking overlays on first render, especially on mobile."
body_text_line_length,https://www.strique.io/about,medium,pass,playwright,brands/strique/references/evidence/20260629T193943Z/pages/adc8ca7986b9/playwright.json,Sampled body text line length is readable. Sampled body text line length is readable.,
client_route_metadata,https://www.strique.io/about,medium,not_applicable,playwright,brands/strique/references/evidence/20260629T193943Z/pages/adc8ca7986b9/playwright.json,"SPA markers were found, but route-change metadata was not triggered by this deterministic pass.",
color_contrast,https://www.strique.io/about,medium,pass,playwright,brands/strique/references/evidence/20260629T193943Z/pages/adc8ca7986b9/playwright.json,Sampled text meets contrast thresholds. Sampled text meets contrast thresholds.,
form_accessibility,https://www.strique.io/about,medium,not_applicable,playwright,brands/strique/references/evidence/20260629T193943Z/pages/adc8ca7986b9/playwright.json,No visible form fields found.,
fragment_deep_links,https://www.strique.io/about,medium,not_applicable,playwright,brands/strique/references/evidence/20260629T193943Z/pages/adc8ca7986b9/playwright.json,No same-page fragment links found.,
horizontal_scroll,https://www.strique.io/about,medium,pass,playwright,brands/strique/references/evidence/20260629T193943Z/pages/adc8ca7986b9/playwright.json,No horizontal overflow detected. No horizontal overflow detected.,
inaccessible_controls,https://www.strique.io/about,medium,pass,playwright,brands/strique/references/evidence/20260629T193943Z/pages/adc8ca7986b9/playwright.json,Visible controls have accessible names. Visible controls have accessible names.,
keyboard_navigation,https://www.strique.io/about,medium,pass,playwright,brands/strique/references/evidence/20260629T193943Z/pages/adc8ca7986b9/playwright.json,Keyboard focus reached 4 visible controls. Keyboard focus reached 4 visible controls.,
lazy_loading_in_viewport,https://www.strique.io/about,medium,pass,playwright,brands/strique/references/evidence/20260629T193943Z/pages/adc8ca7986b9/playwright.json,No unloaded in-viewport lazy content detected. No unloaded in-viewport lazy content detected.,
mobile_form_usability,https://www.strique.io/about,medium,not_applicable,playwright,brands/strique/references/evidence/20260629T193943Z/pages/adc8ca7986b9/playwright.json,No visible mobile form fields found.,
mobile_text_readability,https://www.strique.io/about,medium,fail,playwright,brands/strique/references/evidence/20260629T193943Z/pages/adc8ca7986b9/playwright.json,10 sampled text elements are too small or tight on mobile.,Increase mobile font size or line height for readable body text.
route_status_handling,https://www.strique.io/about,medium,not_applicable,playwright,brands/strique/references/evidence/20260629T193943Z/pages/adc8ca7986b9/playwright.json,Route status handling is tested from the site root.,
table_semantics,https://www.strique.io/about,medium,not_applicable,playwright,brands/strique/references/evidence/20260629T193943Z/pages/adc8ca7986b9/playwright.json,No visible tables found.,
tap_targets,https://www.strique.io/about,medium,fail,playwright,brands/strique/references/evidence/20260629T193943Z/pages/adc8ca7986b9/playwright.json,10 small and 13 crowded mobile tap targets found.,Increase tap target size or spacing to at least common mobile accessibility targets.
text_spacing,https://www.strique.io/about,medium,pass,playwright,brands/strique/references/evidence/20260629T193943Z/pages/adc8ca7986b9/playwright.json,WCAG text spacing did not cause overflow or content loss. WCAG text spacing did not cause overflow or content loss.,
zoom_readability,https://www.strique.io/about,medium,pass,playwright,brands/strique/references/evidence/20260629T193943Z/pages/adc8ca7986b9/playwright.json,Common zoom readability did not cause overflow or content loss. Common zoom readability did not cause overflow or content loss.,
rich_result_properties,https://www.strique.io/about,medium,pass,playwright,brands/strique/references/evidence/20260629T193943Z/pages/adc8ca7986b9/playwright.json,Supported rich result schema properties are present for: Organization.,
critical_css_font_loading,https://www.strique.io/about,medium,fail,lighthouse,brands/strique/references/evidence/20260629T193943Z/pages/adc8ca7986b9/lighthouse.json,Stored lab artifact does not include critical CSS or font diagnostics.,Recollect Lighthouse or PageSpeed evidence with CSS and font diagnostics.
render_blocking_scripts,https://www.strique.io/about,medium,fail,lighthouse,brands/strique/references/evidence/20260629T193943Z/pages/adc8ca7986b9/lighthouse.json,Stored artifacts do not include render-blocking script diagnostics.,Recollect Lighthouse/PageSpeed diagnostics or Playwright script inventory.
third_party_script_weight,https://www.strique.io/about,medium,fail,lighthouse,brands/strique/references/evidence/20260629T193943Z/pages/adc8ca7986b9/lighthouse.json,Stored artifacts do not include third-party script weight diagnostics.,Recollect Lighthouse/PageSpeed diagnostics or Playwright script inventory.
lab_root_cause_diagnostics,https://www.strique.io/about,medium,pass,lighthouse,brands/strique/references/evidence/20260629T193943Z/pages/adc8ca7986b9/lighthouse.json,"Lab diagnostics available: largest-contentful-paint, cumulative-layout-shift, speed-index, total-blocking-time.",
crawl_status,https://www.strique.io/blog,high,pass,firecrawl,brands/strique/references/crawls/20260629T193943Z/pages/bd752d2f9240/firecrawl.json,URL crawled with status 200.,
indexable,https://www.strique.io/blog,high,pass,firecrawl,brands/strique/references/crawls/20260629T193943Z/pages/bd752d2f9240/firecrawl.json,Indexability is yes.,
title_present,https://www.strique.io/blog,medium,pass,firecrawl,brands/strique/references/crawls/20260629T193943Z/pages/bd752d2f9240/firecrawl.json,Title: AI Marketing Blog and Growth Playbooks · Strique,
meta_description_present,https://www.strique.io/blog,medium,pass,firecrawl,brands/strique/references/crawls/20260629T193943Z/pages/bd752d2f9240/firecrawl.json,"Meta description: Essays, playbooks, and field notes on the future of AI-run marketing, from the team building it.",
single_h1,https://www.strique.io/blog,medium,fail,firecrawl,brands/strique/references/crawls/20260629T193943Z/pages/bd752d2f9240/firecrawl.json,H1 count is 2.,Use one clear H1 on the page.
canonical_match,https://www.strique.io/blog,high,pass,firecrawl,brands/strique/references/crawls/20260629T193943Z/pages/bd752d2f9240/firecrawl.json,Canonical: https://www.strique.io/blog,
schema_present,https://www.strique.io/blog,low,pass,firecrawl,brands/strique/references/crawls/20260629T193943Z/pages/bd752d2f9240/firecrawl.json,"Schema types: ContactPoint, Organization, SearchAction, WebSite",
image_alt_text,https://www.strique.io/blog,low,fail,firecrawl,brands/strique/references/crawls/20260629T193943Z/pages/bd752d2f9240/firecrawl.json,3 images are missing alt text.,Add useful alt text for meaningful images.
sitemap_inclusion,https://www.strique.io/blog,low,pass,firecrawl,brands/strique/references/crawls/20260629T193943Z/pages/bd752d2f9240/firecrawl.json,Sitemap inclusion is yes.,
content_visible,https://www.strique.io/blog,high,pass,firecrawl,brands/strique/references/crawls/20260629T193943Z/pages/bd752d2f9240/firecrawl.json,Rendered public text has 10604 words.,
content_type_classifiable,https://www.strique.io/blog,medium,pass,firecrawl,brands/strique/references/crawls/20260629T193943Z/pages/bd752d2f9240/firecrawl.json,"Public URL, title, and rendered text were reviewed for a recognizable page type.",
resource_rendering_not_blocked,https://www.strique.io/blog,high,pass,firecrawl,brands/strique/references/crawls/20260629T193943Z/pages/bd752d2f9240/firecrawl.json,Critical page content rendered successfully.,
title_not_keyword_stuffed,https://www.strique.io/blog,medium,pass,firecrawl,brands/strique/references/crawls/20260629T193943Z/pages/bd752d2f9240/firecrawl.json,Title reviewed for repeated terms and separator stuffing: AI Marketing Blog and Growth Playbooks · Strique.,
heading_not_keyword_stuffed,https://www.strique.io/blog,medium,pass,firecrawl,brands/strique/references/crawls/20260629T193943Z/pages/bd752d2f9240/firecrawl.json,2 rendered headings reviewed for stuffing.,
preview_controls_safe,https://www.strique.io/blog,medium,pass,firecrawl,brands/strique/references/crawls/20260629T193943Z/pages/bd752d2f9240/firecrawl.json,No harmful snippet preview controls were detected.,
url_path_clean,https://www.strique.io/blog,medium,pass,firecrawl,brands/strique/references/crawls/20260629T193943Z/pages/bd752d2f9240/firecrawl.json,"URL path reviewed for IDs, dates, session keys, and implementation details.",
media_support_present,https://www.strique.io/blog,low,pass,firecrawl,brands/strique/references/crawls/20260629T193943Z/pages/bd752d2f9240/firecrawl.json,20 images found on the page.,
content_not_ai_slop,https://www.strique.io/blog,low,pass,firecrawl,brands/strique/references/crawls/20260629T193943Z/pages/bd752d2f9240/firecrawl.json,Rendered copy reviewed for common generic AI filler phrases.,
thin_prompt_variant_pages,https://www.strique.io/blog,medium,pass,firecrawl,brands/strique/references/crawls/20260629T193943Z/pages/bd752d2f9240/firecrawl.json,Rendered public text has 10604 words.,
docs_content_extractable,https://www.strique.io/blog,medium,not_applicable,firecrawl,brands/strique/references/crawls/20260629T193943Z/pages/bd752d2f9240/firecrawl.json,This is not a docs or support URL.,
performance_score,https://www.strique.io/blog,medium,fail,lighthouse,brands/strique/references/evidence/20260629T193943Z/pages/bd752d2f9240/lighthouse.json,Performance score is 0.72.,Improve Core Web Vitals and Lighthouse performance bottlenecks.
blocking_popups_interstitials,https://www.strique.io/blog,medium,fail,playwright,brands/strique/references/evidence/20260629T193943Z/pages/bd752d2f9240/playwright.json,"1 large fixed, modal, or interstitial elements may block main content. 2 large fixed, modal, or interstitial elements may block main content.","Remove or reduce blocking overlays on first render, especially on mobile."
body_text_line_length,https://www.strique.io/blog,medium,pass,playwright,brands/strique/references/evidence/20260629T193943Z/pages/bd752d2f9240/playwright.json,Sampled body text line length is readable. Sampled body text line length is readable.,
client_route_metadata,https://www.strique.io/blog,medium,not_applicable,playwright,brands/strique/references/evidence/20260629T193943Z/pages/bd752d2f9240/playwright.json,"SPA markers were found, but route-change metadata was not triggered by this deterministic pass.",
color_contrast,https://www.strique.io/blog,medium,fail,playwright,brands/strique/references/evidence/20260629T193943Z/pages/bd752d2f9240/playwright.json,7 sampled text elements have low contrast. 7 sampled text elements have low contrast.,Increase foreground/background contrast for readable text.
form_accessibility,https://www.strique.io/blog,medium,not_applicable,playwright,brands/strique/references/evidence/20260629T193943Z/pages/bd752d2f9240/playwright.json,No visible form fields found.,
fragment_deep_links,https://www.strique.io/blog,medium,not_applicable,playwright,brands/strique/references/evidence/20260629T193943Z/pages/bd752d2f9240/playwright.json,No same-page fragment links found.,
horizontal_scroll,https://www.strique.io/blog,medium,pass,playwright,brands/strique/references/evidence/20260629T193943Z/pages/bd752d2f9240/playwright.json,No horizontal overflow detected. No horizontal overflow detected.,
inaccessible_controls,https://www.strique.io/blog,medium,pass,playwright,brands/strique/references/evidence/20260629T193943Z/pages/bd752d2f9240/playwright.json,Visible controls have accessible names. Visible controls have accessible names.,
keyboard_navigation,https://www.strique.io/blog,medium,pass,playwright,brands/strique/references/evidence/20260629T193943Z/pages/bd752d2f9240/playwright.json,Keyboard focus reached 4 visible controls. Keyboard focus reached 4 visible controls.,
lazy_loading_in_viewport,https://www.strique.io/blog,medium,pass,playwright,brands/strique/references/evidence/20260629T193943Z/pages/bd752d2f9240/playwright.json,No unloaded in-viewport lazy content detected. No unloaded in-viewport lazy content detected.,
mobile_form_usability,https://www.strique.io/blog,medium,not_applicable,playwright,brands/strique/references/evidence/20260629T193943Z/pages/bd752d2f9240/playwright.json,No visible mobile form fields found.,
mobile_text_readability,https://www.strique.io/blog,medium,fail,playwright,brands/strique/references/evidence/20260629T193943Z/pages/bd752d2f9240/playwright.json,10 sampled text elements are too small or tight on mobile.,Increase mobile font size or line height for readable body text.
route_status_handling,https://www.strique.io/blog,medium,not_applicable,playwright,brands/strique/references/evidence/20260629T193943Z/pages/bd752d2f9240/playwright.json,Route status handling is tested from the site root.,
table_semantics,https://www.strique.io/blog,medium,not_applicable,playwright,brands/strique/references/evidence/20260629T193943Z/pages/bd752d2f9240/playwright.json,No visible tables found.,
tap_targets,https://www.strique.io/blog,medium,fail,playwright,brands/strique/references/evidence/20260629T193943Z/pages/bd752d2f9240/playwright.json,10 small and 13 crowded mobile tap targets found.,Increase tap target size or spacing to at least common mobile accessibility targets.
text_spacing,https://www.strique.io/blog,medium,pass,playwright,brands/strique/references/evidence/20260629T193943Z/pages/bd752d2f9240/playwright.json,WCAG text spacing did not cause overflow or content loss. WCAG text spacing did not cause overflow or content loss.,
zoom_readability,https://www.strique.io/blog,medium,pass,playwright,brands/strique/references/evidence/20260629T193943Z/pages/bd752d2f9240/playwright.json,Common zoom readability did not cause overflow or content loss. Common zoom readability did not cause overflow or content loss.,
rich_result_properties,https://www.strique.io/blog,medium,pass,playwright,brands/strique/references/evidence/20260629T193943Z/pages/bd752d2f9240/playwright.json,Supported rich result schema properties are present for: Organization.,
critical_css_font_loading,https://www.strique.io/blog,medium,fail,lighthouse,brands/strique/references/evidence/20260629T193943Z/pages/bd752d2f9240/lighthouse.json,Stored lab artifact does not include critical CSS or font diagnostics.,Recollect Lighthouse or PageSpeed evidence with CSS and font diagnostics.
render_blocking_scripts,https://www.strique.io/blog,medium,fail,lighthouse,brands/strique/references/evidence/20260629T193943Z/pages/bd752d2f9240/lighthouse.json,Stored artifacts do not include render-blocking script diagnostics.,Recollect Lighthouse/PageSpeed diagnostics or Playwright script inventory.
third_party_script_weight,https://www.strique.io/blog,medium,fail,lighthouse,brands/strique/references/evidence/20260629T193943Z/pages/bd752d2f9240/lighthouse.json,Stored artifacts do not include third-party script weight diagnostics.,Recollect Lighthouse/PageSpeed diagnostics or Playwright script inventory.
lab_root_cause_diagnostics,https://www.strique.io/blog,medium,pass,lighthouse,brands/strique/references/evidence/20260629T193943Z/pages/bd752d2f9240/lighthouse.json,"Lab diagnostics available: largest-contentful-paint, cumulative-layout-shift, speed-index, total-blocking-time.",
crawl_status,https://www.strique.io/blog/ai-ad-analytics-platform-optimize-ad-spend-reduce-waste,high,pass,firecrawl,brands/strique/references/crawls/20260629T193943Z/pages/dc632e45d636/firecrawl.json,URL crawled with status 200.,
indexable,https://www.strique.io/blog/ai-ad-analytics-platform-optimize-ad-spend-reduce-waste,high,pass,firecrawl,brands/strique/references/crawls/20260629T193943Z/pages/dc632e45d636/firecrawl.json,Indexability is yes.,
title_present,https://www.strique.io/blog/ai-ad-analytics-platform-optimize-ad-spend-reduce-waste,medium,pass,firecrawl,brands/strique/references/crawls/20260629T193943Z/pages/dc632e45d636/firecrawl.json,Title: AI Ad Analytics: Reduce Waste and Optimize Spend · Strique,
meta_description_present,https://www.strique.io/blog/ai-ad-analytics-platform-optimize-ad-spend-reduce-waste,medium,pass,firecrawl,brands/strique/references/crawls/20260629T193943Z/pages/dc632e45d636/firecrawl.json,"Meta description: Strique AI helps identify ad waste, optimize Meta and Google ads, and streamline ad performance with a chat-based execution platform. Faster results, no dashboards.",
single_h1,https://www.strique.io/blog/ai-ad-analytics-platform-optimize-ad-spend-reduce-waste,medium,pass,firecrawl,brands/strique/references/crawls/20260629T193943Z/pages/dc632e45d636/firecrawl.json,H1 count is 1.,
canonical_match,https://www.strique.io/blog/ai-ad-analytics-platform-optimize-ad-spend-reduce-waste,high,pass,firecrawl,brands/strique/references/crawls/20260629T193943Z/pages/dc632e45d636/firecrawl.json,Canonical: https://www.strique.io/blog/ai-ad-analytics-platform-optimize-ad-spend-reduce-waste,
schema_present,https://www.strique.io/blog/ai-ad-analytics-platform-optimize-ad-spend-reduce-waste,low,pass,firecrawl,brands/strique/references/crawls/20260629T193943Z/pages/dc632e45d636/firecrawl.json,"Schema types: Answer, Article, BreadcrumbList, ContactPoint, FAQPage, ImageObject, ListItem, Organization, Person, Question, SearchAction, WebPage, WebSite",
image_alt_text,https://www.strique.io/blog/ai-ad-analytics-platform-optimize-ad-spend-reduce-waste,low,fail,firecrawl,brands/strique/references/crawls/20260629T193943Z/pages/dc632e45d636/firecrawl.json,3 images are missing alt text.,Add useful alt text for meaningful images.
sitemap_inclusion,https://www.strique.io/blog/ai-ad-analytics-platform-optimize-ad-spend-reduce-waste,low,pass,firecrawl,brands/strique/references/crawls/20260629T193943Z/pages/dc632e45d636/firecrawl.json,Sitemap inclusion is yes.,
content_visible,https://www.strique.io/blog/ai-ad-analytics-platform-optimize-ad-spend-reduce-waste,high,pass,firecrawl,brands/strique/references/crawls/20260629T193943Z/pages/dc632e45d636/firecrawl.json,Rendered public text has 16195 words.,
content_type_classifiable,https://www.strique.io/blog/ai-ad-analytics-platform-optimize-ad-spend-reduce-waste,medium,pass,firecrawl,brands/strique/references/crawls/20260629T193943Z/pages/dc632e45d636/firecrawl.json,"Public URL, title, and rendered text were reviewed for a recognizable page type.",
resource_rendering_not_blocked,https://www.strique.io/blog/ai-ad-analytics-platform-optimize-ad-spend-reduce-waste,high,pass,firecrawl,brands/strique/references/crawls/20260629T193943Z/pages/dc632e45d636/firecrawl.json,Critical page content rendered successfully.,
title_not_keyword_stuffed,https://www.strique.io/blog/ai-ad-analytics-platform-optimize-ad-spend-reduce-waste,medium,pass,firecrawl,brands/strique/references/crawls/20260629T193943Z/pages/dc632e45d636/firecrawl.json,Title reviewed for repeated terms and separator stuffing: AI Ad Analytics: Reduce Waste and Optimize Spend · Strique.,
heading_not_keyword_stuffed,https://www.strique.io/blog/ai-ad-analytics-platform-optimize-ad-spend-reduce-waste,medium,pass,firecrawl,brands/strique/references/crawls/20260629T193943Z/pages/dc632e45d636/firecrawl.json,23 rendered headings reviewed for stuffing.,
preview_controls_safe,https://www.strique.io/blog/ai-ad-analytics-platform-optimize-ad-spend-reduce-waste,medium,pass,firecrawl,brands/strique/references/crawls/20260629T193943Z/pages/dc632e45d636/firecrawl.json,No harmful snippet preview controls were detected.,
url_path_clean,https://www.strique.io/blog/ai-ad-analytics-platform-optimize-ad-spend-reduce-waste,medium,pass,firecrawl,brands/strique/references/crawls/20260629T193943Z/pages/dc632e45d636/firecrawl.json,"URL path reviewed for IDs, dates, session keys, and implementation details.",
media_support_present,https://www.strique.io/blog/ai-ad-analytics-platform-optimize-ad-spend-reduce-waste,low,pass,firecrawl,brands/strique/references/crawls/20260629T193943Z/pages/dc632e45d636/firecrawl.json,14 images found on the page.,
content_not_ai_slop,https://www.strique.io/blog/ai-ad-analytics-platform-optimize-ad-spend-reduce-waste,low,pass,firecrawl,brands/strique/references/crawls/20260629T193943Z/pages/dc632e45d636/firecrawl.json,Rendered copy reviewed for common generic AI filler phrases.,
thin_prompt_variant_pages,https://www.strique.io/blog/ai-ad-analytics-platform-optimize-ad-spend-reduce-waste,medium,pass,firecrawl,brands/strique/references/crawls/20260629T193943Z/pages/dc632e45d636/firecrawl.json,Rendered public text has 16195 words.,
docs_content_extractable,https://www.strique.io/blog/ai-ad-analytics-platform-optimize-ad-spend-reduce-waste,medium,not_applicable,firecrawl,brands/strique/references/crawls/20260629T193943Z/pages/dc632e45d636/firecrawl.json,This is not a docs or support URL.,
performance_score,https://www.strique.io/blog/ai-ad-analytics-platform-optimize-ad-spend-reduce-waste,medium,fail,lighthouse,brands/strique/references/evidence/20260629T193943Z/pages/dc632e45d636/lighthouse.json,Performance score is 0.6.,Improve Core Web Vitals and Lighthouse performance bottlenecks.
blocking_popups_interstitials,https://www.strique.io/blog/ai-ad-analytics-platform-optimize-ad-spend-reduce-waste,medium,fail,playwright,brands/strique/references/evidence/20260629T193943Z/pages/dc632e45d636/playwright.json,"1 large fixed, modal, or interstitial elements may block main content. 2 large fixed, modal, or interstitial elements may block main content.","Remove or reduce blocking overlays on first render, especially on mobile."
body_text_line_length,https://www.strique.io/blog/ai-ad-analytics-platform-optimize-ad-spend-reduce-waste,medium,pass,playwright,brands/strique/references/evidence/20260629T193943Z/pages/dc632e45d636/playwright.json,Sampled body text line length is readable. Sampled body text line length is readable.,
client_route_metadata,https://www.strique.io/blog/ai-ad-analytics-platform-optimize-ad-spend-reduce-waste,medium,not_applicable,playwright,brands/strique/references/evidence/20260629T193943Z/pages/dc632e45d636/playwright.json,"SPA markers were found, but route-change metadata was not triggered by this deterministic pass.",
color_contrast,https://www.strique.io/blog/ai-ad-analytics-platform-optimize-ad-spend-reduce-waste,medium,pass,playwright,brands/strique/references/evidence/20260629T193943Z/pages/dc632e45d636/playwright.json,Sampled text meets contrast thresholds. Sampled text meets contrast thresholds.,
form_accessibility,https://www.strique.io/blog/ai-ad-analytics-platform-optimize-ad-spend-reduce-waste,medium,not_applicable,playwright,brands/strique/references/evidence/20260629T193943Z/pages/dc632e45d636/playwright.json,No visible form fields found.,
fragment_deep_links,https://www.strique.io/blog/ai-ad-analytics-platform-optimize-ad-spend-reduce-waste,medium,pass,playwright,brands/strique/references/evidence/20260629T193943Z/pages/dc632e45d636/playwright.json,Same-page fragment links have matching targets.,
horizontal_scroll,https://www.strique.io/blog/ai-ad-analytics-platform-optimize-ad-spend-reduce-waste,medium,pass,playwright,brands/strique/references/evidence/20260629T193943Z/pages/dc632e45d636/playwright.json,No horizontal overflow detected. No horizontal overflow detected.,
inaccessible_controls,https://www.strique.io/blog/ai-ad-analytics-platform-optimize-ad-spend-reduce-waste,medium,fail,playwright,brands/strique/references/evidence/20260629T193943Z/pages/dc632e45d636/playwright.json,10 visible controls lack accessible names.,"Add text, aria-label, or labelledby values to interactive controls."
keyboard_navigation,https://www.strique.io/blog/ai-ad-analytics-platform-optimize-ad-spend-reduce-waste,medium,pass,playwright,brands/strique/references/evidence/20260629T193943Z/pages/dc632e45d636/playwright.json,Keyboard focus reached 4 visible controls. Keyboard focus reached 4 visible controls.,
lazy_loading_in_viewport,https://www.strique.io/blog/ai-ad-analytics-platform-optimize-ad-spend-reduce-waste,medium,pass,playwright,brands/strique/references/evidence/20260629T193943Z/pages/dc632e45d636/playwright.json,No unloaded in-viewport lazy content detected. No unloaded in-viewport lazy content detected.,
mobile_form_usability,https://www.strique.io/blog/ai-ad-analytics-platform-optimize-ad-spend-reduce-waste,medium,not_applicable,playwright,brands/strique/references/evidence/20260629T193943Z/pages/dc632e45d636/playwright.json,No visible mobile form fields found.,
mobile_text_readability,https://www.strique.io/blog/ai-ad-analytics-platform-optimize-ad-spend-reduce-waste,medium,fail,playwright,brands/strique/references/evidence/20260629T193943Z/pages/dc632e45d636/playwright.json,3 sampled text elements are too small or tight on mobile.,Increase mobile font size or line height for readable body text.
route_status_handling,https://www.strique.io/blog/ai-ad-analytics-platform-optimize-ad-spend-reduce-waste,medium,not_applicable,playwright,brands/strique/references/evidence/20260629T193943Z/pages/dc632e45d636/playwright.json,Route status handling is tested from the site root.,
table_semantics,https://www.strique.io/blog/ai-ad-analytics-platform-optimize-ad-spend-reduce-waste,medium,not_applicable,playwright,brands/strique/references/evidence/20260629T193943Z/pages/dc632e45d636/playwright.json,No visible tables found.,
tap_targets,https://www.strique.io/blog/ai-ad-analytics-platform-optimize-ad-spend-reduce-waste,medium,fail,playwright,brands/strique/references/evidence/20260629T193943Z/pages/dc632e45d636/playwright.json,10 small and 16 crowded mobile tap targets found.,Increase tap target size or spacing to at least common mobile accessibility targets.
text_spacing,https://www.strique.io/blog/ai-ad-analytics-platform-optimize-ad-spend-reduce-waste,medium,pass,playwright,brands/strique/references/evidence/20260629T193943Z/pages/dc632e45d636/playwright.json,WCAG text spacing did not cause overflow or content loss. WCAG text spacing did not cause overflow or content loss.,
zoom_readability,https://www.strique.io/blog/ai-ad-analytics-platform-optimize-ad-spend-reduce-waste,medium,pass,playwright,brands/strique/references/evidence/20260629T193943Z/pages/dc632e45d636/playwright.json,Common zoom readability did not cause overflow or content loss. Common zoom readability did not cause overflow or content loss.,
rich_result_properties,https://www.strique.io/blog/ai-ad-analytics-platform-optimize-ad-spend-reduce-waste,medium,pass,playwright,brands/strique/references/evidence/20260629T193943Z/pages/dc632e45d636/playwright.json,"Supported rich result schema properties are present for: Article, BreadcrumbList, FAQPage, Organization.",
critical_css_font_loading,https://www.strique.io/blog/ai-ad-analytics-platform-optimize-ad-spend-reduce-waste,medium,fail,lighthouse,brands/strique/references/evidence/20260629T193943Z/pages/dc632e45d636/lighthouse.json,Stored lab artifact does not include critical CSS or font diagnostics.,Recollect Lighthouse or PageSpeed evidence with CSS and font diagnostics.
render_blocking_scripts,https://www.strique.io/blog/ai-ad-analytics-platform-optimize-ad-spend-reduce-waste,medium,fail,lighthouse,brands/strique/references/evidence/20260629T193943Z/pages/dc632e45d636/lighthouse.json,Stored artifacts do not include render-blocking script diagnostics.,Recollect Lighthouse/PageSpeed diagnostics or Playwright script inventory.
third_party_script_weight,https://www.strique.io/blog/ai-ad-analytics-platform-optimize-ad-spend-reduce-waste,medium,fail,lighthouse,brands/strique/references/evidence/20260629T193943Z/pages/dc632e45d636/lighthouse.json,Stored artifacts do not include third-party script weight diagnostics.,Recollect Lighthouse/PageSpeed diagnostics or Playwright script inventory.
lab_root_cause_diagnostics,https://www.strique.io/blog/ai-ad-analytics-platform-optimize-ad-spend-reduce-waste,medium,pass,lighthouse,brands/strique/references/evidence/20260629T193943Z/pages/dc632e45d636/lighthouse.json,"Lab diagnostics available: largest-contentful-paint, cumulative-layout-shift, speed-index, total-blocking-time.",
crawl_status,https://www.strique.io/blog/ai-ad-optimization-guide,high,pass,firecrawl,brands/strique/references/crawls/20260629T193943Z/pages/5b48b61c7faa/firecrawl.json,URL crawled with status 200.,
indexable,https://www.strique.io/blog/ai-ad-optimization-guide,high,pass,firecrawl,brands/strique/references/crawls/20260629T193943Z/pages/5b48b61c7faa/firecrawl.json,Indexability is yes.,
title_present,https://www.strique.io/blog/ai-ad-optimization-guide,medium,pass,firecrawl,brands/strique/references/crawls/20260629T193943Z/pages/5b48b61c7faa/firecrawl.json,Title: The 2026 guide to AI ad optimization · Strique,
meta_description_present,https://www.strique.io/blog/ai-ad-optimization-guide,medium,pass,firecrawl,brands/strique/references/crawls/20260629T193943Z/pages/5b48b61c7faa/firecrawl.json,"Meta description: What actually works now that creative generation is cheap, bidding is a commodity, and the edge is in the loop, not the asset.",
single_h1,https://www.strique.io/blog/ai-ad-optimization-guide,medium,pass,firecrawl,brands/strique/references/crawls/20260629T193943Z/pages/5b48b61c7faa/firecrawl.json,H1 count is 1.,
canonical_match,https://www.strique.io/blog/ai-ad-optimization-guide,high,pass,firecrawl,brands/strique/references/crawls/20260629T193943Z/pages/5b48b61c7faa/firecrawl.json,Canonical: https://www.strique.io/blog/ai-ad-optimization-guide,
schema_present,https://www.strique.io/blog/ai-ad-optimization-guide,low,pass,firecrawl,brands/strique/references/crawls/20260629T193943Z/pages/5b48b61c7faa/firecrawl.json,"Schema types: Article, BreadcrumbList, ContactPoint, ImageObject, ListItem, Organization, Person, SearchAction, WebPage, WebSite",
image_alt_text,https://www.strique.io/blog/ai-ad-optimization-guide,low,fail,firecrawl,brands/strique/references/crawls/20260629T193943Z/pages/5b48b61c7faa/firecrawl.json,3 images are missing alt text.,Add useful alt text for meaningful images.
sitemap_inclusion,https://www.strique.io/blog/ai-ad-optimization-guide,low,pass,firecrawl,brands/strique/references/crawls/20260629T193943Z/pages/5b48b61c7faa/firecrawl.json,Sitemap inclusion is yes.,
content_visible,https://www.strique.io/blog/ai-ad-optimization-guide,high,pass,firecrawl,brands/strique/references/crawls/20260629T193943Z/pages/5b48b61c7faa/firecrawl.json,Rendered public text has 10545 words.,
content_type_classifiable,https://www.strique.io/blog/ai-ad-optimization-guide,medium,pass,firecrawl,brands/strique/references/crawls/20260629T193943Z/pages/5b48b61c7faa/firecrawl.json,"Public URL, title, and rendered text were reviewed for a recognizable page type.",
resource_rendering_not_blocked,https://www.strique.io/blog/ai-ad-optimization-guide,high,pass,firecrawl,brands/strique/references/crawls/20260629T193943Z/pages/5b48b61c7faa/firecrawl.json,Critical page content rendered successfully.,
title_not_keyword_stuffed,https://www.strique.io/blog/ai-ad-optimization-guide,medium,pass,firecrawl,brands/strique/references/crawls/20260629T193943Z/pages/5b48b61c7faa/firecrawl.json,Title reviewed for repeated terms and separator stuffing: The 2026 guide to AI ad optimization · Strique.,
heading_not_keyword_stuffed,https://www.strique.io/blog/ai-ad-optimization-guide,medium,pass,firecrawl,brands/strique/references/crawls/20260629T193943Z/pages/5b48b61c7faa/firecrawl.json,5 rendered headings reviewed for stuffing.,
preview_controls_safe,https://www.strique.io/blog/ai-ad-optimization-guide,medium,pass,firecrawl,brands/strique/references/crawls/20260629T193943Z/pages/5b48b61c7faa/firecrawl.json,No harmful snippet preview controls were detected.,
url_path_clean,https://www.strique.io/blog/ai-ad-optimization-guide,medium,pass,firecrawl,brands/strique/references/crawls/20260629T193943Z/pages/5b48b61c7faa/firecrawl.json,"URL path reviewed for IDs, dates, session keys, and implementation details.",
media_support_present,https://www.strique.io/blog/ai-ad-optimization-guide,low,pass,firecrawl,brands/strique/references/crawls/20260629T193943Z/pages/5b48b61c7faa/firecrawl.json,14 images found on the page.,
content_not_ai_slop,https://www.strique.io/blog/ai-ad-optimization-guide,low,pass,firecrawl,brands/strique/references/crawls/20260629T193943Z/pages/5b48b61c7faa/firecrawl.json,Rendered copy reviewed for common generic AI filler phrases.,
thin_prompt_variant_pages,https://www.strique.io/blog/ai-ad-optimization-guide,medium,pass,firecrawl,brands/strique/references/crawls/20260629T193943Z/pages/5b48b61c7faa/firecrawl.json,Rendered public text has 10545 words.,
docs_content_extractable,https://www.strique.io/blog/ai-ad-optimization-guide,medium,not_applicable,firecrawl,brands/strique/references/crawls/20260629T193943Z/pages/5b48b61c7faa/firecrawl.json,This is not a docs or support URL.,
performance_score,https://www.strique.io/blog/ai-ad-optimization-guide,medium,fail,lighthouse,brands/strique/references/evidence/20260629T193943Z/pages/5b48b61c7faa/lighthouse.json,Performance score is 0.81.,Improve Core Web Vitals and Lighthouse performance bottlenecks.
blocking_popups_interstitials,https://www.strique.io/blog/ai-ad-optimization-guide,medium,fail,playwright,brands/strique/references/evidence/20260629T193943Z/pages/5b48b61c7faa/playwright.json,"1 large fixed, modal, or interstitial elements may block main content. 2 large fixed, modal, or interstitial elements may block main content.","Remove or reduce blocking overlays on first render, especially on mobile."
body_text_line_length,https://www.strique.io/blog/ai-ad-optimization-guide,medium,pass,playwright,brands/strique/references/evidence/20260629T193943Z/pages/5b48b61c7faa/playwright.json,Sampled body text line length is readable. Sampled body text line length is readable.,
client_route_metadata,https://www.strique.io/blog/ai-ad-optimization-guide,medium,not_applicable,playwright,brands/strique/references/evidence/20260629T193943Z/pages/5b48b61c7faa/playwright.json,"SPA markers were found, but route-change metadata was not triggered by this deterministic pass.",
color_contrast,https://www.strique.io/blog/ai-ad-optimization-guide,medium,fail,playwright,brands/strique/references/evidence/20260629T193943Z/pages/5b48b61c7faa/playwright.json,7 sampled text elements have low contrast. 4 sampled text elements have low contrast.,Increase foreground/background contrast for readable text.
form_accessibility,https://www.strique.io/blog/ai-ad-optimization-guide,medium,not_applicable,playwright,brands/strique/references/evidence/20260629T193943Z/pages/5b48b61c7faa/playwright.json,No visible form fields found.,
fragment_deep_links,https://www.strique.io/blog/ai-ad-optimization-guide,medium,pass,playwright,brands/strique/references/evidence/20260629T193943Z/pages/5b48b61c7faa/playwright.json,Same-page fragment links have matching targets.,
horizontal_scroll,https://www.strique.io/blog/ai-ad-optimization-guide,medium,pass,playwright,brands/strique/references/evidence/20260629T193943Z/pages/5b48b61c7faa/playwright.json,No horizontal overflow detected. No horizontal overflow detected.,
inaccessible_controls,https://www.strique.io/blog/ai-ad-optimization-guide,medium,fail,playwright,brands/strique/references/evidence/20260629T193943Z/pages/5b48b61c7faa/playwright.json,3 visible controls lack accessible names.,"Add text, aria-label, or labelledby values to interactive controls."
keyboard_navigation,https://www.strique.io/blog/ai-ad-optimization-guide,medium,pass,playwright,brands/strique/references/evidence/20260629T193943Z/pages/5b48b61c7faa/playwright.json,Keyboard focus reached 4 visible controls. Keyboard focus reached 4 visible controls.,
lazy_loading_in_viewport,https://www.strique.io/blog/ai-ad-optimization-guide,medium,pass,playwright,brands/strique/references/evidence/20260629T193943Z/pages/5b48b61c7faa/playwright.json,No unloaded in-viewport lazy content detected. No unloaded in-viewport lazy content detected.,
mobile_form_usability,https://www.strique.io/blog/ai-ad-optimization-guide,medium,not_applicable,playwright,brands/strique/references/evidence/20260629T193943Z/pages/5b48b61c7faa/playwright.json,No visible mobile form fields found.,
mobile_text_readability,https://www.strique.io/blog/ai-ad-optimization-guide,medium,fail,playwright,brands/strique/references/evidence/20260629T193943Z/pages/5b48b61c7faa/playwright.json,10 sampled text elements are too small or tight on mobile.,Increase mobile font size or line height for readable body text.
route_status_handling,https://www.strique.io/blog/ai-ad-optimization-guide,medium,not_applicable,playwright,brands/strique/references/evidence/20260629T193943Z/pages/5b48b61c7faa/playwright.json,Route status handling is tested from the site root.,
table_semantics,https://www.strique.io/blog/ai-ad-optimization-guide,medium,not_applicable,playwright,brands/strique/references/evidence/20260629T193943Z/pages/5b48b61c7faa/playwright.json,No visible tables found.,
tap_targets,https://www.strique.io/blog/ai-ad-optimization-guide,medium,fail,playwright,brands/strique/references/evidence/20260629T193943Z/pages/5b48b61c7faa/playwright.json,10 small and 18 crowded mobile tap targets found.,Increase tap target size or spacing to at least common mobile accessibility targets.
text_spacing,https://www.strique.io/blog/ai-ad-optimization-guide,medium,pass,playwright,brands/strique/references/evidence/20260629T193943Z/pages/5b48b61c7faa/playwright.json,WCAG text spacing did not cause overflow or content loss. WCAG text spacing did not cause overflow or content loss.,
zoom_readability,https://www.strique.io/blog/ai-ad-optimization-guide,medium,pass,playwright,brands/strique/references/evidence/20260629T193943Z/pages/5b48b61c7faa/playwright.json,Common zoom readability did not cause overflow or content loss. Common zoom readability did not cause overflow or content loss.,
rich_result_properties,https://www.strique.io/blog/ai-ad-optimization-guide,medium,pass,playwright,brands/strique/references/evidence/20260629T193943Z/pages/5b48b61c7faa/playwright.json,"Supported rich result schema properties are present for: Article, BreadcrumbList, Organization.",
critical_css_font_loading,https://www.strique.io/blog/ai-ad-optimization-guide,medium,fail,lighthouse,brands/strique/references/evidence/20260629T193943Z/pages/5b48b61c7faa/lighthouse.json,Stored lab artifact does not include critical CSS or font diagnostics.,Recollect Lighthouse or PageSpeed evidence with CSS and font diagnostics.
render_blocking_scripts,https://www.strique.io/blog/ai-ad-optimization-guide,medium,fail,lighthouse,brands/strique/references/evidence/20260629T193943Z/pages/5b48b61c7faa/lighthouse.json,Stored artifacts do not include render-blocking script diagnostics.,Recollect Lighthouse/PageSpeed diagnostics or Playwright script inventory.
third_party_script_weight,https://www.strique.io/blog/ai-ad-optimization-guide,medium,fail,lighthouse,brands/strique/references/evidence/20260629T193943Z/pages/5b48b61c7faa/lighthouse.json,Stored artifacts do not include third-party script weight diagnostics.,Recollect Lighthouse/PageSpeed diagnostics or Playwright script inventory.
lab_root_cause_diagnostics,https://www.strique.io/blog/ai-ad-optimization-guide,medium,pass,lighthouse,brands/strique/references/evidence/20260629T193943Z/pages/5b48b61c7faa/lighthouse.json,"Lab diagnostics available: largest-contentful-paint, cumulative-layout-shift, speed-index, total-blocking-time.",
crawl_status,https://www.strique.io/blog/brand-context-extraction,high,pass,firecrawl,brands/strique/references/crawls/20260629T193943Z/pages/3e680ea6b732/firecrawl.json,URL crawled with status 200.,
indexable,https://www.strique.io/blog/brand-context-extraction,high,pass,firecrawl,brands/strique/references/crawls/20260629T193943Z/pages/3e680ea6b732/firecrawl.json,Indexability is yes.,
title_present,https://www.strique.io/blog/brand-context-extraction,medium,pass,firecrawl,brands/strique/references/crawls/20260629T193943Z/pages/3e680ea6b732/firecrawl.json,Title: How Strique extracts your brand DNA from your website · Strique,
meta_description_present,https://www.strique.io/blog/brand-context-extraction,medium,pass,firecrawl,brands/strique/references/crawls/20260629T193943Z/pages/3e680ea6b732/firecrawl.json,"Meta description: The first 90 seconds with Strique: a crawl, an LLM pass, and a brand context object your agent uses forever.",
single_h1,https://www.strique.io/blog/brand-context-extraction,medium,pass,firecrawl,brands/strique/references/crawls/20260629T193943Z/pages/3e680ea6b732/firecrawl.json,H1 count is 1.,
canonical_match,https://www.strique.io/blog/brand-context-extraction,high,pass,firecrawl,brands/strique/references/crawls/20260629T193943Z/pages/3e680ea6b732/firecrawl.json,Canonical: https://www.strique.io/blog/brand-context-extraction,
schema_present,https://www.strique.io/blog/brand-context-extraction,low,pass,firecrawl,brands/strique/references/crawls/20260629T193943Z/pages/3e680ea6b732/firecrawl.json,"Schema types: Article, BreadcrumbList, ContactPoint, ImageObject, ListItem, Organization, Person, SearchAction, WebPage, WebSite",
image_alt_text,https://www.strique.io/blog/brand-context-extraction,low,fail,firecrawl,brands/strique/references/crawls/20260629T193943Z/pages/3e680ea6b732/firecrawl.json,3 images are missing alt text.,Add useful alt text for meaningful images.
sitemap_inclusion,https://www.strique.io/blog/brand-context-extraction,low,pass,firecrawl,brands/strique/references/crawls/20260629T193943Z/pages/3e680ea6b732/firecrawl.json,Sitemap inclusion is yes.,
content_visible,https://www.strique.io/blog/brand-context-extraction,high,pass,firecrawl,brands/strique/references/crawls/20260629T193943Z/pages/3e680ea6b732/firecrawl.json,Rendered public text has 10583 words.,
content_type_classifiable,https://www.strique.io/blog/brand-context-extraction,medium,pass,firecrawl,brands/strique/references/crawls/20260629T193943Z/pages/3e680ea6b732/firecrawl.json,"Public URL, title, and rendered text were reviewed for a recognizable page type.",
resource_rendering_not_blocked,https://www.strique.io/blog/brand-context-extraction,high,pass,firecrawl,brands/strique/references/crawls/20260629T193943Z/pages/3e680ea6b732/firecrawl.json,Critical page content rendered successfully.,
title_not_keyword_stuffed,https://www.strique.io/blog/brand-context-extraction,medium,pass,firecrawl,brands/strique/references/crawls/20260629T193943Z/pages/3e680ea6b732/firecrawl.json,Title reviewed for repeated terms and separator stuffing: How Strique extracts your brand DNA from your website · Strique.,
heading_not_keyword_stuffed,https://www.strique.io/blog/brand-context-extraction,medium,pass,firecrawl,brands/strique/references/crawls/20260629T193943Z/pages/3e680ea6b732/firecrawl.json,5 rendered headings reviewed for stuffing.,
preview_controls_safe,https://www.strique.io/blog/brand-context-extraction,medium,pass,firecrawl,brands/strique/references/crawls/20260629T193943Z/pages/3e680ea6b732/firecrawl.json,No harmful snippet preview controls were detected.,
url_path_clean,https://www.strique.io/blog/brand-context-extraction,medium,pass,firecrawl,brands/strique/references/crawls/20260629T193943Z/pages/3e680ea6b732/firecrawl.json,"URL path reviewed for IDs, dates, session keys, and implementation details.",
media_support_present,https://www.strique.io/blog/brand-context-extraction,low,pass,firecrawl,brands/strique/references/crawls/20260629T193943Z/pages/3e680ea6b732/firecrawl.json,14 images found on the page.,
content_not_ai_slop,https://www.strique.io/blog/brand-context-extraction,low,pass,firecrawl,brands/strique/references/crawls/20260629T193943Z/pages/3e680ea6b732/firecrawl.json,Rendered copy reviewed for common generic AI filler phrases.,
thin_prompt_variant_pages,https://www.strique.io/blog/brand-context-extraction,medium,pass,firecrawl,brands/strique/references/crawls/20260629T193943Z/pages/3e680ea6b732/firecrawl.json,Rendered public text has 10583 words.,
docs_content_extractable,https://www.strique.io/blog/brand-context-extraction,medium,not_applicable,firecrawl,brands/strique/references/crawls/20260629T193943Z/pages/3e680ea6b732/firecrawl.json,This is not a docs or support URL.,
performance_score,https://www.strique.io/blog/brand-context-extraction,medium,fail,lighthouse,brands/strique/references/evidence/20260629T193943Z/pages/3e680ea6b732/lighthouse.json,Performance score is 0.67.,Improve Core Web Vitals and Lighthouse performance bottlenecks.
blocking_popups_interstitials,https://www.strique.io/blog/brand-context-extraction,medium,fail,playwright,brands/strique/references/evidence/20260629T193943Z/pages/3e680ea6b732/playwright.json,"1 large fixed, modal, or interstitial elements may block main content. 2 large fixed, modal, or interstitial elements may block main content.","Remove or reduce blocking overlays on first render, especially on mobile."
body_text_line_length,https://www.strique.io/blog/brand-context-extraction,medium,pass,playwright,brands/strique/references/evidence/20260629T193943Z/pages/3e680ea6b732/playwright.json,Sampled body text line length is readable. Sampled body text line length is readable.,
client_route_metadata,https://www.strique.io/blog/brand-context-extraction,medium,not_applicable,playwright,brands/strique/references/evidence/20260629T193943Z/pages/3e680ea6b732/playwright.json,"SPA markers were found, but route-change metadata was not triggered by this deterministic pass.",
color_contrast,https://www.strique.io/blog/brand-context-extraction,medium,fail,playwright,brands/strique/references/evidence/20260629T193943Z/pages/3e680ea6b732/playwright.json,7 sampled text elements have low contrast. 4 sampled text elements have low contrast.,Increase foreground/background contrast for readable text.
form_accessibility,https://www.strique.io/blog/brand-context-extraction,medium,not_applicable,playwright,brands/strique/references/evidence/20260629T193943Z/pages/3e680ea6b732/playwright.json,No visible form fields found.,
fragment_deep_links,https://www.strique.io/blog/brand-context-extraction,medium,pass,playwright,brands/strique/references/evidence/20260629T193943Z/pages/3e680ea6b732/playwright.json,Same-page fragment links have matching targets.,
horizontal_scroll,https://www.strique.io/blog/brand-context-extraction,medium,pass,playwright,brands/strique/references/evidence/20260629T193943Z/pages/3e680ea6b732/playwright.json,No horizontal overflow detected. No horizontal overflow detected.,
inaccessible_controls,https://www.strique.io/blog/brand-context-extraction,medium,fail,playwright,brands/strique/references/evidence/20260629T193943Z/pages/3e680ea6b732/playwright.json,3 visible controls lack accessible names.,"Add text, aria-label, or labelledby values to interactive controls."
keyboard_navigation,https://www.strique.io/blog/brand-context-extraction,medium,pass,playwright,brands/strique/references/evidence/20260629T193943Z/pages/3e680ea6b732/playwright.json,Keyboard focus reached 4 visible controls. Keyboard focus reached 4 visible controls.,
lazy_loading_in_viewport,https://www.strique.io/blog/brand-context-extraction,medium,pass,playwright,brands/strique/references/evidence/20260629T193943Z/pages/3e680ea6b732/playwright.json,No unloaded in-viewport lazy content detected. No unloaded in-viewport lazy content detected.,
mobile_form_usability,https://www.strique.io/blog/brand-context-extraction,medium,not_applicable,playwright,brands/strique/references/evidence/20260629T193943Z/pages/3e680ea6b732/playwright.json,No visible mobile form fields found.,
mobile_text_readability,https://www.strique.io/blog/brand-context-extraction,medium,fail,playwright,brands/strique/references/evidence/20260629T193943Z/pages/3e680ea6b732/playwright.json,10 sampled text elements are too small or tight on mobile.,Increase mobile font size or line height for readable body text.
route_status_handling,https://www.strique.io/blog/brand-context-extraction,medium,not_applicable,playwright,brands/strique/references/evidence/20260629T193943Z/pages/3e680ea6b732/playwright.json,Route status handling is tested from the site root.,
table_semantics,https://www.strique.io/blog/brand-context-extraction,medium,not_applicable,playwright,brands/strique/references/evidence/20260629T193943Z/pages/3e680ea6b732/playwright.json,No visible tables found.,
tap_targets,https://www.strique.io/blog/brand-context-extraction,medium,fail,playwright,brands/strique/references/evidence/20260629T193943Z/pages/3e680ea6b732/playwright.json,10 small and 16 crowded mobile tap targets found.,Increase tap target size or spacing to at least common mobile accessibility targets.
text_spacing,https://www.strique.io/blog/brand-context-extraction,medium,pass,playwright,brands/strique/references/evidence/20260629T193943Z/pages/3e680ea6b732/playwright.json,WCAG text spacing did not cause overflow or content loss. WCAG text spacing did not cause overflow or content loss.,
zoom_readability,https://www.strique.io/blog/brand-context-extraction,medium,pass,playwright,brands/strique/references/evidence/20260629T193943Z/pages/3e680ea6b732/playwright.json,Common zoom readability did not cause overflow or content loss. Common zoom readability did not cause overflow or content loss.,
rich_result_properties,https://www.strique.io/blog/brand-context-extraction,medium,pass,playwright,brands/strique/references/evidence/20260629T193943Z/pages/3e680ea6b732/playwright.json,"Supported rich result schema properties are present for: Article, BreadcrumbList, Organization.",
critical_css_font_loading,https://www.strique.io/blog/brand-context-extraction,medium,fail,lighthouse,brands/strique/references/evidence/20260629T193943Z/pages/3e680ea6b732/lighthouse.json,Stored lab artifact does not include critical CSS or font diagnostics.,Recollect Lighthouse or PageSpeed evidence with CSS and font diagnostics.
render_blocking_scripts,https://www.strique.io/blog/brand-context-extraction,medium,fail,lighthouse,brands/strique/references/evidence/20260629T193943Z/pages/3e680ea6b732/lighthouse.json,Stored artifacts do not include render-blocking script diagnostics.,Recollect Lighthouse/PageSpeed diagnostics or Playwright script inventory.
third_party_script_weight,https://www.strique.io/blog/brand-context-extraction,medium,fail,lighthouse,brands/strique/references/evidence/20260629T193943Z/pages/3e680ea6b732/lighthouse.json,Stored artifacts do not include third-party script weight diagnostics.,Recollect Lighthouse/PageSpeed diagnostics or Playwright script inventory.
lab_root_cause_diagnostics,https://www.strique.io/blog/brand-context-extraction,medium,pass,lighthouse,brands/strique/references/evidence/20260629T193943Z/pages/3e680ea6b732/lighthouse.json,"Lab diagnostics available: largest-contentful-paint, cumulative-layout-shift, speed-index, total-blocking-time.",
crawl_status,https://www.strique.io/blog/closing-the-loop,high,pass,firecrawl,brands/strique/references/crawls/20260629T193943Z/pages/49070b07034c/firecrawl.json,URL crawled with status 200.,
indexable,https://www.strique.io/blog/closing-the-loop,high,pass,firecrawl,brands/strique/references/crawls/20260629T193943Z/pages/49070b07034c/firecrawl.json,Indexability is yes.,
title_present,https://www.strique.io/blog/closing-the-loop,medium,pass,firecrawl,brands/strique/references/crawls/20260629T193943Z/pages/49070b07034c/firecrawl.json,Title: Closing the Loop in AI Marketing · Strique,
meta_description_present,https://www.strique.io/blog/closing-the-loop,medium,pass,firecrawl,brands/strique/references/crawls/20260629T193943Z/pages/49070b07034c/firecrawl.json,"Meta description: Generating an ad is easy. Reading back what happened, learning from it, and compounding, that's the 90% every AI marketing tool punts on.",
single_h1,https://www.strique.io/blog/closing-the-loop,medium,pass,firecrawl,brands/strique/references/crawls/20260629T193943Z/pages/49070b07034c/firecrawl.json,H1 count is 1.,
canonical_match,https://www.strique.io/blog/closing-the-loop,high,pass,firecrawl,brands/strique/references/crawls/20260629T193943Z/pages/49070b07034c/firecrawl.json,Canonical: https://www.strique.io/blog/closing-the-loop,
schema_present,https://www.strique.io/blog/closing-the-loop,low,pass,firecrawl,brands/strique/references/crawls/20260629T193943Z/pages/49070b07034c/firecrawl.json,"Schema types: Article, BreadcrumbList, ContactPoint, ImageObject, ListItem, Organization, Person, SearchAction, WebPage, WebSite",
image_alt_text,https://www.strique.io/blog/closing-the-loop,low,fail,firecrawl,brands/strique/references/crawls/20260629T193943Z/pages/49070b07034c/firecrawl.json,3 images are missing alt text.,Add useful alt text for meaningful images.
sitemap_inclusion,https://www.strique.io/blog/closing-the-loop,low,pass,firecrawl,brands/strique/references/crawls/20260629T193943Z/pages/49070b07034c/firecrawl.json,Sitemap inclusion is yes.,
content_visible,https://www.strique.io/blog/closing-the-loop,high,pass,firecrawl,brands/strique/references/crawls/20260629T193943Z/pages/49070b07034c/firecrawl.json,Rendered public text has 10537 words.,
content_type_classifiable,https://www.strique.io/blog/closing-the-loop,medium,pass,firecrawl,brands/strique/references/crawls/20260629T193943Z/pages/49070b07034c/firecrawl.json,"Public URL, title, and rendered text were reviewed for a recognizable page type.",
resource_rendering_not_blocked,https://www.strique.io/blog/closing-the-loop,high,pass,firecrawl,brands/strique/references/crawls/20260629T193943Z/pages/49070b07034c/firecrawl.json,Critical page content rendered successfully.,
title_not_keyword_stuffed,https://www.strique.io/blog/closing-the-loop,medium,pass,firecrawl,brands/strique/references/crawls/20260629T193943Z/pages/49070b07034c/firecrawl.json,Title reviewed for repeated terms and separator stuffing: Closing the Loop in AI Marketing · Strique.,
heading_not_keyword_stuffed,https://www.strique.io/blog/closing-the-loop,medium,pass,firecrawl,brands/strique/references/crawls/20260629T193943Z/pages/49070b07034c/firecrawl.json,4 rendered headings reviewed for stuffing.,
preview_controls_safe,https://www.strique.io/blog/closing-the-loop,medium,pass,firecrawl,brands/strique/references/crawls/20260629T193943Z/pages/49070b07034c/firecrawl.json,No harmful snippet preview controls were detected.,
url_path_clean,https://www.strique.io/blog/closing-the-loop,medium,pass,firecrawl,brands/strique/references/crawls/20260629T193943Z/pages/49070b07034c/firecrawl.json,"URL path reviewed for IDs, dates, session keys, and implementation details.",
media_support_present,https://www.strique.io/blog/closing-the-loop,low,pass,firecrawl,brands/strique/references/crawls/20260629T193943Z/pages/49070b07034c/firecrawl.json,14 images found on the page.,
content_not_ai_slop,https://www.strique.io/blog/closing-the-loop,low,pass,firecrawl,brands/strique/references/crawls/20260629T193943Z/pages/49070b07034c/firecrawl.json,Rendered copy reviewed for common generic AI filler phrases.,
thin_prompt_variant_pages,https://www.strique.io/blog/closing-the-loop,medium,pass,firecrawl,brands/strique/references/crawls/20260629T193943Z/pages/49070b07034c/firecrawl.json,Rendered public text has 10537 words.,
docs_content_extractable,https://www.strique.io/blog/closing-the-loop,medium,not_applicable,firecrawl,brands/strique/references/crawls/20260629T193943Z/pages/49070b07034c/firecrawl.json,This is not a docs or support URL.,
performance_score,https://www.strique.io/blog/closing-the-loop,medium,fail,lighthouse,brands/strique/references/evidence/20260629T193943Z/pages/49070b07034c/lighthouse.json,Performance score is 0.83.,Improve Core Web Vitals and Lighthouse performance bottlenecks.
blocking_popups_interstitials,https://www.strique.io/blog/closing-the-loop,medium,fail,playwright,brands/strique/references/evidence/20260629T193943Z/pages/49070b07034c/playwright.json,"1 large fixed, modal, or interstitial elements may block main content. 2 large fixed, modal, or interstitial elements may block main content.","Remove or reduce blocking overlays on first render, especially on mobile."
body_text_line_length,https://www.strique.io/blog/closing-the-loop,medium,pass,playwright,brands/strique/references/evidence/20260629T193943Z/pages/49070b07034c/playwright.json,Sampled body text line length is readable. Sampled body text line length is readable.,
client_route_metadata,https://www.strique.io/blog/closing-the-loop,medium,not_applicable,playwright,brands/strique/references/evidence/20260629T193943Z/pages/49070b07034c/playwright.json,"SPA markers were found, but route-change metadata was not triggered by this deterministic pass.",
color_contrast,https://www.strique.io/blog/closing-the-loop,medium,fail,playwright,brands/strique/references/evidence/20260629T193943Z/pages/49070b07034c/playwright.json,7 sampled text elements have low contrast. 4 sampled text elements have low contrast.,Increase foreground/background contrast for readable text.
form_accessibility,https://www.strique.io/blog/closing-the-loop,medium,not_applicable,playwright,brands/strique/references/evidence/20260629T193943Z/pages/49070b07034c/playwright.json,No visible form fields found.,
fragment_deep_links,https://www.strique.io/blog/closing-the-loop,medium,pass,playwright,brands/strique/references/evidence/20260629T193943Z/pages/49070b07034c/playwright.json,Same-page fragment links have matching targets.,
horizontal_scroll,https://www.strique.io/blog/closing-the-loop,medium,pass,playwright,brands/strique/references/evidence/20260629T193943Z/pages/49070b07034c/playwright.json,No horizontal overflow detected. No horizontal overflow detected.,
inaccessible_controls,https://www.strique.io/blog/closing-the-loop,medium,fail,playwright,brands/strique/references/evidence/20260629T193943Z/pages/49070b07034c/playwright.json,2 visible controls lack accessible names.,"Add text, aria-label, or labelledby values to interactive controls."
keyboard_navigation,https://www.strique.io/blog/closing-the-loop,medium,pass,playwright,brands/strique/references/evidence/20260629T193943Z/pages/49070b07034c/playwright.json,Keyboard focus reached 4 visible controls. Keyboard focus reached 4 visible controls.,
lazy_loading_in_viewport,https://www.strique.io/blog/closing-the-loop,medium,pass,playwright,brands/strique/references/evidence/20260629T193943Z/pages/49070b07034c/playwright.json,No unloaded in-viewport lazy content detected. No unloaded in-viewport lazy content detected.,
mobile_form_usability,https://www.strique.io/blog/closing-the-loop,medium,not_applicable,playwright,brands/strique/references/evidence/20260629T193943Z/pages/49070b07034c/playwright.json,No visible mobile form fields found.,
mobile_text_readability,https://www.strique.io/blog/closing-the-loop,medium,fail,playwright,brands/strique/references/evidence/20260629T193943Z/pages/49070b07034c/playwright.json,10 sampled text elements are too small or tight on mobile.,Increase mobile font size or line height for readable body text.
route_status_handling,https://www.strique.io/blog/closing-the-loop,medium,not_applicable,playwright,brands/strique/references/evidence/20260629T193943Z/pages/49070b07034c/playwright.json,Route status handling is tested from the site root.,
table_semantics,https://www.strique.io/blog/closing-the-loop,medium,not_applicable,playwright,brands/strique/references/evidence/20260629T193943Z/pages/49070b07034c/playwright.json,No visible tables found.,
tap_targets,https://www.strique.io/blog/closing-the-loop,medium,fail,playwright,brands/strique/references/evidence/20260629T193943Z/pages/49070b07034c/playwright.json,10 small and 16 crowded mobile tap targets found.,Increase tap target size or spacing to at least common mobile accessibility targets.
text_spacing,https://www.strique.io/blog/closing-the-loop,medium,pass,playwright,brands/strique/references/evidence/20260629T193943Z/pages/49070b07034c/playwright.json,WCAG text spacing did not cause overflow or content loss. WCAG text spacing did not cause overflow or content loss.,
zoom_readability,https://www.strique.io/blog/closing-the-loop,medium,pass,playwright,brands/strique/references/evidence/20260629T193943Z/pages/49070b07034c/playwright.json,Common zoom readability did not cause overflow or content loss. Common zoom readability did not cause overflow or content loss.,
rich_result_properties,https://www.strique.io/blog/closing-the-loop,medium,pass,playwright,brands/strique/references/evidence/20260629T193943Z/pages/49070b07034c/playwright.json,"Supported rich result schema properties are present for: Article, BreadcrumbList, Organization.",
critical_css_font_loading,https://www.strique.io/blog/closing-the-loop,medium,fail,lighthouse,brands/strique/references/evidence/20260629T193943Z/pages/49070b07034c/lighthouse.json,Stored lab artifact does not include critical CSS or font diagnostics.,Recollect Lighthouse or PageSpeed evidence with CSS and font diagnostics.
render_blocking_scripts,https://www.strique.io/blog/closing-the-loop,medium,fail,lighthouse,brands/strique/references/evidence/20260629T193943Z/pages/49070b07034c/lighthouse.json,Stored artifacts do not include render-blocking script diagnostics.,Recollect Lighthouse/PageSpeed diagnostics or Playwright script inventory.
third_party_script_weight,https://www.strique.io/blog/closing-the-loop,medium,fail,lighthouse,brands/strique/references/evidence/20260629T193943Z/pages/49070b07034c/lighthouse.json,Stored artifacts do not include third-party script weight diagnostics.,Recollect Lighthouse/PageSpeed diagnostics or Playwright script inventory.
lab_root_cause_diagnostics,https://www.strique.io/blog/closing-the-loop,medium,pass,lighthouse,brands/strique/references/evidence/20260629T193943Z/pages/49070b07034c/lighthouse.json,"Lab diagnostics available: largest-contentful-paint, cumulative-layout-shift, speed-index, total-blocking-time.",
crawl_status,https://www.strique.io/blog/how-to-improve-roas-using-ai-audit-tools,high,pass,firecrawl,brands/strique/references/crawls/20260629T193943Z/pages/e852e22bed9f/firecrawl.json,URL crawled with status 200.,
indexable,https://www.strique.io/blog/how-to-improve-roas-using-ai-audit-tools,high,pass,firecrawl,brands/strique/references/crawls/20260629T193943Z/pages/e852e22bed9f/firecrawl.json,Indexability is yes.,
title_present,https://www.strique.io/blog/how-to-improve-roas-using-ai-audit-tools,medium,pass,firecrawl,brands/strique/references/crawls/20260629T193943Z/pages/e852e22bed9f/firecrawl.json,Title: AI Ad Audits for D2C ROAS Improvement · Strique,
meta_description_present,https://www.strique.io/blog/how-to-improve-roas-using-ai-audit-tools,medium,pass,firecrawl,brands/strique/references/crawls/20260629T193943Z/pages/e852e22bed9f/firecrawl.json,"Meta description: Boost ROAS with AI-driven ad audits. Optimize campaigns, reduce waste, and improve profitability using Strique's intelligent platform for D2C brands.",
single_h1,https://www.strique.io/blog/how-to-improve-roas-using-ai-audit-tools,medium,pass,firecrawl,brands/strique/references/crawls/20260629T193943Z/pages/e852e22bed9f/firecrawl.json,H1 count is 1.,
canonical_match,https://www.strique.io/blog/how-to-improve-roas-using-ai-audit-tools,high,pass,firecrawl,brands/strique/references/crawls/20260629T193943Z/pages/e852e22bed9f/firecrawl.json,Canonical: https://www.strique.io/blog/how-to-improve-roas-using-ai-audit-tools,
schema_present,https://www.strique.io/blog/how-to-improve-roas-using-ai-audit-tools,low,pass,firecrawl,brands/strique/references/crawls/20260629T193943Z/pages/e852e22bed9f/firecrawl.json,"Schema types: Answer, Article, BreadcrumbList, ContactPoint, FAQPage, ImageObject, ListItem, Organization, Person, Question, SearchAction, WebPage, WebSite",
image_alt_text,https://www.strique.io/blog/how-to-improve-roas-using-ai-audit-tools,low,fail,firecrawl,brands/strique/references/crawls/20260629T193943Z/pages/e852e22bed9f/firecrawl.json,3 images are missing alt text.,Add useful alt text for meaningful images.
sitemap_inclusion,https://www.strique.io/blog/how-to-improve-roas-using-ai-audit-tools,low,pass,firecrawl,brands/strique/references/crawls/20260629T193943Z/pages/e852e22bed9f/firecrawl.json,Sitemap inclusion is yes.,
content_visible,https://www.strique.io/blog/how-to-improve-roas-using-ai-audit-tools,high,pass,firecrawl,brands/strique/references/crawls/20260629T193943Z/pages/e852e22bed9f/firecrawl.json,Rendered public text has 14724 words.,
content_type_classifiable,https://www.strique.io/blog/how-to-improve-roas-using-ai-audit-tools,medium,pass,firecrawl,brands/strique/references/crawls/20260629T193943Z/pages/e852e22bed9f/firecrawl.json,"Public URL, title, and rendered text were reviewed for a recognizable page type.",
resource_rendering_not_blocked,https://www.strique.io/blog/how-to-improve-roas-using-ai-audit-tools,high,pass,firecrawl,brands/strique/references/crawls/20260629T193943Z/pages/e852e22bed9f/firecrawl.json,Critical page content rendered successfully.,
title_not_keyword_stuffed,https://www.strique.io/blog/how-to-improve-roas-using-ai-audit-tools,medium,pass,firecrawl,brands/strique/references/crawls/20260629T193943Z/pages/e852e22bed9f/firecrawl.json,Title reviewed for repeated terms and separator stuffing: AI Ad Audits for D2C ROAS Improvement · Strique.,
heading_not_keyword_stuffed,https://www.strique.io/blog/how-to-improve-roas-using-ai-audit-tools,medium,pass,firecrawl,brands/strique/references/crawls/20260629T193943Z/pages/e852e22bed9f/firecrawl.json,19 rendered headings reviewed for stuffing.,
preview_controls_safe,https://www.strique.io/blog/how-to-improve-roas-using-ai-audit-tools,medium,pass,firecrawl,brands/strique/references/crawls/20260629T193943Z/pages/e852e22bed9f/firecrawl.json,No harmful snippet preview controls were detected.,
url_path_clean,https://www.strique.io/blog/how-to-improve-roas-using-ai-audit-tools,medium,pass,firecrawl,brands/strique/references/crawls/20260629T193943Z/pages/e852e22bed9f/firecrawl.json,"URL path reviewed for IDs, dates, session keys, and implementation details.",
media_support_present,https://www.strique.io/blog/how-to-improve-roas-using-ai-audit-tools,low,pass,firecrawl,brands/strique/references/crawls/20260629T193943Z/pages/e852e22bed9f/firecrawl.json,14 images found on the page.,
content_not_ai_slop,https://www.strique.io/blog/how-to-improve-roas-using-ai-audit-tools,low,pass,firecrawl,brands/strique/references/crawls/20260629T193943Z/pages/e852e22bed9f/firecrawl.json,Rendered copy reviewed for common generic AI filler phrases.,
thin_prompt_variant_pages,https://www.strique.io/blog/how-to-improve-roas-using-ai-audit-tools,medium,pass,firecrawl,brands/strique/references/crawls/20260629T193943Z/pages/e852e22bed9f/firecrawl.json,Rendered public text has 14724 words.,
docs_content_extractable,https://www.strique.io/blog/how-to-improve-roas-using-ai-audit-tools,medium,not_applicable,firecrawl,brands/strique/references/crawls/20260629T193943Z/pages/e852e22bed9f/firecrawl.json,This is not a docs or support URL.,
performance_score,https://www.strique.io/blog/how-to-improve-roas-using-ai-audit-tools,medium,fail,lighthouse,brands/strique/references/evidence/20260629T193943Z/pages/e852e22bed9f/lighthouse.json,Performance score is 0.54.,Improve Core Web Vitals and Lighthouse performance bottlenecks.
blocking_popups_interstitials,https://www.strique.io/blog/how-to-improve-roas-using-ai-audit-tools,medium,fail,playwright,brands/strique/references/evidence/20260629T193943Z/pages/e852e22bed9f/playwright.json,"1 large fixed, modal, or interstitial elements may block main content. 2 large fixed, modal, or interstitial elements may block main content.","Remove or reduce blocking overlays on first render, especially on mobile."
body_text_line_length,https://www.strique.io/blog/how-to-improve-roas-using-ai-audit-tools,medium,pass,playwright,brands/strique/references/evidence/20260629T193943Z/pages/e852e22bed9f/playwright.json,Sampled body text line length is readable. Sampled body text line length is readable.,
client_route_metadata,https://www.strique.io/blog/how-to-improve-roas-using-ai-audit-tools,medium,not_applicable,playwright,brands/strique/references/evidence/20260629T193943Z/pages/e852e22bed9f/playwright.json,"SPA markers were found, but route-change metadata was not triggered by this deterministic pass.",
color_contrast,https://www.strique.io/blog/how-to-improve-roas-using-ai-audit-tools,medium,fail,playwright,brands/strique/references/evidence/20260629T193943Z/pages/e852e22bed9f/playwright.json,1 sampled text elements have low contrast. 3 sampled text elements have low contrast.,Increase foreground/background contrast for readable text.
form_accessibility,https://www.strique.io/blog/how-to-improve-roas-using-ai-audit-tools,medium,not_applicable,playwright,brands/strique/references/evidence/20260629T193943Z/pages/e852e22bed9f/playwright.json,No visible form fields found.,
fragment_deep_links,https://www.strique.io/blog/how-to-improve-roas-using-ai-audit-tools,medium,pass,playwright,brands/strique/references/evidence/20260629T193943Z/pages/e852e22bed9f/playwright.json,Same-page fragment links have matching targets.,
horizontal_scroll,https://www.strique.io/blog/how-to-improve-roas-using-ai-audit-tools,medium,pass,playwright,brands/strique/references/evidence/20260629T193943Z/pages/e852e22bed9f/playwright.json,No horizontal overflow detected. No horizontal overflow detected.,
inaccessible_controls,https://www.strique.io/blog/how-to-improve-roas-using-ai-audit-tools,medium,fail,playwright,brands/strique/references/evidence/20260629T193943Z/pages/e852e22bed9f/playwright.json,10 visible controls lack accessible names.,"Add text, aria-label, or labelledby values to interactive controls."
keyboard_navigation,https://www.strique.io/blog/how-to-improve-roas-using-ai-audit-tools,medium,pass,playwright,brands/strique/references/evidence/20260629T193943Z/pages/e852e22bed9f/playwright.json,Keyboard focus reached 4 visible controls. Keyboard focus reached 4 visible controls.,
lazy_loading_in_viewport,https://www.strique.io/blog/how-to-improve-roas-using-ai-audit-tools,medium,pass,playwright,brands/strique/references/evidence/20260629T193943Z/pages/e852e22bed9f/playwright.json,No unloaded in-viewport lazy content detected. No unloaded in-viewport lazy content detected.,
mobile_form_usability,https://www.strique.io/blog/how-to-improve-roas-using-ai-audit-tools,medium,not_applicable,playwright,brands/strique/references/evidence/20260629T193943Z/pages/e852e22bed9f/playwright.json,No visible mobile form fields found.,
mobile_text_readability,https://www.strique.io/blog/how-to-improve-roas-using-ai-audit-tools,medium,fail,playwright,brands/strique/references/evidence/20260629T193943Z/pages/e852e22bed9f/playwright.json,7 sampled text elements are too small or tight on mobile.,Increase mobile font size or line height for readable body text.
route_status_handling,https://www.strique.io/blog/how-to-improve-roas-using-ai-audit-tools,medium,not_applicable,playwright,brands/strique/references/evidence/20260629T193943Z/pages/e852e22bed9f/playwright.json,Route status handling is tested from the site root.,
table_semantics,https://www.strique.io/blog/how-to-improve-roas-using-ai-audit-tools,medium,not_applicable,playwright,brands/strique/references/evidence/20260629T193943Z/pages/e852e22bed9f/playwright.json,No visible tables found.,
tap_targets,https://www.strique.io/blog/how-to-improve-roas-using-ai-audit-tools,medium,fail,playwright,brands/strique/references/evidence/20260629T193943Z/pages/e852e22bed9f/playwright.json,10 small and 18 crowded mobile tap targets found.,Increase tap target size or spacing to at least common mobile accessibility targets.
text_spacing,https://www.strique.io/blog/how-to-improve-roas-using-ai-audit-tools,medium,pass,playwright,brands/strique/references/evidence/20260629T193943Z/pages/e852e22bed9f/playwright.json,WCAG text spacing did not cause overflow or content loss. WCAG text spacing did not cause overflow or content loss.,
zoom_readability,https://www.strique.io/blog/how-to-improve-roas-using-ai-audit-tools,medium,pass,playwright,brands/strique/references/evidence/20260629T193943Z/pages/e852e22bed9f/playwright.json,Common zoom readability did not cause overflow or content loss. Common zoom readability did not cause overflow or content loss.,
rich_result_properties,https://www.strique.io/blog/how-to-improve-roas-using-ai-audit-tools,medium,pass,playwright,brands/strique/references/evidence/20260629T193943Z/pages/e852e22bed9f/playwright.json,"Supported rich result schema properties are present for: Article, BreadcrumbList, FAQPage, Organization.",
critical_css_font_loading,https://www.strique.io/blog/how-to-improve-roas-using-ai-audit-tools,medium,fail,lighthouse,brands/strique/references/evidence/20260629T193943Z/pages/e852e22bed9f/lighthouse.json,Stored lab artifact does not include critical CSS or font diagnostics.,Recollect Lighthouse or PageSpeed evidence with CSS and font diagnostics.
render_blocking_scripts,https://www.strique.io/blog/how-to-improve-roas-using-ai-audit-tools,medium,fail,lighthouse,brands/strique/references/evidence/20260629T193943Z/pages/e852e22bed9f/lighthouse.json,Stored artifacts do not include render-blocking script diagnostics.,Recollect Lighthouse/PageSpeed diagnostics or Playwright script inventory.
third_party_script_weight,https://www.strique.io/blog/how-to-improve-roas-using-ai-audit-tools,medium,fail,lighthouse,brands/strique/references/evidence/20260629T193943Z/pages/e852e22bed9f/lighthouse.json,Stored artifacts do not include third-party script weight diagnostics.,Recollect Lighthouse/PageSpeed diagnostics or Playwright script inventory.
lab_root_cause_diagnostics,https://www.strique.io/blog/how-to-improve-roas-using-ai-audit-tools,medium,pass,lighthouse,brands/strique/references/evidence/20260629T193943Z/pages/e852e22bed9f/lighthouse.json,"Lab diagnostics available: largest-contentful-paint, cumulative-layout-shift, speed-index, total-blocking-time.",
crawl_status,https://www.strique.io/blog/how-to-reduce-cac-with-ai,high,pass,firecrawl,brands/strique/references/crawls/20260629T193943Z/pages/adb1e16ab672/firecrawl.json,URL crawled with status 200.,
indexable,https://www.strique.io/blog/how-to-reduce-cac-with-ai,high,pass,firecrawl,brands/strique/references/crawls/20260629T193943Z/pages/adb1e16ab672/firecrawl.json,Indexability is yes.,
title_present,https://www.strique.io/blog/how-to-reduce-cac-with-ai,medium,pass,firecrawl,brands/strique/references/crawls/20260629T193943Z/pages/adb1e16ab672/firecrawl.json,Title: How to reduce CAC by 30% using an AI marketing agent · Strique,
meta_description_present,https://www.strique.io/blog/how-to-reduce-cac-with-ai,medium,pass,firecrawl,brands/strique/references/crawls/20260629T193943Z/pages/adb1e16ab672/firecrawl.json,Meta description: Customer acquisition cost is rising across every channel. Here's the systematic approach teams are using to cut CAC 30% in 90 days with an AI marketing agent.,
single_h1,https://www.strique.io/blog/how-to-reduce-cac-with-ai,medium,pass,firecrawl,brands/strique/references/crawls/20260629T193943Z/pages/adb1e16ab672/firecrawl.json,H1 count is 1.,
canonical_match,https://www.strique.io/blog/how-to-reduce-cac-with-ai,high,pass,firecrawl,brands/strique/references/crawls/20260629T193943Z/pages/adb1e16ab672/firecrawl.json,Canonical: https://www.strique.io/blog/how-to-reduce-cac-with-ai,
schema_present,https://www.strique.io/blog/how-to-reduce-cac-with-ai,low,pass,firecrawl,brands/strique/references/crawls/20260629T193943Z/pages/adb1e16ab672/firecrawl.json,"Schema types: Article, BreadcrumbList, ContactPoint, ImageObject, ListItem, Organization, Person, SearchAction, WebPage, WebSite",
image_alt_text,https://www.strique.io/blog/how-to-reduce-cac-with-ai,low,fail,firecrawl,brands/strique/references/crawls/20260629T193943Z/pages/adb1e16ab672/firecrawl.json,3 images are missing alt text.,Add useful alt text for meaningful images.
sitemap_inclusion,https://www.strique.io/blog/how-to-reduce-cac-with-ai,low,pass,firecrawl,brands/strique/references/crawls/20260629T193943Z/pages/adb1e16ab672/firecrawl.json,Sitemap inclusion is yes.,
content_visible,https://www.strique.io/blog/how-to-reduce-cac-with-ai,high,pass,firecrawl,brands/strique/references/crawls/20260629T193943Z/pages/adb1e16ab672/firecrawl.json,Rendered public text has 11061 words.,
content_type_classifiable,https://www.strique.io/blog/how-to-reduce-cac-with-ai,medium,pass,firecrawl,brands/strique/references/crawls/20260629T193943Z/pages/adb1e16ab672/firecrawl.json,"Public URL, title, and rendered text were reviewed for a recognizable page type.",
resource_rendering_not_blocked,https://www.strique.io/blog/how-to-reduce-cac-with-ai,high,pass,firecrawl,brands/strique/references/crawls/20260629T193943Z/pages/adb1e16ab672/firecrawl.json,Critical page content rendered successfully.,
title_not_keyword_stuffed,https://www.strique.io/blog/how-to-reduce-cac-with-ai,medium,pass,firecrawl,brands/strique/references/crawls/20260629T193943Z/pages/adb1e16ab672/firecrawl.json,Title reviewed for repeated terms and separator stuffing: How to reduce CAC by 30% using an AI marketing agent · Strique.,
heading_not_keyword_stuffed,https://www.strique.io/blog/how-to-reduce-cac-with-ai,medium,pass,firecrawl,brands/strique/references/crawls/20260629T193943Z/pages/adb1e16ab672/firecrawl.json,5 rendered headings reviewed for stuffing.,
preview_controls_safe,https://www.strique.io/blog/how-to-reduce-cac-with-ai,medium,pass,firecrawl,brands/strique/references/crawls/20260629T193943Z/pages/adb1e16ab672/firecrawl.json,No harmful snippet preview controls were detected.,
url_path_clean,https://www.strique.io/blog/how-to-reduce-cac-with-ai,medium,pass,firecrawl,brands/strique/references/crawls/20260629T193943Z/pages/adb1e16ab672/firecrawl.json,"URL path reviewed for IDs, dates, session keys, and implementation details.",
media_support_present,https://www.strique.io/blog/how-to-reduce-cac-with-ai,low,pass,firecrawl,brands/strique/references/crawls/20260629T193943Z/pages/adb1e16ab672/firecrawl.json,14 images found on the page.,
content_not_ai_slop,https://www.strique.io/blog/how-to-reduce-cac-with-ai,low,pass,firecrawl,brands/strique/references/crawls/20260629T193943Z/pages/adb1e16ab672/firecrawl.json,Rendered copy reviewed for common generic AI filler phrases.,
thin_prompt_variant_pages,https://www.strique.io/blog/how-to-reduce-cac-with-ai,medium,pass,firecrawl,brands/strique/references/crawls/20260629T193943Z/pages/adb1e16ab672/firecrawl.json,Rendered public text has 11061 words.,
docs_content_extractable,https://www.strique.io/blog/how-to-reduce-cac-with-ai,medium,not_applicable,firecrawl,brands/strique/references/crawls/20260629T193943Z/pages/adb1e16ab672/firecrawl.json,This is not a docs or support URL.,
performance_score,https://www.strique.io/blog/how-to-reduce-cac-with-ai,medium,fail,lighthouse,brands/strique/references/evidence/20260629T193943Z/pages/adb1e16ab672/lighthouse.json,Performance score is 0.74.,Improve Core Web Vitals and Lighthouse performance bottlenecks.
blocking_popups_interstitials,https://www.strique.io/blog/how-to-reduce-cac-with-ai,medium,fail,playwright,brands/strique/references/evidence/20260629T193943Z/pages/adb1e16ab672/playwright.json,"1 large fixed, modal, or interstitial elements may block main content. 2 large fixed, modal, or interstitial elements may block main content.","Remove or reduce blocking overlays on first render, especially on mobile."
body_text_line_length,https://www.strique.io/blog/how-to-reduce-cac-with-ai,medium,pass,playwright,brands/strique/references/evidence/20260629T193943Z/pages/adb1e16ab672/playwright.json,Sampled body text line length is readable. Sampled body text line length is readable.,
client_route_metadata,https://www.strique.io/blog/how-to-reduce-cac-with-ai,medium,not_applicable,playwright,brands/strique/references/evidence/20260629T193943Z/pages/adb1e16ab672/playwright.json,"SPA markers were found, but route-change metadata was not triggered by this deterministic pass.",
color_contrast,https://www.strique.io/blog/how-to-reduce-cac-with-ai,medium,fail,playwright,brands/strique/references/evidence/20260629T193943Z/pages/adb1e16ab672/playwright.json,7 sampled text elements have low contrast. 4 sampled text elements have low contrast.,Increase foreground/background contrast for readable text.
form_accessibility,https://www.strique.io/blog/how-to-reduce-cac-with-ai,medium,not_applicable,playwright,brands/strique/references/evidence/20260629T193943Z/pages/adb1e16ab672/playwright.json,No visible form fields found.,
fragment_deep_links,https://www.strique.io/blog/how-to-reduce-cac-with-ai,medium,pass,playwright,brands/strique/references/evidence/20260629T193943Z/pages/adb1e16ab672/playwright.json,Same-page fragment links have matching targets.,
horizontal_scroll,https://www.strique.io/blog/how-to-reduce-cac-with-ai,medium,pass,playwright,brands/strique/references/evidence/20260629T193943Z/pages/adb1e16ab672/playwright.json,No horizontal overflow detected. No horizontal overflow detected.,
inaccessible_controls,https://www.strique.io/blog/how-to-reduce-cac-with-ai,medium,fail,playwright,brands/strique/references/evidence/20260629T193943Z/pages/adb1e16ab672/playwright.json,3 visible controls lack accessible names.,"Add text, aria-label, or labelledby values to interactive controls."
keyboard_navigation,https://www.strique.io/blog/how-to-reduce-cac-with-ai,medium,pass,playwright,brands/strique/references/evidence/20260629T193943Z/pages/adb1e16ab672/playwright.json,Keyboard focus reached 4 visible controls. Keyboard focus reached 4 visible controls.,
lazy_loading_in_viewport,https://www.strique.io/blog/how-to-reduce-cac-with-ai,medium,pass,playwright,brands/strique/references/evidence/20260629T193943Z/pages/adb1e16ab672/playwright.json,No unloaded in-viewport lazy content detected. No unloaded in-viewport lazy content detected.,
mobile_form_usability,https://www.strique.io/blog/how-to-reduce-cac-with-ai,medium,not_applicable,playwright,brands/strique/references/evidence/20260629T193943Z/pages/adb1e16ab672/playwright.json,No visible mobile form fields found.,
mobile_text_readability,https://www.strique.io/blog/how-to-reduce-cac-with-ai,medium,fail,playwright,brands/strique/references/evidence/20260629T193943Z/pages/adb1e16ab672/playwright.json,10 sampled text elements are too small or tight on mobile.,Increase mobile font size or line height for readable body text.
route_status_handling,https://www.strique.io/blog/how-to-reduce-cac-with-ai,medium,not_applicable,playwright,brands/strique/references/evidence/20260629T193943Z/pages/adb1e16ab672/playwright.json,Route status handling is tested from the site root.,
table_semantics,https://www.strique.io/blog/how-to-reduce-cac-with-ai,medium,not_applicable,playwright,brands/strique/references/evidence/20260629T193943Z/pages/adb1e16ab672/playwright.json,No visible tables found.,
tap_targets,https://www.strique.io/blog/how-to-reduce-cac-with-ai,medium,fail,playwright,brands/strique/references/evidence/20260629T193943Z/pages/adb1e16ab672/playwright.json,10 small and 16 crowded mobile tap targets found.,Increase tap target size or spacing to at least common mobile accessibility targets.
text_spacing,https://www.strique.io/blog/how-to-reduce-cac-with-ai,medium,pass,playwright,brands/strique/references/evidence/20260629T193943Z/pages/adb1e16ab672/playwright.json,WCAG text spacing did not cause overflow or content loss. WCAG text spacing did not cause overflow or content loss.,
zoom_readability,https://www.strique.io/blog/how-to-reduce-cac-with-ai,medium,pass,playwright,brands/strique/references/evidence/20260629T193943Z/pages/adb1e16ab672/playwright.json,Common zoom readability did not cause overflow or content loss. Common zoom readability did not cause overflow or content loss.,
rich_result_properties,https://www.strique.io/blog/how-to-reduce-cac-with-ai,medium,pass,playwright,brands/strique/references/evidence/20260629T193943Z/pages/adb1e16ab672/playwright.json,"Supported rich result schema properties are present for: Article, BreadcrumbList, Organization.",
critical_css_font_loading,https://www.strique.io/blog/how-to-reduce-cac-with-ai,medium,fail,lighthouse,brands/strique/references/evidence/20260629T193943Z/pages/adb1e16ab672/lighthouse.json,Stored lab artifact does not include critical CSS or font diagnostics.,Recollect Lighthouse or PageSpeed evidence with CSS and font diagnostics.
render_blocking_scripts,https://www.strique.io/blog/how-to-reduce-cac-with-ai,medium,fail,lighthouse,brands/strique/references/evidence/20260629T193943Z/pages/adb1e16ab672/lighthouse.json,Stored artifacts do not include render-blocking script diagnostics.,Recollect Lighthouse/PageSpeed diagnostics or Playwright script inventory.
third_party_script_weight,https://www.strique.io/blog/how-to-reduce-cac-with-ai,medium,fail,lighthouse,brands/strique/references/evidence/20260629T193943Z/pages/adb1e16ab672/lighthouse.json,Stored artifacts do not include third-party script weight diagnostics.,Recollect Lighthouse/PageSpeed diagnostics or Playwright script inventory.
lab_root_cause_diagnostics,https://www.strique.io/blog/how-to-reduce-cac-with-ai,medium,pass,lighthouse,brands/strique/references/evidence/20260629T193943Z/pages/adb1e16ab672/lighthouse.json,"Lab diagnostics available: largest-contentful-paint, cumulative-layout-shift, speed-index, total-blocking-time.",
crawl_status,https://www.strique.io/blog/what-is-an-ai-marketing-agent,high,pass,firecrawl,brands/strique/references/crawls/20260629T193943Z/pages/fca315df71d9/firecrawl.json,URL crawled with status 200.,
indexable,https://www.strique.io/blog/what-is-an-ai-marketing-agent,high,pass,firecrawl,brands/strique/references/crawls/20260629T193943Z/pages/fca315df71d9/firecrawl.json,Indexability is yes.,
title_present,https://www.strique.io/blog/what-is-an-ai-marketing-agent,medium,pass,firecrawl,brands/strique/references/crawls/20260629T193943Z/pages/fca315df71d9/firecrawl.json,Title: What is an AI marketing agent? The 2026 complete guide · Strique,
meta_description_present,https://www.strique.io/blog/what-is-an-ai-marketing-agent,medium,pass,firecrawl,brands/strique/references/crawls/20260629T193943Z/pages/fca315df71d9/firecrawl.json,"Meta description: AI marketing agents are autonomous systems that plan, execute, and optimize marketing campaigns end-to-end, without a human in every step. Here's how they actually work.",
single_h1,https://www.strique.io/blog/what-is-an-ai-marketing-agent,medium,pass,firecrawl,brands/strique/references/crawls/20260629T193943Z/pages/fca315df71d9/firecrawl.json,H1 count is 1.,
canonical_match,https://www.strique.io/blog/what-is-an-ai-marketing-agent,high,pass,firecrawl,brands/strique/references/crawls/20260629T193943Z/pages/fca315df71d9/firecrawl.json,Canonical: https://www.strique.io/blog/what-is-an-ai-marketing-agent,
schema_present,https://www.strique.io/blog/what-is-an-ai-marketing-agent,low,pass,firecrawl,brands/strique/references/crawls/20260629T193943Z/pages/fca315df71d9/firecrawl.json,"Schema types: Article, BreadcrumbList, ContactPoint, ImageObject, ListItem, Organization, Person, SearchAction, WebPage, WebSite",
image_alt_text,https://www.strique.io/blog/what-is-an-ai-marketing-agent,low,fail,firecrawl,brands/strique/references/crawls/20260629T193943Z/pages/fca315df71d9/firecrawl.json,3 images are missing alt text.,Add useful alt text for meaningful images.
sitemap_inclusion,https://www.strique.io/blog/what-is-an-ai-marketing-agent,low,pass,firecrawl,brands/strique/references/crawls/20260629T193943Z/pages/fca315df71d9/firecrawl.json,Sitemap inclusion is yes.,
content_visible,https://www.strique.io/blog/what-is-an-ai-marketing-agent,high,pass,firecrawl,brands/strique/references/crawls/20260629T193943Z/pages/fca315df71d9/firecrawl.json,Rendered public text has 12160 words.,
content_type_classifiable,https://www.strique.io/blog/what-is-an-ai-marketing-agent,medium,pass,firecrawl,brands/strique/references/crawls/20260629T193943Z/pages/fca315df71d9/firecrawl.json,"Public URL, title, and rendered text were reviewed for a recognizable page type.",
resource_rendering_not_blocked,https://www.strique.io/blog/what-is-an-ai-marketing-agent,high,pass,firecrawl,brands/strique/references/crawls/20260629T193943Z/pages/fca315df71d9/firecrawl.json,Critical page content rendered successfully.,
title_not_keyword_stuffed,https://www.strique.io/blog/what-is-an-ai-marketing-agent,medium,pass,firecrawl,brands/strique/references/crawls/20260629T193943Z/pages/fca315df71d9/firecrawl.json,Title reviewed for repeated terms and separator stuffing: What is an AI marketing agent? The 2026 complete guide · Strique.,
heading_not_keyword_stuffed,https://www.strique.io/blog/what-is-an-ai-marketing-agent,medium,pass,firecrawl,brands/strique/references/crawls/20260629T193943Z/pages/fca315df71d9/firecrawl.json,7 rendered headings reviewed for stuffing.,
preview_controls_safe,https://www.strique.io/blog/what-is-an-ai-marketing-agent,medium,pass,firecrawl,brands/strique/references/crawls/20260629T193943Z/pages/fca315df71d9/firecrawl.json,No harmful snippet preview controls were detected.,
url_path_clean,https://www.strique.io/blog/what-is-an-ai-marketing-agent,medium,pass,firecrawl,brands/strique/references/crawls/20260629T193943Z/pages/fca315df71d9/firecrawl.json,"URL path reviewed for IDs, dates, session keys, and implementation details.",
media_support_present,https://www.strique.io/blog/what-is-an-ai-marketing-agent,low,pass,firecrawl,brands/strique/references/crawls/20260629T193943Z/pages/fca315df71d9/firecrawl.json,14 images found on the page.,
content_not_ai_slop,https://www.strique.io/blog/what-is-an-ai-marketing-agent,low,pass,firecrawl,brands/strique/references/crawls/20260629T193943Z/pages/fca315df71d9/firecrawl.json,Rendered copy reviewed for common generic AI filler phrases.,
thin_prompt_variant_pages,https://www.strique.io/blog/what-is-an-ai-marketing-agent,medium,pass,firecrawl,brands/strique/references/crawls/20260629T193943Z/pages/fca315df71d9/firecrawl.json,Rendered public text has 12160 words.,
docs_content_extractable,https://www.strique.io/blog/what-is-an-ai-marketing-agent,medium,not_applicable,firecrawl,brands/strique/references/crawls/20260629T193943Z/pages/fca315df71d9/firecrawl.json,This is not a docs or support URL.,
performance_score,https://www.strique.io/blog/what-is-an-ai-marketing-agent,medium,fail,lighthouse,brands/strique/references/evidence/20260629T193943Z/pages/fca315df71d9/lighthouse.json,Performance score is 0.63.,Improve Core Web Vitals and Lighthouse performance bottlenecks.
blocking_popups_interstitials,https://www.strique.io/blog/what-is-an-ai-marketing-agent,medium,fail,playwright,brands/strique/references/evidence/20260629T193943Z/pages/fca315df71d9/playwright.json,"1 large fixed, modal, or interstitial elements may block main content. 2 large fixed, modal, or interstitial elements may block main content.","Remove or reduce blocking overlays on first render, especially on mobile."
body_text_line_length,https://www.strique.io/blog/what-is-an-ai-marketing-agent,medium,pass,playwright,brands/strique/references/evidence/20260629T193943Z/pages/fca315df71d9/playwright.json,Sampled body text line length is readable. Sampled body text line length is readable.,
client_route_metadata,https://www.strique.io/blog/what-is-an-ai-marketing-agent,medium,not_applicable,playwright,brands/strique/references/evidence/20260629T193943Z/pages/fca315df71d9/playwright.json,"SPA markers were found, but route-change metadata was not triggered by this deterministic pass.",
color_contrast,https://www.strique.io/blog/what-is-an-ai-marketing-agent,medium,fail,playwright,brands/strique/references/evidence/20260629T193943Z/pages/fca315df71d9/playwright.json,7 sampled text elements have low contrast. 4 sampled text elements have low contrast.,Increase foreground/background contrast for readable text.
form_accessibility,https://www.strique.io/blog/what-is-an-ai-marketing-agent,medium,not_applicable,playwright,brands/strique/references/evidence/20260629T193943Z/pages/fca315df71d9/playwright.json,No visible form fields found.,
fragment_deep_links,https://www.strique.io/blog/what-is-an-ai-marketing-agent,medium,pass,playwright,brands/strique/references/evidence/20260629T193943Z/pages/fca315df71d9/playwright.json,Same-page fragment links have matching targets.,
horizontal_scroll,https://www.strique.io/blog/what-is-an-ai-marketing-agent,medium,pass,playwright,brands/strique/references/evidence/20260629T193943Z/pages/fca315df71d9/playwright.json,No horizontal overflow detected. No horizontal overflow detected.,
inaccessible_controls,https://www.strique.io/blog/what-is-an-ai-marketing-agent,medium,fail,playwright,brands/strique/references/evidence/20260629T193943Z/pages/fca315df71d9/playwright.json,5 visible controls lack accessible names.,"Add text, aria-label, or labelledby values to interactive controls."
keyboard_navigation,https://www.strique.io/blog/what-is-an-ai-marketing-agent,medium,pass,playwright,brands/strique/references/evidence/20260629T193943Z/pages/fca315df71d9/playwright.json,Keyboard focus reached 4 visible controls. Keyboard focus reached 4 visible controls.,
lazy_loading_in_viewport,https://www.strique.io/blog/what-is-an-ai-marketing-agent,medium,pass,playwright,brands/strique/references/evidence/20260629T193943Z/pages/fca315df71d9/playwright.json,No unloaded in-viewport lazy content detected. No unloaded in-viewport lazy content detected.,
mobile_form_usability,https://www.strique.io/blog/what-is-an-ai-marketing-agent,medium,not_applicable,playwright,brands/strique/references/evidence/20260629T193943Z/pages/fca315df71d9/playwright.json,No visible mobile form fields found.,
mobile_text_readability,https://www.strique.io/blog/what-is-an-ai-marketing-agent,medium,fail,playwright,brands/strique/references/evidence/20260629T193943Z/pages/fca315df71d9/playwright.json,10 sampled text elements are too small or tight on mobile.,Increase mobile font size or line height for readable body text.
route_status_handling,https://www.strique.io/blog/what-is-an-ai-marketing-agent,medium,not_applicable,playwright,brands/strique/references/evidence/20260629T193943Z/pages/fca315df71d9/playwright.json,Route status handling is tested from the site root.,
table_semantics,https://www.strique.io/blog/what-is-an-ai-marketing-agent,medium,not_applicable,playwright,brands/strique/references/evidence/20260629T193943Z/pages/fca315df71d9/playwright.json,No visible tables found.,
tap_targets,https://www.strique.io/blog/what-is-an-ai-marketing-agent,medium,fail,playwright,brands/strique/references/evidence/20260629T193943Z/pages/fca315df71d9/playwright.json,10 small and 16 crowded mobile tap targets found.,Increase tap target size or spacing to at least common mobile accessibility targets.
text_spacing,https://www.strique.io/blog/what-is-an-ai-marketing-agent,medium,pass,playwright,brands/strique/references/evidence/20260629T193943Z/pages/fca315df71d9/playwright.json,WCAG text spacing did not cause overflow or content loss. WCAG text spacing did not cause overflow or content loss.,
zoom_readability,https://www.strique.io/blog/what-is-an-ai-marketing-agent,medium,pass,playwright,brands/strique/references/evidence/20260629T193943Z/pages/fca315df71d9/playwright.json,Common zoom readability did not cause overflow or content loss. Common zoom readability did not cause overflow or content loss.,
rich_result_properties,https://www.strique.io/blog/what-is-an-ai-marketing-agent,medium,pass,playwright,brands/strique/references/evidence/20260629T193943Z/pages/fca315df71d9/playwright.json,"Supported rich result schema properties are present for: Article, BreadcrumbList, Organization.",
critical_css_font_loading,https://www.strique.io/blog/what-is-an-ai-marketing-agent,medium,fail,lighthouse,brands/strique/references/evidence/20260629T193943Z/pages/fca315df71d9/lighthouse.json,Stored lab artifact does not include critical CSS or font diagnostics.,Recollect Lighthouse or PageSpeed evidence with CSS and font diagnostics.
render_blocking_scripts,https://www.strique.io/blog/what-is-an-ai-marketing-agent,medium,fail,lighthouse,brands/strique/references/evidence/20260629T193943Z/pages/fca315df71d9/lighthouse.json,Stored artifacts do not include render-blocking script diagnostics.,Recollect Lighthouse/PageSpeed diagnostics or Playwright script inventory.
third_party_script_weight,https://www.strique.io/blog/what-is-an-ai-marketing-agent,medium,fail,lighthouse,brands/strique/references/evidence/20260629T193943Z/pages/fca315df71d9/lighthouse.json,Stored artifacts do not include third-party script weight diagnostics.,Recollect Lighthouse/PageSpeed diagnostics or Playwright script inventory.
lab_root_cause_diagnostics,https://www.strique.io/blog/what-is-an-ai-marketing-agent,medium,pass,lighthouse,brands/strique/references/evidence/20260629T193943Z/pages/fca315df71d9/lighthouse.json,"Lab diagnostics available: largest-contentful-paint, cumulative-layout-shift, speed-index, total-blocking-time.",
crawl_status,https://www.strique.io/careers,high,pass,firecrawl,brands/strique/references/crawls/20260629T193943Z/pages/89ad44d064b6/firecrawl.json,URL crawled with status 200.,
indexable,https://www.strique.io/careers,high,pass,firecrawl,brands/strique/references/crawls/20260629T193943Z/pages/89ad44d064b6/firecrawl.json,Indexability is yes.,
title_present,https://www.strique.io/careers,medium,pass,firecrawl,brands/strique/references/crawls/20260629T193943Z/pages/89ad44d064b6/firecrawl.json,Title: Careers at Strique for AI Product Builders · Strique,
meta_description_present,https://www.strique.io/careers,medium,pass,firecrawl,brands/strique/references/crawls/20260629T193943Z/pages/89ad44d064b6/firecrawl.json,"Meta description: Open roles at Strique: engineering, design, research, GTM. Small team, high leverage, hybrid and flexible, async-default.",
single_h1,https://www.strique.io/careers,medium,fail,firecrawl,brands/strique/references/crawls/20260629T193943Z/pages/89ad44d064b6/firecrawl.json,H1 count is 2.,Use one clear H1 on the page.
canonical_match,https://www.strique.io/careers,high,pass,firecrawl,brands/strique/references/crawls/20260629T193943Z/pages/89ad44d064b6/firecrawl.json,Canonical: https://www.strique.io/careers,
schema_present,https://www.strique.io/careers,low,pass,firecrawl,brands/strique/references/crawls/20260629T193943Z/pages/89ad44d064b6/firecrawl.json,"Schema types: ContactPoint, Organization, SearchAction, WebSite",
image_alt_text,https://www.strique.io/careers,low,fail,firecrawl,brands/strique/references/crawls/20260629T193943Z/pages/89ad44d064b6/firecrawl.json,3 images are missing alt text.,Add useful alt text for meaningful images.
sitemap_inclusion,https://www.strique.io/careers,low,pass,firecrawl,brands/strique/references/crawls/20260629T193943Z/pages/89ad44d064b6/firecrawl.json,Sitemap inclusion is yes.,
content_visible,https://www.strique.io/careers,high,pass,firecrawl,brands/strique/references/crawls/20260629T193943Z/pages/89ad44d064b6/firecrawl.json,Rendered public text has 10792 words.,
content_type_classifiable,https://www.strique.io/careers,medium,pass,firecrawl,brands/strique/references/crawls/20260629T193943Z/pages/89ad44d064b6/firecrawl.json,"Public URL, title, and rendered text were reviewed for a recognizable page type.",
resource_rendering_not_blocked,https://www.strique.io/careers,high,pass,firecrawl,brands/strique/references/crawls/20260629T193943Z/pages/89ad44d064b6/firecrawl.json,Critical page content rendered successfully.,
title_not_keyword_stuffed,https://www.strique.io/careers,medium,pass,firecrawl,brands/strique/references/crawls/20260629T193943Z/pages/89ad44d064b6/firecrawl.json,Title reviewed for repeated terms and separator stuffing: Careers at Strique for AI Product Builders · Strique.,
heading_not_keyword_stuffed,https://www.strique.io/careers,medium,pass,firecrawl,brands/strique/references/crawls/20260629T193943Z/pages/89ad44d064b6/firecrawl.json,8 rendered headings reviewed for stuffing.,
preview_controls_safe,https://www.strique.io/careers,medium,pass,firecrawl,brands/strique/references/crawls/20260629T193943Z/pages/89ad44d064b6/firecrawl.json,No harmful snippet preview controls were detected.,
url_path_clean,https://www.strique.io/careers,medium,pass,firecrawl,brands/strique/references/crawls/20260629T193943Z/pages/89ad44d064b6/firecrawl.json,"URL path reviewed for IDs, dates, session keys, and implementation details.",
media_support_present,https://www.strique.io/careers,low,pass,firecrawl,brands/strique/references/crawls/20260629T193943Z/pages/89ad44d064b6/firecrawl.json,6 images found on the page.,
content_not_ai_slop,https://www.strique.io/careers,low,pass,firecrawl,brands/strique/references/crawls/20260629T193943Z/pages/89ad44d064b6/firecrawl.json,Rendered copy reviewed for common generic AI filler phrases.,
thin_prompt_variant_pages,https://www.strique.io/careers,medium,pass,firecrawl,brands/strique/references/crawls/20260629T193943Z/pages/89ad44d064b6/firecrawl.json,Rendered public text has 10792 words.,
docs_content_extractable,https://www.strique.io/careers,medium,not_applicable,firecrawl,brands/strique/references/crawls/20260629T193943Z/pages/89ad44d064b6/firecrawl.json,This is not a docs or support URL.,
performance_score,https://www.strique.io/careers,medium,fail,lighthouse,brands/strique/references/evidence/20260629T193943Z/pages/89ad44d064b6/lighthouse.json,Performance score is 0.88.,Improve Core Web Vitals and Lighthouse performance bottlenecks.
blocking_popups_interstitials,https://www.strique.io/careers,medium,fail,playwright,brands/strique/references/evidence/20260629T193943Z/pages/89ad44d064b6/playwright.json,"1 large fixed, modal, or interstitial elements may block main content. 2 large fixed, modal, or interstitial elements may block main content.","Remove or reduce blocking overlays on first render, especially on mobile."
body_text_line_length,https://www.strique.io/careers,medium,pass,playwright,brands/strique/references/evidence/20260629T193943Z/pages/89ad44d064b6/playwright.json,Sampled body text line length is readable. Sampled body text line length is readable.,
client_route_metadata,https://www.strique.io/careers,medium,not_applicable,playwright,brands/strique/references/evidence/20260629T193943Z/pages/89ad44d064b6/playwright.json,"SPA markers were found, but route-change metadata was not triggered by this deterministic pass.",
color_contrast,https://www.strique.io/careers,medium,fail,playwright,brands/strique/references/evidence/20260629T193943Z/pages/89ad44d064b6/playwright.json,10 sampled text elements have low contrast. 10 sampled text elements have low contrast.,Increase foreground/background contrast for readable text.
form_accessibility,https://www.strique.io/careers,medium,not_applicable,playwright,brands/strique/references/evidence/20260629T193943Z/pages/89ad44d064b6/playwright.json,No visible form fields found.,
fragment_deep_links,https://www.strique.io/careers,medium,not_applicable,playwright,brands/strique/references/evidence/20260629T193943Z/pages/89ad44d064b6/playwright.json,No same-page fragment links found.,
horizontal_scroll,https://www.strique.io/careers,medium,pass,playwright,brands/strique/references/evidence/20260629T193943Z/pages/89ad44d064b6/playwright.json,No horizontal overflow detected. No horizontal overflow detected.,
inaccessible_controls,https://www.strique.io/careers,medium,pass,playwright,brands/strique/references/evidence/20260629T193943Z/pages/89ad44d064b6/playwright.json,Visible controls have accessible names. Visible controls have accessible names.,
keyboard_navigation,https://www.strique.io/careers,medium,pass,playwright,brands/strique/references/evidence/20260629T193943Z/pages/89ad44d064b6/playwright.json,Keyboard focus reached 4 visible controls. Keyboard focus reached 4 visible controls.,
lazy_loading_in_viewport,https://www.strique.io/careers,medium,pass,playwright,brands/strique/references/evidence/20260629T193943Z/pages/89ad44d064b6/playwright.json,No unloaded in-viewport lazy content detected. No unloaded in-viewport lazy content detected.,
mobile_form_usability,https://www.strique.io/careers,medium,not_applicable,playwright,brands/strique/references/evidence/20260629T193943Z/pages/89ad44d064b6/playwright.json,No visible mobile form fields found.,
mobile_text_readability,https://www.strique.io/careers,medium,fail,playwright,brands/strique/references/evidence/20260629T193943Z/pages/89ad44d064b6/playwright.json,10 sampled text elements are too small or tight on mobile.,Increase mobile font size or line height for readable body text.
route_status_handling,https://www.strique.io/careers,medium,not_applicable,playwright,brands/strique/references/evidence/20260629T193943Z/pages/89ad44d064b6/playwright.json,Route status handling is tested from the site root.,
table_semantics,https://www.strique.io/careers,medium,not_applicable,playwright,brands/strique/references/evidence/20260629T193943Z/pages/89ad44d064b6/playwright.json,No visible tables found.,
tap_targets,https://www.strique.io/careers,medium,fail,playwright,brands/strique/references/evidence/20260629T193943Z/pages/89ad44d064b6/playwright.json,10 small and 13 crowded mobile tap targets found.,Increase tap target size or spacing to at least common mobile accessibility targets.
text_spacing,https://www.strique.io/careers,medium,pass,playwright,brands/strique/references/evidence/20260629T193943Z/pages/89ad44d064b6/playwright.json,WCAG text spacing did not cause overflow or content loss. WCAG text spacing did not cause overflow or content loss.,
zoom_readability,https://www.strique.io/careers,medium,pass,playwright,brands/strique/references/evidence/20260629T193943Z/pages/89ad44d064b6/playwright.json,Common zoom readability did not cause overflow or content loss. Common zoom readability did not cause overflow or content loss.,
rich_result_properties,https://www.strique.io/careers,medium,pass,playwright,brands/strique/references/evidence/20260629T193943Z/pages/89ad44d064b6/playwright.json,Supported rich result schema properties are present for: Organization.,
critical_css_font_loading,https://www.strique.io/careers,medium,fail,lighthouse,brands/strique/references/evidence/20260629T193943Z/pages/89ad44d064b6/lighthouse.json,Stored lab artifact does not include critical CSS or font diagnostics.,Recollect Lighthouse or PageSpeed evidence with CSS and font diagnostics.
render_blocking_scripts,https://www.strique.io/careers,medium,fail,lighthouse,brands/strique/references/evidence/20260629T193943Z/pages/89ad44d064b6/lighthouse.json,Stored artifacts do not include render-blocking script diagnostics.,Recollect Lighthouse/PageSpeed diagnostics or Playwright script inventory.
third_party_script_weight,https://www.strique.io/careers,medium,fail,lighthouse,brands/strique/references/evidence/20260629T193943Z/pages/89ad44d064b6/lighthouse.json,Stored artifacts do not include third-party script weight diagnostics.,Recollect Lighthouse/PageSpeed diagnostics or Playwright script inventory.
lab_root_cause_diagnostics,https://www.strique.io/careers,medium,pass,lighthouse,brands/strique/references/evidence/20260629T193943Z/pages/89ad44d064b6/lighthouse.json,"Lab diagnostics available: largest-contentful-paint, cumulative-layout-shift, speed-index, total-blocking-time.",
crawl_status,https://www.strique.io/careers/agent-infrastructure-engineer,high,pass,firecrawl,brands/strique/references/crawls/20260629T193943Z/pages/0df01ee4fe1e/firecrawl.json,URL crawled with status 200.,
indexable,https://www.strique.io/careers/agent-infrastructure-engineer,high,pass,firecrawl,brands/strique/references/crawls/20260629T193943Z/pages/0df01ee4fe1e/firecrawl.json,Indexability is yes.,
title_present,https://www.strique.io/careers/agent-infrastructure-engineer,medium,pass,firecrawl,brands/strique/references/crawls/20260629T193943Z/pages/0df01ee4fe1e/firecrawl.json,Title: Agent Infrastructure Engineer | Careers · Strique,
meta_description_present,https://www.strique.io/careers/agent-infrastructure-engineer,medium,pass,firecrawl,brands/strique/references/crawls/20260629T193943Z/pages/0df01ee4fe1e/firecrawl.json,"Meta description: Build the runtime that powers the agent loop: tool dispatch, streaming, checkpointing, eval. Deep Python + LLM serving experience.",
single_h1,https://www.strique.io/careers/agent-infrastructure-engineer,medium,fail,firecrawl,brands/strique/references/crawls/20260629T193943Z/pages/0df01ee4fe1e/firecrawl.json,H1 count is 2.,Use one clear H1 on the page.
canonical_match,https://www.strique.io/careers/agent-infrastructure-engineer,high,pass,firecrawl,brands/strique/references/crawls/20260629T193943Z/pages/0df01ee4fe1e/firecrawl.json,Canonical: https://www.strique.io/careers/agent-infrastructure-engineer,
schema_present,https://www.strique.io/careers/agent-infrastructure-engineer,low,pass,firecrawl,brands/strique/references/crawls/20260629T193943Z/pages/0df01ee4fe1e/firecrawl.json,"Schema types: BreadcrumbList, ContactPoint, Country, JobPosting, ListItem, Organization, SearchAction, WebSite",
image_alt_text,https://www.strique.io/careers/agent-infrastructure-engineer,low,fail,firecrawl,brands/strique/references/crawls/20260629T193943Z/pages/0df01ee4fe1e/firecrawl.json,3 images are missing alt text.,Add useful alt text for meaningful images.
sitemap_inclusion,https://www.strique.io/careers/agent-infrastructure-engineer,low,pass,firecrawl,brands/strique/references/crawls/20260629T193943Z/pages/0df01ee4fe1e/firecrawl.json,Sitemap inclusion is yes.,
content_visible,https://www.strique.io/careers/agent-infrastructure-engineer,high,pass,firecrawl,brands/strique/references/crawls/20260629T193943Z/pages/0df01ee4fe1e/firecrawl.json,Rendered public text has 8550 words.,
content_type_classifiable,https://www.strique.io/careers/agent-infrastructure-engineer,medium,pass,firecrawl,brands/strique/references/crawls/20260629T193943Z/pages/0df01ee4fe1e/firecrawl.json,"Public URL, title, and rendered text were reviewed for a recognizable page type.",
resource_rendering_not_blocked,https://www.strique.io/careers/agent-infrastructure-engineer,high,pass,firecrawl,brands/strique/references/crawls/20260629T193943Z/pages/0df01ee4fe1e/firecrawl.json,Critical page content rendered successfully.,
title_not_keyword_stuffed,https://www.strique.io/careers/agent-infrastructure-engineer,medium,pass,firecrawl,brands/strique/references/crawls/20260629T193943Z/pages/0df01ee4fe1e/firecrawl.json,Title reviewed for repeated terms and separator stuffing: Agent Infrastructure Engineer | Careers · Strique.,
heading_not_keyword_stuffed,https://www.strique.io/careers/agent-infrastructure-engineer,medium,pass,firecrawl,brands/strique/references/crawls/20260629T193943Z/pages/0df01ee4fe1e/firecrawl.json,6 rendered headings reviewed for stuffing.,
preview_controls_safe,https://www.strique.io/careers/agent-infrastructure-engineer,medium,pass,firecrawl,brands/strique/references/crawls/20260629T193943Z/pages/0df01ee4fe1e/firecrawl.json,No harmful snippet preview controls were detected.,
url_path_clean,https://www.strique.io/careers/agent-infrastructure-engineer,medium,pass,firecrawl,brands/strique/references/crawls/20260629T193943Z/pages/0df01ee4fe1e/firecrawl.json,"URL path reviewed for IDs, dates, session keys, and implementation details.",
media_support_present,https://www.strique.io/careers/agent-infrastructure-engineer,low,pass,firecrawl,brands/strique/references/crawls/20260629T193943Z/pages/0df01ee4fe1e/firecrawl.json,6 images found on the page.,
content_not_ai_slop,https://www.strique.io/careers/agent-infrastructure-engineer,low,pass,firecrawl,brands/strique/references/crawls/20260629T193943Z/pages/0df01ee4fe1e/firecrawl.json,Rendered copy reviewed for common generic AI filler phrases.,
thin_prompt_variant_pages,https://www.strique.io/careers/agent-infrastructure-engineer,medium,pass,firecrawl,brands/strique/references/crawls/20260629T193943Z/pages/0df01ee4fe1e/firecrawl.json,Rendered public text has 8550 words.,
docs_content_extractable,https://www.strique.io/careers/agent-infrastructure-engineer,medium,not_applicable,firecrawl,brands/strique/references/crawls/20260629T193943Z/pages/0df01ee4fe1e/firecrawl.json,This is not a docs or support URL.,
performance_score,https://www.strique.io/careers/agent-infrastructure-engineer,medium,fail,lighthouse,brands/strique/references/evidence/20260629T193943Z/pages/0df01ee4fe1e/lighthouse.json,Performance score is 0.59.,Improve Core Web Vitals and Lighthouse performance bottlenecks.
blocking_popups_interstitials,https://www.strique.io/careers/agent-infrastructure-engineer,medium,fail,playwright,brands/strique/references/evidence/20260629T193943Z/pages/0df01ee4fe1e/playwright.json,"1 large fixed, modal, or interstitial elements may block main content. 2 large fixed, modal, or interstitial elements may block main content.","Remove or reduce blocking overlays on first render, especially on mobile."
body_text_line_length,https://www.strique.io/careers/agent-infrastructure-engineer,medium,pass,playwright,brands/strique/references/evidence/20260629T193943Z/pages/0df01ee4fe1e/playwright.json,Sampled body text line length is readable. Sampled body text line length is readable.,
client_route_metadata,https://www.strique.io/careers/agent-infrastructure-engineer,medium,not_applicable,playwright,brands/strique/references/evidence/20260629T193943Z/pages/0df01ee4fe1e/playwright.json,"SPA markers were found, but route-change metadata was not triggered by this deterministic pass.",
color_contrast,https://www.strique.io/careers/agent-infrastructure-engineer,medium,pass,playwright,brands/strique/references/evidence/20260629T193943Z/pages/0df01ee4fe1e/playwright.json,Sampled text meets contrast thresholds. Sampled text meets contrast thresholds.,
form_accessibility,https://www.strique.io/careers/agent-infrastructure-engineer,medium,not_applicable,playwright,brands/strique/references/evidence/20260629T193943Z/pages/0df01ee4fe1e/playwright.json,No visible form fields found.,
fragment_deep_links,https://www.strique.io/careers/agent-infrastructure-engineer,medium,not_applicable,playwright,brands/strique/references/evidence/20260629T193943Z/pages/0df01ee4fe1e/playwright.json,No same-page fragment links found.,
horizontal_scroll,https://www.strique.io/careers/agent-infrastructure-engineer,medium,pass,playwright,brands/strique/references/evidence/20260629T193943Z/pages/0df01ee4fe1e/playwright.json,No horizontal overflow detected. No horizontal overflow detected.,
inaccessible_controls,https://www.strique.io/careers/agent-infrastructure-engineer,medium,pass,playwright,brands/strique/references/evidence/20260629T193943Z/pages/0df01ee4fe1e/playwright.json,Visible controls have accessible names. Visible controls have accessible names.,
keyboard_navigation,https://www.strique.io/careers/agent-infrastructure-engineer,medium,pass,playwright,brands/strique/references/evidence/20260629T193943Z/pages/0df01ee4fe1e/playwright.json,Keyboard focus reached 4 visible controls. Keyboard focus reached 4 visible controls.,
lazy_loading_in_viewport,https://www.strique.io/careers/agent-infrastructure-engineer,medium,pass,playwright,brands/strique/references/evidence/20260629T193943Z/pages/0df01ee4fe1e/playwright.json,No unloaded in-viewport lazy content detected. No unloaded in-viewport lazy content detected.,
mobile_form_usability,https://www.strique.io/careers/agent-infrastructure-engineer,medium,not_applicable,playwright,brands/strique/references/evidence/20260629T193943Z/pages/0df01ee4fe1e/playwright.json,No visible mobile form fields found.,
mobile_text_readability,https://www.strique.io/careers/agent-infrastructure-engineer,medium,fail,playwright,brands/strique/references/evidence/20260629T193943Z/pages/0df01ee4fe1e/playwright.json,10 sampled text elements are too small or tight on mobile.,Increase mobile font size or line height for readable body text.
route_status_handling,https://www.strique.io/careers/agent-infrastructure-engineer,medium,not_applicable,playwright,brands/strique/references/evidence/20260629T193943Z/pages/0df01ee4fe1e/playwright.json,Route status handling is tested from the site root.,
table_semantics,https://www.strique.io/careers/agent-infrastructure-engineer,medium,not_applicable,playwright,brands/strique/references/evidence/20260629T193943Z/pages/0df01ee4fe1e/playwright.json,No visible tables found.,
tap_targets,https://www.strique.io/careers/agent-infrastructure-engineer,medium,fail,playwright,brands/strique/references/evidence/20260629T193943Z/pages/0df01ee4fe1e/playwright.json,10 small and 13 crowded mobile tap targets found.,Increase tap target size or spacing to at least common mobile accessibility targets.
text_spacing,https://www.strique.io/careers/agent-infrastructure-engineer,medium,pass,playwright,brands/strique/references/evidence/20260629T193943Z/pages/0df01ee4fe1e/playwright.json,WCAG text spacing did not cause overflow or content loss. WCAG text spacing did not cause overflow or content loss.,
zoom_readability,https://www.strique.io/careers/agent-infrastructure-engineer,medium,pass,playwright,brands/strique/references/evidence/20260629T193943Z/pages/0df01ee4fe1e/playwright.json,Common zoom readability did not cause overflow or content loss. Common zoom readability did not cause overflow or content loss.,
rich_result_properties,https://www.strique.io/careers/agent-infrastructure-engineer,medium,fail,playwright,brands/strique/references/evidence/20260629T193943Z/pages/0df01ee4fe1e/playwright.json,2 supported rich result schemas are missing required properties. Example: JobPosting missing jobLocation.,Add required public schema properties for supported rich result types.
critical_css_font_loading,https://www.strique.io/careers/agent-infrastructure-engineer,medium,fail,lighthouse,brands/strique/references/evidence/20260629T193943Z/pages/0df01ee4fe1e/lighthouse.json,Stored lab artifact does not include critical CSS or font diagnostics.,Recollect Lighthouse or PageSpeed evidence with CSS and font diagnostics.
render_blocking_scripts,https://www.strique.io/careers/agent-infrastructure-engineer,medium,fail,lighthouse,brands/strique/references/evidence/20260629T193943Z/pages/0df01ee4fe1e/lighthouse.json,Stored artifacts do not include render-blocking script diagnostics.,Recollect Lighthouse/PageSpeed diagnostics or Playwright script inventory.
third_party_script_weight,https://www.strique.io/careers/agent-infrastructure-engineer,medium,fail,lighthouse,brands/strique/references/evidence/20260629T193943Z/pages/0df01ee4fe1e/lighthouse.json,Stored artifacts do not include third-party script weight diagnostics.,Recollect Lighthouse/PageSpeed diagnostics or Playwright script inventory.
lab_root_cause_diagnostics,https://www.strique.io/careers/agent-infrastructure-engineer,medium,pass,lighthouse,brands/strique/references/evidence/20260629T193943Z/pages/0df01ee4fe1e/lighthouse.json,"Lab diagnostics available: largest-contentful-paint, cumulative-layout-shift, speed-index, total-blocking-time.",
crawl_status,https://www.strique.io/careers/ai-apprentice-program,high,pass,firecrawl,brands/strique/references/crawls/20260629T193943Z/pages/76dfdcf82c7a/firecrawl.json,URL crawled with status 200.,
indexable,https://www.strique.io/careers/ai-apprentice-program,high,pass,firecrawl,brands/strique/references/crawls/20260629T193943Z/pages/76dfdcf82c7a/firecrawl.json,Indexability is yes.,
title_present,https://www.strique.io/careers/ai-apprentice-program,medium,pass,firecrawl,brands/strique/references/crawls/20260629T193943Z/pages/76dfdcf82c7a/firecrawl.json,Title: AI Apprentice (6-month program) | Careers · Strique,
meta_description_present,https://www.strique.io/careers/ai-apprentice-program,medium,pass,firecrawl,brands/strique/references/crawls/20260629T193943Z/pages/76dfdcf82c7a/firecrawl.json,"Meta description: Six months, paid, outcome-oriented. Ship one product area end-to-end under a founder mentor. Full-time offer at the end if it works for both sides.",
single_h1,https://www.strique.io/careers/ai-apprentice-program,medium,fail,firecrawl,brands/strique/references/crawls/20260629T193943Z/pages/76dfdcf82c7a/firecrawl.json,H1 count is 2.,Use one clear H1 on the page.
canonical_match,https://www.strique.io/careers/ai-apprentice-program,high,pass,firecrawl,brands/strique/references/crawls/20260629T193943Z/pages/76dfdcf82c7a/firecrawl.json,Canonical: https://www.strique.io/careers/ai-apprentice-program,
schema_present,https://www.strique.io/careers/ai-apprentice-program,low,pass,firecrawl,brands/strique/references/crawls/20260629T193943Z/pages/76dfdcf82c7a/firecrawl.json,"Schema types: BreadcrumbList, ContactPoint, Country, JobPosting, ListItem, Organization, SearchAction, WebSite",
image_alt_text,https://www.strique.io/careers/ai-apprentice-program,low,fail,firecrawl,brands/strique/references/crawls/20260629T193943Z/pages/76dfdcf82c7a/firecrawl.json,3 images are missing alt text.,Add useful alt text for meaningful images.
sitemap_inclusion,https://www.strique.io/careers/ai-apprentice-program,low,pass,firecrawl,brands/strique/references/crawls/20260629T193943Z/pages/76dfdcf82c7a/firecrawl.json,Sitemap inclusion is yes.,
content_visible,https://www.strique.io/careers/ai-apprentice-program,high,pass,firecrawl,brands/strique/references/crawls/20260629T193943Z/pages/76dfdcf82c7a/firecrawl.json,Rendered public text has 8637 words.,
content_type_classifiable,https://www.strique.io/careers/ai-apprentice-program,medium,pass,firecrawl,brands/strique/references/crawls/20260629T193943Z/pages/76dfdcf82c7a/firecrawl.json,"Public URL, title, and rendered text were reviewed for a recognizable page type.",
resource_rendering_not_blocked,https://www.strique.io/careers/ai-apprentice-program,high,pass,firecrawl,brands/strique/references/crawls/20260629T193943Z/pages/76dfdcf82c7a/firecrawl.json,Critical page content rendered successfully.,
title_not_keyword_stuffed,https://www.strique.io/careers/ai-apprentice-program,medium,pass,firecrawl,brands/strique/references/crawls/20260629T193943Z/pages/76dfdcf82c7a/firecrawl.json,Title reviewed for repeated terms and separator stuffing: AI Apprentice (6-month program) | Careers · Strique.,
heading_not_keyword_stuffed,https://www.strique.io/careers/ai-apprentice-program,medium,pass,firecrawl,brands/strique/references/crawls/20260629T193943Z/pages/76dfdcf82c7a/firecrawl.json,6 rendered headings reviewed for stuffing.,
preview_controls_safe,https://www.strique.io/careers/ai-apprentice-program,medium,pass,firecrawl,brands/strique/references/crawls/20260629T193943Z/pages/76dfdcf82c7a/firecrawl.json,No harmful snippet preview controls were detected.,
url_path_clean,https://www.strique.io/careers/ai-apprentice-program,medium,pass,firecrawl,brands/strique/references/crawls/20260629T193943Z/pages/76dfdcf82c7a/firecrawl.json,"URL path reviewed for IDs, dates, session keys, and implementation details.",
media_support_present,https://www.strique.io/careers/ai-apprentice-program,low,pass,firecrawl,brands/strique/references/crawls/20260629T193943Z/pages/76dfdcf82c7a/firecrawl.json,6 images found on the page.,
content_not_ai_slop,https://www.strique.io/careers/ai-apprentice-program,low,pass,firecrawl,brands/strique/references/crawls/20260629T193943Z/pages/76dfdcf82c7a/firecrawl.json,Rendered copy reviewed for common generic AI filler phrases.,
thin_prompt_variant_pages,https://www.strique.io/careers/ai-apprentice-program,medium,pass,firecrawl,brands/strique/references/crawls/20260629T193943Z/pages/76dfdcf82c7a/firecrawl.json,Rendered public text has 8637 words.,
docs_content_extractable,https://www.strique.io/careers/ai-apprentice-program,medium,not_applicable,firecrawl,brands/strique/references/crawls/20260629T193943Z/pages/76dfdcf82c7a/firecrawl.json,This is not a docs or support URL.,
performance_score,https://www.strique.io/careers/ai-apprentice-program,medium,pass,lighthouse,brands/strique/references/evidence/20260629T193943Z/pages/76dfdcf82c7a/lighthouse.json,Performance score is 0.94.,
blocking_popups_interstitials,https://www.strique.io/careers/ai-apprentice-program,medium,fail,playwright,brands/strique/references/evidence/20260629T193943Z/pages/76dfdcf82c7a/playwright.json,"1 large fixed, modal, or interstitial elements may block main content. 2 large fixed, modal, or interstitial elements may block main content.","Remove or reduce blocking overlays on first render, especially on mobile."
body_text_line_length,https://www.strique.io/careers/ai-apprentice-program,medium,pass,playwright,brands/strique/references/evidence/20260629T193943Z/pages/76dfdcf82c7a/playwright.json,Sampled body text line length is readable. Sampled body text line length is readable.,
client_route_metadata,https://www.strique.io/careers/ai-apprentice-program,medium,not_applicable,playwright,brands/strique/references/evidence/20260629T193943Z/pages/76dfdcf82c7a/playwright.json,"SPA markers were found, but route-change metadata was not triggered by this deterministic pass.",
color_contrast,https://www.strique.io/careers/ai-apprentice-program,medium,pass,playwright,brands/strique/references/evidence/20260629T193943Z/pages/76dfdcf82c7a/playwright.json,Sampled text meets contrast thresholds. Sampled text meets contrast thresholds.,
form_accessibility,https://www.strique.io/careers/ai-apprentice-program,medium,not_applicable,playwright,brands/strique/references/evidence/20260629T193943Z/pages/76dfdcf82c7a/playwright.json,No visible form fields found.,
fragment_deep_links,https://www.strique.io/careers/ai-apprentice-program,medium,not_applicable,playwright,brands/strique/references/evidence/20260629T193943Z/pages/76dfdcf82c7a/playwright.json,No same-page fragment links found.,
horizontal_scroll,https://www.strique.io/careers/ai-apprentice-program,medium,pass,playwright,brands/strique/references/evidence/20260629T193943Z/pages/76dfdcf82c7a/playwright.json,No horizontal overflow detected. No horizontal overflow detected.,
inaccessible_controls,https://www.strique.io/careers/ai-apprentice-program,medium,pass,playwright,brands/strique/references/evidence/20260629T193943Z/pages/76dfdcf82c7a/playwright.json,Visible controls have accessible names. Visible controls have accessible names.,
keyboard_navigation,https://www.strique.io/careers/ai-apprentice-program,medium,pass,playwright,brands/strique/references/evidence/20260629T193943Z/pages/76dfdcf82c7a/playwright.json,Keyboard focus reached 4 visible controls. Keyboard focus reached 4 visible controls.,
lazy_loading_in_viewport,https://www.strique.io/careers/ai-apprentice-program,medium,pass,playwright,brands/strique/references/evidence/20260629T193943Z/pages/76dfdcf82c7a/playwright.json,No unloaded in-viewport lazy content detected. No unloaded in-viewport lazy content detected.,
mobile_form_usability,https://www.strique.io/careers/ai-apprentice-program,medium,not_applicable,playwright,brands/strique/references/evidence/20260629T193943Z/pages/76dfdcf82c7a/playwright.json,No visible mobile form fields found.,
mobile_text_readability,https://www.strique.io/careers/ai-apprentice-program,medium,fail,playwright,brands/strique/references/evidence/20260629T193943Z/pages/76dfdcf82c7a/playwright.json,10 sampled text elements are too small or tight on mobile.,Increase mobile font size or line height for readable body text.
route_status_handling,https://www.strique.io/careers/ai-apprentice-program,medium,not_applicable,playwright,brands/strique/references/evidence/20260629T193943Z/pages/76dfdcf82c7a/playwright.json,Route status handling is tested from the site root.,
table_semantics,https://www.strique.io/careers/ai-apprentice-program,medium,not_applicable,playwright,brands/strique/references/evidence/20260629T193943Z/pages/76dfdcf82c7a/playwright.json,No visible tables found.,
tap_targets,https://www.strique.io/careers/ai-apprentice-program,medium,fail,playwright,brands/strique/references/evidence/20260629T193943Z/pages/76dfdcf82c7a/playwright.json,10 small and 13 crowded mobile tap targets found.,Increase tap target size or spacing to at least common mobile accessibility targets.
text_spacing,https://www.strique.io/careers/ai-apprentice-program,medium,pass,playwright,brands/strique/references/evidence/20260629T193943Z/pages/76dfdcf82c7a/playwright.json,WCAG text spacing did not cause overflow or content loss. WCAG text spacing did not cause overflow or content loss.,
zoom_readability,https://www.strique.io/careers/ai-apprentice-program,medium,pass,playwright,brands/strique/references/evidence/20260629T193943Z/pages/76dfdcf82c7a/playwright.json,Common zoom readability did not cause overflow or content loss. Common zoom readability did not cause overflow or content loss.,
rich_result_properties,https://www.strique.io/careers/ai-apprentice-program,medium,fail,playwright,brands/strique/references/evidence/20260629T193943Z/pages/76dfdcf82c7a/playwright.json,2 supported rich result schemas are missing required properties. Example: JobPosting missing jobLocation.,Add required public schema properties for supported rich result types.
critical_css_font_loading,https://www.strique.io/careers/ai-apprentice-program,medium,fail,lighthouse,brands/strique/references/evidence/20260629T193943Z/pages/76dfdcf82c7a/lighthouse.json,Stored lab artifact does not include critical CSS or font diagnostics.,Recollect Lighthouse or PageSpeed evidence with CSS and font diagnostics.
render_blocking_scripts,https://www.strique.io/careers/ai-apprentice-program,medium,fail,lighthouse,brands/strique/references/evidence/20260629T193943Z/pages/76dfdcf82c7a/lighthouse.json,Stored artifacts do not include render-blocking script diagnostics.,Recollect Lighthouse/PageSpeed diagnostics or Playwright script inventory.
third_party_script_weight,https://www.strique.io/careers/ai-apprentice-program,medium,fail,lighthouse,brands/strique/references/evidence/20260629T193943Z/pages/76dfdcf82c7a/lighthouse.json,Stored artifacts do not include third-party script weight diagnostics.,Recollect Lighthouse/PageSpeed diagnostics or Playwright script inventory.
lab_root_cause_diagnostics,https://www.strique.io/careers/ai-apprentice-program,medium,pass,lighthouse,brands/strique/references/evidence/20260629T193943Z/pages/76dfdcf82c7a/lighthouse.json,"Lab diagnostics available: largest-contentful-paint, cumulative-layout-shift, speed-index, total-blocking-time.",
crawl_status,https://www.strique.io/careers/applied-ml-researcher,high,pass,firecrawl,brands/strique/references/crawls/20260629T193943Z/pages/3f44a6b6f863/firecrawl.json,URL crawled with status 200.,
indexable,https://www.strique.io/careers/applied-ml-researcher,high,pass,firecrawl,brands/strique/references/crawls/20260629T193943Z/pages/3f44a6b6f863/firecrawl.json,Indexability is yes.,
title_present,https://www.strique.io/careers/applied-ml-researcher,medium,pass,firecrawl,brands/strique/references/crawls/20260629T193943Z/pages/3f44a6b6f863/firecrawl.json,Title: Applied ML Researcher | Careers · Strique,
meta_description_present,https://www.strique.io/careers/applied-ml-researcher,medium,pass,firecrawl,brands/strique/references/crawls/20260629T193943Z/pages/3f44a6b6f863/firecrawl.json,"Meta description: Tune the agent loop: prompt engineering, eval suite, RAG over Org context, multi-model routing. Publish internally, not externally.",
single_h1,https://www.strique.io/careers/applied-ml-researcher,medium,fail,firecrawl,brands/strique/references/crawls/20260629T193943Z/pages/3f44a6b6f863/firecrawl.json,H1 count is 2.,Use one clear H1 on the page.
canonical_match,https://www.strique.io/careers/applied-ml-researcher,high,pass,firecrawl,brands/strique/references/crawls/20260629T193943Z/pages/3f44a6b6f863/firecrawl.json,Canonical: https://www.strique.io/careers/applied-ml-researcher,
schema_present,https://www.strique.io/careers/applied-ml-researcher,low,pass,firecrawl,brands/strique/references/crawls/20260629T193943Z/pages/3f44a6b6f863/firecrawl.json,"Schema types: BreadcrumbList, ContactPoint, Country, JobPosting, ListItem, Organization, SearchAction, WebSite",
image_alt_text,https://www.strique.io/careers/applied-ml-researcher,low,fail,firecrawl,brands/strique/references/crawls/20260629T193943Z/pages/3f44a6b6f863/firecrawl.json,3 images are missing alt text.,Add useful alt text for meaningful images.
sitemap_inclusion,https://www.strique.io/careers/applied-ml-researcher,low,pass,firecrawl,brands/strique/references/crawls/20260629T193943Z/pages/3f44a6b6f863/firecrawl.json,Sitemap inclusion is yes.,
content_visible,https://www.strique.io/careers/applied-ml-researcher,high,pass,firecrawl,brands/strique/references/crawls/20260629T193943Z/pages/3f44a6b6f863/firecrawl.json,Rendered public text has 8558 words.,
content_type_classifiable,https://www.strique.io/careers/applied-ml-researcher,medium,pass,firecrawl,brands/strique/references/crawls/20260629T193943Z/pages/3f44a6b6f863/firecrawl.json,"Public URL, title, and rendered text were reviewed for a recognizable page type.",
resource_rendering_not_blocked,https://www.strique.io/careers/applied-ml-researcher,high,pass,firecrawl,brands/strique/references/crawls/20260629T193943Z/pages/3f44a6b6f863/firecrawl.json,Critical page content rendered successfully.,
title_not_keyword_stuffed,https://www.strique.io/careers/applied-ml-researcher,medium,pass,firecrawl,brands/strique/references/crawls/20260629T193943Z/pages/3f44a6b6f863/firecrawl.json,Title reviewed for repeated terms and separator stuffing: Applied ML Researcher | Careers · Strique.,
heading_not_keyword_stuffed,https://www.strique.io/careers/applied-ml-researcher,medium,pass,firecrawl,brands/strique/references/crawls/20260629T193943Z/pages/3f44a6b6f863/firecrawl.json,6 rendered headings reviewed for stuffing.,
preview_controls_safe,https://www.strique.io/careers/applied-ml-researcher,medium,pass,firecrawl,brands/strique/references/crawls/20260629T193943Z/pages/3f44a6b6f863/firecrawl.json,No harmful snippet preview controls were detected.,
url_path_clean,https://www.strique.io/careers/applied-ml-researcher,medium,pass,firecrawl,brands/strique/references/crawls/20260629T193943Z/pages/3f44a6b6f863/firecrawl.json,"URL path reviewed for IDs, dates, session keys, and implementation details.",
media_support_present,https://www.strique.io/careers/applied-ml-researcher,low,pass,firecrawl,brands/strique/references/crawls/20260629T193943Z/pages/3f44a6b6f863/firecrawl.json,6 images found on the page.,
content_not_ai_slop,https://www.strique.io/careers/applied-ml-researcher,low,pass,firecrawl,brands/strique/references/crawls/20260629T193943Z/pages/3f44a6b6f863/firecrawl.json,Rendered copy reviewed for common generic AI filler phrases.,
thin_prompt_variant_pages,https://www.strique.io/careers/applied-ml-researcher,medium,pass,firecrawl,brands/strique/references/crawls/20260629T193943Z/pages/3f44a6b6f863/firecrawl.json,Rendered public text has 8558 words.,
docs_content_extractable,https://www.strique.io/careers/applied-ml-researcher,medium,not_applicable,firecrawl,brands/strique/references/crawls/20260629T193943Z/pages/3f44a6b6f863/firecrawl.json,This is not a docs or support URL.,
performance_score,https://www.strique.io/careers/applied-ml-researcher,medium,fail,lighthouse,brands/strique/references/evidence/20260629T193943Z/pages/3f44a6b6f863/lighthouse.json,Performance score is 0.63.,Improve Core Web Vitals and Lighthouse performance bottlenecks.
blocking_popups_interstitials,https://www.strique.io/careers/applied-ml-researcher,medium,fail,playwright,brands/strique/references/evidence/20260629T193943Z/pages/3f44a6b6f863/playwright.json,"1 large fixed, modal, or interstitial elements may block main content. 2 large fixed, modal, or interstitial elements may block main content.","Remove or reduce blocking overlays on first render, especially on mobile."
body_text_line_length,https://www.strique.io/careers/applied-ml-researcher,medium,pass,playwright,brands/strique/references/evidence/20260629T193943Z/pages/3f44a6b6f863/playwright.json,Sampled body text line length is readable. Sampled body text line length is readable.,
client_route_metadata,https://www.strique.io/careers/applied-ml-researcher,medium,not_applicable,playwright,brands/strique/references/evidence/20260629T193943Z/pages/3f44a6b6f863/playwright.json,"SPA markers were found, but route-change metadata was not triggered by this deterministic pass.",
color_contrast,https://www.strique.io/careers/applied-ml-researcher,medium,pass,playwright,brands/strique/references/evidence/20260629T193943Z/pages/3f44a6b6f863/playwright.json,Sampled text meets contrast thresholds. Sampled text meets contrast thresholds.,
form_accessibility,https://www.strique.io/careers/applied-ml-researcher,medium,not_applicable,playwright,brands/strique/references/evidence/20260629T193943Z/pages/3f44a6b6f863/playwright.json,No visible form fields found.,
fragment_deep_links,https://www.strique.io/careers/applied-ml-researcher,medium,not_applicable,playwright,brands/strique/references/evidence/20260629T193943Z/pages/3f44a6b6f863/playwright.json,No same-page fragment links found.,
horizontal_scroll,https://www.strique.io/careers/applied-ml-researcher,medium,pass,playwright,brands/strique/references/evidence/20260629T193943Z/pages/3f44a6b6f863/playwright.json,No horizontal overflow detected. No horizontal overflow detected.,
inaccessible_controls,https://www.strique.io/careers/applied-ml-researcher,medium,pass,playwright,brands/strique/references/evidence/20260629T193943Z/pages/3f44a6b6f863/playwright.json,Visible controls have accessible names. Visible controls have accessible names.,
keyboard_navigation,https://www.strique.io/careers/applied-ml-researcher,medium,pass,playwright,brands/strique/references/evidence/20260629T193943Z/pages/3f44a6b6f863/playwright.json,Keyboard focus reached 4 visible controls. Keyboard focus reached 4 visible controls.,
lazy_loading_in_viewport,https://www.strique.io/careers/applied-ml-researcher,medium,pass,playwright,brands/strique/references/evidence/20260629T193943Z/pages/3f44a6b6f863/playwright.json,No unloaded in-viewport lazy content detected. No unloaded in-viewport lazy content detected.,
mobile_form_usability,https://www.strique.io/careers/applied-ml-researcher,medium,not_applicable,playwright,brands/strique/references/evidence/20260629T193943Z/pages/3f44a6b6f863/playwright.json,No visible mobile form fields found.,
mobile_text_readability,https://www.strique.io/careers/applied-ml-researcher,medium,fail,playwright,brands/strique/references/evidence/20260629T193943Z/pages/3f44a6b6f863/playwright.json,10 sampled text elements are too small or tight on mobile.,Increase mobile font size or line height for readable body text.
route_status_handling,https://www.strique.io/careers/applied-ml-researcher,medium,not_applicable,playwright,brands/strique/references/evidence/20260629T193943Z/pages/3f44a6b6f863/playwright.json,Route status handling is tested from the site root.,
table_semantics,https://www.strique.io/careers/applied-ml-researcher,medium,not_applicable,playwright,brands/strique/references/evidence/20260629T193943Z/pages/3f44a6b6f863/playwright.json,No visible tables found.,
tap_targets,https://www.strique.io/careers/applied-ml-researcher,medium,fail,playwright,brands/strique/references/evidence/20260629T193943Z/pages/3f44a6b6f863/playwright.json,10 small and 13 crowded mobile tap targets found.,Increase tap target size or spacing to at least common mobile accessibility targets.
text_spacing,https://www.strique.io/careers/applied-ml-researcher,medium,pass,playwright,brands/strique/references/evidence/20260629T193943Z/pages/3f44a6b6f863/playwright.json,WCAG text spacing did not cause overflow or content loss. WCAG text spacing did not cause overflow or content loss.,
zoom_readability,https://www.strique.io/careers/applied-ml-researcher,medium,pass,playwright,brands/strique/references/evidence/20260629T193943Z/pages/3f44a6b6f863/playwright.json,Common zoom readability did not cause overflow or content loss. Common zoom readability did not cause overflow or content loss.,
rich_result_properties,https://www.strique.io/careers/applied-ml-researcher,medium,fail,playwright,brands/strique/references/evidence/20260629T193943Z/pages/3f44a6b6f863/playwright.json,2 supported rich result schemas are missing required properties. Example: JobPosting missing jobLocation.,Add required public schema properties for supported rich result types.
critical_css_font_loading,https://www.strique.io/careers/applied-ml-researcher,medium,fail,lighthouse,brands/strique/references/evidence/20260629T193943Z/pages/3f44a6b6f863/lighthouse.json,Stored lab artifact does not include critical CSS or font diagnostics.,Recollect Lighthouse or PageSpeed evidence with CSS and font diagnostics.
render_blocking_scripts,https://www.strique.io/careers/applied-ml-researcher,medium,fail,lighthouse,brands/strique/references/evidence/20260629T193943Z/pages/3f44a6b6f863/lighthouse.json,Stored artifacts do not include render-blocking script diagnostics.,Recollect Lighthouse/PageSpeed diagnostics or Playwright script inventory.
third_party_script_weight,https://www.strique.io/careers/applied-ml-researcher,medium,fail,lighthouse,brands/strique/references/evidence/20260629T193943Z/pages/3f44a6b6f863/lighthouse.json,Stored artifacts do not include third-party script weight diagnostics.,Recollect Lighthouse/PageSpeed diagnostics or Playwright script inventory.
lab_root_cause_diagnostics,https://www.strique.io/careers/applied-ml-researcher,medium,pass,lighthouse,brands/strique/references/evidence/20260629T193943Z/pages/3f44a6b6f863/lighthouse.json,"Lab diagnostics available: largest-contentful-paint, cumulative-layout-shift, speed-index, total-blocking-time.",
crawl_status,https://www.strique.io/careers/founding-customer-engineer,high,pass,firecrawl,brands/strique/references/crawls/20260629T193943Z/pages/03daa7cee61a/firecrawl.json,URL crawled with status 200.,
indexable,https://www.strique.io/careers/founding-customer-engineer,high,pass,firecrawl,brands/strique/references/crawls/20260629T193943Z/pages/03daa7cee61a/firecrawl.json,Indexability is yes.,
title_present,https://www.strique.io/careers/founding-customer-engineer,medium,pass,firecrawl,brands/strique/references/crawls/20260629T193943Z/pages/03daa7cee61a/firecrawl.json,Title: Founding Customer Engineer | Careers · Strique,
meta_description_present,https://www.strique.io/careers/founding-customer-engineer,medium,pass,firecrawl,brands/strique/references/crawls/20260629T193943Z/pages/03daa7cee61a/firecrawl.json,"Meta description: Onboard scale + enterprise customers, write integrations, unblock deals. Deep product + connector knowledge. Quota-adjacent.",
single_h1,https://www.strique.io/careers/founding-customer-engineer,medium,fail,firecrawl,brands/strique/references/crawls/20260629T193943Z/pages/03daa7cee61a/firecrawl.json,H1 count is 2.,Use one clear H1 on the page.
canonical_match,https://www.strique.io/careers/founding-customer-engineer,high,pass,firecrawl,brands/strique/references/crawls/20260629T193943Z/pages/03daa7cee61a/firecrawl.json,Canonical: https://www.strique.io/careers/founding-customer-engineer,
schema_present,https://www.strique.io/careers/founding-customer-engineer,low,pass,firecrawl,brands/strique/references/crawls/20260629T193943Z/pages/03daa7cee61a/firecrawl.json,"Schema types: BreadcrumbList, ContactPoint, Country, JobPosting, ListItem, Organization, SearchAction, WebSite",
image_alt_text,https://www.strique.io/careers/founding-customer-engineer,low,fail,firecrawl,brands/strique/references/crawls/20260629T193943Z/pages/03daa7cee61a/firecrawl.json,3 images are missing alt text.,Add useful alt text for meaningful images.
sitemap_inclusion,https://www.strique.io/careers/founding-customer-engineer,low,pass,firecrawl,brands/strique/references/crawls/20260629T193943Z/pages/03daa7cee61a/firecrawl.json,Sitemap inclusion is yes.,
content_visible,https://www.strique.io/careers/founding-customer-engineer,high,pass,firecrawl,brands/strique/references/crawls/20260629T193943Z/pages/03daa7cee61a/firecrawl.json,Rendered public text has 8518 words.,
content_type_classifiable,https://www.strique.io/careers/founding-customer-engineer,medium,pass,firecrawl,brands/strique/references/crawls/20260629T193943Z/pages/03daa7cee61a/firecrawl.json,"Public URL, title, and rendered text were reviewed for a recognizable page type.",
resource_rendering_not_blocked,https://www.strique.io/careers/founding-customer-engineer,high,pass,firecrawl,brands/strique/references/crawls/20260629T193943Z/pages/03daa7cee61a/firecrawl.json,Critical page content rendered successfully.,
title_not_keyword_stuffed,https://www.strique.io/careers/founding-customer-engineer,medium,pass,firecrawl,brands/strique/references/crawls/20260629T193943Z/pages/03daa7cee61a/firecrawl.json,Title reviewed for repeated terms and separator stuffing: Founding Customer Engineer | Careers · Strique.,
heading_not_keyword_stuffed,https://www.strique.io/careers/founding-customer-engineer,medium,pass,firecrawl,brands/strique/references/crawls/20260629T193943Z/pages/03daa7cee61a/firecrawl.json,6 rendered headings reviewed for stuffing.,
preview_controls_safe,https://www.strique.io/careers/founding-customer-engineer,medium,pass,firecrawl,brands/strique/references/crawls/20260629T193943Z/pages/03daa7cee61a/firecrawl.json,No harmful snippet preview controls were detected.,
url_path_clean,https://www.strique.io/careers/founding-customer-engineer,medium,pass,firecrawl,brands/strique/references/crawls/20260629T193943Z/pages/03daa7cee61a/firecrawl.json,"URL path reviewed for IDs, dates, session keys, and implementation details.",
media_support_present,https://www.strique.io/careers/founding-customer-engineer,low,pass,firecrawl,brands/strique/references/crawls/20260629T193943Z/pages/03daa7cee61a/firecrawl.json,6 images found on the page.,
content_not_ai_slop,https://www.strique.io/careers/founding-customer-engineer,low,pass,firecrawl,brands/strique/references/crawls/20260629T193943Z/pages/03daa7cee61a/firecrawl.json,Rendered copy reviewed for common generic AI filler phrases.,
thin_prompt_variant_pages,https://www.strique.io/careers/founding-customer-engineer,medium,pass,firecrawl,brands/strique/references/crawls/20260629T193943Z/pages/03daa7cee61a/firecrawl.json,Rendered public text has 8518 words.,
docs_content_extractable,https://www.strique.io/careers/founding-customer-engineer,medium,not_applicable,firecrawl,brands/strique/references/crawls/20260629T193943Z/pages/03daa7cee61a/firecrawl.json,This is not a docs or support URL.,
performance_score,https://www.strique.io/careers/founding-customer-engineer,medium,pass,lighthouse,brands/strique/references/evidence/20260629T193943Z/pages/03daa7cee61a/lighthouse.json,Performance score is 0.94.,
blocking_popups_interstitials,https://www.strique.io/careers/founding-customer-engineer,medium,fail,playwright,brands/strique/references/evidence/20260629T193943Z/pages/03daa7cee61a/playwright.json,"1 large fixed, modal, or interstitial elements may block main content. 2 large fixed, modal, or interstitial elements may block main content.","Remove or reduce blocking overlays on first render, especially on mobile."
body_text_line_length,https://www.strique.io/careers/founding-customer-engineer,medium,pass,playwright,brands/strique/references/evidence/20260629T193943Z/pages/03daa7cee61a/playwright.json,Sampled body text line length is readable. Sampled body text line length is readable.,
client_route_metadata,https://www.strique.io/careers/founding-customer-engineer,medium,not_applicable,playwright,brands/strique/references/evidence/20260629T193943Z/pages/03daa7cee61a/playwright.json,"SPA markers were found, but route-change metadata was not triggered by this deterministic pass.",
color_contrast,https://www.strique.io/careers/founding-customer-engineer,medium,pass,playwright,brands/strique/references/evidence/20260629T193943Z/pages/03daa7cee61a/playwright.json,Sampled text meets contrast thresholds. Sampled text meets contrast thresholds.,
form_accessibility,https://www.strique.io/careers/founding-customer-engineer,medium,not_applicable,playwright,brands/strique/references/evidence/20260629T193943Z/pages/03daa7cee61a/playwright.json,No visible form fields found.,
fragment_deep_links,https://www.strique.io/careers/founding-customer-engineer,medium,not_applicable,playwright,brands/strique/references/evidence/20260629T193943Z/pages/03daa7cee61a/playwright.json,No same-page fragment links found.,
horizontal_scroll,https://www.strique.io/careers/founding-customer-engineer,medium,pass,playwright,brands/strique/references/evidence/20260629T193943Z/pages/03daa7cee61a/playwright.json,No horizontal overflow detected. No horizontal overflow detected.,
inaccessible_controls,https://www.strique.io/careers/founding-customer-engineer,medium,pass,playwright,brands/strique/references/evidence/20260629T193943Z/pages/03daa7cee61a/playwright.json,Visible controls have accessible names. Visible controls have accessible names.,
keyboard_navigation,https://www.strique.io/careers/founding-customer-engineer,medium,pass,playwright,brands/strique/references/evidence/20260629T193943Z/pages/03daa7cee61a/playwright.json,Keyboard focus reached 4 visible controls. Keyboard focus reached 4 visible controls.,
lazy_loading_in_viewport,https://www.strique.io/careers/founding-customer-engineer,medium,pass,playwright,brands/strique/references/evidence/20260629T193943Z/pages/03daa7cee61a/playwright.json,No unloaded in-viewport lazy content detected. No unloaded in-viewport lazy content detected.,
mobile_form_usability,https://www.strique.io/careers/founding-customer-engineer,medium,not_applicable,playwright,brands/strique/references/evidence/20260629T193943Z/pages/03daa7cee61a/playwright.json,No visible mobile form fields found.,
mobile_text_readability,https://www.strique.io/careers/founding-customer-engineer,medium,fail,playwright,brands/strique/references/evidence/20260629T193943Z/pages/03daa7cee61a/playwright.json,10 sampled text elements are too small or tight on mobile.,Increase mobile font size or line height for readable body text.
route_status_handling,https://www.strique.io/careers/founding-customer-engineer,medium,not_applicable,playwright,brands/strique/references/evidence/20260629T193943Z/pages/03daa7cee61a/playwright.json,Route status handling is tested from the site root.,
table_semantics,https://www.strique.io/careers/founding-customer-engineer,medium,not_applicable,playwright,brands/strique/references/evidence/20260629T193943Z/pages/03daa7cee61a/playwright.json,No visible tables found.,
tap_targets,https://www.strique.io/careers/founding-customer-engineer,medium,fail,playwright,brands/strique/references/evidence/20260629T193943Z/pages/03daa7cee61a/playwright.json,10 small and 13 crowded mobile tap targets found.,Increase tap target size or spacing to at least common mobile accessibility targets.
text_spacing,https://www.strique.io/careers/founding-customer-engineer,medium,pass,playwright,brands/strique/references/evidence/20260629T193943Z/pages/03daa7cee61a/playwright.json,WCAG text spacing did not cause overflow or content loss. WCAG text spacing did not cause overflow or content loss.,
zoom_readability,https://www.strique.io/careers/founding-customer-engineer,medium,pass,playwright,brands/strique/references/evidence/20260629T193943Z/pages/03daa7cee61a/playwright.json,Common zoom readability did not cause overflow or content loss. Common zoom readability did not cause overflow or content loss.,
rich_result_properties,https://www.strique.io/careers/founding-customer-engineer,medium,fail,playwright,brands/strique/references/evidence/20260629T193943Z/pages/03daa7cee61a/playwright.json,2 supported rich result schemas are missing required properties. Example: JobPosting missing jobLocation.,Add required public schema properties for supported rich result types.
critical_css_font_loading,https://www.strique.io/careers/founding-customer-engineer,medium,fail,lighthouse,brands/strique/references/evidence/20260629T193943Z/pages/03daa7cee61a/lighthouse.json,Stored lab artifact does not include critical CSS or font diagnostics.,Recollect Lighthouse or PageSpeed evidence with CSS and font diagnostics.
render_blocking_scripts,https://www.strique.io/careers/founding-customer-engineer,medium,fail,lighthouse,brands/strique/references/evidence/20260629T193943Z/pages/03daa7cee61a/lighthouse.json,Stored artifacts do not include render-blocking script diagnostics.,Recollect Lighthouse/PageSpeed diagnostics or Playwright script inventory.
third_party_script_weight,https://www.strique.io/careers/founding-customer-engineer,medium,fail,lighthouse,brands/strique/references/evidence/20260629T193943Z/pages/03daa7cee61a/lighthouse.json,Stored artifacts do not include third-party script weight diagnostics.,Recollect Lighthouse/PageSpeed diagnostics or Playwright script inventory.
lab_root_cause_diagnostics,https://www.strique.io/careers/founding-customer-engineer,medium,pass,lighthouse,brands/strique/references/evidence/20260629T193943Z/pages/03daa7cee61a/lighthouse.json,"Lab diagnostics available: largest-contentful-paint, cumulative-layout-shift, speed-index, total-blocking-time.",
crawl_status,https://www.strique.io/careers/founding-growth-engineer,high,pass,firecrawl,brands/strique/references/crawls/20260629T193943Z/pages/ba6388f02200/firecrawl.json,URL crawled with status 200.,
indexable,https://www.strique.io/careers/founding-growth-engineer,high,pass,firecrawl,brands/strique/references/crawls/20260629T193943Z/pages/ba6388f02200/firecrawl.json,Indexability is yes.,
title_present,https://www.strique.io/careers/founding-growth-engineer,medium,pass,firecrawl,brands/strique/references/crawls/20260629T193943Z/pages/ba6388f02200/firecrawl.json,Title: Founding Growth Engineer | Careers · Strique,
meta_description_present,https://www.strique.io/careers/founding-growth-engineer,medium,pass,firecrawl,brands/strique/references/crawls/20260629T193943Z/pages/ba6388f02200/firecrawl.json,"Meta description: Live and breathe the product against our own pipeline. Own paid, SEO, email, and content using Strique, and feed the roadmap with what's missing.",
single_h1,https://www.strique.io/careers/founding-growth-engineer,medium,fail,firecrawl,brands/strique/references/crawls/20260629T193943Z/pages/ba6388f02200/firecrawl.json,H1 count is 2.,Use one clear H1 on the page.
canonical_match,https://www.strique.io/careers/founding-growth-engineer,high,pass,firecrawl,brands/strique/references/crawls/20260629T193943Z/pages/ba6388f02200/firecrawl.json,Canonical: https://www.strique.io/careers/founding-growth-engineer,
schema_present,https://www.strique.io/careers/founding-growth-engineer,low,pass,firecrawl,brands/strique/references/crawls/20260629T193943Z/pages/ba6388f02200/firecrawl.json,"Schema types: BreadcrumbList, ContactPoint, Country, JobPosting, ListItem, Organization, SearchAction, WebSite",
image_alt_text,https://www.strique.io/careers/founding-growth-engineer,low,fail,firecrawl,brands/strique/references/crawls/20260629T193943Z/pages/ba6388f02200/firecrawl.json,3 images are missing alt text.,Add useful alt text for meaningful images.
sitemap_inclusion,https://www.strique.io/careers/founding-growth-engineer,low,pass,firecrawl,brands/strique/references/crawls/20260629T193943Z/pages/ba6388f02200/firecrawl.json,Sitemap inclusion is yes.,
content_visible,https://www.strique.io/careers/founding-growth-engineer,high,pass,firecrawl,brands/strique/references/crawls/20260629T193943Z/pages/ba6388f02200/firecrawl.json,Rendered public text has 8606 words.,
content_type_classifiable,https://www.strique.io/careers/founding-growth-engineer,medium,pass,firecrawl,brands/strique/references/crawls/20260629T193943Z/pages/ba6388f02200/firecrawl.json,"Public URL, title, and rendered text were reviewed for a recognizable page type.",
resource_rendering_not_blocked,https://www.strique.io/careers/founding-growth-engineer,high,pass,firecrawl,brands/strique/references/crawls/20260629T193943Z/pages/ba6388f02200/firecrawl.json,Critical page content rendered successfully.,
title_not_keyword_stuffed,https://www.strique.io/careers/founding-growth-engineer,medium,pass,firecrawl,brands/strique/references/crawls/20260629T193943Z/pages/ba6388f02200/firecrawl.json,Title reviewed for repeated terms and separator stuffing: Founding Growth Engineer | Careers · Strique.,
heading_not_keyword_stuffed,https://www.strique.io/careers/founding-growth-engineer,medium,pass,firecrawl,brands/strique/references/crawls/20260629T193943Z/pages/ba6388f02200/firecrawl.json,6 rendered headings reviewed for stuffing.,
preview_controls_safe,https://www.strique.io/careers/founding-growth-engineer,medium,pass,firecrawl,brands/strique/references/crawls/20260629T193943Z/pages/ba6388f02200/firecrawl.json,No harmful snippet preview controls were detected.,
url_path_clean,https://www.strique.io/careers/founding-growth-engineer,medium,pass,firecrawl,brands/strique/references/crawls/20260629T193943Z/pages/ba6388f02200/firecrawl.json,"URL path reviewed for IDs, dates, session keys, and implementation details.",
media_support_present,https://www.strique.io/careers/founding-growth-engineer,low,pass,firecrawl,brands/strique/references/crawls/20260629T193943Z/pages/ba6388f02200/firecrawl.json,6 images found on the page.,
content_not_ai_slop,https://www.strique.io/careers/founding-growth-engineer,low,pass,firecrawl,brands/strique/references/crawls/20260629T193943Z/pages/ba6388f02200/firecrawl.json,Rendered copy reviewed for common generic AI filler phrases.,
thin_prompt_variant_pages,https://www.strique.io/careers/founding-growth-engineer,medium,pass,firecrawl,brands/strique/references/crawls/20260629T193943Z/pages/ba6388f02200/firecrawl.json,Rendered public text has 8606 words.,
docs_content_extractable,https://www.strique.io/careers/founding-growth-engineer,medium,not_applicable,firecrawl,brands/strique/references/crawls/20260629T193943Z/pages/ba6388f02200/firecrawl.json,This is not a docs or support URL.,
performance_score,https://www.strique.io/careers/founding-growth-engineer,medium,fail,lighthouse,brands/strique/references/evidence/20260629T193943Z/pages/ba6388f02200/lighthouse.json,Performance score is 0.86.,Improve Core Web Vitals and Lighthouse performance bottlenecks.
blocking_popups_interstitials,https://www.strique.io/careers/founding-growth-engineer,medium,fail,playwright,brands/strique/references/evidence/20260629T193943Z/pages/ba6388f02200/playwright.json,"1 large fixed, modal, or interstitial elements may block main content. 2 large fixed, modal, or interstitial elements may block main content.","Remove or reduce blocking overlays on first render, especially on mobile."
body_text_line_length,https://www.strique.io/careers/founding-growth-engineer,medium,pass,playwright,brands/strique/references/evidence/20260629T193943Z/pages/ba6388f02200/playwright.json,Sampled body text line length is readable. Sampled body text line length is readable.,
client_route_metadata,https://www.strique.io/careers/founding-growth-engineer,medium,not_applicable,playwright,brands/strique/references/evidence/20260629T193943Z/pages/ba6388f02200/playwright.json,"SPA markers were found, but route-change metadata was not triggered by this deterministic pass.",
color_contrast,https://www.strique.io/careers/founding-growth-engineer,medium,pass,playwright,brands/strique/references/evidence/20260629T193943Z/pages/ba6388f02200/playwright.json,Sampled text meets contrast thresholds. Sampled text meets contrast thresholds.,
form_accessibility,https://www.strique.io/careers/founding-growth-engineer,medium,not_applicable,playwright,brands/strique/references/evidence/20260629T193943Z/pages/ba6388f02200/playwright.json,No visible form fields found.,
fragment_deep_links,https://www.strique.io/careers/founding-growth-engineer,medium,not_applicable,playwright,brands/strique/references/evidence/20260629T193943Z/pages/ba6388f02200/playwright.json,No same-page fragment links found.,
horizontal_scroll,https://www.strique.io/careers/founding-growth-engineer,medium,pass,playwright,brands/strique/references/evidence/20260629T193943Z/pages/ba6388f02200/playwright.json,No horizontal overflow detected. No horizontal overflow detected.,
inaccessible_controls,https://www.strique.io/careers/founding-growth-engineer,medium,pass,playwright,brands/strique/references/evidence/20260629T193943Z/pages/ba6388f02200/playwright.json,Visible controls have accessible names. Visible controls have accessible names.,
keyboard_navigation,https://www.strique.io/careers/founding-growth-engineer,medium,pass,playwright,brands/strique/references/evidence/20260629T193943Z/pages/ba6388f02200/playwright.json,Keyboard focus reached 4 visible controls. Keyboard focus reached 4 visible controls.,
lazy_loading_in_viewport,https://www.strique.io/careers/founding-growth-engineer,medium,pass,playwright,brands/strique/references/evidence/20260629T193943Z/pages/ba6388f02200/playwright.json,No unloaded in-viewport lazy content detected. No unloaded in-viewport lazy content detected.,
mobile_form_usability,https://www.strique.io/careers/founding-growth-engineer,medium,not_applicable,playwright,brands/strique/references/evidence/20260629T193943Z/pages/ba6388f02200/playwright.json,No visible mobile form fields found.,
mobile_text_readability,https://www.strique.io/careers/founding-growth-engineer,medium,fail,playwright,brands/strique/references/evidence/20260629T193943Z/pages/ba6388f02200/playwright.json,10 sampled text elements are too small or tight on mobile.,Increase mobile font size or line height for readable body text.
route_status_handling,https://www.strique.io/careers/founding-growth-engineer,medium,not_applicable,playwright,brands/strique/references/evidence/20260629T193943Z/pages/ba6388f02200/playwright.json,Route status handling is tested from the site root.,
table_semantics,https://www.strique.io/careers/founding-growth-engineer,medium,not_applicable,playwright,brands/strique/references/evidence/20260629T193943Z/pages/ba6388f02200/playwright.json,No visible tables found.,
tap_targets,https://www.strique.io/careers/founding-growth-engineer,medium,fail,playwright,brands/strique/references/evidence/20260629T193943Z/pages/ba6388f02200/playwright.json,10 small and 13 crowded mobile tap targets found.,Increase tap target size or spacing to at least common mobile accessibility targets.
text_spacing,https://www.strique.io/careers/founding-growth-engineer,medium,pass,playwright,brands/strique/references/evidence/20260629T193943Z/pages/ba6388f02200/playwright.json,WCAG text spacing did not cause overflow or content loss. WCAG text spacing did not cause overflow or content loss.,
zoom_readability,https://www.strique.io/careers/founding-growth-engineer,medium,pass,playwright,brands/strique/references/evidence/20260629T193943Z/pages/ba6388f02200/playwright.json,Common zoom readability did not cause overflow or content loss. Common zoom readability did not cause overflow or content loss.,
rich_result_properties,https://www.strique.io/careers/founding-growth-engineer,medium,fail,playwright,brands/strique/references/evidence/20260629T193943Z/pages/ba6388f02200/playwright.json,2 supported rich result schemas are missing required properties. Example: JobPosting missing jobLocation.,Add required public schema properties for supported rich result types.
critical_css_font_loading,https://www.strique.io/careers/founding-growth-engineer,medium,fail,lighthouse,brands/strique/references/evidence/20260629T193943Z/pages/ba6388f02200/lighthouse.json,Stored lab artifact does not include critical CSS or font diagnostics.,Recollect Lighthouse or PageSpeed evidence with CSS and font diagnostics.
render_blocking_scripts,https://www.strique.io/careers/founding-growth-engineer,medium,fail,lighthouse,brands/strique/references/evidence/20260629T193943Z/pages/ba6388f02200/lighthouse.json,Stored artifacts do not include render-blocking script diagnostics.,Recollect Lighthouse/PageSpeed diagnostics or Playwright script inventory.
third_party_script_weight,https://www.strique.io/careers/founding-growth-engineer,medium,fail,lighthouse,brands/strique/references/evidence/20260629T193943Z/pages/ba6388f02200/lighthouse.json,Stored artifacts do not include third-party script weight diagnostics.,Recollect Lighthouse/PageSpeed diagnostics or Playwright script inventory.
lab_root_cause_diagnostics,https://www.strique.io/careers/founding-growth-engineer,medium,pass,lighthouse,brands/strique/references/evidence/20260629T193943Z/pages/ba6388f02200/lighthouse.json,"Lab diagnostics available: largest-contentful-paint, cumulative-layout-shift, speed-index, total-blocking-time.",
crawl_status,https://www.strique.io/careers/product-designer,high,pass,firecrawl,brands/strique/references/crawls/20260629T193943Z/pages/bc3800e8cec5/firecrawl.json,URL crawled with status 200.,
indexable,https://www.strique.io/careers/product-designer,high,pass,firecrawl,brands/strique/references/crawls/20260629T193943Z/pages/bc3800e8cec5/firecrawl.json,Indexability is yes.,
title_present,https://www.strique.io/careers/product-designer,medium,pass,firecrawl,brands/strique/references/crawls/20260629T193943Z/pages/bc3800e8cec5/firecrawl.json,Title: Product Designer | Careers · Strique,
meta_description_present,https://www.strique.io/careers/product-designer,medium,pass,firecrawl,brands/strique/references/crawls/20260629T193943Z/pages/bc3800e8cec5/firecrawl.json,"Meta description: Design the chat interface, Canvas reports, skills surface, and brand system. Comfortable shipping in Figma + pairing on the implementation in code.",
single_h1,https://www.strique.io/careers/product-designer,medium,fail,firecrawl,brands/strique/references/crawls/20260629T193943Z/pages/bc3800e8cec5/firecrawl.json,H1 count is 2.,Use one clear H1 on the page.
canonical_match,https://www.strique.io/careers/product-designer,high,pass,firecrawl,brands/strique/references/crawls/20260629T193943Z/pages/bc3800e8cec5/firecrawl.json,Canonical: https://www.strique.io/careers/product-designer,
schema_present,https://www.strique.io/careers/product-designer,low,pass,firecrawl,brands/strique/references/crawls/20260629T193943Z/pages/bc3800e8cec5/firecrawl.json,"Schema types: BreadcrumbList, ContactPoint, Country, JobPosting, ListItem, Organization, SearchAction, WebSite",
image_alt_text,https://www.strique.io/careers/product-designer,low,fail,firecrawl,brands/strique/references/crawls/20260629T193943Z/pages/bc3800e8cec5/firecrawl.json,3 images are missing alt text.,Add useful alt text for meaningful images.
sitemap_inclusion,https://www.strique.io/careers/product-designer,low,pass,firecrawl,brands/strique/references/crawls/20260629T193943Z/pages/bc3800e8cec5/firecrawl.json,Sitemap inclusion is yes.,
content_visible,https://www.strique.io/careers/product-designer,high,pass,firecrawl,brands/strique/references/crawls/20260629T193943Z/pages/bc3800e8cec5/firecrawl.json,Rendered public text has 8555 words.,
content_type_classifiable,https://www.strique.io/careers/product-designer,medium,pass,firecrawl,brands/strique/references/crawls/20260629T193943Z/pages/bc3800e8cec5/firecrawl.json,"Public URL, title, and rendered text were reviewed for a recognizable page type.",
resource_rendering_not_blocked,https://www.strique.io/careers/product-designer,high,pass,firecrawl,brands/strique/references/crawls/20260629T193943Z/pages/bc3800e8cec5/firecrawl.json,Critical page content rendered successfully.,
title_not_keyword_stuffed,https://www.strique.io/careers/product-designer,medium,pass,firecrawl,brands/strique/references/crawls/20260629T193943Z/pages/bc3800e8cec5/firecrawl.json,Title reviewed for repeated terms and separator stuffing: Product Designer | Careers · Strique.,
heading_not_keyword_stuffed,https://www.strique.io/careers/product-designer,medium,pass,firecrawl,brands/strique/references/crawls/20260629T193943Z/pages/bc3800e8cec5/firecrawl.json,6 rendered headings reviewed for stuffing.,
preview_controls_safe,https://www.strique.io/careers/product-designer,medium,pass,firecrawl,brands/strique/references/crawls/20260629T193943Z/pages/bc3800e8cec5/firecrawl.json,No harmful snippet preview controls were detected.,
url_path_clean,https://www.strique.io/careers/product-designer,medium,pass,firecrawl,brands/strique/references/crawls/20260629T193943Z/pages/bc3800e8cec5/firecrawl.json,"URL path reviewed for IDs, dates, session keys, and implementation details.",
media_support_present,https://www.strique.io/careers/product-designer,low,pass,firecrawl,brands/strique/references/crawls/20260629T193943Z/pages/bc3800e8cec5/firecrawl.json,6 images found on the page.,
content_not_ai_slop,https://www.strique.io/careers/product-designer,low,pass,firecrawl,brands/strique/references/crawls/20260629T193943Z/pages/bc3800e8cec5/firecrawl.json,Rendered copy reviewed for common generic AI filler phrases.,
thin_prompt_variant_pages,https://www.strique.io/careers/product-designer,medium,pass,firecrawl,brands/strique/references/crawls/20260629T193943Z/pages/bc3800e8cec5/firecrawl.json,Rendered public text has 8555 words.,
docs_content_extractable,https://www.strique.io/careers/product-designer,medium,not_applicable,firecrawl,brands/strique/references/crawls/20260629T193943Z/pages/bc3800e8cec5/firecrawl.json,This is not a docs or support URL.,
performance_score,https://www.strique.io/careers/product-designer,medium,fail,lighthouse,brands/strique/references/evidence/20260629T193943Z/pages/bc3800e8cec5/lighthouse.json,Performance score is 0.87.,Improve Core Web Vitals and Lighthouse performance bottlenecks.
blocking_popups_interstitials,https://www.strique.io/careers/product-designer,medium,fail,playwright,brands/strique/references/evidence/20260629T193943Z/pages/bc3800e8cec5/playwright.json,"1 large fixed, modal, or interstitial elements may block main content. 2 large fixed, modal, or interstitial elements may block main content.","Remove or reduce blocking overlays on first render, especially on mobile."
body_text_line_length,https://www.strique.io/careers/product-designer,medium,pass,playwright,brands/strique/references/evidence/20260629T193943Z/pages/bc3800e8cec5/playwright.json,Sampled body text line length is readable. Sampled body text line length is readable.,
client_route_metadata,https://www.strique.io/careers/product-designer,medium,not_applicable,playwright,brands/strique/references/evidence/20260629T193943Z/pages/bc3800e8cec5/playwright.json,"SPA markers were found, but route-change metadata was not triggered by this deterministic pass.",
color_contrast,https://www.strique.io/careers/product-designer,medium,pass,playwright,brands/strique/references/evidence/20260629T193943Z/pages/bc3800e8cec5/playwright.json,Sampled text meets contrast thresholds. Sampled text meets contrast thresholds.,
form_accessibility,https://www.strique.io/careers/product-designer,medium,not_applicable,playwright,brands/strique/references/evidence/20260629T193943Z/pages/bc3800e8cec5/playwright.json,No visible form fields found.,
fragment_deep_links,https://www.strique.io/careers/product-designer,medium,not_applicable,playwright,brands/strique/references/evidence/20260629T193943Z/pages/bc3800e8cec5/playwright.json,No same-page fragment links found.,
horizontal_scroll,https://www.strique.io/careers/product-designer,medium,pass,playwright,brands/strique/references/evidence/20260629T193943Z/pages/bc3800e8cec5/playwright.json,No horizontal overflow detected. No horizontal overflow detected.,
inaccessible_controls,https://www.strique.io/careers/product-designer,medium,pass,playwright,brands/strique/references/evidence/20260629T193943Z/pages/bc3800e8cec5/playwright.json,Visible controls have accessible names. Visible controls have accessible names.,
keyboard_navigation,https://www.strique.io/careers/product-designer,medium,pass,playwright,brands/strique/references/evidence/20260629T193943Z/pages/bc3800e8cec5/playwright.json,Keyboard focus reached 4 visible controls. Keyboard focus reached 4 visible controls.,
lazy_loading_in_viewport,https://www.strique.io/careers/product-designer,medium,pass,playwright,brands/strique/references/evidence/20260629T193943Z/pages/bc3800e8cec5/playwright.json,No unloaded in-viewport lazy content detected. No unloaded in-viewport lazy content detected.,
mobile_form_usability,https://www.strique.io/careers/product-designer,medium,not_applicable,playwright,brands/strique/references/evidence/20260629T193943Z/pages/bc3800e8cec5/playwright.json,No visible mobile form fields found.,
mobile_text_readability,https://www.strique.io/careers/product-designer,medium,fail,playwright,brands/strique/references/evidence/20260629T193943Z/pages/bc3800e8cec5/playwright.json,10 sampled text elements are too small or tight on mobile.,Increase mobile font size or line height for readable body text.
route_status_handling,https://www.strique.io/careers/product-designer,medium,not_applicable,playwright,brands/strique/references/evidence/20260629T193943Z/pages/bc3800e8cec5/playwright.json,Route status handling is tested from the site root.,
table_semantics,https://www.strique.io/careers/product-designer,medium,not_applicable,playwright,brands/strique/references/evidence/20260629T193943Z/pages/bc3800e8cec5/playwright.json,No visible tables found.,
tap_targets,https://www.strique.io/careers/product-designer,medium,fail,playwright,brands/strique/references/evidence/20260629T193943Z/pages/bc3800e8cec5/playwright.json,10 small and 13 crowded mobile tap targets found.,Increase tap target size or spacing to at least common mobile accessibility targets.
text_spacing,https://www.strique.io/careers/product-designer,medium,pass,playwright,brands/strique/references/evidence/20260629T193943Z/pages/bc3800e8cec5/playwright.json,WCAG text spacing did not cause overflow or content loss. WCAG text spacing did not cause overflow or content loss.,
zoom_readability,https://www.strique.io/careers/product-designer,medium,pass,playwright,brands/strique/references/evidence/20260629T193943Z/pages/bc3800e8cec5/playwright.json,Common zoom readability did not cause overflow or content loss. Common zoom readability did not cause overflow or content loss.,
rich_result_properties,https://www.strique.io/careers/product-designer,medium,fail,playwright,brands/strique/references/evidence/20260629T193943Z/pages/bc3800e8cec5/playwright.json,2 supported rich result schemas are missing required properties. Example: JobPosting missing jobLocation.,Add required public schema properties for supported rich result types.
critical_css_font_loading,https://www.strique.io/careers/product-designer,medium,fail,lighthouse,brands/strique/references/evidence/20260629T193943Z/pages/bc3800e8cec5/lighthouse.json,Stored lab artifact does not include critical CSS or font diagnostics.,Recollect Lighthouse or PageSpeed evidence with CSS and font diagnostics.
render_blocking_scripts,https://www.strique.io/careers/product-designer,medium,fail,lighthouse,brands/strique/references/evidence/20260629T193943Z/pages/bc3800e8cec5/lighthouse.json,Stored artifacts do not include render-blocking script diagnostics.,Recollect Lighthouse/PageSpeed diagnostics or Playwright script inventory.
third_party_script_weight,https://www.strique.io/careers/product-designer,medium,fail,lighthouse,brands/strique/references/evidence/20260629T193943Z/pages/bc3800e8cec5/lighthouse.json,Stored artifacts do not include third-party script weight diagnostics.,Recollect Lighthouse/PageSpeed diagnostics or Playwright script inventory.
lab_root_cause_diagnostics,https://www.strique.io/careers/product-designer,medium,pass,lighthouse,brands/strique/references/evidence/20260629T193943Z/pages/bc3800e8cec5/lighthouse.json,"Lab diagnostics available: largest-contentful-paint, cumulative-layout-shift, speed-index, total-blocking-time.",
crawl_status,https://www.strique.io/careers/revenue-marketer,high,pass,firecrawl,brands/strique/references/crawls/20260629T193943Z/pages/1fed5e5bf276/firecrawl.json,URL crawled with status 200.,
indexable,https://www.strique.io/careers/revenue-marketer,high,pass,firecrawl,brands/strique/references/crawls/20260629T193943Z/pages/1fed5e5bf276/firecrawl.json,Indexability is yes.,
title_present,https://www.strique.io/careers/revenue-marketer,medium,pass,firecrawl,brands/strique/references/crawls/20260629T193943Z/pages/1fed5e5bf276/firecrawl.json,Title: Revenue Marketer | Careers · Strique,
meta_description_present,https://www.strique.io/careers/revenue-marketer,medium,pass,firecrawl,brands/strique/references/crawls/20260629T193943Z/pages/1fed5e5bf276/firecrawl.json,"Meta description: Run paid, lifecycle, content, and community with Strique as your OS. Report to the founder. First marketing hire.",
single_h1,https://www.strique.io/careers/revenue-marketer,medium,fail,firecrawl,brands/strique/references/crawls/20260629T193943Z/pages/1fed5e5bf276/firecrawl.json,H1 count is 2.,Use one clear H1 on the page.
canonical_match,https://www.strique.io/careers/revenue-marketer,high,pass,firecrawl,brands/strique/references/crawls/20260629T193943Z/pages/1fed5e5bf276/firecrawl.json,Canonical: https://www.strique.io/careers/revenue-marketer,
schema_present,https://www.strique.io/careers/revenue-marketer,low,pass,firecrawl,brands/strique/references/crawls/20260629T193943Z/pages/1fed5e5bf276/firecrawl.json,"Schema types: BreadcrumbList, ContactPoint, Country, JobPosting, ListItem, Organization, SearchAction, WebSite",
image_alt_text,https://www.strique.io/careers/revenue-marketer,low,fail,firecrawl,brands/strique/references/crawls/20260629T193943Z/pages/1fed5e5bf276/firecrawl.json,3 images are missing alt text.,Add useful alt text for meaningful images.
sitemap_inclusion,https://www.strique.io/careers/revenue-marketer,low,pass,firecrawl,brands/strique/references/crawls/20260629T193943Z/pages/1fed5e5bf276/firecrawl.json,Sitemap inclusion is yes.,
content_visible,https://www.strique.io/careers/revenue-marketer,high,pass,firecrawl,brands/strique/references/crawls/20260629T193943Z/pages/1fed5e5bf276/firecrawl.json,Rendered public text has 8541 words.,
content_type_classifiable,https://www.strique.io/careers/revenue-marketer,medium,pass,firecrawl,brands/strique/references/crawls/20260629T193943Z/pages/1fed5e5bf276/firecrawl.json,"Public URL, title, and rendered text were reviewed for a recognizable page type.",
resource_rendering_not_blocked,https://www.strique.io/careers/revenue-marketer,high,pass,firecrawl,brands/strique/references/crawls/20260629T193943Z/pages/1fed5e5bf276/firecrawl.json,Critical page content rendered successfully.,
title_not_keyword_stuffed,https://www.strique.io/careers/revenue-marketer,medium,pass,firecrawl,brands/strique/references/crawls/20260629T193943Z/pages/1fed5e5bf276/firecrawl.json,Title reviewed for repeated terms and separator stuffing: Revenue Marketer | Careers · Strique.,
heading_not_keyword_stuffed,https://www.strique.io/careers/revenue-marketer,medium,pass,firecrawl,brands/strique/references/crawls/20260629T193943Z/pages/1fed5e5bf276/firecrawl.json,6 rendered headings reviewed for stuffing.,
preview_controls_safe,https://www.strique.io/careers/revenue-marketer,medium,pass,firecrawl,brands/strique/references/crawls/20260629T193943Z/pages/1fed5e5bf276/firecrawl.json,No harmful snippet preview controls were detected.,
url_path_clean,https://www.strique.io/careers/revenue-marketer,medium,pass,firecrawl,brands/strique/references/crawls/20260629T193943Z/pages/1fed5e5bf276/firecrawl.json,"URL path reviewed for IDs, dates, session keys, and implementation details.",
media_support_present,https://www.strique.io/careers/revenue-marketer,low,pass,firecrawl,brands/strique/references/crawls/20260629T193943Z/pages/1fed5e5bf276/firecrawl.json,6 images found on the page.,
content_not_ai_slop,https://www.strique.io/careers/revenue-marketer,low,pass,firecrawl,brands/strique/references/crawls/20260629T193943Z/pages/1fed5e5bf276/firecrawl.json,Rendered copy reviewed for common generic AI filler phrases.,
thin_prompt_variant_pages,https://www.strique.io/careers/revenue-marketer,medium,pass,firecrawl,brands/strique/references/crawls/20260629T193943Z/pages/1fed5e5bf276/firecrawl.json,Rendered public text has 8541 words.,
docs_content_extractable,https://www.strique.io/careers/revenue-marketer,medium,not_applicable,firecrawl,brands/strique/references/crawls/20260629T193943Z/pages/1fed5e5bf276/firecrawl.json,This is not a docs or support URL.,
performance_score,https://www.strique.io/careers/revenue-marketer,medium,pass,lighthouse,brands/strique/references/evidence/20260629T193943Z/pages/1fed5e5bf276/lighthouse.json,Performance score is 0.9.,
blocking_popups_interstitials,https://www.strique.io/careers/revenue-marketer,medium,fail,playwright,brands/strique/references/evidence/20260629T193943Z/pages/1fed5e5bf276/playwright.json,"1 large fixed, modal, or interstitial elements may block main content. 2 large fixed, modal, or interstitial elements may block main content.","Remove or reduce blocking overlays on first render, especially on mobile."
body_text_line_length,https://www.strique.io/careers/revenue-marketer,medium,pass,playwright,brands/strique/references/evidence/20260629T193943Z/pages/1fed5e5bf276/playwright.json,Sampled body text line length is readable. Sampled body text line length is readable.,
client_route_metadata,https://www.strique.io/careers/revenue-marketer,medium,not_applicable,playwright,brands/strique/references/evidence/20260629T193943Z/pages/1fed5e5bf276/playwright.json,"SPA markers were found, but route-change metadata was not triggered by this deterministic pass.",
color_contrast,https://www.strique.io/careers/revenue-marketer,medium,pass,playwright,brands/strique/references/evidence/20260629T193943Z/pages/1fed5e5bf276/playwright.json,Sampled text meets contrast thresholds. Sampled text meets contrast thresholds.,
form_accessibility,https://www.strique.io/careers/revenue-marketer,medium,not_applicable,playwright,brands/strique/references/evidence/20260629T193943Z/pages/1fed5e5bf276/playwright.json,No visible form fields found.,
fragment_deep_links,https://www.strique.io/careers/revenue-marketer,medium,not_applicable,playwright,brands/strique/references/evidence/20260629T193943Z/pages/1fed5e5bf276/playwright.json,No same-page fragment links found.,
horizontal_scroll,https://www.strique.io/careers/revenue-marketer,medium,pass,playwright,brands/strique/references/evidence/20260629T193943Z/pages/1fed5e5bf276/playwright.json,No horizontal overflow detected. No horizontal overflow detected.,
inaccessible_controls,https://www.strique.io/careers/revenue-marketer,medium,pass,playwright,brands/strique/references/evidence/20260629T193943Z/pages/1fed5e5bf276/playwright.json,Visible controls have accessible names. Visible controls have accessible names.,
keyboard_navigation,https://www.strique.io/careers/revenue-marketer,medium,pass,playwright,brands/strique/references/evidence/20260629T193943Z/pages/1fed5e5bf276/playwright.json,Keyboard focus reached 4 visible controls. Keyboard focus reached 4 visible controls.,
lazy_loading_in_viewport,https://www.strique.io/careers/revenue-marketer,medium,pass,playwright,brands/strique/references/evidence/20260629T193943Z/pages/1fed5e5bf276/playwright.json,No unloaded in-viewport lazy content detected. No unloaded in-viewport lazy content detected.,
mobile_form_usability,https://www.strique.io/careers/revenue-marketer,medium,not_applicable,playwright,brands/strique/references/evidence/20260629T193943Z/pages/1fed5e5bf276/playwright.json,No visible mobile form fields found.,
mobile_text_readability,https://www.strique.io/careers/revenue-marketer,medium,fail,playwright,brands/strique/references/evidence/20260629T193943Z/pages/1fed5e5bf276/playwright.json,10 sampled text elements are too small or tight on mobile.,Increase mobile font size or line height for readable body text.
route_status_handling,https://www.strique.io/careers/revenue-marketer,medium,not_applicable,playwright,brands/strique/references/evidence/20260629T193943Z/pages/1fed5e5bf276/playwright.json,Route status handling is tested from the site root.,
table_semantics,https://www.strique.io/careers/revenue-marketer,medium,not_applicable,playwright,brands/strique/references/evidence/20260629T193943Z/pages/1fed5e5bf276/playwright.json,No visible tables found.,
tap_targets,https://www.strique.io/careers/revenue-marketer,medium,fail,playwright,brands/strique/references/evidence/20260629T193943Z/pages/1fed5e5bf276/playwright.json,10 small and 13 crowded mobile tap targets found.,Increase tap target size or spacing to at least common mobile accessibility targets.
text_spacing,https://www.strique.io/careers/revenue-marketer,medium,pass,playwright,brands/strique/references/evidence/20260629T193943Z/pages/1fed5e5bf276/playwright.json,WCAG text spacing did not cause overflow or content loss. WCAG text spacing did not cause overflow or content loss.,
zoom_readability,https://www.strique.io/careers/revenue-marketer,medium,pass,playwright,brands/strique/references/evidence/20260629T193943Z/pages/1fed5e5bf276/playwright.json,Common zoom readability did not cause overflow or content loss. Common zoom readability did not cause overflow or content loss.,
rich_result_properties,https://www.strique.io/careers/revenue-marketer,medium,fail,playwright,brands/strique/references/evidence/20260629T193943Z/pages/1fed5e5bf276/playwright.json,2 supported rich result schemas are missing required properties. Example: JobPosting missing jobLocation.,Add required public schema properties for supported rich result types.
critical_css_font_loading,https://www.strique.io/careers/revenue-marketer,medium,fail,lighthouse,brands/strique/references/evidence/20260629T193943Z/pages/1fed5e5bf276/lighthouse.json,Stored lab artifact does not include critical CSS or font diagnostics.,Recollect Lighthouse or PageSpeed evidence with CSS and font diagnostics.
render_blocking_scripts,https://www.strique.io/careers/revenue-marketer,medium,fail,lighthouse,brands/strique/references/evidence/20260629T193943Z/pages/1fed5e5bf276/lighthouse.json,Stored artifacts do not include render-blocking script diagnostics.,Recollect Lighthouse/PageSpeed diagnostics or Playwright script inventory.
third_party_script_weight,https://www.strique.io/careers/revenue-marketer,medium,fail,lighthouse,brands/strique/references/evidence/20260629T193943Z/pages/1fed5e5bf276/lighthouse.json,Stored artifacts do not include third-party script weight diagnostics.,Recollect Lighthouse/PageSpeed diagnostics or Playwright script inventory.
lab_root_cause_diagnostics,https://www.strique.io/careers/revenue-marketer,medium,pass,lighthouse,brands/strique/references/evidence/20260629T193943Z/pages/1fed5e5bf276/lighthouse.json,"Lab diagnostics available: largest-contentful-paint, cumulative-layout-shift, speed-index, total-blocking-time.",
crawl_status,https://www.strique.io/careers/senior-full-stack-engineer,high,pass,firecrawl,brands/strique/references/crawls/20260629T193943Z/pages/af05630a649a/firecrawl.json,URL crawled with status 200.,
indexable,https://www.strique.io/careers/senior-full-stack-engineer,high,pass,firecrawl,brands/strique/references/crawls/20260629T193943Z/pages/af05630a649a/firecrawl.json,Indexability is yes.,
title_present,https://www.strique.io/careers/senior-full-stack-engineer,medium,pass,firecrawl,brands/strique/references/crawls/20260629T193943Z/pages/af05630a649a/firecrawl.json,Title: Senior Full-Stack Engineer | Careers · Strique,
meta_description_present,https://www.strique.io/careers/senior-full-stack-engineer,medium,pass,firecrawl,brands/strique/references/crawls/20260629T193943Z/pages/af05630a649a/firecrawl.json,"Meta description: Own features end-to-end across our Next.js web app, agent runtime, and connector layer. TypeScript + Python + Postgres + Cloudflare.",
single_h1,https://www.strique.io/careers/senior-full-stack-engineer,medium,fail,firecrawl,brands/strique/references/crawls/20260629T193943Z/pages/af05630a649a/firecrawl.json,H1 count is 2.,Use one clear H1 on the page.
canonical_match,https://www.strique.io/careers/senior-full-stack-engineer,high,pass,firecrawl,brands/strique/references/crawls/20260629T193943Z/pages/af05630a649a/firecrawl.json,Canonical: https://www.strique.io/careers/senior-full-stack-engineer,
schema_present,https://www.strique.io/careers/senior-full-stack-engineer,low,pass,firecrawl,brands/strique/references/crawls/20260629T193943Z/pages/af05630a649a/firecrawl.json,"Schema types: BreadcrumbList, ContactPoint, Country, JobPosting, ListItem, Organization, SearchAction, WebSite",
image_alt_text,https://www.strique.io/careers/senior-full-stack-engineer,low,fail,firecrawl,brands/strique/references/crawls/20260629T193943Z/pages/af05630a649a/firecrawl.json,3 images are missing alt text.,Add useful alt text for meaningful images.
sitemap_inclusion,https://www.strique.io/careers/senior-full-stack-engineer,low,pass,firecrawl,brands/strique/references/crawls/20260629T193943Z/pages/af05630a649a/firecrawl.json,Sitemap inclusion is yes.,
content_visible,https://www.strique.io/careers/senior-full-stack-engineer,high,pass,firecrawl,brands/strique/references/crawls/20260629T193943Z/pages/af05630a649a/firecrawl.json,Rendered public text has 8581 words.,
content_type_classifiable,https://www.strique.io/careers/senior-full-stack-engineer,medium,pass,firecrawl,brands/strique/references/crawls/20260629T193943Z/pages/af05630a649a/firecrawl.json,"Public URL, title, and rendered text were reviewed for a recognizable page type.",
resource_rendering_not_blocked,https://www.strique.io/careers/senior-full-stack-engineer,high,pass,firecrawl,brands/strique/references/crawls/20260629T193943Z/pages/af05630a649a/firecrawl.json,Critical page content rendered successfully.,
title_not_keyword_stuffed,https://www.strique.io/careers/senior-full-stack-engineer,medium,pass,firecrawl,brands/strique/references/crawls/20260629T193943Z/pages/af05630a649a/firecrawl.json,Title reviewed for repeated terms and separator stuffing: Senior Full-Stack Engineer | Careers · Strique.,
heading_not_keyword_stuffed,https://www.strique.io/careers/senior-full-stack-engineer,medium,pass,firecrawl,brands/strique/references/crawls/20260629T193943Z/pages/af05630a649a/firecrawl.json,6 rendered headings reviewed for stuffing.,
preview_controls_safe,https://www.strique.io/careers/senior-full-stack-engineer,medium,pass,firecrawl,brands/strique/references/crawls/20260629T193943Z/pages/af05630a649a/firecrawl.json,No harmful snippet preview controls were detected.,
url_path_clean,https://www.strique.io/careers/senior-full-stack-engineer,medium,pass,firecrawl,brands/strique/references/crawls/20260629T193943Z/pages/af05630a649a/firecrawl.json,"URL path reviewed for IDs, dates, session keys, and implementation details.",
media_support_present,https://www.strique.io/careers/senior-full-stack-engineer,low,pass,firecrawl,brands/strique/references/crawls/20260629T193943Z/pages/af05630a649a/firecrawl.json,6 images found on the page.,
content_not_ai_slop,https://www.strique.io/careers/senior-full-stack-engineer,low,pass,firecrawl,brands/strique/references/crawls/20260629T193943Z/pages/af05630a649a/firecrawl.json,Rendered copy reviewed for common generic AI filler phrases.,
thin_prompt_variant_pages,https://www.strique.io/careers/senior-full-stack-engineer,medium,pass,firecrawl,brands/strique/references/crawls/20260629T193943Z/pages/af05630a649a/firecrawl.json,Rendered public text has 8581 words.,
docs_content_extractable,https://www.strique.io/careers/senior-full-stack-engineer,medium,not_applicable,firecrawl,brands/strique/references/crawls/20260629T193943Z/pages/af05630a649a/firecrawl.json,This is not a docs or support URL.,
performance_score,https://www.strique.io/careers/senior-full-stack-engineer,medium,pass,lighthouse,brands/strique/references/evidence/20260629T193943Z/pages/af05630a649a/lighthouse.json,Performance score is 0.94.,
blocking_popups_interstitials,https://www.strique.io/careers/senior-full-stack-engineer,medium,fail,playwright,brands/strique/references/evidence/20260629T193943Z/pages/af05630a649a/playwright.json,"1 large fixed, modal, or interstitial elements may block main content. 2 large fixed, modal, or interstitial elements may block main content.","Remove or reduce blocking overlays on first render, especially on mobile."
body_text_line_length,https://www.strique.io/careers/senior-full-stack-engineer,medium,pass,playwright,brands/strique/references/evidence/20260629T193943Z/pages/af05630a649a/playwright.json,Sampled body text line length is readable. Sampled body text line length is readable.,
client_route_metadata,https://www.strique.io/careers/senior-full-stack-engineer,medium,not_applicable,playwright,brands/strique/references/evidence/20260629T193943Z/pages/af05630a649a/playwright.json,"SPA markers were found, but route-change metadata was not triggered by this deterministic pass.",
color_contrast,https://www.strique.io/careers/senior-full-stack-engineer,medium,pass,playwright,brands/strique/references/evidence/20260629T193943Z/pages/af05630a649a/playwright.json,Sampled text meets contrast thresholds. Sampled text meets contrast thresholds.,
form_accessibility,https://www.strique.io/careers/senior-full-stack-engineer,medium,not_applicable,playwright,brands/strique/references/evidence/20260629T193943Z/pages/af05630a649a/playwright.json,No visible form fields found.,
fragment_deep_links,https://www.strique.io/careers/senior-full-stack-engineer,medium,not_applicable,playwright,brands/strique/references/evidence/20260629T193943Z/pages/af05630a649a/playwright.json,No same-page fragment links found.,
horizontal_scroll,https://www.strique.io/careers/senior-full-stack-engineer,medium,pass,playwright,brands/strique/references/evidence/20260629T193943Z/pages/af05630a649a/playwright.json,No horizontal overflow detected. No horizontal overflow detected.,
inaccessible_controls,https://www.strique.io/careers/senior-full-stack-engineer,medium,pass,playwright,brands/strique/references/evidence/20260629T193943Z/pages/af05630a649a/playwright.json,Visible controls have accessible names. Visible controls have accessible names.,
keyboard_navigation,https://www.strique.io/careers/senior-full-stack-engineer,medium,pass,playwright,brands/strique/references/evidence/20260629T193943Z/pages/af05630a649a/playwright.json,Keyboard focus reached 4 visible controls. Keyboard focus reached 4 visible controls.,
lazy_loading_in_viewport,https://www.strique.io/careers/senior-full-stack-engineer,medium,pass,playwright,brands/strique/references/evidence/20260629T193943Z/pages/af05630a649a/playwright.json,No unloaded in-viewport lazy content detected. No unloaded in-viewport lazy content detected.,
mobile_form_usability,https://www.strique.io/careers/senior-full-stack-engineer,medium,not_applicable,playwright,brands/strique/references/evidence/20260629T193943Z/pages/af05630a649a/playwright.json,No visible mobile form fields found.,
mobile_text_readability,https://www.strique.io/careers/senior-full-stack-engineer,medium,fail,playwright,brands/strique/references/evidence/20260629T193943Z/pages/af05630a649a/playwright.json,10 sampled text elements are too small or tight on mobile.,Increase mobile font size or line height for readable body text.
route_status_handling,https://www.strique.io/careers/senior-full-stack-engineer,medium,not_applicable,playwright,brands/strique/references/evidence/20260629T193943Z/pages/af05630a649a/playwright.json,Route status handling is tested from the site root.,
table_semantics,https://www.strique.io/careers/senior-full-stack-engineer,medium,not_applicable,playwright,brands/strique/references/evidence/20260629T193943Z/pages/af05630a649a/playwright.json,No visible tables found.,
tap_targets,https://www.strique.io/careers/senior-full-stack-engineer,medium,fail,playwright,brands/strique/references/evidence/20260629T193943Z/pages/af05630a649a/playwright.json,10 small and 13 crowded mobile tap targets found.,Increase tap target size or spacing to at least common mobile accessibility targets.
text_spacing,https://www.strique.io/careers/senior-full-stack-engineer,medium,pass,playwright,brands/strique/references/evidence/20260629T193943Z/pages/af05630a649a/playwright.json,WCAG text spacing did not cause overflow or content loss. WCAG text spacing did not cause overflow or content loss.,
zoom_readability,https://www.strique.io/careers/senior-full-stack-engineer,medium,pass,playwright,brands/strique/references/evidence/20260629T193943Z/pages/af05630a649a/playwright.json,Common zoom readability did not cause overflow or content loss. Common zoom readability did not cause overflow or content loss.,
rich_result_properties,https://www.strique.io/careers/senior-full-stack-engineer,medium,fail,playwright,brands/strique/references/evidence/20260629T193943Z/pages/af05630a649a/playwright.json,2 supported rich result schemas are missing required properties. Example: JobPosting missing jobLocation.,Add required public schema properties for supported rich result types.
critical_css_font_loading,https://www.strique.io/careers/senior-full-stack-engineer,medium,fail,lighthouse,brands/strique/references/evidence/20260629T193943Z/pages/af05630a649a/lighthouse.json,Stored lab artifact does not include critical CSS or font diagnostics.,Recollect Lighthouse or PageSpeed evidence with CSS and font diagnostics.
render_blocking_scripts,https://www.strique.io/careers/senior-full-stack-engineer,medium,fail,lighthouse,brands/strique/references/evidence/20260629T193943Z/pages/af05630a649a/lighthouse.json,Stored artifacts do not include render-blocking script diagnostics.,Recollect Lighthouse/PageSpeed diagnostics or Playwright script inventory.
third_party_script_weight,https://www.strique.io/careers/senior-full-stack-engineer,medium,fail,lighthouse,brands/strique/references/evidence/20260629T193943Z/pages/af05630a649a/lighthouse.json,Stored artifacts do not include third-party script weight diagnostics.,Recollect Lighthouse/PageSpeed diagnostics or Playwright script inventory.
lab_root_cause_diagnostics,https://www.strique.io/careers/senior-full-stack-engineer,medium,pass,lighthouse,brands/strique/references/evidence/20260629T193943Z/pages/af05630a649a/lighthouse.json,"Lab diagnostics available: largest-contentful-paint, cumulative-layout-shift, speed-index, total-blocking-time.",
crawl_status,https://www.strique.io/contact,high,pass,firecrawl,brands/strique/references/crawls/20260629T193943Z/pages/98062d8f9f37/firecrawl.json,URL crawled with status 200.,
indexable,https://www.strique.io/contact,high,pass,firecrawl,brands/strique/references/crawls/20260629T193943Z/pages/98062d8f9f37/firecrawl.json,Indexability is yes.,
title_present,https://www.strique.io/contact,medium,pass,firecrawl,brands/strique/references/crawls/20260629T193943Z/pages/98062d8f9f37/firecrawl.json,Title: Contact Strique Sales and Support · Strique,
meta_description_present,https://www.strique.io/contact,medium,pass,firecrawl,brands/strique/references/crawls/20260629T193943Z/pages/98062d8f9f37/firecrawl.json,"Meta description: Book a demo, talk to sales, or ask a hard question. We reply within one business day.",
single_h1,https://www.strique.io/contact,medium,fail,firecrawl,brands/strique/references/crawls/20260629T193943Z/pages/98062d8f9f37/firecrawl.json,H1 count is 2.,Use one clear H1 on the page.
canonical_match,https://www.strique.io/contact,high,pass,firecrawl,brands/strique/references/crawls/20260629T193943Z/pages/98062d8f9f37/firecrawl.json,Canonical: https://www.strique.io/contact,
schema_present,https://www.strique.io/contact,low,pass,firecrawl,brands/strique/references/crawls/20260629T193943Z/pages/98062d8f9f37/firecrawl.json,"Schema types: ContactPoint, Organization, SearchAction, WebSite",
image_alt_text,https://www.strique.io/contact,low,fail,firecrawl,brands/strique/references/crawls/20260629T193943Z/pages/98062d8f9f37/firecrawl.json,3 images are missing alt text.,Add useful alt text for meaningful images.
sitemap_inclusion,https://www.strique.io/contact,low,pass,firecrawl,brands/strique/references/crawls/20260629T193943Z/pages/98062d8f9f37/firecrawl.json,Sitemap inclusion is yes.,
content_visible,https://www.strique.io/contact,high,pass,firecrawl,brands/strique/references/crawls/20260629T193943Z/pages/98062d8f9f37/firecrawl.json,Rendered public text has 7860 words.,
content_type_classifiable,https://www.strique.io/contact,medium,pass,firecrawl,brands/strique/references/crawls/20260629T193943Z/pages/98062d8f9f37/firecrawl.json,"Public URL, title, and rendered text were reviewed for a recognizable page type.",
resource_rendering_not_blocked,https://www.strique.io/contact,high,pass,firecrawl,brands/strique/references/crawls/20260629T193943Z/pages/98062d8f9f37/firecrawl.json,Critical page content rendered successfully.,
title_not_keyword_stuffed,https://www.strique.io/contact,medium,pass,firecrawl,brands/strique/references/crawls/20260629T193943Z/pages/98062d8f9f37/firecrawl.json,Title reviewed for repeated terms and separator stuffing: Contact Strique Sales and Support · Strique.,
heading_not_keyword_stuffed,https://www.strique.io/contact,medium,pass,firecrawl,brands/strique/references/crawls/20260629T193943Z/pages/98062d8f9f37/firecrawl.json,1 rendered headings reviewed for stuffing.,
preview_controls_safe,https://www.strique.io/contact,medium,pass,firecrawl,brands/strique/references/crawls/20260629T193943Z/pages/98062d8f9f37/firecrawl.json,No harmful snippet preview controls were detected.,
url_path_clean,https://www.strique.io/contact,medium,pass,firecrawl,brands/strique/references/crawls/20260629T193943Z/pages/98062d8f9f37/firecrawl.json,"URL path reviewed for IDs, dates, session keys, and implementation details.",
media_support_present,https://www.strique.io/contact,low,pass,firecrawl,brands/strique/references/crawls/20260629T193943Z/pages/98062d8f9f37/firecrawl.json,6 images found on the page.,
content_not_ai_slop,https://www.strique.io/contact,low,pass,firecrawl,brands/strique/references/crawls/20260629T193943Z/pages/98062d8f9f37/firecrawl.json,Rendered copy reviewed for common generic AI filler phrases.,
thin_prompt_variant_pages,https://www.strique.io/contact,medium,pass,firecrawl,brands/strique/references/crawls/20260629T193943Z/pages/98062d8f9f37/firecrawl.json,Rendered public text has 7860 words.,
docs_content_extractable,https://www.strique.io/contact,medium,not_applicable,firecrawl,brands/strique/references/crawls/20260629T193943Z/pages/98062d8f9f37/firecrawl.json,This is not a docs or support URL.,
performance_score,https://www.strique.io/contact,medium,fail,lighthouse,brands/strique/references/evidence/20260629T193943Z/pages/98062d8f9f37/lighthouse.json,Performance score is 0.52.,Improve Core Web Vitals and Lighthouse performance bottlenecks.
blocking_popups_interstitials,https://www.strique.io/contact,medium,fail,playwright,brands/strique/references/evidence/20260629T193943Z/pages/98062d8f9f37/playwright.json,"1 large fixed, modal, or interstitial elements may block main content. 2 large fixed, modal, or interstitial elements may block main content.","Remove or reduce blocking overlays on first render, especially on mobile."
body_text_line_length,https://www.strique.io/contact,medium,pass,playwright,brands/strique/references/evidence/20260629T193943Z/pages/98062d8f9f37/playwright.json,Sampled body text line length is readable. Sampled body text line length is readable.,
client_route_metadata,https://www.strique.io/contact,medium,not_applicable,playwright,brands/strique/references/evidence/20260629T193943Z/pages/98062d8f9f37/playwright.json,"SPA markers were found, but route-change metadata was not triggered by this deterministic pass.",
color_contrast,https://www.strique.io/contact,medium,fail,playwright,brands/strique/references/evidence/20260629T193943Z/pages/98062d8f9f37/playwright.json,3 sampled text elements have low contrast. 3 sampled text elements have low contrast.,Increase foreground/background contrast for readable text.
form_accessibility,https://www.strique.io/contact,medium,pass,playwright,brands/strique/references/evidence/20260629T193943Z/pages/98062d8f9f37/playwright.json,Visible form fields have accessible names. Visible form fields have accessible names.,
fragment_deep_links,https://www.strique.io/contact,medium,not_applicable,playwright,brands/strique/references/evidence/20260629T193943Z/pages/98062d8f9f37/playwright.json,No same-page fragment links found.,
horizontal_scroll,https://www.strique.io/contact,medium,pass,playwright,brands/strique/references/evidence/20260629T193943Z/pages/98062d8f9f37/playwright.json,No horizontal overflow detected. No horizontal overflow detected.,
inaccessible_controls,https://www.strique.io/contact,medium,pass,playwright,brands/strique/references/evidence/20260629T193943Z/pages/98062d8f9f37/playwright.json,Visible controls have accessible names. Visible controls have accessible names.,
keyboard_navigation,https://www.strique.io/contact,medium,pass,playwright,brands/strique/references/evidence/20260629T193943Z/pages/98062d8f9f37/playwright.json,Keyboard focus reached 4 visible controls. Keyboard focus reached 4 visible controls.,
lazy_loading_in_viewport,https://www.strique.io/contact,medium,pass,playwright,brands/strique/references/evidence/20260629T193943Z/pages/98062d8f9f37/playwright.json,No unloaded in-viewport lazy content detected. No unloaded in-viewport lazy content detected.,
mobile_form_usability,https://www.strique.io/contact,medium,pass,playwright,brands/strique/references/evidence/20260629T193943Z/pages/98062d8f9f37/playwright.json,Mobile forms are short enough and usable in the viewport.,
mobile_text_readability,https://www.strique.io/contact,medium,fail,playwright,brands/strique/references/evidence/20260629T193943Z/pages/98062d8f9f37/playwright.json,10 sampled text elements are too small or tight on mobile.,Increase mobile font size or line height for readable body text.
route_status_handling,https://www.strique.io/contact,medium,not_applicable,playwright,brands/strique/references/evidence/20260629T193943Z/pages/98062d8f9f37/playwright.json,Route status handling is tested from the site root.,
table_semantics,https://www.strique.io/contact,medium,not_applicable,playwright,brands/strique/references/evidence/20260629T193943Z/pages/98062d8f9f37/playwright.json,No visible tables found.,
tap_targets,https://www.strique.io/contact,medium,fail,playwright,brands/strique/references/evidence/20260629T193943Z/pages/98062d8f9f37/playwright.json,10 small and 16 crowded mobile tap targets found.,Increase tap target size or spacing to at least common mobile accessibility targets.
text_spacing,https://www.strique.io/contact,medium,pass,playwright,brands/strique/references/evidence/20260629T193943Z/pages/98062d8f9f37/playwright.json,WCAG text spacing did not cause overflow or content loss. WCAG text spacing did not cause overflow or content loss.,
zoom_readability,https://www.strique.io/contact,medium,pass,playwright,brands/strique/references/evidence/20260629T193943Z/pages/98062d8f9f37/playwright.json,Common zoom readability did not cause overflow or content loss. Common zoom readability did not cause overflow or content loss.,
rich_result_properties,https://www.strique.io/contact,medium,pass,playwright,brands/strique/references/evidence/20260629T193943Z/pages/98062d8f9f37/playwright.json,Supported rich result schema properties are present for: Organization.,
critical_css_font_loading,https://www.strique.io/contact,medium,fail,lighthouse,brands/strique/references/evidence/20260629T193943Z/pages/98062d8f9f37/lighthouse.json,Stored lab artifact does not include critical CSS or font diagnostics.,Recollect Lighthouse or PageSpeed evidence with CSS and font diagnostics.
render_blocking_scripts,https://www.strique.io/contact,medium,fail,lighthouse,brands/strique/references/evidence/20260629T193943Z/pages/98062d8f9f37/lighthouse.json,Stored artifacts do not include render-blocking script diagnostics.,Recollect Lighthouse/PageSpeed diagnostics or Playwright script inventory.
third_party_script_weight,https://www.strique.io/contact,medium,fail,lighthouse,brands/strique/references/evidence/20260629T193943Z/pages/98062d8f9f37/lighthouse.json,Stored artifacts do not include third-party script weight diagnostics.,Recollect Lighthouse/PageSpeed diagnostics or Playwright script inventory.
lab_root_cause_diagnostics,https://www.strique.io/contact,medium,pass,lighthouse,brands/strique/references/evidence/20260629T193943Z/pages/98062d8f9f37/lighthouse.json,"Lab diagnostics available: largest-contentful-paint, cumulative-layout-shift, speed-index, total-blocking-time.",
crawl_status,https://www.strique.io/contact?intent=careers,high,pass,firecrawl,brands/strique/references/crawls/20260629T193943Z/pages/35a1e3737fef/firecrawl.json,URL crawled with status 200.,
indexable,https://www.strique.io/contact?intent=careers,high,pass,firecrawl,brands/strique/references/crawls/20260629T193943Z/pages/35a1e3737fef/firecrawl.json,Indexability is yes.,
title_present,https://www.strique.io/contact?intent=careers,medium,pass,firecrawl,brands/strique/references/crawls/20260629T193943Z/pages/35a1e3737fef/firecrawl.json,Title: Contact Strique Sales and Support · Strique,
meta_description_present,https://www.strique.io/contact?intent=careers,medium,pass,firecrawl,brands/strique/references/crawls/20260629T193943Z/pages/35a1e3737fef/firecrawl.json,"Meta description: Book a demo, talk to sales, or ask a hard question. We reply within one business day.",
single_h1,https://www.strique.io/contact?intent=careers,medium,fail,firecrawl,brands/strique/references/crawls/20260629T193943Z/pages/35a1e3737fef/firecrawl.json,H1 count is 2.,Use one clear H1 on the page.
canonical_match,https://www.strique.io/contact?intent=careers,high,fail,firecrawl,brands/strique/references/crawls/20260629T193943Z/pages/35a1e3737fef/firecrawl.json,Canonical: https://www.strique.io/contact,Set canonical to the intended indexable URL.
schema_present,https://www.strique.io/contact?intent=careers,low,pass,firecrawl,brands/strique/references/crawls/20260629T193943Z/pages/35a1e3737fef/firecrawl.json,"Schema types: ContactPoint, Organization, SearchAction, WebSite",
image_alt_text,https://www.strique.io/contact?intent=careers,low,fail,firecrawl,brands/strique/references/crawls/20260629T193943Z/pages/35a1e3737fef/firecrawl.json,3 images are missing alt text.,Add useful alt text for meaningful images.
sitemap_inclusion,https://www.strique.io/contact?intent=careers,low,fail,firecrawl,brands/strique/references/crawls/20260629T193943Z/pages/35a1e3737fef/firecrawl.json,Sitemap inclusion is no.,Add canonical public URLs to the XML sitemap.
content_visible,https://www.strique.io/contact?intent=careers,high,pass,firecrawl,brands/strique/references/crawls/20260629T193943Z/pages/35a1e3737fef/firecrawl.json,Rendered public text has 7846 words.,
content_type_classifiable,https://www.strique.io/contact?intent=careers,medium,pass,firecrawl,brands/strique/references/crawls/20260629T193943Z/pages/35a1e3737fef/firecrawl.json,"Public URL, title, and rendered text were reviewed for a recognizable page type.",
resource_rendering_not_blocked,https://www.strique.io/contact?intent=careers,high,pass,firecrawl,brands/strique/references/crawls/20260629T193943Z/pages/35a1e3737fef/firecrawl.json,Critical page content rendered successfully.,
title_not_keyword_stuffed,https://www.strique.io/contact?intent=careers,medium,pass,firecrawl,brands/strique/references/crawls/20260629T193943Z/pages/35a1e3737fef/firecrawl.json,Title reviewed for repeated terms and separator stuffing: Contact Strique Sales and Support · Strique.,
heading_not_keyword_stuffed,https://www.strique.io/contact?intent=careers,medium,pass,firecrawl,brands/strique/references/crawls/20260629T193943Z/pages/35a1e3737fef/firecrawl.json,1 rendered headings reviewed for stuffing.,
preview_controls_safe,https://www.strique.io/contact?intent=careers,medium,pass,firecrawl,brands/strique/references/crawls/20260629T193943Z/pages/35a1e3737fef/firecrawl.json,No harmful snippet preview controls were detected.,
url_path_clean,https://www.strique.io/contact?intent=careers,medium,fail,firecrawl,brands/strique/references/crawls/20260629T193943Z/pages/35a1e3737fef/firecrawl.json,"URL path reviewed for IDs, dates, session keys, and implementation details.",Use clean canonical URLs without implementation details.
media_support_present,https://www.strique.io/contact?intent=careers,low,pass,firecrawl,brands/strique/references/crawls/20260629T193943Z/pages/35a1e3737fef/firecrawl.json,6 images found on the page.,
content_not_ai_slop,https://www.strique.io/contact?intent=careers,low,pass,firecrawl,brands/strique/references/crawls/20260629T193943Z/pages/35a1e3737fef/firecrawl.json,Rendered copy reviewed for common generic AI filler phrases.,
thin_prompt_variant_pages,https://www.strique.io/contact?intent=careers,medium,pass,firecrawl,brands/strique/references/crawls/20260629T193943Z/pages/35a1e3737fef/firecrawl.json,Rendered public text has 7846 words.,
docs_content_extractable,https://www.strique.io/contact?intent=careers,medium,not_applicable,firecrawl,brands/strique/references/crawls/20260629T193943Z/pages/35a1e3737fef/firecrawl.json,This is not a docs or support URL.,
performance_score,https://www.strique.io/contact?intent=careers,medium,pass,lighthouse,brands/strique/references/evidence/20260629T193943Z/pages/35a1e3737fef/lighthouse.json,Performance score is 0.92.,
blocking_popups_interstitials,https://www.strique.io/contact?intent=careers,medium,fail,playwright,brands/strique/references/evidence/20260629T193943Z/pages/35a1e3737fef/playwright.json,"1 large fixed, modal, or interstitial elements may block main content. 2 large fixed, modal, or interstitial elements may block main content.","Remove or reduce blocking overlays on first render, especially on mobile."
body_text_line_length,https://www.strique.io/contact?intent=careers,medium,pass,playwright,brands/strique/references/evidence/20260629T193943Z/pages/35a1e3737fef/playwright.json,Sampled body text line length is readable. Sampled body text line length is readable.,
client_route_metadata,https://www.strique.io/contact?intent=careers,medium,not_applicable,playwright,brands/strique/references/evidence/20260629T193943Z/pages/35a1e3737fef/playwright.json,"SPA markers were found, but route-change metadata was not triggered by this deterministic pass.",
color_contrast,https://www.strique.io/contact?intent=careers,medium,fail,playwright,brands/strique/references/evidence/20260629T193943Z/pages/35a1e3737fef/playwright.json,3 sampled text elements have low contrast. 3 sampled text elements have low contrast.,Increase foreground/background contrast for readable text.
form_accessibility,https://www.strique.io/contact?intent=careers,medium,pass,playwright,brands/strique/references/evidence/20260629T193943Z/pages/35a1e3737fef/playwright.json,Visible form fields have accessible names. Visible form fields have accessible names.,
fragment_deep_links,https://www.strique.io/contact?intent=careers,medium,not_applicable,playwright,brands/strique/references/evidence/20260629T193943Z/pages/35a1e3737fef/playwright.json,No same-page fragment links found.,
horizontal_scroll,https://www.strique.io/contact?intent=careers,medium,pass,playwright,brands/strique/references/evidence/20260629T193943Z/pages/35a1e3737fef/playwright.json,No horizontal overflow detected. No horizontal overflow detected.,
inaccessible_controls,https://www.strique.io/contact?intent=careers,medium,pass,playwright,brands/strique/references/evidence/20260629T193943Z/pages/35a1e3737fef/playwright.json,Visible controls have accessible names. Visible controls have accessible names.,
keyboard_navigation,https://www.strique.io/contact?intent=careers,medium,pass,playwright,brands/strique/references/evidence/20260629T193943Z/pages/35a1e3737fef/playwright.json,Keyboard focus reached 4 visible controls. Keyboard focus reached 4 visible controls.,
lazy_loading_in_viewport,https://www.strique.io/contact?intent=careers,medium,pass,playwright,brands/strique/references/evidence/20260629T193943Z/pages/35a1e3737fef/playwright.json,No unloaded in-viewport lazy content detected. No unloaded in-viewport lazy content detected.,
mobile_form_usability,https://www.strique.io/contact?intent=careers,medium,pass,playwright,brands/strique/references/evidence/20260629T193943Z/pages/35a1e3737fef/playwright.json,Mobile forms are short enough and usable in the viewport.,
mobile_text_readability,https://www.strique.io/contact?intent=careers,medium,fail,playwright,brands/strique/references/evidence/20260629T193943Z/pages/35a1e3737fef/playwright.json,10 sampled text elements are too small or tight on mobile.,Increase mobile font size or line height for readable body text.
route_status_handling,https://www.strique.io/contact?intent=careers,medium,not_applicable,playwright,brands/strique/references/evidence/20260629T193943Z/pages/35a1e3737fef/playwright.json,Route status handling is tested from the site root.,
table_semantics,https://www.strique.io/contact?intent=careers,medium,not_applicable,playwright,brands/strique/references/evidence/20260629T193943Z/pages/35a1e3737fef/playwright.json,No visible tables found.,
tap_targets,https://www.strique.io/contact?intent=careers,medium,fail,playwright,brands/strique/references/evidence/20260629T193943Z/pages/35a1e3737fef/playwright.json,10 small and 16 crowded mobile tap targets found.,Increase tap target size or spacing to at least common mobile accessibility targets.
text_spacing,https://www.strique.io/contact?intent=careers,medium,pass,playwright,brands/strique/references/evidence/20260629T193943Z/pages/35a1e3737fef/playwright.json,WCAG text spacing did not cause overflow or content loss. WCAG text spacing did not cause overflow or content loss.,
zoom_readability,https://www.strique.io/contact?intent=careers,medium,pass,playwright,brands/strique/references/evidence/20260629T193943Z/pages/35a1e3737fef/playwright.json,Common zoom readability did not cause overflow or content loss. Common zoom readability did not cause overflow or content loss.,
rich_result_properties,https://www.strique.io/contact?intent=careers,medium,pass,playwright,brands/strique/references/evidence/20260629T193943Z/pages/35a1e3737fef/playwright.json,Supported rich result schema properties are present for: Organization.,
critical_css_font_loading,https://www.strique.io/contact?intent=careers,medium,fail,lighthouse,brands/strique/references/evidence/20260629T193943Z/pages/35a1e3737fef/lighthouse.json,Stored lab artifact does not include critical CSS or font diagnostics.,Recollect Lighthouse or PageSpeed evidence with CSS and font diagnostics.
render_blocking_scripts,https://www.strique.io/contact?intent=careers,medium,fail,lighthouse,brands/strique/references/evidence/20260629T193943Z/pages/35a1e3737fef/lighthouse.json,Stored artifacts do not include render-blocking script diagnostics.,Recollect Lighthouse/PageSpeed diagnostics or Playwright script inventory.
third_party_script_weight,https://www.strique.io/contact?intent=careers,medium,fail,lighthouse,brands/strique/references/evidence/20260629T193943Z/pages/35a1e3737fef/lighthouse.json,Stored artifacts do not include third-party script weight diagnostics.,Recollect Lighthouse/PageSpeed diagnostics or Playwright script inventory.
lab_root_cause_diagnostics,https://www.strique.io/contact?intent=careers,medium,pass,lighthouse,brands/strique/references/evidence/20260629T193943Z/pages/35a1e3737fef/lighthouse.json,"Lab diagnostics available: largest-contentful-paint, cumulative-layout-shift, speed-index, total-blocking-time.",
crawl_status,https://www.strique.io/contact?intent=careers&role=agent-infrastructure-engineer,high,pass,firecrawl,brands/strique/references/crawls/20260629T193943Z/pages/2e9e04a05063/firecrawl.json,URL crawled with status 200.,
indexable,https://www.strique.io/contact?intent=careers&role=agent-infrastructure-engineer,high,pass,firecrawl,brands/strique/references/crawls/20260629T193943Z/pages/2e9e04a05063/firecrawl.json,Indexability is yes.,
title_present,https://www.strique.io/contact?intent=careers&role=agent-infrastructure-engineer,medium,pass,firecrawl,brands/strique/references/crawls/20260629T193943Z/pages/2e9e04a05063/firecrawl.json,Title: Contact Strique Sales and Support · Strique,
meta_description_present,https://www.strique.io/contact?intent=careers&role=agent-infrastructure-engineer,medium,pass,firecrawl,brands/strique/references/crawls/20260629T193943Z/pages/2e9e04a05063/firecrawl.json,"Meta description: Book a demo, talk to sales, or ask a hard question. We reply within one business day.",
single_h1,https://www.strique.io/contact?intent=careers&role=agent-infrastructure-engineer,medium,fail,firecrawl,brands/strique/references/crawls/20260629T193943Z/pages/2e9e04a05063/firecrawl.json,H1 count is 2.,Use one clear H1 on the page.
canonical_match,https://www.strique.io/contact?intent=careers&role=agent-infrastructure-engineer,high,fail,firecrawl,brands/strique/references/crawls/20260629T193943Z/pages/2e9e04a05063/firecrawl.json,Canonical: https://www.strique.io/contact,Set canonical to the intended indexable URL.
schema_present,https://www.strique.io/contact?intent=careers&role=agent-infrastructure-engineer,low,pass,firecrawl,brands/strique/references/crawls/20260629T193943Z/pages/2e9e04a05063/firecrawl.json,"Schema types: ContactPoint, Organization, SearchAction, WebSite",
image_alt_text,https://www.strique.io/contact?intent=careers&role=agent-infrastructure-engineer,low,fail,firecrawl,brands/strique/references/crawls/20260629T193943Z/pages/2e9e04a05063/firecrawl.json,3 images are missing alt text.,Add useful alt text for meaningful images.
sitemap_inclusion,https://www.strique.io/contact?intent=careers&role=agent-infrastructure-engineer,low,fail,firecrawl,brands/strique/references/crawls/20260629T193943Z/pages/2e9e04a05063/firecrawl.json,Sitemap inclusion is no.,Add canonical public URLs to the XML sitemap.
content_visible,https://www.strique.io/contact?intent=careers&role=agent-infrastructure-engineer,high,pass,firecrawl,brands/strique/references/crawls/20260629T193943Z/pages/2e9e04a05063/firecrawl.json,Rendered public text has 7846 words.,
content_type_classifiable,https://www.strique.io/contact?intent=careers&role=agent-infrastructure-engineer,medium,pass,firecrawl,brands/strique/references/crawls/20260629T193943Z/pages/2e9e04a05063/firecrawl.json,"Public URL, title, and rendered text were reviewed for a recognizable page type.",
resource_rendering_not_blocked,https://www.strique.io/contact?intent=careers&role=agent-infrastructure-engineer,high,pass,firecrawl,brands/strique/references/crawls/20260629T193943Z/pages/2e9e04a05063/firecrawl.json,Critical page content rendered successfully.,
title_not_keyword_stuffed,https://www.strique.io/contact?intent=careers&role=agent-infrastructure-engineer,medium,pass,firecrawl,brands/strique/references/crawls/20260629T193943Z/pages/2e9e04a05063/firecrawl.json,Title reviewed for repeated terms and separator stuffing: Contact Strique Sales and Support · Strique.,
heading_not_keyword_stuffed,https://www.strique.io/contact?intent=careers&role=agent-infrastructure-engineer,medium,pass,firecrawl,brands/strique/references/crawls/20260629T193943Z/pages/2e9e04a05063/firecrawl.json,1 rendered headings reviewed for stuffing.,
preview_controls_safe,https://www.strique.io/contact?intent=careers&role=agent-infrastructure-engineer,medium,pass,firecrawl,brands/strique/references/crawls/20260629T193943Z/pages/2e9e04a05063/firecrawl.json,No harmful snippet preview controls were detected.,
url_path_clean,https://www.strique.io/contact?intent=careers&role=agent-infrastructure-engineer,medium,fail,firecrawl,brands/strique/references/crawls/20260629T193943Z/pages/2e9e04a05063/firecrawl.json,"URL path reviewed for IDs, dates, session keys, and implementation details.",Use clean canonical URLs without implementation details.
media_support_present,https://www.strique.io/contact?intent=careers&role=agent-infrastructure-engineer,low,pass,firecrawl,brands/strique/references/crawls/20260629T193943Z/pages/2e9e04a05063/firecrawl.json,6 images found on the page.,
content_not_ai_slop,https://www.strique.io/contact?intent=careers&role=agent-infrastructure-engineer,low,pass,firecrawl,brands/strique/references/crawls/20260629T193943Z/pages/2e9e04a05063/firecrawl.json,Rendered copy reviewed for common generic AI filler phrases.,
thin_prompt_variant_pages,https://www.strique.io/contact?intent=careers&role=agent-infrastructure-engineer,medium,pass,firecrawl,brands/strique/references/crawls/20260629T193943Z/pages/2e9e04a05063/firecrawl.json,Rendered public text has 7846 words.,
docs_content_extractable,https://www.strique.io/contact?intent=careers&role=agent-infrastructure-engineer,medium,not_applicable,firecrawl,brands/strique/references/crawls/20260629T193943Z/pages/2e9e04a05063/firecrawl.json,This is not a docs or support URL.,
performance_score,https://www.strique.io/contact?intent=careers&role=agent-infrastructure-engineer,medium,pass,lighthouse,brands/strique/references/evidence/20260629T193943Z/pages/2e9e04a05063/lighthouse.json,Performance score is 0.93.,
blocking_popups_interstitials,https://www.strique.io/contact?intent=careers&role=agent-infrastructure-engineer,medium,fail,playwright,brands/strique/references/evidence/20260629T193943Z/pages/2e9e04a05063/playwright.json,"1 large fixed, modal, or interstitial elements may block main content. 2 large fixed, modal, or interstitial elements may block main content.","Remove or reduce blocking overlays on first render, especially on mobile."
body_text_line_length,https://www.strique.io/contact?intent=careers&role=agent-infrastructure-engineer,medium,pass,playwright,brands/strique/references/evidence/20260629T193943Z/pages/2e9e04a05063/playwright.json,Sampled body text line length is readable. Sampled body text line length is readable.,
client_route_metadata,https://www.strique.io/contact?intent=careers&role=agent-infrastructure-engineer,medium,not_applicable,playwright,brands/strique/references/evidence/20260629T193943Z/pages/2e9e04a05063/playwright.json,"SPA markers were found, but route-change metadata was not triggered by this deterministic pass.",
color_contrast,https://www.strique.io/contact?intent=careers&role=agent-infrastructure-engineer,medium,fail,playwright,brands/strique/references/evidence/20260629T193943Z/pages/2e9e04a05063/playwright.json,3 sampled text elements have low contrast. 3 sampled text elements have low contrast.,Increase foreground/background contrast for readable text.
form_accessibility,https://www.strique.io/contact?intent=careers&role=agent-infrastructure-engineer,medium,pass,playwright,brands/strique/references/evidence/20260629T193943Z/pages/2e9e04a05063/playwright.json,Visible form fields have accessible names. Visible form fields have accessible names.,
fragment_deep_links,https://www.strique.io/contact?intent=careers&role=agent-infrastructure-engineer,medium,not_applicable,playwright,brands/strique/references/evidence/20260629T193943Z/pages/2e9e04a05063/playwright.json,No same-page fragment links found.,
horizontal_scroll,https://www.strique.io/contact?intent=careers&role=agent-infrastructure-engineer,medium,pass,playwright,brands/strique/references/evidence/20260629T193943Z/pages/2e9e04a05063/playwright.json,No horizontal overflow detected. No horizontal overflow detected.,
inaccessible_controls,https://www.strique.io/contact?intent=careers&role=agent-infrastructure-engineer,medium,pass,playwright,brands/strique/references/evidence/20260629T193943Z/pages/2e9e04a05063/playwright.json,Visible controls have accessible names. Visible controls have accessible names.,
keyboard_navigation,https://www.strique.io/contact?intent=careers&role=agent-infrastructure-engineer,medium,pass,playwright,brands/strique/references/evidence/20260629T193943Z/pages/2e9e04a05063/playwright.json,Keyboard focus reached 4 visible controls. Keyboard focus reached 4 visible controls.,
lazy_loading_in_viewport,https://www.strique.io/contact?intent=careers&role=agent-infrastructure-engineer,medium,pass,playwright,brands/strique/references/evidence/20260629T193943Z/pages/2e9e04a05063/playwright.json,No unloaded in-viewport lazy content detected. No unloaded in-viewport lazy content detected.,
mobile_form_usability,https://www.strique.io/contact?intent=careers&role=agent-infrastructure-engineer,medium,pass,playwright,brands/strique/references/evidence/20260629T193943Z/pages/2e9e04a05063/playwright.json,Mobile forms are short enough and usable in the viewport.,
mobile_text_readability,https://www.strique.io/contact?intent=careers&role=agent-infrastructure-engineer,medium,fail,playwright,brands/strique/references/evidence/20260629T193943Z/pages/2e9e04a05063/playwright.json,10 sampled text elements are too small or tight on mobile.,Increase mobile font size or line height for readable body text.
route_status_handling,https://www.strique.io/contact?intent=careers&role=agent-infrastructure-engineer,medium,not_applicable,playwright,brands/strique/references/evidence/20260629T193943Z/pages/2e9e04a05063/playwright.json,Route status handling is tested from the site root.,
table_semantics,https://www.strique.io/contact?intent=careers&role=agent-infrastructure-engineer,medium,not_applicable,playwright,brands/strique/references/evidence/20260629T193943Z/pages/2e9e04a05063/playwright.json,No visible tables found.,
tap_targets,https://www.strique.io/contact?intent=careers&role=agent-infrastructure-engineer,medium,fail,playwright,brands/strique/references/evidence/20260629T193943Z/pages/2e9e04a05063/playwright.json,10 small and 16 crowded mobile tap targets found.,Increase tap target size or spacing to at least common mobile accessibility targets.
text_spacing,https://www.strique.io/contact?intent=careers&role=agent-infrastructure-engineer,medium,pass,playwright,brands/strique/references/evidence/20260629T193943Z/pages/2e9e04a05063/playwright.json,WCAG text spacing did not cause overflow or content loss. WCAG text spacing did not cause overflow or content loss.,
zoom_readability,https://www.strique.io/contact?intent=careers&role=agent-infrastructure-engineer,medium,pass,playwright,brands/strique/references/evidence/20260629T193943Z/pages/2e9e04a05063/playwright.json,Common zoom readability did not cause overflow or content loss. Common zoom readability did not cause overflow or content loss.,
rich_result_properties,https://www.strique.io/contact?intent=careers&role=agent-infrastructure-engineer,medium,pass,playwright,brands/strique/references/evidence/20260629T193943Z/pages/2e9e04a05063/playwright.json,Supported rich result schema properties are present for: Organization.,
critical_css_font_loading,https://www.strique.io/contact?intent=careers&role=agent-infrastructure-engineer,medium,fail,lighthouse,brands/strique/references/evidence/20260629T193943Z/pages/2e9e04a05063/lighthouse.json,Stored lab artifact does not include critical CSS or font diagnostics.,Recollect Lighthouse or PageSpeed evidence with CSS and font diagnostics.
render_blocking_scripts,https://www.strique.io/contact?intent=careers&role=agent-infrastructure-engineer,medium,fail,lighthouse,brands/strique/references/evidence/20260629T193943Z/pages/2e9e04a05063/lighthouse.json,Stored artifacts do not include render-blocking script diagnostics.,Recollect Lighthouse/PageSpeed diagnostics or Playwright script inventory.
third_party_script_weight,https://www.strique.io/contact?intent=careers&role=agent-infrastructure-engineer,medium,fail,lighthouse,brands/strique/references/evidence/20260629T193943Z/pages/2e9e04a05063/lighthouse.json,Stored artifacts do not include third-party script weight diagnostics.,Recollect Lighthouse/PageSpeed diagnostics or Playwright script inventory.
lab_root_cause_diagnostics,https://www.strique.io/contact?intent=careers&role=agent-infrastructure-engineer,medium,pass,lighthouse,brands/strique/references/evidence/20260629T193943Z/pages/2e9e04a05063/lighthouse.json,"Lab diagnostics available: largest-contentful-paint, cumulative-layout-shift, speed-index, total-blocking-time.",
crawl_status,https://www.strique.io/contact?intent=careers&role=ai-apprentice-program,high,pass,firecrawl,brands/strique/references/crawls/20260629T193943Z/pages/8caafc4adc57/firecrawl.json,URL crawled with status 200.,
indexable,https://www.strique.io/contact?intent=careers&role=ai-apprentice-program,high,pass,firecrawl,brands/strique/references/crawls/20260629T193943Z/pages/8caafc4adc57/firecrawl.json,Indexability is yes.,
title_present,https://www.strique.io/contact?intent=careers&role=ai-apprentice-program,medium,pass,firecrawl,brands/strique/references/crawls/20260629T193943Z/pages/8caafc4adc57/firecrawl.json,Title: Contact Strique Sales and Support · Strique,
meta_description_present,https://www.strique.io/contact?intent=careers&role=ai-apprentice-program,medium,pass,firecrawl,brands/strique/references/crawls/20260629T193943Z/pages/8caafc4adc57/firecrawl.json,"Meta description: Book a demo, talk to sales, or ask a hard question. We reply within one business day.",
single_h1,https://www.strique.io/contact?intent=careers&role=ai-apprentice-program,medium,fail,firecrawl,brands/strique/references/crawls/20260629T193943Z/pages/8caafc4adc57/firecrawl.json,H1 count is 2.,Use one clear H1 on the page.
canonical_match,https://www.strique.io/contact?intent=careers&role=ai-apprentice-program,high,fail,firecrawl,brands/strique/references/crawls/20260629T193943Z/pages/8caafc4adc57/firecrawl.json,Canonical: https://www.strique.io/contact,Set canonical to the intended indexable URL.
schema_present,https://www.strique.io/contact?intent=careers&role=ai-apprentice-program,low,pass,firecrawl,brands/strique/references/crawls/20260629T193943Z/pages/8caafc4adc57/firecrawl.json,"Schema types: ContactPoint, Organization, SearchAction, WebSite",
image_alt_text,https://www.strique.io/contact?intent=careers&role=ai-apprentice-program,low,fail,firecrawl,brands/strique/references/crawls/20260629T193943Z/pages/8caafc4adc57/firecrawl.json,3 images are missing alt text.,Add useful alt text for meaningful images.
sitemap_inclusion,https://www.strique.io/contact?intent=careers&role=ai-apprentice-program,low,fail,firecrawl,brands/strique/references/crawls/20260629T193943Z/pages/8caafc4adc57/firecrawl.json,Sitemap inclusion is no.,Add canonical public URLs to the XML sitemap.
content_visible,https://www.strique.io/contact?intent=careers&role=ai-apprentice-program,high,pass,firecrawl,brands/strique/references/crawls/20260629T193943Z/pages/8caafc4adc57/firecrawl.json,Rendered public text has 7846 words.,
content_type_classifiable,https://www.strique.io/contact?intent=careers&role=ai-apprentice-program,medium,pass,firecrawl,brands/strique/references/crawls/20260629T193943Z/pages/8caafc4adc57/firecrawl.json,"Public URL, title, and rendered text were reviewed for a recognizable page type.",
resource_rendering_not_blocked,https://www.strique.io/contact?intent=careers&role=ai-apprentice-program,high,pass,firecrawl,brands/strique/references/crawls/20260629T193943Z/pages/8caafc4adc57/firecrawl.json,Critical page content rendered successfully.,
title_not_keyword_stuffed,https://www.strique.io/contact?intent=careers&role=ai-apprentice-program,medium,pass,firecrawl,brands/strique/references/crawls/20260629T193943Z/pages/8caafc4adc57/firecrawl.json,Title reviewed for repeated terms and separator stuffing: Contact Strique Sales and Support · Strique.,
heading_not_keyword_stuffed,https://www.strique.io/contact?intent=careers&role=ai-apprentice-program,medium,pass,firecrawl,brands/strique/references/crawls/20260629T193943Z/pages/8caafc4adc57/firecrawl.json,1 rendered headings reviewed for stuffing.,
preview_controls_safe,https://www.strique.io/contact?intent=careers&role=ai-apprentice-program,medium,pass,firecrawl,brands/strique/references/crawls/20260629T193943Z/pages/8caafc4adc57/firecrawl.json,No harmful snippet preview controls were detected.,
url_path_clean,https://www.strique.io/contact?intent=careers&role=ai-apprentice-program,medium,fail,firecrawl,brands/strique/references/crawls/20260629T193943Z/pages/8caafc4adc57/firecrawl.json,"URL path reviewed for IDs, dates, session keys, and implementation details.",Use clean canonical URLs without implementation details.
media_support_present,https://www.strique.io/contact?intent=careers&role=ai-apprentice-program,low,pass,firecrawl,brands/strique/references/crawls/20260629T193943Z/pages/8caafc4adc57/firecrawl.json,6 images found on the page.,
content_not_ai_slop,https://www.strique.io/contact?intent=careers&role=ai-apprentice-program,low,pass,firecrawl,brands/strique/references/crawls/20260629T193943Z/pages/8caafc4adc57/firecrawl.json,Rendered copy reviewed for common generic AI filler phrases.,
thin_prompt_variant_pages,https://www.strique.io/contact?intent=careers&role=ai-apprentice-program,medium,pass,firecrawl,brands/strique/references/crawls/20260629T193943Z/pages/8caafc4adc57/firecrawl.json,Rendered public text has 7846 words.,
docs_content_extractable,https://www.strique.io/contact?intent=careers&role=ai-apprentice-program,medium,not_applicable,firecrawl,brands/strique/references/crawls/20260629T193943Z/pages/8caafc4adc57/firecrawl.json,This is not a docs or support URL.,
performance_score,https://www.strique.io/contact?intent=careers&role=ai-apprentice-program,medium,fail,lighthouse,brands/strique/references/evidence/20260629T193943Z/pages/8caafc4adc57/lighthouse.json,Performance score is 0.58.,Improve Core Web Vitals and Lighthouse performance bottlenecks.
blocking_popups_interstitials,https://www.strique.io/contact?intent=careers&role=ai-apprentice-program,medium,fail,playwright,brands/strique/references/evidence/20260629T193943Z/pages/8caafc4adc57/playwright.json,"1 large fixed, modal, or interstitial elements may block main content. 2 large fixed, modal, or interstitial elements may block main content.","Remove or reduce blocking overlays on first render, especially on mobile."
body_text_line_length,https://www.strique.io/contact?intent=careers&role=ai-apprentice-program,medium,pass,playwright,brands/strique/references/evidence/20260629T193943Z/pages/8caafc4adc57/playwright.json,Sampled body text line length is readable. Sampled body text line length is readable.,
client_route_metadata,https://www.strique.io/contact?intent=careers&role=ai-apprentice-program,medium,not_applicable,playwright,brands/strique/references/evidence/20260629T193943Z/pages/8caafc4adc57/playwright.json,"SPA markers were found, but route-change metadata was not triggered by this deterministic pass.",
color_contrast,https://www.strique.io/contact?intent=careers&role=ai-apprentice-program,medium,fail,playwright,brands/strique/references/evidence/20260629T193943Z/pages/8caafc4adc57/playwright.json,3 sampled text elements have low contrast. 3 sampled text elements have low contrast.,Increase foreground/background contrast for readable text.
form_accessibility,https://www.strique.io/contact?intent=careers&role=ai-apprentice-program,medium,pass,playwright,brands/strique/references/evidence/20260629T193943Z/pages/8caafc4adc57/playwright.json,Visible form fields have accessible names. Visible form fields have accessible names.,
fragment_deep_links,https://www.strique.io/contact?intent=careers&role=ai-apprentice-program,medium,not_applicable,playwright,brands/strique/references/evidence/20260629T193943Z/pages/8caafc4adc57/playwright.json,No same-page fragment links found.,
horizontal_scroll,https://www.strique.io/contact?intent=careers&role=ai-apprentice-program,medium,pass,playwright,brands/strique/references/evidence/20260629T193943Z/pages/8caafc4adc57/playwright.json,No horizontal overflow detected. No horizontal overflow detected.,
inaccessible_controls,https://www.strique.io/contact?intent=careers&role=ai-apprentice-program,medium,pass,playwright,brands/strique/references/evidence/20260629T193943Z/pages/8caafc4adc57/playwright.json,Visible controls have accessible names. Visible controls have accessible names.,
keyboard_navigation,https://www.strique.io/contact?intent=careers&role=ai-apprentice-program,medium,pass,playwright,brands/strique/references/evidence/20260629T193943Z/pages/8caafc4adc57/playwright.json,Keyboard focus reached 4 visible controls. Keyboard focus reached 4 visible controls.,
lazy_loading_in_viewport,https://www.strique.io/contact?intent=careers&role=ai-apprentice-program,medium,pass,playwright,brands/strique/references/evidence/20260629T193943Z/pages/8caafc4adc57/playwright.json,No unloaded in-viewport lazy content detected. No unloaded in-viewport lazy content detected.,
mobile_form_usability,https://www.strique.io/contact?intent=careers&role=ai-apprentice-program,medium,pass,playwright,brands/strique/references/evidence/20260629T193943Z/pages/8caafc4adc57/playwright.json,Mobile forms are short enough and usable in the viewport.,
mobile_text_readability,https://www.strique.io/contact?intent=careers&role=ai-apprentice-program,medium,fail,playwright,brands/strique/references/evidence/20260629T193943Z/pages/8caafc4adc57/playwright.json,10 sampled text elements are too small or tight on mobile.,Increase mobile font size or line height for readable body text.
route_status_handling,https://www.strique.io/contact?intent=careers&role=ai-apprentice-program,medium,not_applicable,playwright,brands/strique/references/evidence/20260629T193943Z/pages/8caafc4adc57/playwright.json,Route status handling is tested from the site root.,
table_semantics,https://www.strique.io/contact?intent=careers&role=ai-apprentice-program,medium,not_applicable,playwright,brands/strique/references/evidence/20260629T193943Z/pages/8caafc4adc57/playwright.json,No visible tables found.,
tap_targets,https://www.strique.io/contact?intent=careers&role=ai-apprentice-program,medium,fail,playwright,brands/strique/references/evidence/20260629T193943Z/pages/8caafc4adc57/playwright.json,10 small and 16 crowded mobile tap targets found.,Increase tap target size or spacing to at least common mobile accessibility targets.
text_spacing,https://www.strique.io/contact?intent=careers&role=ai-apprentice-program,medium,pass,playwright,brands/strique/references/evidence/20260629T193943Z/pages/8caafc4adc57/playwright.json,WCAG text spacing did not cause overflow or content loss. WCAG text spacing did not cause overflow or content loss.,
zoom_readability,https://www.strique.io/contact?intent=careers&role=ai-apprentice-program,medium,pass,playwright,brands/strique/references/evidence/20260629T193943Z/pages/8caafc4adc57/playwright.json,Common zoom readability did not cause overflow or content loss. Common zoom readability did not cause overflow or content loss.,
rich_result_properties,https://www.strique.io/contact?intent=careers&role=ai-apprentice-program,medium,pass,playwright,brands/strique/references/evidence/20260629T193943Z/pages/8caafc4adc57/playwright.json,Supported rich result schema properties are present for: Organization.,
critical_css_font_loading,https://www.strique.io/contact?intent=careers&role=ai-apprentice-program,medium,fail,lighthouse,brands/strique/references/evidence/20260629T193943Z/pages/8caafc4adc57/lighthouse.json,Stored lab artifact does not include critical CSS or font diagnostics.,Recollect Lighthouse or PageSpeed evidence with CSS and font diagnostics.
render_blocking_scripts,https://www.strique.io/contact?intent=careers&role=ai-apprentice-program,medium,fail,lighthouse,brands/strique/references/evidence/20260629T193943Z/pages/8caafc4adc57/lighthouse.json,Stored artifacts do not include render-blocking script diagnostics.,Recollect Lighthouse/PageSpeed diagnostics or Playwright script inventory.
third_party_script_weight,https://www.strique.io/contact?intent=careers&role=ai-apprentice-program,medium,fail,lighthouse,brands/strique/references/evidence/20260629T193943Z/pages/8caafc4adc57/lighthouse.json,Stored artifacts do not include third-party script weight diagnostics.,Recollect Lighthouse/PageSpeed diagnostics or Playwright script inventory.
lab_root_cause_diagnostics,https://www.strique.io/contact?intent=careers&role=ai-apprentice-program,medium,pass,lighthouse,brands/strique/references/evidence/20260629T193943Z/pages/8caafc4adc57/lighthouse.json,"Lab diagnostics available: largest-contentful-paint, cumulative-layout-shift, speed-index, total-blocking-time.",
crawl_status,https://www.strique.io/contact?intent=careers&role=applied-ml-researcher,high,pass,firecrawl,brands/strique/references/crawls/20260629T193943Z/pages/3e3e4efdb1bc/firecrawl.json,URL crawled with status 200.,
indexable,https://www.strique.io/contact?intent=careers&role=applied-ml-researcher,high,pass,firecrawl,brands/strique/references/crawls/20260629T193943Z/pages/3e3e4efdb1bc/firecrawl.json,Indexability is yes.,
title_present,https://www.strique.io/contact?intent=careers&role=applied-ml-researcher,medium,pass,firecrawl,brands/strique/references/crawls/20260629T193943Z/pages/3e3e4efdb1bc/firecrawl.json,Title: Contact Strique Sales and Support · Strique,
meta_description_present,https://www.strique.io/contact?intent=careers&role=applied-ml-researcher,medium,pass,firecrawl,brands/strique/references/crawls/20260629T193943Z/pages/3e3e4efdb1bc/firecrawl.json,"Meta description: Book a demo, talk to sales, or ask a hard question. We reply within one business day.",
single_h1,https://www.strique.io/contact?intent=careers&role=applied-ml-researcher,medium,fail,firecrawl,brands/strique/references/crawls/20260629T193943Z/pages/3e3e4efdb1bc/firecrawl.json,H1 count is 2.,Use one clear H1 on the page.
canonical_match,https://www.strique.io/contact?intent=careers&role=applied-ml-researcher,high,fail,firecrawl,brands/strique/references/crawls/20260629T193943Z/pages/3e3e4efdb1bc/firecrawl.json,Canonical: https://www.strique.io/contact,Set canonical to the intended indexable URL.
schema_present,https://www.strique.io/contact?intent=careers&role=applied-ml-researcher,low,pass,firecrawl,brands/strique/references/crawls/20260629T193943Z/pages/3e3e4efdb1bc/firecrawl.json,"Schema types: ContactPoint, Organization, SearchAction, WebSite",
image_alt_text,https://www.strique.io/contact?intent=careers&role=applied-ml-researcher,low,fail,firecrawl,brands/strique/references/crawls/20260629T193943Z/pages/3e3e4efdb1bc/firecrawl.json,3 images are missing alt text.,Add useful alt text for meaningful images.
sitemap_inclusion,https://www.strique.io/contact?intent=careers&role=applied-ml-researcher,low,fail,firecrawl,brands/strique/references/crawls/20260629T193943Z/pages/3e3e4efdb1bc/firecrawl.json,Sitemap inclusion is no.,Add canonical public URLs to the XML sitemap.
content_visible,https://www.strique.io/contact?intent=careers&role=applied-ml-researcher,high,pass,firecrawl,brands/strique/references/crawls/20260629T193943Z/pages/3e3e4efdb1bc/firecrawl.json,Rendered public text has 7846 words.,
content_type_classifiable,https://www.strique.io/contact?intent=careers&role=applied-ml-researcher,medium,pass,firecrawl,brands/strique/references/crawls/20260629T193943Z/pages/3e3e4efdb1bc/firecrawl.json,"Public URL, title, and rendered text were reviewed for a recognizable page type.",
resource_rendering_not_blocked,https://www.strique.io/contact?intent=careers&role=applied-ml-researcher,high,pass,firecrawl,brands/strique/references/crawls/20260629T193943Z/pages/3e3e4efdb1bc/firecrawl.json,Critical page content rendered successfully.,
title_not_keyword_stuffed,https://www.strique.io/contact?intent=careers&role=applied-ml-researcher,medium,pass,firecrawl,brands/strique/references/crawls/20260629T193943Z/pages/3e3e4efdb1bc/firecrawl.json,Title reviewed for repeated terms and separator stuffing: Contact Strique Sales and Support · Strique.,
heading_not_keyword_stuffed,https://www.strique.io/contact?intent=careers&role=applied-ml-researcher,medium,pass,firecrawl,brands/strique/references/crawls/20260629T193943Z/pages/3e3e4efdb1bc/firecrawl.json,1 rendered headings reviewed for stuffing.,
preview_controls_safe,https://www.strique.io/contact?intent=careers&role=applied-ml-researcher,medium,pass,firecrawl,brands/strique/references/crawls/20260629T193943Z/pages/3e3e4efdb1bc/firecrawl.json,No harmful snippet preview controls were detected.,
url_path_clean,https://www.strique.io/contact?intent=careers&role=applied-ml-researcher,medium,fail,firecrawl,brands/strique/references/crawls/20260629T193943Z/pages/3e3e4efdb1bc/firecrawl.json,"URL path reviewed for IDs, dates, session keys, and implementation details.",Use clean canonical URLs without implementation details.
media_support_present,https://www.strique.io/contact?intent=careers&role=applied-ml-researcher,low,pass,firecrawl,brands/strique/references/crawls/20260629T193943Z/pages/3e3e4efdb1bc/firecrawl.json,6 images found on the page.,
content_not_ai_slop,https://www.strique.io/contact?intent=careers&role=applied-ml-researcher,low,pass,firecrawl,brands/strique/references/crawls/20260629T193943Z/pages/3e3e4efdb1bc/firecrawl.json,Rendered copy reviewed for common generic AI filler phrases.,
thin_prompt_variant_pages,https://www.strique.io/contact?intent=careers&role=applied-ml-researcher,medium,pass,firecrawl,brands/strique/references/crawls/20260629T193943Z/pages/3e3e4efdb1bc/firecrawl.json,Rendered public text has 7846 words.,
docs_content_extractable,https://www.strique.io/contact?intent=careers&role=applied-ml-researcher,medium,not_applicable,firecrawl,brands/strique/references/crawls/20260629T193943Z/pages/3e3e4efdb1bc/firecrawl.json,This is not a docs or support URL.,
performance_score,https://www.strique.io/contact?intent=careers&role=applied-ml-researcher,medium,fail,lighthouse,brands/strique/references/evidence/20260629T193943Z/pages/3e3e4efdb1bc/lighthouse.json,Performance score is 0.84.,Improve Core Web Vitals and Lighthouse performance bottlenecks.
blocking_popups_interstitials,https://www.strique.io/contact?intent=careers&role=applied-ml-researcher,medium,fail,playwright,brands/strique/references/evidence/20260629T193943Z/pages/3e3e4efdb1bc/playwright.json,"1 large fixed, modal, or interstitial elements may block main content. 2 large fixed, modal, or interstitial elements may block main content.","Remove or reduce blocking overlays on first render, especially on mobile."
body_text_line_length,https://www.strique.io/contact?intent=careers&role=applied-ml-researcher,medium,pass,playwright,brands/strique/references/evidence/20260629T193943Z/pages/3e3e4efdb1bc/playwright.json,Sampled body text line length is readable. Sampled body text line length is readable.,
client_route_metadata,https://www.strique.io/contact?intent=careers&role=applied-ml-researcher,medium,not_applicable,playwright,brands/strique/references/evidence/20260629T193943Z/pages/3e3e4efdb1bc/playwright.json,"SPA markers were found, but route-change metadata was not triggered by this deterministic pass.",
color_contrast,https://www.strique.io/contact?intent=careers&role=applied-ml-researcher,medium,fail,playwright,brands/strique/references/evidence/20260629T193943Z/pages/3e3e4efdb1bc/playwright.json,3 sampled text elements have low contrast. 3 sampled text elements have low contrast.,Increase foreground/background contrast for readable text.
form_accessibility,https://www.strique.io/contact?intent=careers&role=applied-ml-researcher,medium,pass,playwright,brands/strique/references/evidence/20260629T193943Z/pages/3e3e4efdb1bc/playwright.json,Visible form fields have accessible names. Visible form fields have accessible names.,
fragment_deep_links,https://www.strique.io/contact?intent=careers&role=applied-ml-researcher,medium,not_applicable,playwright,brands/strique/references/evidence/20260629T193943Z/pages/3e3e4efdb1bc/playwright.json,No same-page fragment links found.,
horizontal_scroll,https://www.strique.io/contact?intent=careers&role=applied-ml-researcher,medium,pass,playwright,brands/strique/references/evidence/20260629T193943Z/pages/3e3e4efdb1bc/playwright.json,No horizontal overflow detected. No horizontal overflow detected.,
inaccessible_controls,https://www.strique.io/contact?intent=careers&role=applied-ml-researcher,medium,pass,playwright,brands/strique/references/evidence/20260629T193943Z/pages/3e3e4efdb1bc/playwright.json,Visible controls have accessible names. Visible controls have accessible names.,
keyboard_navigation,https://www.strique.io/contact?intent=careers&role=applied-ml-researcher,medium,pass,playwright,brands/strique/references/evidence/20260629T193943Z/pages/3e3e4efdb1bc/playwright.json,Keyboard focus reached 4 visible controls. Keyboard focus reached 4 visible controls.,
lazy_loading_in_viewport,https://www.strique.io/contact?intent=careers&role=applied-ml-researcher,medium,pass,playwright,brands/strique/references/evidence/20260629T193943Z/pages/3e3e4efdb1bc/playwright.json,No unloaded in-viewport lazy content detected. No unloaded in-viewport lazy content detected.,
mobile_form_usability,https://www.strique.io/contact?intent=careers&role=applied-ml-researcher,medium,pass,playwright,brands/strique/references/evidence/20260629T193943Z/pages/3e3e4efdb1bc/playwright.json,Mobile forms are short enough and usable in the viewport.,
mobile_text_readability,https://www.strique.io/contact?intent=careers&role=applied-ml-researcher,medium,fail,playwright,brands/strique/references/evidence/20260629T193943Z/pages/3e3e4efdb1bc/playwright.json,10 sampled text elements are too small or tight on mobile.,Increase mobile font size or line height for readable body text.
route_status_handling,https://www.strique.io/contact?intent=careers&role=applied-ml-researcher,medium,not_applicable,playwright,brands/strique/references/evidence/20260629T193943Z/pages/3e3e4efdb1bc/playwright.json,Route status handling is tested from the site root.,
table_semantics,https://www.strique.io/contact?intent=careers&role=applied-ml-researcher,medium,not_applicable,playwright,brands/strique/references/evidence/20260629T193943Z/pages/3e3e4efdb1bc/playwright.json,No visible tables found.,
tap_targets,https://www.strique.io/contact?intent=careers&role=applied-ml-researcher,medium,fail,playwright,brands/strique/references/evidence/20260629T193943Z/pages/3e3e4efdb1bc/playwright.json,10 small and 16 crowded mobile tap targets found.,Increase tap target size or spacing to at least common mobile accessibility targets.
text_spacing,https://www.strique.io/contact?intent=careers&role=applied-ml-researcher,medium,pass,playwright,brands/strique/references/evidence/20260629T193943Z/pages/3e3e4efdb1bc/playwright.json,WCAG text spacing did not cause overflow or content loss. WCAG text spacing did not cause overflow or content loss.,
zoom_readability,https://www.strique.io/contact?intent=careers&role=applied-ml-researcher,medium,pass,playwright,brands/strique/references/evidence/20260629T193943Z/pages/3e3e4efdb1bc/playwright.json,Common zoom readability did not cause overflow or content loss. Common zoom readability did not cause overflow or content loss.,
rich_result_properties,https://www.strique.io/contact?intent=careers&role=applied-ml-researcher,medium,pass,playwright,brands/strique/references/evidence/20260629T193943Z/pages/3e3e4efdb1bc/playwright.json,Supported rich result schema properties are present for: Organization.,
critical_css_font_loading,https://www.strique.io/contact?intent=careers&role=applied-ml-researcher,medium,fail,lighthouse,brands/strique/references/evidence/20260629T193943Z/pages/3e3e4efdb1bc/lighthouse.json,Stored lab artifact does not include critical CSS or font diagnostics.,Recollect Lighthouse or PageSpeed evidence with CSS and font diagnostics.
render_blocking_scripts,https://www.strique.io/contact?intent=careers&role=applied-ml-researcher,medium,fail,lighthouse,brands/strique/references/evidence/20260629T193943Z/pages/3e3e4efdb1bc/lighthouse.json,Stored artifacts do not include render-blocking script diagnostics.,Recollect Lighthouse/PageSpeed diagnostics or Playwright script inventory.
third_party_script_weight,https://www.strique.io/contact?intent=careers&role=applied-ml-researcher,medium,fail,lighthouse,brands/strique/references/evidence/20260629T193943Z/pages/3e3e4efdb1bc/lighthouse.json,Stored artifacts do not include third-party script weight diagnostics.,Recollect Lighthouse/PageSpeed diagnostics or Playwright script inventory.
lab_root_cause_diagnostics,https://www.strique.io/contact?intent=careers&role=applied-ml-researcher,medium,pass,lighthouse,brands/strique/references/evidence/20260629T193943Z/pages/3e3e4efdb1bc/lighthouse.json,"Lab diagnostics available: largest-contentful-paint, cumulative-layout-shift, speed-index, total-blocking-time.",
crawl_status,https://www.strique.io/contact?intent=careers&role=founding-customer-engineer,high,pass,firecrawl,brands/strique/references/crawls/20260629T193943Z/pages/5d71331f2665/firecrawl.json,URL crawled with status 200.,
indexable,https://www.strique.io/contact?intent=careers&role=founding-customer-engineer,high,pass,firecrawl,brands/strique/references/crawls/20260629T193943Z/pages/5d71331f2665/firecrawl.json,Indexability is yes.,
title_present,https://www.strique.io/contact?intent=careers&role=founding-customer-engineer,medium,pass,firecrawl,brands/strique/references/crawls/20260629T193943Z/pages/5d71331f2665/firecrawl.json,Title: Contact Strique Sales and Support · Strique,
meta_description_present,https://www.strique.io/contact?intent=careers&role=founding-customer-engineer,medium,pass,firecrawl,brands/strique/references/crawls/20260629T193943Z/pages/5d71331f2665/firecrawl.json,"Meta description: Book a demo, talk to sales, or ask a hard question. We reply within one business day.",
single_h1,https://www.strique.io/contact?intent=careers&role=founding-customer-engineer,medium,fail,firecrawl,brands/strique/references/crawls/20260629T193943Z/pages/5d71331f2665/firecrawl.json,H1 count is 2.,Use one clear H1 on the page.
canonical_match,https://www.strique.io/contact?intent=careers&role=founding-customer-engineer,high,fail,firecrawl,brands/strique/references/crawls/20260629T193943Z/pages/5d71331f2665/firecrawl.json,Canonical: https://www.strique.io/contact,Set canonical to the intended indexable URL.
schema_present,https://www.strique.io/contact?intent=careers&role=founding-customer-engineer,low,pass,firecrawl,brands/strique/references/crawls/20260629T193943Z/pages/5d71331f2665/firecrawl.json,"Schema types: ContactPoint, Organization, SearchAction, WebSite",
image_alt_text,https://www.strique.io/contact?intent=careers&role=founding-customer-engineer,low,fail,firecrawl,brands/strique/references/crawls/20260629T193943Z/pages/5d71331f2665/firecrawl.json,3 images are missing alt text.,Add useful alt text for meaningful images.
sitemap_inclusion,https://www.strique.io/contact?intent=careers&role=founding-customer-engineer,low,fail,firecrawl,brands/strique/references/crawls/20260629T193943Z/pages/5d71331f2665/firecrawl.json,Sitemap inclusion is no.,Add canonical public URLs to the XML sitemap.
content_visible,https://www.strique.io/contact?intent=careers&role=founding-customer-engineer,high,pass,firecrawl,brands/strique/references/crawls/20260629T193943Z/pages/5d71331f2665/firecrawl.json,Rendered public text has 7846 words.,
content_type_classifiable,https://www.strique.io/contact?intent=careers&role=founding-customer-engineer,medium,pass,firecrawl,brands/strique/references/crawls/20260629T193943Z/pages/5d71331f2665/firecrawl.json,"Public URL, title, and rendered text were reviewed for a recognizable page type.",
resource_rendering_not_blocked,https://www.strique.io/contact?intent=careers&role=founding-customer-engineer,high,pass,firecrawl,brands/strique/references/crawls/20260629T193943Z/pages/5d71331f2665/firecrawl.json,Critical page content rendered successfully.,
title_not_keyword_stuffed,https://www.strique.io/contact?intent=careers&role=founding-customer-engineer,medium,pass,firecrawl,brands/strique/references/crawls/20260629T193943Z/pages/5d71331f2665/firecrawl.json,Title reviewed for repeated terms and separator stuffing: Contact Strique Sales and Support · Strique.,
heading_not_keyword_stuffed,https://www.strique.io/contact?intent=careers&role=founding-customer-engineer,medium,pass,firecrawl,brands/strique/references/crawls/20260629T193943Z/pages/5d71331f2665/firecrawl.json,1 rendered headings reviewed for stuffing.,
preview_controls_safe,https://www.strique.io/contact?intent=careers&role=founding-customer-engineer,medium,pass,firecrawl,brands/strique/references/crawls/20260629T193943Z/pages/5d71331f2665/firecrawl.json,No harmful snippet preview controls were detected.,
url_path_clean,https://www.strique.io/contact?intent=careers&role=founding-customer-engineer,medium,fail,firecrawl,brands/strique/references/crawls/20260629T193943Z/pages/5d71331f2665/firecrawl.json,"URL path reviewed for IDs, dates, session keys, and implementation details.",Use clean canonical URLs without implementation details.
media_support_present,https://www.strique.io/contact?intent=careers&role=founding-customer-engineer,low,pass,firecrawl,brands/strique/references/crawls/20260629T193943Z/pages/5d71331f2665/firecrawl.json,6 images found on the page.,
content_not_ai_slop,https://www.strique.io/contact?intent=careers&role=founding-customer-engineer,low,pass,firecrawl,brands/strique/references/crawls/20260629T193943Z/pages/5d71331f2665/firecrawl.json,Rendered copy reviewed for common generic AI filler phrases.,
thin_prompt_variant_pages,https://www.strique.io/contact?intent=careers&role=founding-customer-engineer,medium,pass,firecrawl,brands/strique/references/crawls/20260629T193943Z/pages/5d71331f2665/firecrawl.json,Rendered public text has 7846 words.,
docs_content_extractable,https://www.strique.io/contact?intent=careers&role=founding-customer-engineer,medium,not_applicable,firecrawl,brands/strique/references/crawls/20260629T193943Z/pages/5d71331f2665/firecrawl.json,This is not a docs or support URL.,
performance_score,https://www.strique.io/contact?intent=careers&role=founding-customer-engineer,medium,fail,lighthouse,brands/strique/references/evidence/20260629T193943Z/pages/5d71331f2665/lighthouse.json,Performance score is 0.86.,Improve Core Web Vitals and Lighthouse performance bottlenecks.
blocking_popups_interstitials,https://www.strique.io/contact?intent=careers&role=founding-customer-engineer,medium,fail,playwright,brands/strique/references/evidence/20260629T193943Z/pages/5d71331f2665/playwright.json,"1 large fixed, modal, or interstitial elements may block main content. 2 large fixed, modal, or interstitial elements may block main content.","Remove or reduce blocking overlays on first render, especially on mobile."
body_text_line_length,https://www.strique.io/contact?intent=careers&role=founding-customer-engineer,medium,pass,playwright,brands/strique/references/evidence/20260629T193943Z/pages/5d71331f2665/playwright.json,Sampled body text line length is readable. Sampled body text line length is readable.,
client_route_metadata,https://www.strique.io/contact?intent=careers&role=founding-customer-engineer,medium,not_applicable,playwright,brands/strique/references/evidence/20260629T193943Z/pages/5d71331f2665/playwright.json,"SPA markers were found, but route-change metadata was not triggered by this deterministic pass.",
color_contrast,https://www.strique.io/contact?intent=careers&role=founding-customer-engineer,medium,fail,playwright,brands/strique/references/evidence/20260629T193943Z/pages/5d71331f2665/playwright.json,3 sampled text elements have low contrast. 3 sampled text elements have low contrast.,Increase foreground/background contrast for readable text.
form_accessibility,https://www.strique.io/contact?intent=careers&role=founding-customer-engineer,medium,pass,playwright,brands/strique/references/evidence/20260629T193943Z/pages/5d71331f2665/playwright.json,Visible form fields have accessible names. Visible form fields have accessible names.,
fragment_deep_links,https://www.strique.io/contact?intent=careers&role=founding-customer-engineer,medium,not_applicable,playwright,brands/strique/references/evidence/20260629T193943Z/pages/5d71331f2665/playwright.json,No same-page fragment links found.,
horizontal_scroll,https://www.strique.io/contact?intent=careers&role=founding-customer-engineer,medium,pass,playwright,brands/strique/references/evidence/20260629T193943Z/pages/5d71331f2665/playwright.json,No horizontal overflow detected. No horizontal overflow detected.,
inaccessible_controls,https://www.strique.io/contact?intent=careers&role=founding-customer-engineer,medium,pass,playwright,brands/strique/references/evidence/20260629T193943Z/pages/5d71331f2665/playwright.json,Visible controls have accessible names. Visible controls have accessible names.,
keyboard_navigation,https://www.strique.io/contact?intent=careers&role=founding-customer-engineer,medium,pass,playwright,brands/strique/references/evidence/20260629T193943Z/pages/5d71331f2665/playwright.json,Keyboard focus reached 4 visible controls. Keyboard focus reached 4 visible controls.,
lazy_loading_in_viewport,https://www.strique.io/contact?intent=careers&role=founding-customer-engineer,medium,pass,playwright,brands/strique/references/evidence/20260629T193943Z/pages/5d71331f2665/playwright.json,No unloaded in-viewport lazy content detected. No unloaded in-viewport lazy content detected.,
mobile_form_usability,https://www.strique.io/contact?intent=careers&role=founding-customer-engineer,medium,pass,playwright,brands/strique/references/evidence/20260629T193943Z/pages/5d71331f2665/playwright.json,Mobile forms are short enough and usable in the viewport.,
mobile_text_readability,https://www.strique.io/contact?intent=careers&role=founding-customer-engineer,medium,fail,playwright,brands/strique/references/evidence/20260629T193943Z/pages/5d71331f2665/playwright.json,10 sampled text elements are too small or tight on mobile.,Increase mobile font size or line height for readable body text.
route_status_handling,https://www.strique.io/contact?intent=careers&role=founding-customer-engineer,medium,not_applicable,playwright,brands/strique/references/evidence/20260629T193943Z/pages/5d71331f2665/playwright.json,Route status handling is tested from the site root.,
table_semantics,https://www.strique.io/contact?intent=careers&role=founding-customer-engineer,medium,not_applicable,playwright,brands/strique/references/evidence/20260629T193943Z/pages/5d71331f2665/playwright.json,No visible tables found.,
tap_targets,https://www.strique.io/contact?intent=careers&role=founding-customer-engineer,medium,fail,playwright,brands/strique/references/evidence/20260629T193943Z/pages/5d71331f2665/playwright.json,10 small and 16 crowded mobile tap targets found.,Increase tap target size or spacing to at least common mobile accessibility targets.
text_spacing,https://www.strique.io/contact?intent=careers&role=founding-customer-engineer,medium,pass,playwright,brands/strique/references/evidence/20260629T193943Z/pages/5d71331f2665/playwright.json,WCAG text spacing did not cause overflow or content loss. WCAG text spacing did not cause overflow or content loss.,
zoom_readability,https://www.strique.io/contact?intent=careers&role=founding-customer-engineer,medium,pass,playwright,brands/strique/references/evidence/20260629T193943Z/pages/5d71331f2665/playwright.json,Common zoom readability did not cause overflow or content loss. Common zoom readability did not cause overflow or content loss.,
rich_result_properties,https://www.strique.io/contact?intent=careers&role=founding-customer-engineer,medium,pass,playwright,brands/strique/references/evidence/20260629T193943Z/pages/5d71331f2665/playwright.json,Supported rich result schema properties are present for: Organization.,
critical_css_font_loading,https://www.strique.io/contact?intent=careers&role=founding-customer-engineer,medium,fail,lighthouse,brands/strique/references/evidence/20260629T193943Z/pages/5d71331f2665/lighthouse.json,Stored lab artifact does not include critical CSS or font diagnostics.,Recollect Lighthouse or PageSpeed evidence with CSS and font diagnostics.
render_blocking_scripts,https://www.strique.io/contact?intent=careers&role=founding-customer-engineer,medium,fail,lighthouse,brands/strique/references/evidence/20260629T193943Z/pages/5d71331f2665/lighthouse.json,Stored artifacts do not include render-blocking script diagnostics.,Recollect Lighthouse/PageSpeed diagnostics or Playwright script inventory.
third_party_script_weight,https://www.strique.io/contact?intent=careers&role=founding-customer-engineer,medium,fail,lighthouse,brands/strique/references/evidence/20260629T193943Z/pages/5d71331f2665/lighthouse.json,Stored artifacts do not include third-party script weight diagnostics.,Recollect Lighthouse/PageSpeed diagnostics or Playwright script inventory.
lab_root_cause_diagnostics,https://www.strique.io/contact?intent=careers&role=founding-customer-engineer,medium,pass,lighthouse,brands/strique/references/evidence/20260629T193943Z/pages/5d71331f2665/lighthouse.json,"Lab diagnostics available: largest-contentful-paint, cumulative-layout-shift, speed-index, total-blocking-time.",
crawl_status,https://www.strique.io/contact?intent=careers&role=founding-growth-engineer,high,pass,firecrawl,brands/strique/references/crawls/20260629T193943Z/pages/ac0a90b8cd54/firecrawl.json,URL crawled with status 200.,
indexable,https://www.strique.io/contact?intent=careers&role=founding-growth-engineer,high,pass,firecrawl,brands/strique/references/crawls/20260629T193943Z/pages/ac0a90b8cd54/firecrawl.json,Indexability is yes.,
title_present,https://www.strique.io/contact?intent=careers&role=founding-growth-engineer,medium,pass,firecrawl,brands/strique/references/crawls/20260629T193943Z/pages/ac0a90b8cd54/firecrawl.json,Title: Contact Strique Sales and Support · Strique,
meta_description_present,https://www.strique.io/contact?intent=careers&role=founding-growth-engineer,medium,pass,firecrawl,brands/strique/references/crawls/20260629T193943Z/pages/ac0a90b8cd54/firecrawl.json,"Meta description: Book a demo, talk to sales, or ask a hard question. We reply within one business day.",
single_h1,https://www.strique.io/contact?intent=careers&role=founding-growth-engineer,medium,fail,firecrawl,brands/strique/references/crawls/20260629T193943Z/pages/ac0a90b8cd54/firecrawl.json,H1 count is 2.,Use one clear H1 on the page.
canonical_match,https://www.strique.io/contact?intent=careers&role=founding-growth-engineer,high,fail,firecrawl,brands/strique/references/crawls/20260629T193943Z/pages/ac0a90b8cd54/firecrawl.json,Canonical: https://www.strique.io/contact,Set canonical to the intended indexable URL.
schema_present,https://www.strique.io/contact?intent=careers&role=founding-growth-engineer,low,pass,firecrawl,brands/strique/references/crawls/20260629T193943Z/pages/ac0a90b8cd54/firecrawl.json,"Schema types: ContactPoint, Organization, SearchAction, WebSite",
image_alt_text,https://www.strique.io/contact?intent=careers&role=founding-growth-engineer,low,fail,firecrawl,brands/strique/references/crawls/20260629T193943Z/pages/ac0a90b8cd54/firecrawl.json,3 images are missing alt text.,Add useful alt text for meaningful images.
sitemap_inclusion,https://www.strique.io/contact?intent=careers&role=founding-growth-engineer,low,fail,firecrawl,brands/strique/references/crawls/20260629T193943Z/pages/ac0a90b8cd54/firecrawl.json,Sitemap inclusion is no.,Add canonical public URLs to the XML sitemap.
content_visible,https://www.strique.io/contact?intent=careers&role=founding-growth-engineer,high,pass,firecrawl,brands/strique/references/crawls/20260629T193943Z/pages/ac0a90b8cd54/firecrawl.json,Rendered public text has 7846 words.,
content_type_classifiable,https://www.strique.io/contact?intent=careers&role=founding-growth-engineer,medium,pass,firecrawl,brands/strique/references/crawls/20260629T193943Z/pages/ac0a90b8cd54/firecrawl.json,"Public URL, title, and rendered text were reviewed for a recognizable page type.",
resource_rendering_not_blocked,https://www.strique.io/contact?intent=careers&role=founding-growth-engineer,high,pass,firecrawl,brands/strique/references/crawls/20260629T193943Z/pages/ac0a90b8cd54/firecrawl.json,Critical page content rendered successfully.,
title_not_keyword_stuffed,https://www.strique.io/contact?intent=careers&role=founding-growth-engineer,medium,pass,firecrawl,brands/strique/references/crawls/20260629T193943Z/pages/ac0a90b8cd54/firecrawl.json,Title reviewed for repeated terms and separator stuffing: Contact Strique Sales and Support · Strique.,
heading_not_keyword_stuffed,https://www.strique.io/contact?intent=careers&role=founding-growth-engineer,medium,pass,firecrawl,brands/strique/references/crawls/20260629T193943Z/pages/ac0a90b8cd54/firecrawl.json,1 rendered headings reviewed for stuffing.,
preview_controls_safe,https://www.strique.io/contact?intent=careers&role=founding-growth-engineer,medium,pass,firecrawl,brands/strique/references/crawls/20260629T193943Z/pages/ac0a90b8cd54/firecrawl.json,No harmful snippet preview controls were detected.,
url_path_clean,https://www.strique.io/contact?intent=careers&role=founding-growth-engineer,medium,fail,firecrawl,brands/strique/references/crawls/20260629T193943Z/pages/ac0a90b8cd54/firecrawl.json,"URL path reviewed for IDs, dates, session keys, and implementation details.",Use clean canonical URLs without implementation details.
media_support_present,https://www.strique.io/contact?intent=careers&role=founding-growth-engineer,low,pass,firecrawl,brands/strique/references/crawls/20260629T193943Z/pages/ac0a90b8cd54/firecrawl.json,6 images found on the page.,
content_not_ai_slop,https://www.strique.io/contact?intent=careers&role=founding-growth-engineer,low,pass,firecrawl,brands/strique/references/crawls/20260629T193943Z/pages/ac0a90b8cd54/firecrawl.json,Rendered copy reviewed for common generic AI filler phrases.,
thin_prompt_variant_pages,https://www.strique.io/contact?intent=careers&role=founding-growth-engineer,medium,pass,firecrawl,brands/strique/references/crawls/20260629T193943Z/pages/ac0a90b8cd54/firecrawl.json,Rendered public text has 7846 words.,
docs_content_extractable,https://www.strique.io/contact?intent=careers&role=founding-growth-engineer,medium,not_applicable,firecrawl,brands/strique/references/crawls/20260629T193943Z/pages/ac0a90b8cd54/firecrawl.json,This is not a docs or support URL.,
performance_score,https://www.strique.io/contact?intent=careers&role=founding-growth-engineer,medium,fail,lighthouse,brands/strique/references/evidence/20260629T193943Z/pages/ac0a90b8cd54/lighthouse.json,Performance score is 0.87.,Improve Core Web Vitals and Lighthouse performance bottlenecks.
blocking_popups_interstitials,https://www.strique.io/contact?intent=careers&role=founding-growth-engineer,medium,fail,playwright,brands/strique/references/evidence/20260629T193943Z/pages/ac0a90b8cd54/playwright.json,"1 large fixed, modal, or interstitial elements may block main content. 2 large fixed, modal, or interstitial elements may block main content.","Remove or reduce blocking overlays on first render, especially on mobile."
body_text_line_length,https://www.strique.io/contact?intent=careers&role=founding-growth-engineer,medium,pass,playwright,brands/strique/references/evidence/20260629T193943Z/pages/ac0a90b8cd54/playwright.json,Sampled body text line length is readable. Sampled body text line length is readable.,
client_route_metadata,https://www.strique.io/contact?intent=careers&role=founding-growth-engineer,medium,not_applicable,playwright,brands/strique/references/evidence/20260629T193943Z/pages/ac0a90b8cd54/playwright.json,"SPA markers were found, but route-change metadata was not triggered by this deterministic pass.",
color_contrast,https://www.strique.io/contact?intent=careers&role=founding-growth-engineer,medium,fail,playwright,brands/strique/references/evidence/20260629T193943Z/pages/ac0a90b8cd54/playwright.json,3 sampled text elements have low contrast. 3 sampled text elements have low contrast.,Increase foreground/background contrast for readable text.
form_accessibility,https://www.strique.io/contact?intent=careers&role=founding-growth-engineer,medium,pass,playwright,brands/strique/references/evidence/20260629T193943Z/pages/ac0a90b8cd54/playwright.json,Visible form fields have accessible names. Visible form fields have accessible names.,
fragment_deep_links,https://www.strique.io/contact?intent=careers&role=founding-growth-engineer,medium,not_applicable,playwright,brands/strique/references/evidence/20260629T193943Z/pages/ac0a90b8cd54/playwright.json,No same-page fragment links found.,
horizontal_scroll,https://www.strique.io/contact?intent=careers&role=founding-growth-engineer,medium,pass,playwright,brands/strique/references/evidence/20260629T193943Z/pages/ac0a90b8cd54/playwright.json,No horizontal overflow detected. No horizontal overflow detected.,
inaccessible_controls,https://www.strique.io/contact?intent=careers&role=founding-growth-engineer,medium,pass,playwright,brands/strique/references/evidence/20260629T193943Z/pages/ac0a90b8cd54/playwright.json,Visible controls have accessible names. Visible controls have accessible names.,
keyboard_navigation,https://www.strique.io/contact?intent=careers&role=founding-growth-engineer,medium,pass,playwright,brands/strique/references/evidence/20260629T193943Z/pages/ac0a90b8cd54/playwright.json,Keyboard focus reached 4 visible controls. Keyboard focus reached 4 visible controls.,
lazy_loading_in_viewport,https://www.strique.io/contact?intent=careers&role=founding-growth-engineer,medium,pass,playwright,brands/strique/references/evidence/20260629T193943Z/pages/ac0a90b8cd54/playwright.json,No unloaded in-viewport lazy content detected. No unloaded in-viewport lazy content detected.,
mobile_form_usability,https://www.strique.io/contact?intent=careers&role=founding-growth-engineer,medium,pass,playwright,brands/strique/references/evidence/20260629T193943Z/pages/ac0a90b8cd54/playwright.json,Mobile forms are short enough and usable in the viewport.,
mobile_text_readability,https://www.strique.io/contact?intent=careers&role=founding-growth-engineer,medium,fail,playwright,brands/strique/references/evidence/20260629T193943Z/pages/ac0a90b8cd54/playwright.json,10 sampled text elements are too small or tight on mobile.,Increase mobile font size or line height for readable body text.
route_status_handling,https://www.strique.io/contact?intent=careers&role=founding-growth-engineer,medium,not_applicable,playwright,brands/strique/references/evidence/20260629T193943Z/pages/ac0a90b8cd54/playwright.json,Route status handling is tested from the site root.,
table_semantics,https://www.strique.io/contact?intent=careers&role=founding-growth-engineer,medium,not_applicable,playwright,brands/strique/references/evidence/20260629T193943Z/pages/ac0a90b8cd54/playwright.json,No visible tables found.,
tap_targets,https://www.strique.io/contact?intent=careers&role=founding-growth-engineer,medium,fail,playwright,brands/strique/references/evidence/20260629T193943Z/pages/ac0a90b8cd54/playwright.json,10 small and 16 crowded mobile tap targets found.,Increase tap target size or spacing to at least common mobile accessibility targets.
text_spacing,https://www.strique.io/contact?intent=careers&role=founding-growth-engineer,medium,pass,playwright,brands/strique/references/evidence/20260629T193943Z/pages/ac0a90b8cd54/playwright.json,WCAG text spacing did not cause overflow or content loss. WCAG text spacing did not cause overflow or content loss.,
zoom_readability,https://www.strique.io/contact?intent=careers&role=founding-growth-engineer,medium,pass,playwright,brands/strique/references/evidence/20260629T193943Z/pages/ac0a90b8cd54/playwright.json,Common zoom readability did not cause overflow or content loss. Common zoom readability did not cause overflow or content loss.,
rich_result_properties,https://www.strique.io/contact?intent=careers&role=founding-growth-engineer,medium,pass,playwright,brands/strique/references/evidence/20260629T193943Z/pages/ac0a90b8cd54/playwright.json,Supported rich result schema properties are present for: Organization.,
critical_css_font_loading,https://www.strique.io/contact?intent=careers&role=founding-growth-engineer,medium,fail,lighthouse,brands/strique/references/evidence/20260629T193943Z/pages/ac0a90b8cd54/lighthouse.json,Stored lab artifact does not include critical CSS or font diagnostics.,Recollect Lighthouse or PageSpeed evidence with CSS and font diagnostics.
render_blocking_scripts,https://www.strique.io/contact?intent=careers&role=founding-growth-engineer,medium,fail,lighthouse,brands/strique/references/evidence/20260629T193943Z/pages/ac0a90b8cd54/lighthouse.json,Stored artifacts do not include render-blocking script diagnostics.,Recollect Lighthouse/PageSpeed diagnostics or Playwright script inventory.
third_party_script_weight,https://www.strique.io/contact?intent=careers&role=founding-growth-engineer,medium,fail,lighthouse,brands/strique/references/evidence/20260629T193943Z/pages/ac0a90b8cd54/lighthouse.json,Stored artifacts do not include third-party script weight diagnostics.,Recollect Lighthouse/PageSpeed diagnostics or Playwright script inventory.
lab_root_cause_diagnostics,https://www.strique.io/contact?intent=careers&role=founding-growth-engineer,medium,pass,lighthouse,brands/strique/references/evidence/20260629T193943Z/pages/ac0a90b8cd54/lighthouse.json,"Lab diagnostics available: largest-contentful-paint, cumulative-layout-shift, speed-index, total-blocking-time.",
crawl_status,https://www.strique.io/contact?intent=careers&role=product-designer,high,pass,firecrawl,brands/strique/references/crawls/20260629T193943Z/pages/a8afb7d90b1f/firecrawl.json,URL crawled with status 200.,
indexable,https://www.strique.io/contact?intent=careers&role=product-designer,high,pass,firecrawl,brands/strique/references/crawls/20260629T193943Z/pages/a8afb7d90b1f/firecrawl.json,Indexability is yes.,
title_present,https://www.strique.io/contact?intent=careers&role=product-designer,medium,pass,firecrawl,brands/strique/references/crawls/20260629T193943Z/pages/a8afb7d90b1f/firecrawl.json,Title: Contact Strique Sales and Support · Strique,
meta_description_present,https://www.strique.io/contact?intent=careers&role=product-designer,medium,pass,firecrawl,brands/strique/references/crawls/20260629T193943Z/pages/a8afb7d90b1f/firecrawl.json,"Meta description: Book a demo, talk to sales, or ask a hard question. We reply within one business day.",
single_h1,https://www.strique.io/contact?intent=careers&role=product-designer,medium,fail,firecrawl,brands/strique/references/crawls/20260629T193943Z/pages/a8afb7d90b1f/firecrawl.json,H1 count is 2.,Use one clear H1 on the page.
canonical_match,https://www.strique.io/contact?intent=careers&role=product-designer,high,fail,firecrawl,brands/strique/references/crawls/20260629T193943Z/pages/a8afb7d90b1f/firecrawl.json,Canonical: https://www.strique.io/contact,Set canonical to the intended indexable URL.
schema_present,https://www.strique.io/contact?intent=careers&role=product-designer,low,pass,firecrawl,brands/strique/references/crawls/20260629T193943Z/pages/a8afb7d90b1f/firecrawl.json,"Schema types: ContactPoint, Organization, SearchAction, WebSite",
image_alt_text,https://www.strique.io/contact?intent=careers&role=product-designer,low,fail,firecrawl,brands/strique/references/crawls/20260629T193943Z/pages/a8afb7d90b1f/firecrawl.json,3 images are missing alt text.,Add useful alt text for meaningful images.
sitemap_inclusion,https://www.strique.io/contact?intent=careers&role=product-designer,low,fail,firecrawl,brands/strique/references/crawls/20260629T193943Z/pages/a8afb7d90b1f/firecrawl.json,Sitemap inclusion is no.,Add canonical public URLs to the XML sitemap.
content_visible,https://www.strique.io/contact?intent=careers&role=product-designer,high,pass,firecrawl,brands/strique/references/crawls/20260629T193943Z/pages/a8afb7d90b1f/firecrawl.json,Rendered public text has 7846 words.,
content_type_classifiable,https://www.strique.io/contact?intent=careers&role=product-designer,medium,pass,firecrawl,brands/strique/references/crawls/20260629T193943Z/pages/a8afb7d90b1f/firecrawl.json,"Public URL, title, and rendered text were reviewed for a recognizable page type.",
resource_rendering_not_blocked,https://www.strique.io/contact?intent=careers&role=product-designer,high,pass,firecrawl,brands/strique/references/crawls/20260629T193943Z/pages/a8afb7d90b1f/firecrawl.json,Critical page content rendered successfully.,
title_not_keyword_stuffed,https://www.strique.io/contact?intent=careers&role=product-designer,medium,pass,firecrawl,brands/strique/references/crawls/20260629T193943Z/pages/a8afb7d90b1f/firecrawl.json,Title reviewed for repeated terms and separator stuffing: Contact Strique Sales and Support · Strique.,
heading_not_keyword_stuffed,https://www.strique.io/contact?intent=careers&role=product-designer,medium,pass,firecrawl,brands/strique/references/crawls/20260629T193943Z/pages/a8afb7d90b1f/firecrawl.json,1 rendered headings reviewed for stuffing.,
preview_controls_safe,https://www.strique.io/contact?intent=careers&role=product-designer,medium,pass,firecrawl,brands/strique/references/crawls/20260629T193943Z/pages/a8afb7d90b1f/firecrawl.json,No harmful snippet preview controls were detected.,
url_path_clean,https://www.strique.io/contact?intent=careers&role=product-designer,medium,fail,firecrawl,brands/strique/references/crawls/20260629T193943Z/pages/a8afb7d90b1f/firecrawl.json,"URL path reviewed for IDs, dates, session keys, and implementation details.",Use clean canonical URLs without implementation details.
media_support_present,https://www.strique.io/contact?intent=careers&role=product-designer,low,pass,firecrawl,brands/strique/references/crawls/20260629T193943Z/pages/a8afb7d90b1f/firecrawl.json,6 images found on the page.,
content_not_ai_slop,https://www.strique.io/contact?intent=careers&role=product-designer,low,pass,firecrawl,brands/strique/references/crawls/20260629T193943Z/pages/a8afb7d90b1f/firecrawl.json,Rendered copy reviewed for common generic AI filler phrases.,
thin_prompt_variant_pages,https://www.strique.io/contact?intent=careers&role=product-designer,medium,pass,firecrawl,brands/strique/references/crawls/20260629T193943Z/pages/a8afb7d90b1f/firecrawl.json,Rendered public text has 7846 words.,
docs_content_extractable,https://www.strique.io/contact?intent=careers&role=product-designer,medium,not_applicable,firecrawl,brands/strique/references/crawls/20260629T193943Z/pages/a8afb7d90b1f/firecrawl.json,This is not a docs or support URL.,
performance_score,https://www.strique.io/contact?intent=careers&role=product-designer,medium,fail,lighthouse,brands/strique/references/evidence/20260629T193943Z/pages/a8afb7d90b1f/lighthouse.json,Performance score is 0.87.,Improve Core Web Vitals and Lighthouse performance bottlenecks.
blocking_popups_interstitials,https://www.strique.io/contact?intent=careers&role=product-designer,medium,fail,playwright,brands/strique/references/evidence/20260629T193943Z/pages/a8afb7d90b1f/playwright.json,"1 large fixed, modal, or interstitial elements may block main content. 2 large fixed, modal, or interstitial elements may block main content.","Remove or reduce blocking overlays on first render, especially on mobile."
body_text_line_length,https://www.strique.io/contact?intent=careers&role=product-designer,medium,pass,playwright,brands/strique/references/evidence/20260629T193943Z/pages/a8afb7d90b1f/playwright.json,Sampled body text line length is readable. Sampled body text line length is readable.,
client_route_metadata,https://www.strique.io/contact?intent=careers&role=product-designer,medium,not_applicable,playwright,brands/strique/references/evidence/20260629T193943Z/pages/a8afb7d90b1f/playwright.json,"SPA markers were found, but route-change metadata was not triggered by this deterministic pass.",
color_contrast,https://www.strique.io/contact?intent=careers&role=product-designer,medium,fail,playwright,brands/strique/references/evidence/20260629T193943Z/pages/a8afb7d90b1f/playwright.json,3 sampled text elements have low contrast. 3 sampled text elements have low contrast.,Increase foreground/background contrast for readable text.
form_accessibility,https://www.strique.io/contact?intent=careers&role=product-designer,medium,pass,playwright,brands/strique/references/evidence/20260629T193943Z/pages/a8afb7d90b1f/playwright.json,Visible form fields have accessible names. Visible form fields have accessible names.,
fragment_deep_links,https://www.strique.io/contact?intent=careers&role=product-designer,medium,not_applicable,playwright,brands/strique/references/evidence/20260629T193943Z/pages/a8afb7d90b1f/playwright.json,No same-page fragment links found.,
horizontal_scroll,https://www.strique.io/contact?intent=careers&role=product-designer,medium,pass,playwright,brands/strique/references/evidence/20260629T193943Z/pages/a8afb7d90b1f/playwright.json,No horizontal overflow detected. No horizontal overflow detected.,
inaccessible_controls,https://www.strique.io/contact?intent=careers&role=product-designer,medium,pass,playwright,brands/strique/references/evidence/20260629T193943Z/pages/a8afb7d90b1f/playwright.json,Visible controls have accessible names. Visible controls have accessible names.,
keyboard_navigation,https://www.strique.io/contact?intent=careers&role=product-designer,medium,pass,playwright,brands/strique/references/evidence/20260629T193943Z/pages/a8afb7d90b1f/playwright.json,Keyboard focus reached 4 visible controls. Keyboard focus reached 4 visible controls.,
lazy_loading_in_viewport,https://www.strique.io/contact?intent=careers&role=product-designer,medium,pass,playwright,brands/strique/references/evidence/20260629T193943Z/pages/a8afb7d90b1f/playwright.json,No unloaded in-viewport lazy content detected. No unloaded in-viewport lazy content detected.,
mobile_form_usability,https://www.strique.io/contact?intent=careers&role=product-designer,medium,pass,playwright,brands/strique/references/evidence/20260629T193943Z/pages/a8afb7d90b1f/playwright.json,Mobile forms are short enough and usable in the viewport.,
mobile_text_readability,https://www.strique.io/contact?intent=careers&role=product-designer,medium,fail,playwright,brands/strique/references/evidence/20260629T193943Z/pages/a8afb7d90b1f/playwright.json,10 sampled text elements are too small or tight on mobile.,Increase mobile font size or line height for readable body text.
route_status_handling,https://www.strique.io/contact?intent=careers&role=product-designer,medium,not_applicable,playwright,brands/strique/references/evidence/20260629T193943Z/pages/a8afb7d90b1f/playwright.json,Route status handling is tested from the site root.,
table_semantics,https://www.strique.io/contact?intent=careers&role=product-designer,medium,not_applicable,playwright,brands/strique/references/evidence/20260629T193943Z/pages/a8afb7d90b1f/playwright.json,No visible tables found.,
tap_targets,https://www.strique.io/contact?intent=careers&role=product-designer,medium,fail,playwright,brands/strique/references/evidence/20260629T193943Z/pages/a8afb7d90b1f/playwright.json,10 small and 16 crowded mobile tap targets found.,Increase tap target size or spacing to at least common mobile accessibility targets.
text_spacing,https://www.strique.io/contact?intent=careers&role=product-designer,medium,pass,playwright,brands/strique/references/evidence/20260629T193943Z/pages/a8afb7d90b1f/playwright.json,WCAG text spacing did not cause overflow or content loss. WCAG text spacing did not cause overflow or content loss.,
zoom_readability,https://www.strique.io/contact?intent=careers&role=product-designer,medium,pass,playwright,brands/strique/references/evidence/20260629T193943Z/pages/a8afb7d90b1f/playwright.json,Common zoom readability did not cause overflow or content loss. Common zoom readability did not cause overflow or content loss.,
rich_result_properties,https://www.strique.io/contact?intent=careers&role=product-designer,medium,pass,playwright,brands/strique/references/evidence/20260629T193943Z/pages/a8afb7d90b1f/playwright.json,Supported rich result schema properties are present for: Organization.,
critical_css_font_loading,https://www.strique.io/contact?intent=careers&role=product-designer,medium,fail,lighthouse,brands/strique/references/evidence/20260629T193943Z/pages/a8afb7d90b1f/lighthouse.json,Stored lab artifact does not include critical CSS or font diagnostics.,Recollect Lighthouse or PageSpeed evidence with CSS and font diagnostics.
render_blocking_scripts,https://www.strique.io/contact?intent=careers&role=product-designer,medium,fail,lighthouse,brands/strique/references/evidence/20260629T193943Z/pages/a8afb7d90b1f/lighthouse.json,Stored artifacts do not include render-blocking script diagnostics.,Recollect Lighthouse/PageSpeed diagnostics or Playwright script inventory.
third_party_script_weight,https://www.strique.io/contact?intent=careers&role=product-designer,medium,fail,lighthouse,brands/strique/references/evidence/20260629T193943Z/pages/a8afb7d90b1f/lighthouse.json,Stored artifacts do not include third-party script weight diagnostics.,Recollect Lighthouse/PageSpeed diagnostics or Playwright script inventory.
lab_root_cause_diagnostics,https://www.strique.io/contact?intent=careers&role=product-designer,medium,pass,lighthouse,brands/strique/references/evidence/20260629T193943Z/pages/a8afb7d90b1f/lighthouse.json,"Lab diagnostics available: largest-contentful-paint, cumulative-layout-shift, speed-index, total-blocking-time.",
crawl_status,https://www.strique.io/contact?intent=careers&role=revenue-marketer,high,pass,firecrawl,brands/strique/references/crawls/20260629T193943Z/pages/db714ebf501d/firecrawl.json,URL crawled with status 200.,
indexable,https://www.strique.io/contact?intent=careers&role=revenue-marketer,high,pass,firecrawl,brands/strique/references/crawls/20260629T193943Z/pages/db714ebf501d/firecrawl.json,Indexability is yes.,
title_present,https://www.strique.io/contact?intent=careers&role=revenue-marketer,medium,pass,firecrawl,brands/strique/references/crawls/20260629T193943Z/pages/db714ebf501d/firecrawl.json,Title: Contact Strique Sales and Support · Strique,
meta_description_present,https://www.strique.io/contact?intent=careers&role=revenue-marketer,medium,pass,firecrawl,brands/strique/references/crawls/20260629T193943Z/pages/db714ebf501d/firecrawl.json,"Meta description: Book a demo, talk to sales, or ask a hard question. We reply within one business day.",
single_h1,https://www.strique.io/contact?intent=careers&role=revenue-marketer,medium,fail,firecrawl,brands/strique/references/crawls/20260629T193943Z/pages/db714ebf501d/firecrawl.json,H1 count is 2.,Use one clear H1 on the page.
canonical_match,https://www.strique.io/contact?intent=careers&role=revenue-marketer,high,fail,firecrawl,brands/strique/references/crawls/20260629T193943Z/pages/db714ebf501d/firecrawl.json,Canonical: https://www.strique.io/contact,Set canonical to the intended indexable URL.
schema_present,https://www.strique.io/contact?intent=careers&role=revenue-marketer,low,pass,firecrawl,brands/strique/references/crawls/20260629T193943Z/pages/db714ebf501d/firecrawl.json,"Schema types: ContactPoint, Organization, SearchAction, WebSite",
image_alt_text,https://www.strique.io/contact?intent=careers&role=revenue-marketer,low,fail,firecrawl,brands/strique/references/crawls/20260629T193943Z/pages/db714ebf501d/firecrawl.json,3 images are missing alt text.,Add useful alt text for meaningful images.
sitemap_inclusion,https://www.strique.io/contact?intent=careers&role=revenue-marketer,low,fail,firecrawl,brands/strique/references/crawls/20260629T193943Z/pages/db714ebf501d/firecrawl.json,Sitemap inclusion is no.,Add canonical public URLs to the XML sitemap.
content_visible,https://www.strique.io/contact?intent=careers&role=revenue-marketer,high,pass,firecrawl,brands/strique/references/crawls/20260629T193943Z/pages/db714ebf501d/firecrawl.json,Rendered public text has 7846 words.,
content_type_classifiable,https://www.strique.io/contact?intent=careers&role=revenue-marketer,medium,pass,firecrawl,brands/strique/references/crawls/20260629T193943Z/pages/db714ebf501d/firecrawl.json,"Public URL, title, and rendered text were reviewed for a recognizable page type.",
resource_rendering_not_blocked,https://www.strique.io/contact?intent=careers&role=revenue-marketer,high,pass,firecrawl,brands/strique/references/crawls/20260629T193943Z/pages/db714ebf501d/firecrawl.json,Critical page content rendered successfully.,
title_not_keyword_stuffed,https://www.strique.io/contact?intent=careers&role=revenue-marketer,medium,pass,firecrawl,brands/strique/references/crawls/20260629T193943Z/pages/db714ebf501d/firecrawl.json,Title reviewed for repeated terms and separator stuffing: Contact Strique Sales and Support · Strique.,
heading_not_keyword_stuffed,https://www.strique.io/contact?intent=careers&role=revenue-marketer,medium,pass,firecrawl,brands/strique/references/crawls/20260629T193943Z/pages/db714ebf501d/firecrawl.json,1 rendered headings reviewed for stuffing.,
preview_controls_safe,https://www.strique.io/contact?intent=careers&role=revenue-marketer,medium,pass,firecrawl,brands/strique/references/crawls/20260629T193943Z/pages/db714ebf501d/firecrawl.json,No harmful snippet preview controls were detected.,
url_path_clean,https://www.strique.io/contact?intent=careers&role=revenue-marketer,medium,fail,firecrawl,brands/strique/references/crawls/20260629T193943Z/pages/db714ebf501d/firecrawl.json,"URL path reviewed for IDs, dates, session keys, and implementation details.",Use clean canonical URLs without implementation details.
media_support_present,https://www.strique.io/contact?intent=careers&role=revenue-marketer,low,pass,firecrawl,brands/strique/references/crawls/20260629T193943Z/pages/db714ebf501d/firecrawl.json,6 images found on the page.,
content_not_ai_slop,https://www.strique.io/contact?intent=careers&role=revenue-marketer,low,pass,firecrawl,brands/strique/references/crawls/20260629T193943Z/pages/db714ebf501d/firecrawl.json,Rendered copy reviewed for common generic AI filler phrases.,
thin_prompt_variant_pages,https://www.strique.io/contact?intent=careers&role=revenue-marketer,medium,pass,firecrawl,brands/strique/references/crawls/20260629T193943Z/pages/db714ebf501d/firecrawl.json,Rendered public text has 7846 words.,
docs_content_extractable,https://www.strique.io/contact?intent=careers&role=revenue-marketer,medium,not_applicable,firecrawl,brands/strique/references/crawls/20260629T193943Z/pages/db714ebf501d/firecrawl.json,This is not a docs or support URL.,
performance_score,https://www.strique.io/contact?intent=careers&role=revenue-marketer,medium,fail,lighthouse,brands/strique/references/evidence/20260629T193943Z/pages/db714ebf501d/lighthouse.json,Performance score is 0.8.,Improve Core Web Vitals and Lighthouse performance bottlenecks.
blocking_popups_interstitials,https://www.strique.io/contact?intent=careers&role=revenue-marketer,medium,fail,playwright,brands/strique/references/evidence/20260629T193943Z/pages/db714ebf501d/playwright.json,"1 large fixed, modal, or interstitial elements may block main content. 2 large fixed, modal, or interstitial elements may block main content.","Remove or reduce blocking overlays on first render, especially on mobile."
body_text_line_length,https://www.strique.io/contact?intent=careers&role=revenue-marketer,medium,pass,playwright,brands/strique/references/evidence/20260629T193943Z/pages/db714ebf501d/playwright.json,Sampled body text line length is readable. Sampled body text line length is readable.,
client_route_metadata,https://www.strique.io/contact?intent=careers&role=revenue-marketer,medium,not_applicable,playwright,brands/strique/references/evidence/20260629T193943Z/pages/db714ebf501d/playwright.json,"SPA markers were found, but route-change metadata was not triggered by this deterministic pass.",
color_contrast,https://www.strique.io/contact?intent=careers&role=revenue-marketer,medium,fail,playwright,brands/strique/references/evidence/20260629T193943Z/pages/db714ebf501d/playwright.json,3 sampled text elements have low contrast. 3 sampled text elements have low contrast.,Increase foreground/background contrast for readable text.
form_accessibility,https://www.strique.io/contact?intent=careers&role=revenue-marketer,medium,pass,playwright,brands/strique/references/evidence/20260629T193943Z/pages/db714ebf501d/playwright.json,Visible form fields have accessible names. Visible form fields have accessible names.,
fragment_deep_links,https://www.strique.io/contact?intent=careers&role=revenue-marketer,medium,not_applicable,playwright,brands/strique/references/evidence/20260629T193943Z/pages/db714ebf501d/playwright.json,No same-page fragment links found.,
horizontal_scroll,https://www.strique.io/contact?intent=careers&role=revenue-marketer,medium,pass,playwright,brands/strique/references/evidence/20260629T193943Z/pages/db714ebf501d/playwright.json,No horizontal overflow detected. No horizontal overflow detected.,
inaccessible_controls,https://www.strique.io/contact?intent=careers&role=revenue-marketer,medium,pass,playwright,brands/strique/references/evidence/20260629T193943Z/pages/db714ebf501d/playwright.json,Visible controls have accessible names. Visible controls have accessible names.,
keyboard_navigation,https://www.strique.io/contact?intent=careers&role=revenue-marketer,medium,pass,playwright,brands/strique/references/evidence/20260629T193943Z/pages/db714ebf501d/playwright.json,Keyboard focus reached 4 visible controls. Keyboard focus reached 4 visible controls.,
lazy_loading_in_viewport,https://www.strique.io/contact?intent=careers&role=revenue-marketer,medium,pass,playwright,brands/strique/references/evidence/20260629T193943Z/pages/db714ebf501d/playwright.json,No unloaded in-viewport lazy content detected. No unloaded in-viewport lazy content detected.,
mobile_form_usability,https://www.strique.io/contact?intent=careers&role=revenue-marketer,medium,pass,playwright,brands/strique/references/evidence/20260629T193943Z/pages/db714ebf501d/playwright.json,Mobile forms are short enough and usable in the viewport.,
mobile_text_readability,https://www.strique.io/contact?intent=careers&role=revenue-marketer,medium,fail,playwright,brands/strique/references/evidence/20260629T193943Z/pages/db714ebf501d/playwright.json,10 sampled text elements are too small or tight on mobile.,Increase mobile font size or line height for readable body text.
route_status_handling,https://www.strique.io/contact?intent=careers&role=revenue-marketer,medium,not_applicable,playwright,brands/strique/references/evidence/20260629T193943Z/pages/db714ebf501d/playwright.json,Route status handling is tested from the site root.,
table_semantics,https://www.strique.io/contact?intent=careers&role=revenue-marketer,medium,not_applicable,playwright,brands/strique/references/evidence/20260629T193943Z/pages/db714ebf501d/playwright.json,No visible tables found.,
tap_targets,https://www.strique.io/contact?intent=careers&role=revenue-marketer,medium,fail,playwright,brands/strique/references/evidence/20260629T193943Z/pages/db714ebf501d/playwright.json,10 small and 16 crowded mobile tap targets found.,Increase tap target size or spacing to at least common mobile accessibility targets.
text_spacing,https://www.strique.io/contact?intent=careers&role=revenue-marketer,medium,pass,playwright,brands/strique/references/evidence/20260629T193943Z/pages/db714ebf501d/playwright.json,WCAG text spacing did not cause overflow or content loss. WCAG text spacing did not cause overflow or content loss.,
zoom_readability,https://www.strique.io/contact?intent=careers&role=revenue-marketer,medium,pass,playwright,brands/strique/references/evidence/20260629T193943Z/pages/db714ebf501d/playwright.json,Common zoom readability did not cause overflow or content loss. Common zoom readability did not cause overflow or content loss.,
rich_result_properties,https://www.strique.io/contact?intent=careers&role=revenue-marketer,medium,pass,playwright,brands/strique/references/evidence/20260629T193943Z/pages/db714ebf501d/playwright.json,Supported rich result schema properties are present for: Organization.,
critical_css_font_loading,https://www.strique.io/contact?intent=careers&role=revenue-marketer,medium,fail,lighthouse,brands/strique/references/evidence/20260629T193943Z/pages/db714ebf501d/lighthouse.json,Stored lab artifact does not include critical CSS or font diagnostics.,Recollect Lighthouse or PageSpeed evidence with CSS and font diagnostics.
render_blocking_scripts,https://www.strique.io/contact?intent=careers&role=revenue-marketer,medium,fail,lighthouse,brands/strique/references/evidence/20260629T193943Z/pages/db714ebf501d/lighthouse.json,Stored artifacts do not include render-blocking script diagnostics.,Recollect Lighthouse/PageSpeed diagnostics or Playwright script inventory.
third_party_script_weight,https://www.strique.io/contact?intent=careers&role=revenue-marketer,medium,fail,lighthouse,brands/strique/references/evidence/20260629T193943Z/pages/db714ebf501d/lighthouse.json,Stored artifacts do not include third-party script weight diagnostics.,Recollect Lighthouse/PageSpeed diagnostics or Playwright script inventory.
lab_root_cause_diagnostics,https://www.strique.io/contact?intent=careers&role=revenue-marketer,medium,pass,lighthouse,brands/strique/references/evidence/20260629T193943Z/pages/db714ebf501d/lighthouse.json,"Lab diagnostics available: largest-contentful-paint, cumulative-layout-shift, speed-index, total-blocking-time.",
crawl_status,https://www.strique.io/contact?intent=careers&role=senior-full-stack-engineer,high,pass,firecrawl,brands/strique/references/crawls/20260629T193943Z/pages/ea651f33d41a/firecrawl.json,URL crawled with status 200.,
indexable,https://www.strique.io/contact?intent=careers&role=senior-full-stack-engineer,high,pass,firecrawl,brands/strique/references/crawls/20260629T193943Z/pages/ea651f33d41a/firecrawl.json,Indexability is yes.,
title_present,https://www.strique.io/contact?intent=careers&role=senior-full-stack-engineer,medium,pass,firecrawl,brands/strique/references/crawls/20260629T193943Z/pages/ea651f33d41a/firecrawl.json,Title: Contact Strique Sales and Support · Strique,
meta_description_present,https://www.strique.io/contact?intent=careers&role=senior-full-stack-engineer,medium,pass,firecrawl,brands/strique/references/crawls/20260629T193943Z/pages/ea651f33d41a/firecrawl.json,"Meta description: Book a demo, talk to sales, or ask a hard question. We reply within one business day.",
single_h1,https://www.strique.io/contact?intent=careers&role=senior-full-stack-engineer,medium,fail,firecrawl,brands/strique/references/crawls/20260629T193943Z/pages/ea651f33d41a/firecrawl.json,H1 count is 2.,Use one clear H1 on the page.
canonical_match,https://www.strique.io/contact?intent=careers&role=senior-full-stack-engineer,high,fail,firecrawl,brands/strique/references/crawls/20260629T193943Z/pages/ea651f33d41a/firecrawl.json,Canonical: https://www.strique.io/contact,Set canonical to the intended indexable URL.
schema_present,https://www.strique.io/contact?intent=careers&role=senior-full-stack-engineer,low,pass,firecrawl,brands/strique/references/crawls/20260629T193943Z/pages/ea651f33d41a/firecrawl.json,"Schema types: ContactPoint, Organization, SearchAction, WebSite",
image_alt_text,https://www.strique.io/contact?intent=careers&role=senior-full-stack-engineer,low,fail,firecrawl,brands/strique/references/crawls/20260629T193943Z/pages/ea651f33d41a/firecrawl.json,3 images are missing alt text.,Add useful alt text for meaningful images.
sitemap_inclusion,https://www.strique.io/contact?intent=careers&role=senior-full-stack-engineer,low,fail,firecrawl,brands/strique/references/crawls/20260629T193943Z/pages/ea651f33d41a/firecrawl.json,Sitemap inclusion is no.,Add canonical public URLs to the XML sitemap.
content_visible,https://www.strique.io/contact?intent=careers&role=senior-full-stack-engineer,high,pass,firecrawl,brands/strique/references/crawls/20260629T193943Z/pages/ea651f33d41a/firecrawl.json,Rendered public text has 7846 words.,
content_type_classifiable,https://www.strique.io/contact?intent=careers&role=senior-full-stack-engineer,medium,pass,firecrawl,brands/strique/references/crawls/20260629T193943Z/pages/ea651f33d41a/firecrawl.json,"Public URL, title, and rendered text were reviewed for a recognizable page type.",
resource_rendering_not_blocked,https://www.strique.io/contact?intent=careers&role=senior-full-stack-engineer,high,pass,firecrawl,brands/strique/references/crawls/20260629T193943Z/pages/ea651f33d41a/firecrawl.json,Critical page content rendered successfully.,
title_not_keyword_stuffed,https://www.strique.io/contact?intent=careers&role=senior-full-stack-engineer,medium,pass,firecrawl,brands/strique/references/crawls/20260629T193943Z/pages/ea651f33d41a/firecrawl.json,Title reviewed for repeated terms and separator stuffing: Contact Strique Sales and Support · Strique.,
heading_not_keyword_stuffed,https://www.strique.io/contact?intent=careers&role=senior-full-stack-engineer,medium,pass,firecrawl,brands/strique/references/crawls/20260629T193943Z/pages/ea651f33d41a/firecrawl.json,1 rendered headings reviewed for stuffing.,
preview_controls_safe,https://www.strique.io/contact?intent=careers&role=senior-full-stack-engineer,medium,pass,firecrawl,brands/strique/references/crawls/20260629T193943Z/pages/ea651f33d41a/firecrawl.json,No harmful snippet preview controls were detected.,
url_path_clean,https://www.strique.io/contact?intent=careers&role=senior-full-stack-engineer,medium,fail,firecrawl,brands/strique/references/crawls/20260629T193943Z/pages/ea651f33d41a/firecrawl.json,"URL path reviewed for IDs, dates, session keys, and implementation details.",Use clean canonical URLs without implementation details.
media_support_present,https://www.strique.io/contact?intent=careers&role=senior-full-stack-engineer,low,pass,firecrawl,brands/strique/references/crawls/20260629T193943Z/pages/ea651f33d41a/firecrawl.json,6 images found on the page.,
content_not_ai_slop,https://www.strique.io/contact?intent=careers&role=senior-full-stack-engineer,low,pass,firecrawl,brands/strique/references/crawls/20260629T193943Z/pages/ea651f33d41a/firecrawl.json,Rendered copy reviewed for common generic AI filler phrases.,
thin_prompt_variant_pages,https://www.strique.io/contact?intent=careers&role=senior-full-stack-engineer,medium,pass,firecrawl,brands/strique/references/crawls/20260629T193943Z/pages/ea651f33d41a/firecrawl.json,Rendered public text has 7846 words.,
docs_content_extractable,https://www.strique.io/contact?intent=careers&role=senior-full-stack-engineer,medium,not_applicable,firecrawl,brands/strique/references/crawls/20260629T193943Z/pages/ea651f33d41a/firecrawl.json,This is not a docs or support URL.,
performance_score,https://www.strique.io/contact?intent=careers&role=senior-full-stack-engineer,medium,fail,lighthouse,brands/strique/references/evidence/20260629T193943Z/pages/ea651f33d41a/lighthouse.json,Performance score is 0.89.,Improve Core Web Vitals and Lighthouse performance bottlenecks.
blocking_popups_interstitials,https://www.strique.io/contact?intent=careers&role=senior-full-stack-engineer,medium,fail,playwright,brands/strique/references/evidence/20260629T193943Z/pages/ea651f33d41a/playwright.json,"1 large fixed, modal, or interstitial elements may block main content. 2 large fixed, modal, or interstitial elements may block main content.","Remove or reduce blocking overlays on first render, especially on mobile."
body_text_line_length,https://www.strique.io/contact?intent=careers&role=senior-full-stack-engineer,medium,pass,playwright,brands/strique/references/evidence/20260629T193943Z/pages/ea651f33d41a/playwright.json,Sampled body text line length is readable. Sampled body text line length is readable.,
client_route_metadata,https://www.strique.io/contact?intent=careers&role=senior-full-stack-engineer,medium,not_applicable,playwright,brands/strique/references/evidence/20260629T193943Z/pages/ea651f33d41a/playwright.json,"SPA markers were found, but route-change metadata was not triggered by this deterministic pass.",
color_contrast,https://www.strique.io/contact?intent=careers&role=senior-full-stack-engineer,medium,fail,playwright,brands/strique/references/evidence/20260629T193943Z/pages/ea651f33d41a/playwright.json,3 sampled text elements have low contrast. 3 sampled text elements have low contrast.,Increase foreground/background contrast for readable text.
form_accessibility,https://www.strique.io/contact?intent=careers&role=senior-full-stack-engineer,medium,pass,playwright,brands/strique/references/evidence/20260629T193943Z/pages/ea651f33d41a/playwright.json,Visible form fields have accessible names. Visible form fields have accessible names.,
fragment_deep_links,https://www.strique.io/contact?intent=careers&role=senior-full-stack-engineer,medium,not_applicable,playwright,brands/strique/references/evidence/20260629T193943Z/pages/ea651f33d41a/playwright.json,No same-page fragment links found.,
horizontal_scroll,https://www.strique.io/contact?intent=careers&role=senior-full-stack-engineer,medium,pass,playwright,brands/strique/references/evidence/20260629T193943Z/pages/ea651f33d41a/playwright.json,No horizontal overflow detected. No horizontal overflow detected.,
inaccessible_controls,https://www.strique.io/contact?intent=careers&role=senior-full-stack-engineer,medium,pass,playwright,brands/strique/references/evidence/20260629T193943Z/pages/ea651f33d41a/playwright.json,Visible controls have accessible names. Visible controls have accessible names.,
keyboard_navigation,https://www.strique.io/contact?intent=careers&role=senior-full-stack-engineer,medium,pass,playwright,brands/strique/references/evidence/20260629T193943Z/pages/ea651f33d41a/playwright.json,Keyboard focus reached 4 visible controls. Keyboard focus reached 4 visible controls.,
lazy_loading_in_viewport,https://www.strique.io/contact?intent=careers&role=senior-full-stack-engineer,medium,pass,playwright,brands/strique/references/evidence/20260629T193943Z/pages/ea651f33d41a/playwright.json,No unloaded in-viewport lazy content detected. No unloaded in-viewport lazy content detected.,
mobile_form_usability,https://www.strique.io/contact?intent=careers&role=senior-full-stack-engineer,medium,pass,playwright,brands/strique/references/evidence/20260629T193943Z/pages/ea651f33d41a/playwright.json,Mobile forms are short enough and usable in the viewport.,
mobile_text_readability,https://www.strique.io/contact?intent=careers&role=senior-full-stack-engineer,medium,fail,playwright,brands/strique/references/evidence/20260629T193943Z/pages/ea651f33d41a/playwright.json,10 sampled text elements are too small or tight on mobile.,Increase mobile font size or line height for readable body text.
route_status_handling,https://www.strique.io/contact?intent=careers&role=senior-full-stack-engineer,medium,not_applicable,playwright,brands/strique/references/evidence/20260629T193943Z/pages/ea651f33d41a/playwright.json,Route status handling is tested from the site root.,
table_semantics,https://www.strique.io/contact?intent=careers&role=senior-full-stack-engineer,medium,not_applicable,playwright,brands/strique/references/evidence/20260629T193943Z/pages/ea651f33d41a/playwright.json,No visible tables found.,
tap_targets,https://www.strique.io/contact?intent=careers&role=senior-full-stack-engineer,medium,fail,playwright,brands/strique/references/evidence/20260629T193943Z/pages/ea651f33d41a/playwright.json,10 small and 16 crowded mobile tap targets found.,Increase tap target size or spacing to at least common mobile accessibility targets.
text_spacing,https://www.strique.io/contact?intent=careers&role=senior-full-stack-engineer,medium,pass,playwright,brands/strique/references/evidence/20260629T193943Z/pages/ea651f33d41a/playwright.json,WCAG text spacing did not cause overflow or content loss. WCAG text spacing did not cause overflow or content loss.,
zoom_readability,https://www.strique.io/contact?intent=careers&role=senior-full-stack-engineer,medium,pass,playwright,brands/strique/references/evidence/20260629T193943Z/pages/ea651f33d41a/playwright.json,Common zoom readability did not cause overflow or content loss. Common zoom readability did not cause overflow or content loss.,
rich_result_properties,https://www.strique.io/contact?intent=careers&role=senior-full-stack-engineer,medium,pass,playwright,brands/strique/references/evidence/20260629T193943Z/pages/ea651f33d41a/playwright.json,Supported rich result schema properties are present for: Organization.,
critical_css_font_loading,https://www.strique.io/contact?intent=careers&role=senior-full-stack-engineer,medium,fail,lighthouse,brands/strique/references/evidence/20260629T193943Z/pages/ea651f33d41a/lighthouse.json,Stored lab artifact does not include critical CSS or font diagnostics.,Recollect Lighthouse or PageSpeed evidence with CSS and font diagnostics.
render_blocking_scripts,https://www.strique.io/contact?intent=careers&role=senior-full-stack-engineer,medium,fail,lighthouse,brands/strique/references/evidence/20260629T193943Z/pages/ea651f33d41a/lighthouse.json,Stored artifacts do not include render-blocking script diagnostics.,Recollect Lighthouse/PageSpeed diagnostics or Playwright script inventory.
third_party_script_weight,https://www.strique.io/contact?intent=careers&role=senior-full-stack-engineer,medium,fail,lighthouse,brands/strique/references/evidence/20260629T193943Z/pages/ea651f33d41a/lighthouse.json,Stored artifacts do not include third-party script weight diagnostics.,Recollect Lighthouse/PageSpeed diagnostics or Playwright script inventory.
lab_root_cause_diagnostics,https://www.strique.io/contact?intent=careers&role=senior-full-stack-engineer,medium,pass,lighthouse,brands/strique/references/evidence/20260629T193943Z/pages/ea651f33d41a/lighthouse.json,"Lab diagnostics available: largest-contentful-paint, cumulative-layout-shift, speed-index, total-blocking-time.",
crawl_status,https://www.strique.io/contact?intent=demo,high,pass,firecrawl,brands/strique/references/crawls/20260629T193943Z/pages/3154041d4f1e/firecrawl.json,URL crawled with status 200.,
indexable,https://www.strique.io/contact?intent=demo,high,pass,firecrawl,brands/strique/references/crawls/20260629T193943Z/pages/3154041d4f1e/firecrawl.json,Indexability is yes.,
title_present,https://www.strique.io/contact?intent=demo,medium,pass,firecrawl,brands/strique/references/crawls/20260629T193943Z/pages/3154041d4f1e/firecrawl.json,Title: Contact Strique Sales and Support · Strique,
meta_description_present,https://www.strique.io/contact?intent=demo,medium,pass,firecrawl,brands/strique/references/crawls/20260629T193943Z/pages/3154041d4f1e/firecrawl.json,"Meta description: Book a demo, talk to sales, or ask a hard question. We reply within one business day.",
single_h1,https://www.strique.io/contact?intent=demo,medium,fail,firecrawl,brands/strique/references/crawls/20260629T193943Z/pages/3154041d4f1e/firecrawl.json,H1 count is 2.,Use one clear H1 on the page.
canonical_match,https://www.strique.io/contact?intent=demo,high,fail,firecrawl,brands/strique/references/crawls/20260629T193943Z/pages/3154041d4f1e/firecrawl.json,Canonical: https://www.strique.io/contact,Set canonical to the intended indexable URL.
schema_present,https://www.strique.io/contact?intent=demo,low,pass,firecrawl,brands/strique/references/crawls/20260629T193943Z/pages/3154041d4f1e/firecrawl.json,"Schema types: ContactPoint, Organization, SearchAction, WebSite",
image_alt_text,https://www.strique.io/contact?intent=demo,low,fail,firecrawl,brands/strique/references/crawls/20260629T193943Z/pages/3154041d4f1e/firecrawl.json,3 images are missing alt text.,Add useful alt text for meaningful images.
sitemap_inclusion,https://www.strique.io/contact?intent=demo,low,fail,firecrawl,brands/strique/references/crawls/20260629T193943Z/pages/3154041d4f1e/firecrawl.json,Sitemap inclusion is no.,Add canonical public URLs to the XML sitemap.
content_visible,https://www.strique.io/contact?intent=demo,high,pass,firecrawl,brands/strique/references/crawls/20260629T193943Z/pages/3154041d4f1e/firecrawl.json,Rendered public text has 7860 words.,
content_type_classifiable,https://www.strique.io/contact?intent=demo,medium,pass,firecrawl,brands/strique/references/crawls/20260629T193943Z/pages/3154041d4f1e/firecrawl.json,"Public URL, title, and rendered text were reviewed for a recognizable page type.",
resource_rendering_not_blocked,https://www.strique.io/contact?intent=demo,high,pass,firecrawl,brands/strique/references/crawls/20260629T193943Z/pages/3154041d4f1e/firecrawl.json,Critical page content rendered successfully.,
title_not_keyword_stuffed,https://www.strique.io/contact?intent=demo,medium,pass,firecrawl,brands/strique/references/crawls/20260629T193943Z/pages/3154041d4f1e/firecrawl.json,Title reviewed for repeated terms and separator stuffing: Contact Strique Sales and Support · Strique.,
heading_not_keyword_stuffed,https://www.strique.io/contact?intent=demo,medium,pass,firecrawl,brands/strique/references/crawls/20260629T193943Z/pages/3154041d4f1e/firecrawl.json,1 rendered headings reviewed for stuffing.,
preview_controls_safe,https://www.strique.io/contact?intent=demo,medium,pass,firecrawl,brands/strique/references/crawls/20260629T193943Z/pages/3154041d4f1e/firecrawl.json,No harmful snippet preview controls were detected.,
url_path_clean,https://www.strique.io/contact?intent=demo,medium,fail,firecrawl,brands/strique/references/crawls/20260629T193943Z/pages/3154041d4f1e/firecrawl.json,"URL path reviewed for IDs, dates, session keys, and implementation details.",Use clean canonical URLs without implementation details.
media_support_present,https://www.strique.io/contact?intent=demo,low,pass,firecrawl,brands/strique/references/crawls/20260629T193943Z/pages/3154041d4f1e/firecrawl.json,6 images found on the page.,
content_not_ai_slop,https://www.strique.io/contact?intent=demo,low,pass,firecrawl,brands/strique/references/crawls/20260629T193943Z/pages/3154041d4f1e/firecrawl.json,Rendered copy reviewed for common generic AI filler phrases.,
thin_prompt_variant_pages,https://www.strique.io/contact?intent=demo,medium,pass,firecrawl,brands/strique/references/crawls/20260629T193943Z/pages/3154041d4f1e/firecrawl.json,Rendered public text has 7860 words.,
docs_content_extractable,https://www.strique.io/contact?intent=demo,medium,not_applicable,firecrawl,brands/strique/references/crawls/20260629T193943Z/pages/3154041d4f1e/firecrawl.json,This is not a docs or support URL.,
performance_score,https://www.strique.io/contact?intent=demo,medium,pass,lighthouse,brands/strique/references/evidence/20260629T193943Z/pages/3154041d4f1e/lighthouse.json,Performance score is 0.94.,
blocking_popups_interstitials,https://www.strique.io/contact?intent=demo,medium,fail,playwright,brands/strique/references/evidence/20260629T193943Z/pages/3154041d4f1e/playwright.json,"1 large fixed, modal, or interstitial elements may block main content. 2 large fixed, modal, or interstitial elements may block main content.","Remove or reduce blocking overlays on first render, especially on mobile."
body_text_line_length,https://www.strique.io/contact?intent=demo,medium,pass,playwright,brands/strique/references/evidence/20260629T193943Z/pages/3154041d4f1e/playwright.json,Sampled body text line length is readable. Sampled body text line length is readable.,
client_route_metadata,https://www.strique.io/contact?intent=demo,medium,not_applicable,playwright,brands/strique/references/evidence/20260629T193943Z/pages/3154041d4f1e/playwright.json,"SPA markers were found, but route-change metadata was not triggered by this deterministic pass.",
color_contrast,https://www.strique.io/contact?intent=demo,medium,fail,playwright,brands/strique/references/evidence/20260629T193943Z/pages/3154041d4f1e/playwright.json,3 sampled text elements have low contrast. 3 sampled text elements have low contrast.,Increase foreground/background contrast for readable text.
form_accessibility,https://www.strique.io/contact?intent=demo,medium,pass,playwright,brands/strique/references/evidence/20260629T193943Z/pages/3154041d4f1e/playwright.json,Visible form fields have accessible names. Visible form fields have accessible names.,
fragment_deep_links,https://www.strique.io/contact?intent=demo,medium,not_applicable,playwright,brands/strique/references/evidence/20260629T193943Z/pages/3154041d4f1e/playwright.json,No same-page fragment links found.,
horizontal_scroll,https://www.strique.io/contact?intent=demo,medium,pass,playwright,brands/strique/references/evidence/20260629T193943Z/pages/3154041d4f1e/playwright.json,No horizontal overflow detected. No horizontal overflow detected.,
inaccessible_controls,https://www.strique.io/contact?intent=demo,medium,pass,playwright,brands/strique/references/evidence/20260629T193943Z/pages/3154041d4f1e/playwright.json,Visible controls have accessible names. Visible controls have accessible names.,
keyboard_navigation,https://www.strique.io/contact?intent=demo,medium,pass,playwright,brands/strique/references/evidence/20260629T193943Z/pages/3154041d4f1e/playwright.json,Keyboard focus reached 4 visible controls. Keyboard focus reached 4 visible controls.,
lazy_loading_in_viewport,https://www.strique.io/contact?intent=demo,medium,pass,playwright,brands/strique/references/evidence/20260629T193943Z/pages/3154041d4f1e/playwright.json,No unloaded in-viewport lazy content detected. No unloaded in-viewport lazy content detected.,
mobile_form_usability,https://www.strique.io/contact?intent=demo,medium,pass,playwright,brands/strique/references/evidence/20260629T193943Z/pages/3154041d4f1e/playwright.json,Mobile forms are short enough and usable in the viewport.,
mobile_text_readability,https://www.strique.io/contact?intent=demo,medium,fail,playwright,brands/strique/references/evidence/20260629T193943Z/pages/3154041d4f1e/playwright.json,10 sampled text elements are too small or tight on mobile.,Increase mobile font size or line height for readable body text.
route_status_handling,https://www.strique.io/contact?intent=demo,medium,not_applicable,playwright,brands/strique/references/evidence/20260629T193943Z/pages/3154041d4f1e/playwright.json,Route status handling is tested from the site root.,
table_semantics,https://www.strique.io/contact?intent=demo,medium,not_applicable,playwright,brands/strique/references/evidence/20260629T193943Z/pages/3154041d4f1e/playwright.json,No visible tables found.,
tap_targets,https://www.strique.io/contact?intent=demo,medium,fail,playwright,brands/strique/references/evidence/20260629T193943Z/pages/3154041d4f1e/playwright.json,10 small and 16 crowded mobile tap targets found.,Increase tap target size or spacing to at least common mobile accessibility targets.
text_spacing,https://www.strique.io/contact?intent=demo,medium,pass,playwright,brands/strique/references/evidence/20260629T193943Z/pages/3154041d4f1e/playwright.json,WCAG text spacing did not cause overflow or content loss. WCAG text spacing did not cause overflow or content loss.,
zoom_readability,https://www.strique.io/contact?intent=demo,medium,pass,playwright,brands/strique/references/evidence/20260629T193943Z/pages/3154041d4f1e/playwright.json,Common zoom readability did not cause overflow or content loss. Common zoom readability did not cause overflow or content loss.,
rich_result_properties,https://www.strique.io/contact?intent=demo,medium,pass,playwright,brands/strique/references/evidence/20260629T193943Z/pages/3154041d4f1e/playwright.json,Supported rich result schema properties are present for: Organization.,
critical_css_font_loading,https://www.strique.io/contact?intent=demo,medium,fail,lighthouse,brands/strique/references/evidence/20260629T193943Z/pages/3154041d4f1e/lighthouse.json,Stored lab artifact does not include critical CSS or font diagnostics.,Recollect Lighthouse or PageSpeed evidence with CSS and font diagnostics.
render_blocking_scripts,https://www.strique.io/contact?intent=demo,medium,fail,lighthouse,brands/strique/references/evidence/20260629T193943Z/pages/3154041d4f1e/lighthouse.json,Stored artifacts do not include render-blocking script diagnostics.,Recollect Lighthouse/PageSpeed diagnostics or Playwright script inventory.
third_party_script_weight,https://www.strique.io/contact?intent=demo,medium,fail,lighthouse,brands/strique/references/evidence/20260629T193943Z/pages/3154041d4f1e/lighthouse.json,Stored artifacts do not include third-party script weight diagnostics.,Recollect Lighthouse/PageSpeed diagnostics or Playwright script inventory.
lab_root_cause_diagnostics,https://www.strique.io/contact?intent=demo,medium,pass,lighthouse,brands/strique/references/evidence/20260629T193943Z/pages/3154041d4f1e/lighthouse.json,"Lab diagnostics available: largest-contentful-paint, cumulative-layout-shift, speed-index, total-blocking-time.",
crawl_status,https://www.strique.io/contact?intent=newsletter,high,pass,firecrawl,brands/strique/references/crawls/20260629T193943Z/pages/306f4d4dbd8f/firecrawl.json,URL crawled with status 200.,
indexable,https://www.strique.io/contact?intent=newsletter,high,pass,firecrawl,brands/strique/references/crawls/20260629T193943Z/pages/306f4d4dbd8f/firecrawl.json,Indexability is yes.,
title_present,https://www.strique.io/contact?intent=newsletter,medium,pass,firecrawl,brands/strique/references/crawls/20260629T193943Z/pages/306f4d4dbd8f/firecrawl.json,Title: Contact Strique Sales and Support · Strique,
meta_description_present,https://www.strique.io/contact?intent=newsletter,medium,pass,firecrawl,brands/strique/references/crawls/20260629T193943Z/pages/306f4d4dbd8f/firecrawl.json,"Meta description: Book a demo, talk to sales, or ask a hard question. We reply within one business day.",
single_h1,https://www.strique.io/contact?intent=newsletter,medium,fail,firecrawl,brands/strique/references/crawls/20260629T193943Z/pages/306f4d4dbd8f/firecrawl.json,H1 count is 2.,Use one clear H1 on the page.
canonical_match,https://www.strique.io/contact?intent=newsletter,high,fail,firecrawl,brands/strique/references/crawls/20260629T193943Z/pages/306f4d4dbd8f/firecrawl.json,Canonical: https://www.strique.io/contact,Set canonical to the intended indexable URL.
schema_present,https://www.strique.io/contact?intent=newsletter,low,pass,firecrawl,brands/strique/references/crawls/20260629T193943Z/pages/306f4d4dbd8f/firecrawl.json,"Schema types: ContactPoint, Organization, SearchAction, WebSite",
image_alt_text,https://www.strique.io/contact?intent=newsletter,low,fail,firecrawl,brands/strique/references/crawls/20260629T193943Z/pages/306f4d4dbd8f/firecrawl.json,3 images are missing alt text.,Add useful alt text for meaningful images.
sitemap_inclusion,https://www.strique.io/contact?intent=newsletter,low,fail,firecrawl,brands/strique/references/crawls/20260629T193943Z/pages/306f4d4dbd8f/firecrawl.json,Sitemap inclusion is no.,Add canonical public URLs to the XML sitemap.
content_visible,https://www.strique.io/contact?intent=newsletter,high,pass,firecrawl,brands/strique/references/crawls/20260629T193943Z/pages/306f4d4dbd8f/firecrawl.json,Rendered public text has 7846 words.,
content_type_classifiable,https://www.strique.io/contact?intent=newsletter,medium,pass,firecrawl,brands/strique/references/crawls/20260629T193943Z/pages/306f4d4dbd8f/firecrawl.json,"Public URL, title, and rendered text were reviewed for a recognizable page type.",
resource_rendering_not_blocked,https://www.strique.io/contact?intent=newsletter,high,pass,firecrawl,brands/strique/references/crawls/20260629T193943Z/pages/306f4d4dbd8f/firecrawl.json,Critical page content rendered successfully.,
title_not_keyword_stuffed,https://www.strique.io/contact?intent=newsletter,medium,pass,firecrawl,brands/strique/references/crawls/20260629T193943Z/pages/306f4d4dbd8f/firecrawl.json,Title reviewed for repeated terms and separator stuffing: Contact Strique Sales and Support · Strique.,
heading_not_keyword_stuffed,https://www.strique.io/contact?intent=newsletter,medium,pass,firecrawl,brands/strique/references/crawls/20260629T193943Z/pages/306f4d4dbd8f/firecrawl.json,1 rendered headings reviewed for stuffing.,
preview_controls_safe,https://www.strique.io/contact?intent=newsletter,medium,pass,firecrawl,brands/strique/references/crawls/20260629T193943Z/pages/306f4d4dbd8f/firecrawl.json,No harmful snippet preview controls were detected.,
url_path_clean,https://www.strique.io/contact?intent=newsletter,medium,fail,firecrawl,brands/strique/references/crawls/20260629T193943Z/pages/306f4d4dbd8f/firecrawl.json,"URL path reviewed for IDs, dates, session keys, and implementation details.",Use clean canonical URLs without implementation details.
media_support_present,https://www.strique.io/contact?intent=newsletter,low,pass,firecrawl,brands/strique/references/crawls/20260629T193943Z/pages/306f4d4dbd8f/firecrawl.json,6 images found on the page.,
content_not_ai_slop,https://www.strique.io/contact?intent=newsletter,low,pass,firecrawl,brands/strique/references/crawls/20260629T193943Z/pages/306f4d4dbd8f/firecrawl.json,Rendered copy reviewed for common generic AI filler phrases.,
thin_prompt_variant_pages,https://www.strique.io/contact?intent=newsletter,medium,pass,firecrawl,brands/strique/references/crawls/20260629T193943Z/pages/306f4d4dbd8f/firecrawl.json,Rendered public text has 7846 words.,
docs_content_extractable,https://www.strique.io/contact?intent=newsletter,medium,not_applicable,firecrawl,brands/strique/references/crawls/20260629T193943Z/pages/306f4d4dbd8f/firecrawl.json,This is not a docs or support URL.,
performance_score,https://www.strique.io/contact?intent=newsletter,medium,fail,lighthouse,brands/strique/references/evidence/20260629T193943Z/pages/306f4d4dbd8f/lighthouse.json,Performance score is 0.81.,Improve Core Web Vitals and Lighthouse performance bottlenecks.
blocking_popups_interstitials,https://www.strique.io/contact?intent=newsletter,medium,fail,playwright,brands/strique/references/evidence/20260629T193943Z/pages/306f4d4dbd8f/playwright.json,"1 large fixed, modal, or interstitial elements may block main content. 2 large fixed, modal, or interstitial elements may block main content.","Remove or reduce blocking overlays on first render, especially on mobile."
body_text_line_length,https://www.strique.io/contact?intent=newsletter,medium,pass,playwright,brands/strique/references/evidence/20260629T193943Z/pages/306f4d4dbd8f/playwright.json,Sampled body text line length is readable. Sampled body text line length is readable.,
client_route_metadata,https://www.strique.io/contact?intent=newsletter,medium,not_applicable,playwright,brands/strique/references/evidence/20260629T193943Z/pages/306f4d4dbd8f/playwright.json,"SPA markers were found, but route-change metadata was not triggered by this deterministic pass.",
color_contrast,https://www.strique.io/contact?intent=newsletter,medium,fail,playwright,brands/strique/references/evidence/20260629T193943Z/pages/306f4d4dbd8f/playwright.json,3 sampled text elements have low contrast. 3 sampled text elements have low contrast.,Increase foreground/background contrast for readable text.
form_accessibility,https://www.strique.io/contact?intent=newsletter,medium,pass,playwright,brands/strique/references/evidence/20260629T193943Z/pages/306f4d4dbd8f/playwright.json,Visible form fields have accessible names. Visible form fields have accessible names.,
fragment_deep_links,https://www.strique.io/contact?intent=newsletter,medium,not_applicable,playwright,brands/strique/references/evidence/20260629T193943Z/pages/306f4d4dbd8f/playwright.json,No same-page fragment links found.,
horizontal_scroll,https://www.strique.io/contact?intent=newsletter,medium,pass,playwright,brands/strique/references/evidence/20260629T193943Z/pages/306f4d4dbd8f/playwright.json,No horizontal overflow detected. No horizontal overflow detected.,
inaccessible_controls,https://www.strique.io/contact?intent=newsletter,medium,pass,playwright,brands/strique/references/evidence/20260629T193943Z/pages/306f4d4dbd8f/playwright.json,Visible controls have accessible names. Visible controls have accessible names.,
keyboard_navigation,https://www.strique.io/contact?intent=newsletter,medium,pass,playwright,brands/strique/references/evidence/20260629T193943Z/pages/306f4d4dbd8f/playwright.json,Keyboard focus reached 4 visible controls. Keyboard focus reached 4 visible controls.,
lazy_loading_in_viewport,https://www.strique.io/contact?intent=newsletter,medium,pass,playwright,brands/strique/references/evidence/20260629T193943Z/pages/306f4d4dbd8f/playwright.json,No unloaded in-viewport lazy content detected. No unloaded in-viewport lazy content detected.,
mobile_form_usability,https://www.strique.io/contact?intent=newsletter,medium,pass,playwright,brands/strique/references/evidence/20260629T193943Z/pages/306f4d4dbd8f/playwright.json,Mobile forms are short enough and usable in the viewport.,
mobile_text_readability,https://www.strique.io/contact?intent=newsletter,medium,fail,playwright,brands/strique/references/evidence/20260629T193943Z/pages/306f4d4dbd8f/playwright.json,10 sampled text elements are too small or tight on mobile.,Increase mobile font size or line height for readable body text.
route_status_handling,https://www.strique.io/contact?intent=newsletter,medium,not_applicable,playwright,brands/strique/references/evidence/20260629T193943Z/pages/306f4d4dbd8f/playwright.json,Route status handling is tested from the site root.,
table_semantics,https://www.strique.io/contact?intent=newsletter,medium,not_applicable,playwright,brands/strique/references/evidence/20260629T193943Z/pages/306f4d4dbd8f/playwright.json,No visible tables found.,
tap_targets,https://www.strique.io/contact?intent=newsletter,medium,fail,playwright,brands/strique/references/evidence/20260629T193943Z/pages/306f4d4dbd8f/playwright.json,10 small and 16 crowded mobile tap targets found.,Increase tap target size or spacing to at least common mobile accessibility targets.
text_spacing,https://www.strique.io/contact?intent=newsletter,medium,pass,playwright,brands/strique/references/evidence/20260629T193943Z/pages/306f4d4dbd8f/playwright.json,WCAG text spacing did not cause overflow or content loss. WCAG text spacing did not cause overflow or content loss.,
zoom_readability,https://www.strique.io/contact?intent=newsletter,medium,pass,playwright,brands/strique/references/evidence/20260629T193943Z/pages/306f4d4dbd8f/playwright.json,Common zoom readability did not cause overflow or content loss. Common zoom readability did not cause overflow or content loss.,
rich_result_properties,https://www.strique.io/contact?intent=newsletter,medium,pass,playwright,brands/strique/references/evidence/20260629T193943Z/pages/306f4d4dbd8f/playwright.json,Supported rich result schema properties are present for: Organization.,
critical_css_font_loading,https://www.strique.io/contact?intent=newsletter,medium,fail,lighthouse,brands/strique/references/evidence/20260629T193943Z/pages/306f4d4dbd8f/lighthouse.json,Stored lab artifact does not include critical CSS or font diagnostics.,Recollect Lighthouse or PageSpeed evidence with CSS and font diagnostics.
render_blocking_scripts,https://www.strique.io/contact?intent=newsletter,medium,fail,lighthouse,brands/strique/references/evidence/20260629T193943Z/pages/306f4d4dbd8f/lighthouse.json,Stored artifacts do not include render-blocking script diagnostics.,Recollect Lighthouse/PageSpeed diagnostics or Playwright script inventory.
third_party_script_weight,https://www.strique.io/contact?intent=newsletter,medium,fail,lighthouse,brands/strique/references/evidence/20260629T193943Z/pages/306f4d4dbd8f/lighthouse.json,Stored artifacts do not include third-party script weight diagnostics.,Recollect Lighthouse/PageSpeed diagnostics or Playwright script inventory.
lab_root_cause_diagnostics,https://www.strique.io/contact?intent=newsletter,medium,pass,lighthouse,brands/strique/references/evidence/20260629T193943Z/pages/306f4d4dbd8f/lighthouse.json,"Lab diagnostics available: largest-contentful-paint, cumulative-layout-shift, speed-index, total-blocking-time.",
crawl_status,https://www.strique.io/contact?intent=sales,high,pass,firecrawl,brands/strique/references/crawls/20260629T193943Z/pages/ac6c351e509d/firecrawl.json,URL crawled with status 200.,
indexable,https://www.strique.io/contact?intent=sales,high,pass,firecrawl,brands/strique/references/crawls/20260629T193943Z/pages/ac6c351e509d/firecrawl.json,Indexability is yes.,
title_present,https://www.strique.io/contact?intent=sales,medium,pass,firecrawl,brands/strique/references/crawls/20260629T193943Z/pages/ac6c351e509d/firecrawl.json,Title: Contact Strique Sales and Support · Strique,
meta_description_present,https://www.strique.io/contact?intent=sales,medium,pass,firecrawl,brands/strique/references/crawls/20260629T193943Z/pages/ac6c351e509d/firecrawl.json,"Meta description: Book a demo, talk to sales, or ask a hard question. We reply within one business day.",
single_h1,https://www.strique.io/contact?intent=sales,medium,fail,firecrawl,brands/strique/references/crawls/20260629T193943Z/pages/ac6c351e509d/firecrawl.json,H1 count is 2.,Use one clear H1 on the page.
canonical_match,https://www.strique.io/contact?intent=sales,high,fail,firecrawl,brands/strique/references/crawls/20260629T193943Z/pages/ac6c351e509d/firecrawl.json,Canonical: https://www.strique.io/contact,Set canonical to the intended indexable URL.
schema_present,https://www.strique.io/contact?intent=sales,low,pass,firecrawl,brands/strique/references/crawls/20260629T193943Z/pages/ac6c351e509d/firecrawl.json,"Schema types: ContactPoint, Organization, SearchAction, WebSite",
image_alt_text,https://www.strique.io/contact?intent=sales,low,fail,firecrawl,brands/strique/references/crawls/20260629T193943Z/pages/ac6c351e509d/firecrawl.json,3 images are missing alt text.,Add useful alt text for meaningful images.
sitemap_inclusion,https://www.strique.io/contact?intent=sales,low,fail,firecrawl,brands/strique/references/crawls/20260629T193943Z/pages/ac6c351e509d/firecrawl.json,Sitemap inclusion is no.,Add canonical public URLs to the XML sitemap.
content_visible,https://www.strique.io/contact?intent=sales,high,pass,firecrawl,brands/strique/references/crawls/20260629T193943Z/pages/ac6c351e509d/firecrawl.json,Rendered public text has 7846 words.,
content_type_classifiable,https://www.strique.io/contact?intent=sales,medium,pass,firecrawl,brands/strique/references/crawls/20260629T193943Z/pages/ac6c351e509d/firecrawl.json,"Public URL, title, and rendered text were reviewed for a recognizable page type.",
resource_rendering_not_blocked,https://www.strique.io/contact?intent=sales,high,pass,firecrawl,brands/strique/references/crawls/20260629T193943Z/pages/ac6c351e509d/firecrawl.json,Critical page content rendered successfully.,
title_not_keyword_stuffed,https://www.strique.io/contact?intent=sales,medium,pass,firecrawl,brands/strique/references/crawls/20260629T193943Z/pages/ac6c351e509d/firecrawl.json,Title reviewed for repeated terms and separator stuffing: Contact Strique Sales and Support · Strique.,
heading_not_keyword_stuffed,https://www.strique.io/contact?intent=sales,medium,pass,firecrawl,brands/strique/references/crawls/20260629T193943Z/pages/ac6c351e509d/firecrawl.json,1 rendered headings reviewed for stuffing.,
preview_controls_safe,https://www.strique.io/contact?intent=sales,medium,pass,firecrawl,brands/strique/references/crawls/20260629T193943Z/pages/ac6c351e509d/firecrawl.json,No harmful snippet preview controls were detected.,
url_path_clean,https://www.strique.io/contact?intent=sales,medium,fail,firecrawl,brands/strique/references/crawls/20260629T193943Z/pages/ac6c351e509d/firecrawl.json,"URL path reviewed for IDs, dates, session keys, and implementation details.",Use clean canonical URLs without implementation details.
media_support_present,https://www.strique.io/contact?intent=sales,low,pass,firecrawl,brands/strique/references/crawls/20260629T193943Z/pages/ac6c351e509d/firecrawl.json,6 images found on the page.,
content_not_ai_slop,https://www.strique.io/contact?intent=sales,low,pass,firecrawl,brands/strique/references/crawls/20260629T193943Z/pages/ac6c351e509d/firecrawl.json,Rendered copy reviewed for common generic AI filler phrases.,
thin_prompt_variant_pages,https://www.strique.io/contact?intent=sales,medium,pass,firecrawl,brands/strique/references/crawls/20260629T193943Z/pages/ac6c351e509d/firecrawl.json,Rendered public text has 7846 words.,
docs_content_extractable,https://www.strique.io/contact?intent=sales,medium,not_applicable,firecrawl,brands/strique/references/crawls/20260629T193943Z/pages/ac6c351e509d/firecrawl.json,This is not a docs or support URL.,
performance_score,https://www.strique.io/contact?intent=sales,medium,pass,lighthouse,brands/strique/references/evidence/20260629T193943Z/pages/ac6c351e509d/lighthouse.json,Performance score is 0.91.,
blocking_popups_interstitials,https://www.strique.io/contact?intent=sales,medium,fail,playwright,brands/strique/references/evidence/20260629T193943Z/pages/ac6c351e509d/playwright.json,"1 large fixed, modal, or interstitial elements may block main content. 2 large fixed, modal, or interstitial elements may block main content.","Remove or reduce blocking overlays on first render, especially on mobile."
body_text_line_length,https://www.strique.io/contact?intent=sales,medium,pass,playwright,brands/strique/references/evidence/20260629T193943Z/pages/ac6c351e509d/playwright.json,Sampled body text line length is readable. Sampled body text line length is readable.,
client_route_metadata,https://www.strique.io/contact?intent=sales,medium,not_applicable,playwright,brands/strique/references/evidence/20260629T193943Z/pages/ac6c351e509d/playwright.json,"SPA markers were found, but route-change metadata was not triggered by this deterministic pass.",
color_contrast,https://www.strique.io/contact?intent=sales,medium,fail,playwright,brands/strique/references/evidence/20260629T193943Z/pages/ac6c351e509d/playwright.json,3 sampled text elements have low contrast. 3 sampled text elements have low contrast.,Increase foreground/background contrast for readable text.
form_accessibility,https://www.strique.io/contact?intent=sales,medium,pass,playwright,brands/strique/references/evidence/20260629T193943Z/pages/ac6c351e509d/playwright.json,Visible form fields have accessible names. Visible form fields have accessible names.,
fragment_deep_links,https://www.strique.io/contact?intent=sales,medium,not_applicable,playwright,brands/strique/references/evidence/20260629T193943Z/pages/ac6c351e509d/playwright.json,No same-page fragment links found.,
horizontal_scroll,https://www.strique.io/contact?intent=sales,medium,pass,playwright,brands/strique/references/evidence/20260629T193943Z/pages/ac6c351e509d/playwright.json,No horizontal overflow detected. No horizontal overflow detected.,
inaccessible_controls,https://www.strique.io/contact?intent=sales,medium,pass,playwright,brands/strique/references/evidence/20260629T193943Z/pages/ac6c351e509d/playwright.json,Visible controls have accessible names. Visible controls have accessible names.,
keyboard_navigation,https://www.strique.io/contact?intent=sales,medium,pass,playwright,brands/strique/references/evidence/20260629T193943Z/pages/ac6c351e509d/playwright.json,Keyboard focus reached 4 visible controls. Keyboard focus reached 4 visible controls.,
lazy_loading_in_viewport,https://www.strique.io/contact?intent=sales,medium,pass,playwright,brands/strique/references/evidence/20260629T193943Z/pages/ac6c351e509d/playwright.json,No unloaded in-viewport lazy content detected. No unloaded in-viewport lazy content detected.,
mobile_form_usability,https://www.strique.io/contact?intent=sales,medium,pass,playwright,brands/strique/references/evidence/20260629T193943Z/pages/ac6c351e509d/playwright.json,Mobile forms are short enough and usable in the viewport.,
mobile_text_readability,https://www.strique.io/contact?intent=sales,medium,fail,playwright,brands/strique/references/evidence/20260629T193943Z/pages/ac6c351e509d/playwright.json,10 sampled text elements are too small or tight on mobile.,Increase mobile font size or line height for readable body text.
route_status_handling,https://www.strique.io/contact?intent=sales,medium,not_applicable,playwright,brands/strique/references/evidence/20260629T193943Z/pages/ac6c351e509d/playwright.json,Route status handling is tested from the site root.,
table_semantics,https://www.strique.io/contact?intent=sales,medium,not_applicable,playwright,brands/strique/references/evidence/20260629T193943Z/pages/ac6c351e509d/playwright.json,No visible tables found.,
tap_targets,https://www.strique.io/contact?intent=sales,medium,fail,playwright,brands/strique/references/evidence/20260629T193943Z/pages/ac6c351e509d/playwright.json,10 small and 16 crowded mobile tap targets found.,Increase tap target size or spacing to at least common mobile accessibility targets.
text_spacing,https://www.strique.io/contact?intent=sales,medium,pass,playwright,brands/strique/references/evidence/20260629T193943Z/pages/ac6c351e509d/playwright.json,WCAG text spacing did not cause overflow or content loss. WCAG text spacing did not cause overflow or content loss.,
zoom_readability,https://www.strique.io/contact?intent=sales,medium,pass,playwright,brands/strique/references/evidence/20260629T193943Z/pages/ac6c351e509d/playwright.json,Common zoom readability did not cause overflow or content loss. Common zoom readability did not cause overflow or content loss.,
rich_result_properties,https://www.strique.io/contact?intent=sales,medium,pass,playwright,brands/strique/references/evidence/20260629T193943Z/pages/ac6c351e509d/playwright.json,Supported rich result schema properties are present for: Organization.,
critical_css_font_loading,https://www.strique.io/contact?intent=sales,medium,fail,lighthouse,brands/strique/references/evidence/20260629T193943Z/pages/ac6c351e509d/lighthouse.json,Stored lab artifact does not include critical CSS or font diagnostics.,Recollect Lighthouse or PageSpeed evidence with CSS and font diagnostics.
render_blocking_scripts,https://www.strique.io/contact?intent=sales,medium,fail,lighthouse,brands/strique/references/evidence/20260629T193943Z/pages/ac6c351e509d/lighthouse.json,Stored artifacts do not include render-blocking script diagnostics.,Recollect Lighthouse/PageSpeed diagnostics or Playwright script inventory.
third_party_script_weight,https://www.strique.io/contact?intent=sales,medium,fail,lighthouse,brands/strique/references/evidence/20260629T193943Z/pages/ac6c351e509d/lighthouse.json,Stored artifacts do not include third-party script weight diagnostics.,Recollect Lighthouse/PageSpeed diagnostics or Playwright script inventory.
lab_root_cause_diagnostics,https://www.strique.io/contact?intent=sales,medium,pass,lighthouse,brands/strique/references/evidence/20260629T193943Z/pages/ac6c351e509d/lighthouse.json,"Lab diagnostics available: largest-contentful-paint, cumulative-layout-shift, speed-index, total-blocking-time.",
crawl_status,https://www.strique.io/customers,high,pass,firecrawl,brands/strique/references/crawls/20260629T193943Z/pages/817313884568/firecrawl.json,URL crawled with status 200.,
indexable,https://www.strique.io/customers,high,pass,firecrawl,brands/strique/references/crawls/20260629T193943Z/pages/817313884568/firecrawl.json,Indexability is yes.,
title_present,https://www.strique.io/customers,medium,pass,firecrawl,brands/strique/references/crawls/20260629T193943Z/pages/817313884568/firecrawl.json,Title: Strique Customer Case Studies and Growth Results · Strique,
meta_description_present,https://www.strique.io/customers,medium,pass,firecrawl,brands/strique/references/crawls/20260629T193943Z/pages/817313884568/firecrawl.json,"Meta description: Case studies from teams running their entire growth stack on Strique. Real numbers, real outcomes, real trade-offs.",
single_h1,https://www.strique.io/customers,medium,fail,firecrawl,brands/strique/references/crawls/20260629T193943Z/pages/817313884568/firecrawl.json,H1 count is 2.,Use one clear H1 on the page.
canonical_match,https://www.strique.io/customers,high,pass,firecrawl,brands/strique/references/crawls/20260629T193943Z/pages/817313884568/firecrawl.json,Canonical: https://www.strique.io/customers,
schema_present,https://www.strique.io/customers,low,pass,firecrawl,brands/strique/references/crawls/20260629T193943Z/pages/817313884568/firecrawl.json,"Schema types: ContactPoint, Organization, SearchAction, WebSite",
image_alt_text,https://www.strique.io/customers,low,fail,firecrawl,brands/strique/references/crawls/20260629T193943Z/pages/817313884568/firecrawl.json,3 images are missing alt text.,Add useful alt text for meaningful images.
sitemap_inclusion,https://www.strique.io/customers,low,pass,firecrawl,brands/strique/references/crawls/20260629T193943Z/pages/817313884568/firecrawl.json,Sitemap inclusion is yes.,
content_visible,https://www.strique.io/customers,high,pass,firecrawl,brands/strique/references/crawls/20260629T193943Z/pages/817313884568/firecrawl.json,Rendered public text has 8640 words.,
content_type_classifiable,https://www.strique.io/customers,medium,pass,firecrawl,brands/strique/references/crawls/20260629T193943Z/pages/817313884568/firecrawl.json,"Public URL, title, and rendered text were reviewed for a recognizable page type.",
resource_rendering_not_blocked,https://www.strique.io/customers,high,pass,firecrawl,brands/strique/references/crawls/20260629T193943Z/pages/817313884568/firecrawl.json,Critical page content rendered successfully.,
title_not_keyword_stuffed,https://www.strique.io/customers,medium,pass,firecrawl,brands/strique/references/crawls/20260629T193943Z/pages/817313884568/firecrawl.json,Title reviewed for repeated terms and separator stuffing: Strique Customer Case Studies and Growth Results · Strique.,
heading_not_keyword_stuffed,https://www.strique.io/customers,medium,pass,firecrawl,brands/strique/references/crawls/20260629T193943Z/pages/817313884568/firecrawl.json,2 rendered headings reviewed for stuffing.,
preview_controls_safe,https://www.strique.io/customers,medium,pass,firecrawl,brands/strique/references/crawls/20260629T193943Z/pages/817313884568/firecrawl.json,No harmful snippet preview controls were detected.,
url_path_clean,https://www.strique.io/customers,medium,pass,firecrawl,brands/strique/references/crawls/20260629T193943Z/pages/817313884568/firecrawl.json,"URL path reviewed for IDs, dates, session keys, and implementation details.",
media_support_present,https://www.strique.io/customers,low,pass,firecrawl,brands/strique/references/crawls/20260629T193943Z/pages/817313884568/firecrawl.json,12 images found on the page.,
content_not_ai_slop,https://www.strique.io/customers,low,pass,firecrawl,brands/strique/references/crawls/20260629T193943Z/pages/817313884568/firecrawl.json,Rendered copy reviewed for common generic AI filler phrases.,
thin_prompt_variant_pages,https://www.strique.io/customers,medium,pass,firecrawl,brands/strique/references/crawls/20260629T193943Z/pages/817313884568/firecrawl.json,Rendered public text has 8640 words.,
docs_content_extractable,https://www.strique.io/customers,medium,not_applicable,firecrawl,brands/strique/references/crawls/20260629T193943Z/pages/817313884568/firecrawl.json,This is not a docs or support URL.,
performance_score,https://www.strique.io/customers,medium,fail,lighthouse,brands/strique/references/evidence/20260629T193943Z/pages/817313884568/lighthouse.json,Performance score is 0.59.,Improve Core Web Vitals and Lighthouse performance bottlenecks.
blocking_popups_interstitials,https://www.strique.io/customers,medium,fail,playwright,brands/strique/references/evidence/20260629T193943Z/pages/817313884568/playwright.json,"1 large fixed, modal, or interstitial elements may block main content. 2 large fixed, modal, or interstitial elements may block main content.","Remove or reduce blocking overlays on first render, especially on mobile."
body_text_line_length,https://www.strique.io/customers,medium,pass,playwright,brands/strique/references/evidence/20260629T193943Z/pages/817313884568/playwright.json,Sampled body text line length is readable. Sampled body text line length is readable.,
client_route_metadata,https://www.strique.io/customers,medium,not_applicable,playwright,brands/strique/references/evidence/20260629T193943Z/pages/817313884568/playwright.json,"SPA markers were found, but route-change metadata was not triggered by this deterministic pass.",
color_contrast,https://www.strique.io/customers,medium,fail,playwright,brands/strique/references/evidence/20260629T193943Z/pages/817313884568/playwright.json,3 sampled text elements have low contrast. 3 sampled text elements have low contrast.,Increase foreground/background contrast for readable text.
form_accessibility,https://www.strique.io/customers,medium,not_applicable,playwright,brands/strique/references/evidence/20260629T193943Z/pages/817313884568/playwright.json,No visible form fields found.,
fragment_deep_links,https://www.strique.io/customers,medium,not_applicable,playwright,brands/strique/references/evidence/20260629T193943Z/pages/817313884568/playwright.json,No same-page fragment links found.,
horizontal_scroll,https://www.strique.io/customers,medium,pass,playwright,brands/strique/references/evidence/20260629T193943Z/pages/817313884568/playwright.json,No horizontal overflow detected. No horizontal overflow detected.,
inaccessible_controls,https://www.strique.io/customers,medium,pass,playwright,brands/strique/references/evidence/20260629T193943Z/pages/817313884568/playwright.json,Visible controls have accessible names. Visible controls have accessible names.,
keyboard_navigation,https://www.strique.io/customers,medium,pass,playwright,brands/strique/references/evidence/20260629T193943Z/pages/817313884568/playwright.json,Keyboard focus reached 4 visible controls. Keyboard focus reached 4 visible controls.,
lazy_loading_in_viewport,https://www.strique.io/customers,medium,pass,playwright,brands/strique/references/evidence/20260629T193943Z/pages/817313884568/playwright.json,No unloaded in-viewport lazy content detected. No unloaded in-viewport lazy content detected.,
mobile_form_usability,https://www.strique.io/customers,medium,not_applicable,playwright,brands/strique/references/evidence/20260629T193943Z/pages/817313884568/playwright.json,No visible mobile form fields found.,
mobile_text_readability,https://www.strique.io/customers,medium,fail,playwright,brands/strique/references/evidence/20260629T193943Z/pages/817313884568/playwright.json,10 sampled text elements are too small or tight on mobile.,Increase mobile font size or line height for readable body text.
route_status_handling,https://www.strique.io/customers,medium,not_applicable,playwright,brands/strique/references/evidence/20260629T193943Z/pages/817313884568/playwright.json,Route status handling is tested from the site root.,
table_semantics,https://www.strique.io/customers,medium,not_applicable,playwright,brands/strique/references/evidence/20260629T193943Z/pages/817313884568/playwright.json,No visible tables found.,
tap_targets,https://www.strique.io/customers,medium,fail,playwright,brands/strique/references/evidence/20260629T193943Z/pages/817313884568/playwright.json,10 small and 13 crowded mobile tap targets found.,Increase tap target size or spacing to at least common mobile accessibility targets.
text_spacing,https://www.strique.io/customers,medium,pass,playwright,brands/strique/references/evidence/20260629T193943Z/pages/817313884568/playwright.json,WCAG text spacing did not cause overflow or content loss. WCAG text spacing did not cause overflow or content loss.,
zoom_readability,https://www.strique.io/customers,medium,pass,playwright,brands/strique/references/evidence/20260629T193943Z/pages/817313884568/playwright.json,Common zoom readability did not cause overflow or content loss. Common zoom readability did not cause overflow or content loss.,
rich_result_properties,https://www.strique.io/customers,medium,pass,playwright,brands/strique/references/evidence/20260629T193943Z/pages/817313884568/playwright.json,Supported rich result schema properties are present for: Organization.,
critical_css_font_loading,https://www.strique.io/customers,medium,fail,lighthouse,brands/strique/references/evidence/20260629T193943Z/pages/817313884568/lighthouse.json,Stored lab artifact does not include critical CSS or font diagnostics.,Recollect Lighthouse or PageSpeed evidence with CSS and font diagnostics.
render_blocking_scripts,https://www.strique.io/customers,medium,fail,lighthouse,brands/strique/references/evidence/20260629T193943Z/pages/817313884568/lighthouse.json,Stored artifacts do not include render-blocking script diagnostics.,Recollect Lighthouse/PageSpeed diagnostics or Playwright script inventory.
third_party_script_weight,https://www.strique.io/customers,medium,fail,lighthouse,brands/strique/references/evidence/20260629T193943Z/pages/817313884568/lighthouse.json,Stored artifacts do not include third-party script weight diagnostics.,Recollect Lighthouse/PageSpeed diagnostics or Playwright script inventory.
lab_root_cause_diagnostics,https://www.strique.io/customers,medium,pass,lighthouse,brands/strique/references/evidence/20260629T193943Z/pages/817313884568/lighthouse.json,"Lab diagnostics available: largest-contentful-paint, cumulative-layout-shift, speed-index, total-blocking-time.",
crawl_status,https://www.strique.io/customers/crimzon,high,pass,firecrawl,brands/strique/references/crawls/20260629T193943Z/pages/9db95fa9a739/firecrawl.json,URL crawled with status 200.,
indexable,https://www.strique.io/customers/crimzon,high,pass,firecrawl,brands/strique/references/crawls/20260629T193943Z/pages/9db95fa9a739/firecrawl.json,Indexability is yes.,
title_present,https://www.strique.io/customers/crimzon,medium,pass,firecrawl,brands/strique/references/crawls/20260629T193943Z/pages/9db95fa9a739/firecrawl.json,Title: Crimzon Customer Case Study · Strique,
meta_description_present,https://www.strique.io/customers/crimzon,medium,pass,firecrawl,brands/strique/references/crawls/20260629T193943Z/pages/9db95fa9a739/firecrawl.json,"Meta description: Crimzon used Strique to scale paid acquisition aggressively without ROAS collapse, pairing creative velocity with conversion-rate gains and AOV uplift.",
single_h1,https://www.strique.io/customers/crimzon,medium,pass,firecrawl,brands/strique/references/crawls/20260629T193943Z/pages/9db95fa9a739/firecrawl.json,H1 count is 1.,
canonical_match,https://www.strique.io/customers/crimzon,high,pass,firecrawl,brands/strique/references/crawls/20260629T193943Z/pages/9db95fa9a739/firecrawl.json,Canonical: https://www.strique.io/customers/crimzon,
schema_present,https://www.strique.io/customers/crimzon,low,pass,firecrawl,brands/strique/references/crawls/20260629T193943Z/pages/9db95fa9a739/firecrawl.json,"Schema types: Article, BreadcrumbList, ContactPoint, ImageObject, ListItem, Organization, Person, SearchAction, WebPage, WebSite",
image_alt_text,https://www.strique.io/customers/crimzon,low,fail,firecrawl,brands/strique/references/crawls/20260629T193943Z/pages/9db95fa9a739/firecrawl.json,3 images are missing alt text.,Add useful alt text for meaningful images.
sitemap_inclusion,https://www.strique.io/customers/crimzon,low,pass,firecrawl,brands/strique/references/crawls/20260629T193943Z/pages/9db95fa9a739/firecrawl.json,Sitemap inclusion is yes.,
content_visible,https://www.strique.io/customers/crimzon,high,pass,firecrawl,brands/strique/references/crawls/20260629T193943Z/pages/9db95fa9a739/firecrawl.json,Rendered public text has 9256 words.,
content_type_classifiable,https://www.strique.io/customers/crimzon,medium,pass,firecrawl,brands/strique/references/crawls/20260629T193943Z/pages/9db95fa9a739/firecrawl.json,"Public URL, title, and rendered text were reviewed for a recognizable page type.",
resource_rendering_not_blocked,https://www.strique.io/customers/crimzon,high,pass,firecrawl,brands/strique/references/crawls/20260629T193943Z/pages/9db95fa9a739/firecrawl.json,Critical page content rendered successfully.,
title_not_keyword_stuffed,https://www.strique.io/customers/crimzon,medium,pass,firecrawl,brands/strique/references/crawls/20260629T193943Z/pages/9db95fa9a739/firecrawl.json,Title reviewed for repeated terms and separator stuffing: Crimzon Customer Case Study · Strique.,
heading_not_keyword_stuffed,https://www.strique.io/customers/crimzon,medium,pass,firecrawl,brands/strique/references/crawls/20260629T193943Z/pages/9db95fa9a739/firecrawl.json,2 rendered headings reviewed for stuffing.,
preview_controls_safe,https://www.strique.io/customers/crimzon,medium,pass,firecrawl,brands/strique/references/crawls/20260629T193943Z/pages/9db95fa9a739/firecrawl.json,No harmful snippet preview controls were detected.,
url_path_clean,https://www.strique.io/customers/crimzon,medium,pass,firecrawl,brands/strique/references/crawls/20260629T193943Z/pages/9db95fa9a739/firecrawl.json,"URL path reviewed for IDs, dates, session keys, and implementation details.",
media_support_present,https://www.strique.io/customers/crimzon,low,pass,firecrawl,brands/strique/references/crawls/20260629T193943Z/pages/9db95fa9a739/firecrawl.json,12 images found on the page.,
content_not_ai_slop,https://www.strique.io/customers/crimzon,low,pass,firecrawl,brands/strique/references/crawls/20260629T193943Z/pages/9db95fa9a739/firecrawl.json,Rendered copy reviewed for common generic AI filler phrases.,
thin_prompt_variant_pages,https://www.strique.io/customers/crimzon,medium,pass,firecrawl,brands/strique/references/crawls/20260629T193943Z/pages/9db95fa9a739/firecrawl.json,Rendered public text has 9256 words.,
docs_content_extractable,https://www.strique.io/customers/crimzon,medium,not_applicable,firecrawl,brands/strique/references/crawls/20260629T193943Z/pages/9db95fa9a739/firecrawl.json,This is not a docs or support URL.,
performance_score,https://www.strique.io/customers/crimzon,medium,fail,lighthouse,brands/strique/references/evidence/20260629T193943Z/pages/9db95fa9a739/lighthouse.json,Performance score is 0.62.,Improve Core Web Vitals and Lighthouse performance bottlenecks.
blocking_popups_interstitials,https://www.strique.io/customers/crimzon,medium,fail,playwright,brands/strique/references/evidence/20260629T193943Z/pages/9db95fa9a739/playwright.json,"1 large fixed, modal, or interstitial elements may block main content. 2 large fixed, modal, or interstitial elements may block main content.","Remove or reduce blocking overlays on first render, especially on mobile."
body_text_line_length,https://www.strique.io/customers/crimzon,medium,pass,playwright,brands/strique/references/evidence/20260629T193943Z/pages/9db95fa9a739/playwright.json,Sampled body text line length is readable. Sampled body text line length is readable.,
client_route_metadata,https://www.strique.io/customers/crimzon,medium,not_applicable,playwright,brands/strique/references/evidence/20260629T193943Z/pages/9db95fa9a739/playwright.json,"SPA markers were found, but route-change metadata was not triggered by this deterministic pass.",
color_contrast,https://www.strique.io/customers/crimzon,medium,fail,playwright,brands/strique/references/evidence/20260629T193943Z/pages/9db95fa9a739/playwright.json,4 sampled text elements have low contrast. 3 sampled text elements have low contrast.,Increase foreground/background contrast for readable text.
form_accessibility,https://www.strique.io/customers/crimzon,medium,not_applicable,playwright,brands/strique/references/evidence/20260629T193943Z/pages/9db95fa9a739/playwright.json,No visible form fields found.,
fragment_deep_links,https://www.strique.io/customers/crimzon,medium,not_applicable,playwright,brands/strique/references/evidence/20260629T193943Z/pages/9db95fa9a739/playwright.json,No same-page fragment links found.,
horizontal_scroll,https://www.strique.io/customers/crimzon,medium,pass,playwright,brands/strique/references/evidence/20260629T193943Z/pages/9db95fa9a739/playwright.json,No horizontal overflow detected. No horizontal overflow detected.,
inaccessible_controls,https://www.strique.io/customers/crimzon,medium,pass,playwright,brands/strique/references/evidence/20260629T193943Z/pages/9db95fa9a739/playwright.json,Visible controls have accessible names. Visible controls have accessible names.,
keyboard_navigation,https://www.strique.io/customers/crimzon,medium,pass,playwright,brands/strique/references/evidence/20260629T193943Z/pages/9db95fa9a739/playwright.json,Keyboard focus reached 4 visible controls. Keyboard focus reached 4 visible controls.,
lazy_loading_in_viewport,https://www.strique.io/customers/crimzon,medium,pass,playwright,brands/strique/references/evidence/20260629T193943Z/pages/9db95fa9a739/playwright.json,No unloaded in-viewport lazy content detected. No unloaded in-viewport lazy content detected.,
mobile_form_usability,https://www.strique.io/customers/crimzon,medium,not_applicable,playwright,brands/strique/references/evidence/20260629T193943Z/pages/9db95fa9a739/playwright.json,No visible mobile form fields found.,
mobile_text_readability,https://www.strique.io/customers/crimzon,medium,fail,playwright,brands/strique/references/evidence/20260629T193943Z/pages/9db95fa9a739/playwright.json,10 sampled text elements are too small or tight on mobile.,Increase mobile font size or line height for readable body text.
route_status_handling,https://www.strique.io/customers/crimzon,medium,not_applicable,playwright,brands/strique/references/evidence/20260629T193943Z/pages/9db95fa9a739/playwright.json,Route status handling is tested from the site root.,
table_semantics,https://www.strique.io/customers/crimzon,medium,not_applicable,playwright,brands/strique/references/evidence/20260629T193943Z/pages/9db95fa9a739/playwright.json,No visible tables found.,
tap_targets,https://www.strique.io/customers/crimzon,medium,fail,playwright,brands/strique/references/evidence/20260629T193943Z/pages/9db95fa9a739/playwright.json,10 small and 16 crowded mobile tap targets found.,Increase tap target size or spacing to at least common mobile accessibility targets.
text_spacing,https://www.strique.io/customers/crimzon,medium,pass,playwright,brands/strique/references/evidence/20260629T193943Z/pages/9db95fa9a739/playwright.json,WCAG text spacing did not cause overflow or content loss. WCAG text spacing did not cause overflow or content loss.,
zoom_readability,https://www.strique.io/customers/crimzon,medium,pass,playwright,brands/strique/references/evidence/20260629T193943Z/pages/9db95fa9a739/playwright.json,Common zoom readability did not cause overflow or content loss. Common zoom readability did not cause overflow or content loss.,
rich_result_properties,https://www.strique.io/customers/crimzon,medium,pass,playwright,brands/strique/references/evidence/20260629T193943Z/pages/9db95fa9a739/playwright.json,"Supported rich result schema properties are present for: Article, BreadcrumbList, Organization.",
critical_css_font_loading,https://www.strique.io/customers/crimzon,medium,fail,lighthouse,brands/strique/references/evidence/20260629T193943Z/pages/9db95fa9a739/lighthouse.json,Stored lab artifact does not include critical CSS or font diagnostics.,Recollect Lighthouse or PageSpeed evidence with CSS and font diagnostics.
render_blocking_scripts,https://www.strique.io/customers/crimzon,medium,fail,lighthouse,brands/strique/references/evidence/20260629T193943Z/pages/9db95fa9a739/lighthouse.json,Stored artifacts do not include render-blocking script diagnostics.,Recollect Lighthouse/PageSpeed diagnostics or Playwright script inventory.
third_party_script_weight,https://www.strique.io/customers/crimzon,medium,fail,lighthouse,brands/strique/references/evidence/20260629T193943Z/pages/9db95fa9a739/lighthouse.json,Stored artifacts do not include third-party script weight diagnostics.,Recollect Lighthouse/PageSpeed diagnostics or Playwright script inventory.
lab_root_cause_diagnostics,https://www.strique.io/customers/crimzon,medium,pass,lighthouse,brands/strique/references/evidence/20260629T193943Z/pages/9db95fa9a739/lighthouse.json,"Lab diagnostics available: largest-contentful-paint, cumulative-layout-shift, speed-index, total-blocking-time.",
crawl_status,https://www.strique.io/customers/inc5,high,pass,firecrawl,brands/strique/references/crawls/20260629T193943Z/pages/21db31c3b85a/firecrawl.json,URL crawled with status 200.,
indexable,https://www.strique.io/customers/inc5,high,pass,firecrawl,brands/strique/references/crawls/20260629T193943Z/pages/21db31c3b85a/firecrawl.json,Indexability is yes.,
title_present,https://www.strique.io/customers/inc5,medium,pass,firecrawl,brands/strique/references/crawls/20260629T193943Z/pages/21db31c3b85a/firecrawl.json,Title: INC5 Customer Case Study · Strique,
meta_description_present,https://www.strique.io/customers/inc5,medium,pass,firecrawl,brands/strique/references/crawls/20260629T193943Z/pages/21db31c3b85a/firecrawl.json,"Meta description: INC5 used Strique to consolidate their fragmented marketing stack, going from 8 vendors and freelancers to a single agent loop that compounded results every month.",
single_h1,https://www.strique.io/customers/inc5,medium,pass,firecrawl,brands/strique/references/crawls/20260629T193943Z/pages/21db31c3b85a/firecrawl.json,H1 count is 1.,
canonical_match,https://www.strique.io/customers/inc5,high,pass,firecrawl,brands/strique/references/crawls/20260629T193943Z/pages/21db31c3b85a/firecrawl.json,Canonical: https://www.strique.io/customers/inc5,
schema_present,https://www.strique.io/customers/inc5,low,pass,firecrawl,brands/strique/references/crawls/20260629T193943Z/pages/21db31c3b85a/firecrawl.json,"Schema types: Article, BreadcrumbList, ContactPoint, ImageObject, ListItem, Organization, Person, SearchAction, WebPage, WebSite",
image_alt_text,https://www.strique.io/customers/inc5,low,fail,firecrawl,brands/strique/references/crawls/20260629T193943Z/pages/21db31c3b85a/firecrawl.json,3 images are missing alt text.,Add useful alt text for meaningful images.
sitemap_inclusion,https://www.strique.io/customers/inc5,low,pass,firecrawl,brands/strique/references/crawls/20260629T193943Z/pages/21db31c3b85a/firecrawl.json,Sitemap inclusion is yes.,
content_visible,https://www.strique.io/customers/inc5,high,pass,firecrawl,brands/strique/references/crawls/20260629T193943Z/pages/21db31c3b85a/firecrawl.json,Rendered public text has 9154 words.,
content_type_classifiable,https://www.strique.io/customers/inc5,medium,pass,firecrawl,brands/strique/references/crawls/20260629T193943Z/pages/21db31c3b85a/firecrawl.json,"Public URL, title, and rendered text were reviewed for a recognizable page type.",
resource_rendering_not_blocked,https://www.strique.io/customers/inc5,high,pass,firecrawl,brands/strique/references/crawls/20260629T193943Z/pages/21db31c3b85a/firecrawl.json,Critical page content rendered successfully.,
title_not_keyword_stuffed,https://www.strique.io/customers/inc5,medium,pass,firecrawl,brands/strique/references/crawls/20260629T193943Z/pages/21db31c3b85a/firecrawl.json,Title reviewed for repeated terms and separator stuffing: INC5 Customer Case Study · Strique.,
heading_not_keyword_stuffed,https://www.strique.io/customers/inc5,medium,pass,firecrawl,brands/strique/references/crawls/20260629T193943Z/pages/21db31c3b85a/firecrawl.json,2 rendered headings reviewed for stuffing.,
preview_controls_safe,https://www.strique.io/customers/inc5,medium,pass,firecrawl,brands/strique/references/crawls/20260629T193943Z/pages/21db31c3b85a/firecrawl.json,No harmful snippet preview controls were detected.,
url_path_clean,https://www.strique.io/customers/inc5,medium,pass,firecrawl,brands/strique/references/crawls/20260629T193943Z/pages/21db31c3b85a/firecrawl.json,"URL path reviewed for IDs, dates, session keys, and implementation details.",
media_support_present,https://www.strique.io/customers/inc5,low,pass,firecrawl,brands/strique/references/crawls/20260629T193943Z/pages/21db31c3b85a/firecrawl.json,12 images found on the page.,
content_not_ai_slop,https://www.strique.io/customers/inc5,low,pass,firecrawl,brands/strique/references/crawls/20260629T193943Z/pages/21db31c3b85a/firecrawl.json,Rendered copy reviewed for common generic AI filler phrases.,
thin_prompt_variant_pages,https://www.strique.io/customers/inc5,medium,pass,firecrawl,brands/strique/references/crawls/20260629T193943Z/pages/21db31c3b85a/firecrawl.json,Rendered public text has 9154 words.,
docs_content_extractable,https://www.strique.io/customers/inc5,medium,not_applicable,firecrawl,brands/strique/references/crawls/20260629T193943Z/pages/21db31c3b85a/firecrawl.json,This is not a docs or support URL.,
performance_score,https://www.strique.io/customers/inc5,medium,fail,lighthouse,brands/strique/references/evidence/20260629T193943Z/pages/21db31c3b85a/lighthouse.json,Performance score is 0.65.,Improve Core Web Vitals and Lighthouse performance bottlenecks.
blocking_popups_interstitials,https://www.strique.io/customers/inc5,medium,fail,playwright,brands/strique/references/evidence/20260629T193943Z/pages/21db31c3b85a/playwright.json,"1 large fixed, modal, or interstitial elements may block main content. 2 large fixed, modal, or interstitial elements may block main content.","Remove or reduce blocking overlays on first render, especially on mobile."
body_text_line_length,https://www.strique.io/customers/inc5,medium,pass,playwright,brands/strique/references/evidence/20260629T193943Z/pages/21db31c3b85a/playwright.json,Sampled body text line length is readable. Sampled body text line length is readable.,
client_route_metadata,https://www.strique.io/customers/inc5,medium,not_applicable,playwright,brands/strique/references/evidence/20260629T193943Z/pages/21db31c3b85a/playwright.json,"SPA markers were found, but route-change metadata was not triggered by this deterministic pass.",
color_contrast,https://www.strique.io/customers/inc5,medium,fail,playwright,brands/strique/references/evidence/20260629T193943Z/pages/21db31c3b85a/playwright.json,4 sampled text elements have low contrast. 3 sampled text elements have low contrast.,Increase foreground/background contrast for readable text.
form_accessibility,https://www.strique.io/customers/inc5,medium,not_applicable,playwright,brands/strique/references/evidence/20260629T193943Z/pages/21db31c3b85a/playwright.json,No visible form fields found.,
fragment_deep_links,https://www.strique.io/customers/inc5,medium,not_applicable,playwright,brands/strique/references/evidence/20260629T193943Z/pages/21db31c3b85a/playwright.json,No same-page fragment links found.,
horizontal_scroll,https://www.strique.io/customers/inc5,medium,pass,playwright,brands/strique/references/evidence/20260629T193943Z/pages/21db31c3b85a/playwright.json,No horizontal overflow detected. No horizontal overflow detected.,
inaccessible_controls,https://www.strique.io/customers/inc5,medium,pass,playwright,brands/strique/references/evidence/20260629T193943Z/pages/21db31c3b85a/playwright.json,Visible controls have accessible names. Visible controls have accessible names.,
keyboard_navigation,https://www.strique.io/customers/inc5,medium,pass,playwright,brands/strique/references/evidence/20260629T193943Z/pages/21db31c3b85a/playwright.json,Keyboard focus reached 4 visible controls. Keyboard focus reached 4 visible controls.,
lazy_loading_in_viewport,https://www.strique.io/customers/inc5,medium,pass,playwright,brands/strique/references/evidence/20260629T193943Z/pages/21db31c3b85a/playwright.json,No unloaded in-viewport lazy content detected. No unloaded in-viewport lazy content detected.,
mobile_form_usability,https://www.strique.io/customers/inc5,medium,not_applicable,playwright,brands/strique/references/evidence/20260629T193943Z/pages/21db31c3b85a/playwright.json,No visible mobile form fields found.,
mobile_text_readability,https://www.strique.io/customers/inc5,medium,fail,playwright,brands/strique/references/evidence/20260629T193943Z/pages/21db31c3b85a/playwright.json,10 sampled text elements are too small or tight on mobile.,Increase mobile font size or line height for readable body text.
route_status_handling,https://www.strique.io/customers/inc5,medium,not_applicable,playwright,brands/strique/references/evidence/20260629T193943Z/pages/21db31c3b85a/playwright.json,Route status handling is tested from the site root.,
table_semantics,https://www.strique.io/customers/inc5,medium,not_applicable,playwright,brands/strique/references/evidence/20260629T193943Z/pages/21db31c3b85a/playwright.json,No visible tables found.,
tap_targets,https://www.strique.io/customers/inc5,medium,fail,playwright,brands/strique/references/evidence/20260629T193943Z/pages/21db31c3b85a/playwright.json,10 small and 16 crowded mobile tap targets found.,Increase tap target size or spacing to at least common mobile accessibility targets.
text_spacing,https://www.strique.io/customers/inc5,medium,pass,playwright,brands/strique/references/evidence/20260629T193943Z/pages/21db31c3b85a/playwright.json,WCAG text spacing did not cause overflow or content loss. WCAG text spacing did not cause overflow or content loss.,
zoom_readability,https://www.strique.io/customers/inc5,medium,pass,playwright,brands/strique/references/evidence/20260629T193943Z/pages/21db31c3b85a/playwright.json,Common zoom readability did not cause overflow or content loss. Common zoom readability did not cause overflow or content loss.,
rich_result_properties,https://www.strique.io/customers/inc5,medium,pass,playwright,brands/strique/references/evidence/20260629T193943Z/pages/21db31c3b85a/playwright.json,"Supported rich result schema properties are present for: Article, BreadcrumbList, Organization.",
critical_css_font_loading,https://www.strique.io/customers/inc5,medium,fail,lighthouse,brands/strique/references/evidence/20260629T193943Z/pages/21db31c3b85a/lighthouse.json,Stored lab artifact does not include critical CSS or font diagnostics.,Recollect Lighthouse or PageSpeed evidence with CSS and font diagnostics.
render_blocking_scripts,https://www.strique.io/customers/inc5,medium,fail,lighthouse,brands/strique/references/evidence/20260629T193943Z/pages/21db31c3b85a/lighthouse.json,Stored artifacts do not include render-blocking script diagnostics.,Recollect Lighthouse/PageSpeed diagnostics or Playwright script inventory.
third_party_script_weight,https://www.strique.io/customers/inc5,medium,fail,lighthouse,brands/strique/references/evidence/20260629T193943Z/pages/21db31c3b85a/lighthouse.json,Stored artifacts do not include third-party script weight diagnostics.,Recollect Lighthouse/PageSpeed diagnostics or Playwright script inventory.
lab_root_cause_diagnostics,https://www.strique.io/customers/inc5,medium,pass,lighthouse,brands/strique/references/evidence/20260629T193943Z/pages/21db31c3b85a/lighthouse.json,"Lab diagnostics available: largest-contentful-paint, cumulative-layout-shift, speed-index, total-blocking-time.",
crawl_status,https://www.strique.io/customers/powerlook,high,pass,firecrawl,brands/strique/references/crawls/20260629T193943Z/pages/3b2b28627893/firecrawl.json,URL crawled with status 200.,
indexable,https://www.strique.io/customers/powerlook,high,pass,firecrawl,brands/strique/references/crawls/20260629T193943Z/pages/3b2b28627893/firecrawl.json,Indexability is yes.,
title_present,https://www.strique.io/customers/powerlook,medium,pass,firecrawl,brands/strique/references/crawls/20260629T193943Z/pages/3b2b28627893/firecrawl.json,Title: Powerlook Customer Case Study · Strique,
meta_description_present,https://www.strique.io/customers/powerlook,medium,pass,firecrawl,brands/strique/references/crawls/20260629T193943Z/pages/3b2b28627893/firecrawl.json,"Meta description: Fast-fashion brand Powerlook used Strique to compress their creative cycle, scale acquisition, and grow revenue without proportionally adding ad spend or headcount.",
single_h1,https://www.strique.io/customers/powerlook,medium,pass,firecrawl,brands/strique/references/crawls/20260629T193943Z/pages/3b2b28627893/firecrawl.json,H1 count is 1.,
canonical_match,https://www.strique.io/customers/powerlook,high,pass,firecrawl,brands/strique/references/crawls/20260629T193943Z/pages/3b2b28627893/firecrawl.json,Canonical: https://www.strique.io/customers/powerlook,
schema_present,https://www.strique.io/customers/powerlook,low,pass,firecrawl,brands/strique/references/crawls/20260629T193943Z/pages/3b2b28627893/firecrawl.json,"Schema types: Article, BreadcrumbList, ContactPoint, ImageObject, ListItem, Organization, Person, SearchAction, WebPage, WebSite",
image_alt_text,https://www.strique.io/customers/powerlook,low,fail,firecrawl,brands/strique/references/crawls/20260629T193943Z/pages/3b2b28627893/firecrawl.json,3 images are missing alt text.,Add useful alt text for meaningful images.
sitemap_inclusion,https://www.strique.io/customers/powerlook,low,pass,firecrawl,brands/strique/references/crawls/20260629T193943Z/pages/3b2b28627893/firecrawl.json,Sitemap inclusion is yes.,
content_visible,https://www.strique.io/customers/powerlook,high,pass,firecrawl,brands/strique/references/crawls/20260629T193943Z/pages/3b2b28627893/firecrawl.json,Rendered public text has 9163 words.,
content_type_classifiable,https://www.strique.io/customers/powerlook,medium,pass,firecrawl,brands/strique/references/crawls/20260629T193943Z/pages/3b2b28627893/firecrawl.json,"Public URL, title, and rendered text were reviewed for a recognizable page type.",
resource_rendering_not_blocked,https://www.strique.io/customers/powerlook,high,pass,firecrawl,brands/strique/references/crawls/20260629T193943Z/pages/3b2b28627893/firecrawl.json,Critical page content rendered successfully.,
title_not_keyword_stuffed,https://www.strique.io/customers/powerlook,medium,pass,firecrawl,brands/strique/references/crawls/20260629T193943Z/pages/3b2b28627893/firecrawl.json,Title reviewed for repeated terms and separator stuffing: Powerlook Customer Case Study · Strique.,
heading_not_keyword_stuffed,https://www.strique.io/customers/powerlook,medium,pass,firecrawl,brands/strique/references/crawls/20260629T193943Z/pages/3b2b28627893/firecrawl.json,2 rendered headings reviewed for stuffing.,
preview_controls_safe,https://www.strique.io/customers/powerlook,medium,pass,firecrawl,brands/strique/references/crawls/20260629T193943Z/pages/3b2b28627893/firecrawl.json,No harmful snippet preview controls were detected.,
url_path_clean,https://www.strique.io/customers/powerlook,medium,pass,firecrawl,brands/strique/references/crawls/20260629T193943Z/pages/3b2b28627893/firecrawl.json,"URL path reviewed for IDs, dates, session keys, and implementation details.",
media_support_present,https://www.strique.io/customers/powerlook,low,pass,firecrawl,brands/strique/references/crawls/20260629T193943Z/pages/3b2b28627893/firecrawl.json,12 images found on the page.,
content_not_ai_slop,https://www.strique.io/customers/powerlook,low,pass,firecrawl,brands/strique/references/crawls/20260629T193943Z/pages/3b2b28627893/firecrawl.json,Rendered copy reviewed for common generic AI filler phrases.,
thin_prompt_variant_pages,https://www.strique.io/customers/powerlook,medium,pass,firecrawl,brands/strique/references/crawls/20260629T193943Z/pages/3b2b28627893/firecrawl.json,Rendered public text has 9163 words.,
docs_content_extractable,https://www.strique.io/customers/powerlook,medium,not_applicable,firecrawl,brands/strique/references/crawls/20260629T193943Z/pages/3b2b28627893/firecrawl.json,This is not a docs or support URL.,
performance_score,https://www.strique.io/customers/powerlook,medium,fail,lighthouse,brands/strique/references/evidence/20260629T193943Z/pages/3b2b28627893/lighthouse.json,Performance score is 0.61.,Improve Core Web Vitals and Lighthouse performance bottlenecks.
blocking_popups_interstitials,https://www.strique.io/customers/powerlook,medium,fail,playwright,brands/strique/references/evidence/20260629T193943Z/pages/3b2b28627893/playwright.json,"1 large fixed, modal, or interstitial elements may block main content. 2 large fixed, modal, or interstitial elements may block main content.","Remove or reduce blocking overlays on first render, especially on mobile."
body_text_line_length,https://www.strique.io/customers/powerlook,medium,pass,playwright,brands/strique/references/evidence/20260629T193943Z/pages/3b2b28627893/playwright.json,Sampled body text line length is readable. Sampled body text line length is readable.,
client_route_metadata,https://www.strique.io/customers/powerlook,medium,not_applicable,playwright,brands/strique/references/evidence/20260629T193943Z/pages/3b2b28627893/playwright.json,"SPA markers were found, but route-change metadata was not triggered by this deterministic pass.",
color_contrast,https://www.strique.io/customers/powerlook,medium,fail,playwright,brands/strique/references/evidence/20260629T193943Z/pages/3b2b28627893/playwright.json,4 sampled text elements have low contrast. 3 sampled text elements have low contrast.,Increase foreground/background contrast for readable text.
form_accessibility,https://www.strique.io/customers/powerlook,medium,not_applicable,playwright,brands/strique/references/evidence/20260629T193943Z/pages/3b2b28627893/playwright.json,No visible form fields found.,
fragment_deep_links,https://www.strique.io/customers/powerlook,medium,not_applicable,playwright,brands/strique/references/evidence/20260629T193943Z/pages/3b2b28627893/playwright.json,No same-page fragment links found.,
horizontal_scroll,https://www.strique.io/customers/powerlook,medium,pass,playwright,brands/strique/references/evidence/20260629T193943Z/pages/3b2b28627893/playwright.json,No horizontal overflow detected. No horizontal overflow detected.,
inaccessible_controls,https://www.strique.io/customers/powerlook,medium,pass,playwright,brands/strique/references/evidence/20260629T193943Z/pages/3b2b28627893/playwright.json,Visible controls have accessible names. Visible controls have accessible names.,
keyboard_navigation,https://www.strique.io/customers/powerlook,medium,pass,playwright,brands/strique/references/evidence/20260629T193943Z/pages/3b2b28627893/playwright.json,Keyboard focus reached 4 visible controls. Keyboard focus reached 4 visible controls.,
lazy_loading_in_viewport,https://www.strique.io/customers/powerlook,medium,pass,playwright,brands/strique/references/evidence/20260629T193943Z/pages/3b2b28627893/playwright.json,No unloaded in-viewport lazy content detected. No unloaded in-viewport lazy content detected.,
mobile_form_usability,https://www.strique.io/customers/powerlook,medium,not_applicable,playwright,brands/strique/references/evidence/20260629T193943Z/pages/3b2b28627893/playwright.json,No visible mobile form fields found.,
mobile_text_readability,https://www.strique.io/customers/powerlook,medium,fail,playwright,brands/strique/references/evidence/20260629T193943Z/pages/3b2b28627893/playwright.json,10 sampled text elements are too small or tight on mobile.,Increase mobile font size or line height for readable body text.
route_status_handling,https://www.strique.io/customers/powerlook,medium,not_applicable,playwright,brands/strique/references/evidence/20260629T193943Z/pages/3b2b28627893/playwright.json,Route status handling is tested from the site root.,
table_semantics,https://www.strique.io/customers/powerlook,medium,not_applicable,playwright,brands/strique/references/evidence/20260629T193943Z/pages/3b2b28627893/playwright.json,No visible tables found.,
tap_targets,https://www.strique.io/customers/powerlook,medium,fail,playwright,brands/strique/references/evidence/20260629T193943Z/pages/3b2b28627893/playwright.json,10 small and 16 crowded mobile tap targets found.,Increase tap target size or spacing to at least common mobile accessibility targets.
text_spacing,https://www.strique.io/customers/powerlook,medium,pass,playwright,brands/strique/references/evidence/20260629T193943Z/pages/3b2b28627893/playwright.json,WCAG text spacing did not cause overflow or content loss. WCAG text spacing did not cause overflow or content loss.,
zoom_readability,https://www.strique.io/customers/powerlook,medium,pass,playwright,brands/strique/references/evidence/20260629T193943Z/pages/3b2b28627893/playwright.json,Common zoom readability did not cause overflow or content loss. Common zoom readability did not cause overflow or content loss.,
rich_result_properties,https://www.strique.io/customers/powerlook,medium,pass,playwright,brands/strique/references/evidence/20260629T193943Z/pages/3b2b28627893/playwright.json,"Supported rich result schema properties are present for: Article, BreadcrumbList, Organization.",
critical_css_font_loading,https://www.strique.io/customers/powerlook,medium,fail,lighthouse,brands/strique/references/evidence/20260629T193943Z/pages/3b2b28627893/lighthouse.json,Stored lab artifact does not include critical CSS or font diagnostics.,Recollect Lighthouse or PageSpeed evidence with CSS and font diagnostics.
render_blocking_scripts,https://www.strique.io/customers/powerlook,medium,fail,lighthouse,brands/strique/references/evidence/20260629T193943Z/pages/3b2b28627893/lighthouse.json,Stored artifacts do not include render-blocking script diagnostics.,Recollect Lighthouse/PageSpeed diagnostics or Playwright script inventory.
third_party_script_weight,https://www.strique.io/customers/powerlook,medium,fail,lighthouse,brands/strique/references/evidence/20260629T193943Z/pages/3b2b28627893/lighthouse.json,Stored artifacts do not include third-party script weight diagnostics.,Recollect Lighthouse/PageSpeed diagnostics or Playwright script inventory.
lab_root_cause_diagnostics,https://www.strique.io/customers/powerlook,medium,pass,lighthouse,brands/strique/references/evidence/20260629T193943Z/pages/3b2b28627893/lighthouse.json,"Lab diagnostics available: largest-contentful-paint, cumulative-layout-shift, speed-index, total-blocking-time.",
crawl_status,https://www.strique.io/for,high,pass,firecrawl,brands/strique/references/crawls/20260629T193943Z/pages/e82c418a3dd9/firecrawl.json,URL crawled with status 200.,
indexable,https://www.strique.io/for,high,pass,firecrawl,brands/strique/references/crawls/20260629T193943Z/pages/e82c418a3dd9/firecrawl.json,Indexability is yes.,
title_present,https://www.strique.io/for,medium,pass,firecrawl,brands/strique/references/crawls/20260629T193943Z/pages/e82c418a3dd9/firecrawl.json,"Title: Strique for Marketing Teams, CMOs, and Founders · Strique",
meta_description_present,https://www.strique.io/for,medium,pass,firecrawl,brands/strique/references/crawls/20260629T193943Z/pages/e82c418a3dd9/firecrawl.json,"Meta description: Whether you're a marketing manager, a CMO, or a founder doing marketing at 11pm, here's how Strique fits your role.",
single_h1,https://www.strique.io/for,medium,fail,firecrawl,brands/strique/references/crawls/20260629T193943Z/pages/e82c418a3dd9/firecrawl.json,H1 count is 2.,Use one clear H1 on the page.
canonical_match,https://www.strique.io/for,high,pass,firecrawl,brands/strique/references/crawls/20260629T193943Z/pages/e82c418a3dd9/firecrawl.json,Canonical: https://www.strique.io/for,
schema_present,https://www.strique.io/for,low,pass,firecrawl,brands/strique/references/crawls/20260629T193943Z/pages/e82c418a3dd9/firecrawl.json,"Schema types: ContactPoint, Organization, SearchAction, WebSite",
image_alt_text,https://www.strique.io/for,low,fail,firecrawl,brands/strique/references/crawls/20260629T193943Z/pages/e82c418a3dd9/firecrawl.json,3 images are missing alt text.,Add useful alt text for meaningful images.
sitemap_inclusion,https://www.strique.io/for,low,pass,firecrawl,brands/strique/references/crawls/20260629T193943Z/pages/e82c418a3dd9/firecrawl.json,Sitemap inclusion is yes.,
content_visible,https://www.strique.io/for,high,pass,firecrawl,brands/strique/references/crawls/20260629T193943Z/pages/e82c418a3dd9/firecrawl.json,Rendered public text has 8538 words.,
content_type_classifiable,https://www.strique.io/for,medium,pass,firecrawl,brands/strique/references/crawls/20260629T193943Z/pages/e82c418a3dd9/firecrawl.json,"Public URL, title, and rendered text were reviewed for a recognizable page type.",
resource_rendering_not_blocked,https://www.strique.io/for,high,pass,firecrawl,brands/strique/references/crawls/20260629T193943Z/pages/e82c418a3dd9/firecrawl.json,Critical page content rendered successfully.,
title_not_keyword_stuffed,https://www.strique.io/for,medium,pass,firecrawl,brands/strique/references/crawls/20260629T193943Z/pages/e82c418a3dd9/firecrawl.json,"Title reviewed for repeated terms and separator stuffing: Strique for Marketing Teams, CMOs, and Founders · Strique.",
heading_not_keyword_stuffed,https://www.strique.io/for,medium,pass,firecrawl,brands/strique/references/crawls/20260629T193943Z/pages/e82c418a3dd9/firecrawl.json,2 rendered headings reviewed for stuffing.,
preview_controls_safe,https://www.strique.io/for,medium,pass,firecrawl,brands/strique/references/crawls/20260629T193943Z/pages/e82c418a3dd9/firecrawl.json,No harmful snippet preview controls were detected.,
url_path_clean,https://www.strique.io/for,medium,pass,firecrawl,brands/strique/references/crawls/20260629T193943Z/pages/e82c418a3dd9/firecrawl.json,"URL path reviewed for IDs, dates, session keys, and implementation details.",
media_support_present,https://www.strique.io/for,low,pass,firecrawl,brands/strique/references/crawls/20260629T193943Z/pages/e82c418a3dd9/firecrawl.json,6 images found on the page.,
content_not_ai_slop,https://www.strique.io/for,low,pass,firecrawl,brands/strique/references/crawls/20260629T193943Z/pages/e82c418a3dd9/firecrawl.json,Rendered copy reviewed for common generic AI filler phrases.,
thin_prompt_variant_pages,https://www.strique.io/for,medium,pass,firecrawl,brands/strique/references/crawls/20260629T193943Z/pages/e82c418a3dd9/firecrawl.json,Rendered public text has 8538 words.,
docs_content_extractable,https://www.strique.io/for,medium,not_applicable,firecrawl,brands/strique/references/crawls/20260629T193943Z/pages/e82c418a3dd9/firecrawl.json,This is not a docs or support URL.,
performance_score,https://www.strique.io/for,medium,pass,lighthouse,brands/strique/references/evidence/20260629T193943Z/pages/e82c418a3dd9/lighthouse.json,Performance score is 0.93.,
blocking_popups_interstitials,https://www.strique.io/for,medium,fail,playwright,brands/strique/references/evidence/20260629T193943Z/pages/e82c418a3dd9/playwright.json,"1 large fixed, modal, or interstitial elements may block main content. 2 large fixed, modal, or interstitial elements may block main content.","Remove or reduce blocking overlays on first render, especially on mobile."
body_text_line_length,https://www.strique.io/for,medium,pass,playwright,brands/strique/references/evidence/20260629T193943Z/pages/e82c418a3dd9/playwright.json,Sampled body text line length is readable. Sampled body text line length is readable.,
client_route_metadata,https://www.strique.io/for,medium,not_applicable,playwright,brands/strique/references/evidence/20260629T193943Z/pages/e82c418a3dd9/playwright.json,"SPA markers were found, but route-change metadata was not triggered by this deterministic pass.",
color_contrast,https://www.strique.io/for,medium,pass,playwright,brands/strique/references/evidence/20260629T193943Z/pages/e82c418a3dd9/playwright.json,Sampled text meets contrast thresholds. Sampled text meets contrast thresholds.,
form_accessibility,https://www.strique.io/for,medium,not_applicable,playwright,brands/strique/references/evidence/20260629T193943Z/pages/e82c418a3dd9/playwright.json,No visible form fields found.,
fragment_deep_links,https://www.strique.io/for,medium,not_applicable,playwright,brands/strique/references/evidence/20260629T193943Z/pages/e82c418a3dd9/playwright.json,No same-page fragment links found.,
horizontal_scroll,https://www.strique.io/for,medium,pass,playwright,brands/strique/references/evidence/20260629T193943Z/pages/e82c418a3dd9/playwright.json,No horizontal overflow detected. No horizontal overflow detected.,
inaccessible_controls,https://www.strique.io/for,medium,pass,playwright,brands/strique/references/evidence/20260629T193943Z/pages/e82c418a3dd9/playwright.json,Visible controls have accessible names. Visible controls have accessible names.,
keyboard_navigation,https://www.strique.io/for,medium,pass,playwright,brands/strique/references/evidence/20260629T193943Z/pages/e82c418a3dd9/playwright.json,Keyboard focus reached 4 visible controls. Keyboard focus reached 4 visible controls.,
lazy_loading_in_viewport,https://www.strique.io/for,medium,pass,playwright,brands/strique/references/evidence/20260629T193943Z/pages/e82c418a3dd9/playwright.json,No unloaded in-viewport lazy content detected. No unloaded in-viewport lazy content detected.,
mobile_form_usability,https://www.strique.io/for,medium,not_applicable,playwright,brands/strique/references/evidence/20260629T193943Z/pages/e82c418a3dd9/playwright.json,No visible mobile form fields found.,
mobile_text_readability,https://www.strique.io/for,medium,fail,playwright,brands/strique/references/evidence/20260629T193943Z/pages/e82c418a3dd9/playwright.json,10 sampled text elements are too small or tight on mobile.,Increase mobile font size or line height for readable body text.
route_status_handling,https://www.strique.io/for,medium,not_applicable,playwright,brands/strique/references/evidence/20260629T193943Z/pages/e82c418a3dd9/playwright.json,Route status handling is tested from the site root.,
table_semantics,https://www.strique.io/for,medium,not_applicable,playwright,brands/strique/references/evidence/20260629T193943Z/pages/e82c418a3dd9/playwright.json,No visible tables found.,
tap_targets,https://www.strique.io/for,medium,fail,playwright,brands/strique/references/evidence/20260629T193943Z/pages/e82c418a3dd9/playwright.json,10 small and 13 crowded mobile tap targets found.,Increase tap target size or spacing to at least common mobile accessibility targets.
text_spacing,https://www.strique.io/for,medium,pass,playwright,brands/strique/references/evidence/20260629T193943Z/pages/e82c418a3dd9/playwright.json,WCAG text spacing did not cause overflow or content loss. WCAG text spacing did not cause overflow or content loss.,
zoom_readability,https://www.strique.io/for,medium,pass,playwright,brands/strique/references/evidence/20260629T193943Z/pages/e82c418a3dd9/playwright.json,Common zoom readability did not cause overflow or content loss. Common zoom readability did not cause overflow or content loss.,
rich_result_properties,https://www.strique.io/for,medium,pass,playwright,brands/strique/references/evidence/20260629T193943Z/pages/e82c418a3dd9/playwright.json,Supported rich result schema properties are present for: Organization.,
critical_css_font_loading,https://www.strique.io/for,medium,fail,lighthouse,brands/strique/references/evidence/20260629T193943Z/pages/e82c418a3dd9/lighthouse.json,Stored lab artifact does not include critical CSS or font diagnostics.,Recollect Lighthouse or PageSpeed evidence with CSS and font diagnostics.
render_blocking_scripts,https://www.strique.io/for,medium,fail,lighthouse,brands/strique/references/evidence/20260629T193943Z/pages/e82c418a3dd9/lighthouse.json,Stored artifacts do not include render-blocking script diagnostics.,Recollect Lighthouse/PageSpeed diagnostics or Playwright script inventory.
third_party_script_weight,https://www.strique.io/for,medium,fail,lighthouse,brands/strique/references/evidence/20260629T193943Z/pages/e82c418a3dd9/lighthouse.json,Stored artifacts do not include third-party script weight diagnostics.,Recollect Lighthouse/PageSpeed diagnostics or Playwright script inventory.
lab_root_cause_diagnostics,https://www.strique.io/for,medium,pass,lighthouse,brands/strique/references/evidence/20260629T193943Z/pages/e82c418a3dd9/lighthouse.json,"Lab diagnostics available: largest-contentful-paint, cumulative-layout-shift, speed-index, total-blocking-time.",
crawl_status,https://www.strique.io/for/cmos,high,pass,firecrawl,brands/strique/references/crawls/20260629T193943Z/pages/56eaade84679/firecrawl.json,URL crawled with status 200.,
indexable,https://www.strique.io/for/cmos,high,pass,firecrawl,brands/strique/references/crawls/20260629T193943Z/pages/56eaade84679/firecrawl.json,Indexability is yes.,
title_present,https://www.strique.io/for/cmos,medium,pass,firecrawl,brands/strique/references/crawls/20260629T193943Z/pages/56eaade84679/firecrawl.json,Title: For cmos & vps of marketing · Strique,
meta_description_present,https://www.strique.io/for/cmos,medium,pass,firecrawl,brands/strique/references/crawls/20260629T193943Z/pages/56eaade84679/firecrawl.json,Meta description: You own the revenue number. Strique is how you hit it without growing headcount or vendor spend linearly.,
single_h1,https://www.strique.io/for/cmos,medium,fail,firecrawl,brands/strique/references/crawls/20260629T193943Z/pages/56eaade84679/firecrawl.json,H1 count is 2.,Use one clear H1 on the page.
canonical_match,https://www.strique.io/for/cmos,high,pass,firecrawl,brands/strique/references/crawls/20260629T193943Z/pages/56eaade84679/firecrawl.json,Canonical: https://www.strique.io/for/cmos,
schema_present,https://www.strique.io/for/cmos,low,pass,firecrawl,brands/strique/references/crawls/20260629T193943Z/pages/56eaade84679/firecrawl.json,"Schema types: ContactPoint, Organization, SearchAction, WebSite",
image_alt_text,https://www.strique.io/for/cmos,low,fail,firecrawl,brands/strique/references/crawls/20260629T193943Z/pages/56eaade84679/firecrawl.json,3 images are missing alt text.,Add useful alt text for meaningful images.
sitemap_inclusion,https://www.strique.io/for/cmos,low,pass,firecrawl,brands/strique/references/crawls/20260629T193943Z/pages/56eaade84679/firecrawl.json,Sitemap inclusion is yes.,
content_visible,https://www.strique.io/for/cmos,high,pass,firecrawl,brands/strique/references/crawls/20260629T193943Z/pages/56eaade84679/firecrawl.json,Rendered public text has 9883 words.,
content_type_classifiable,https://www.strique.io/for/cmos,medium,pass,firecrawl,brands/strique/references/crawls/20260629T193943Z/pages/56eaade84679/firecrawl.json,"Public URL, title, and rendered text were reviewed for a recognizable page type.",
resource_rendering_not_blocked,https://www.strique.io/for/cmos,high,pass,firecrawl,brands/strique/references/crawls/20260629T193943Z/pages/56eaade84679/firecrawl.json,Critical page content rendered successfully.,
title_not_keyword_stuffed,https://www.strique.io/for/cmos,medium,pass,firecrawl,brands/strique/references/crawls/20260629T193943Z/pages/56eaade84679/firecrawl.json,Title reviewed for repeated terms and separator stuffing: For cmos & vps of marketing · Strique.,
heading_not_keyword_stuffed,https://www.strique.io/for/cmos,medium,pass,firecrawl,brands/strique/references/crawls/20260629T193943Z/pages/56eaade84679/firecrawl.json,7 rendered headings reviewed for stuffing.,
preview_controls_safe,https://www.strique.io/for/cmos,medium,pass,firecrawl,brands/strique/references/crawls/20260629T193943Z/pages/56eaade84679/firecrawl.json,No harmful snippet preview controls were detected.,
url_path_clean,https://www.strique.io/for/cmos,medium,pass,firecrawl,brands/strique/references/crawls/20260629T193943Z/pages/56eaade84679/firecrawl.json,"URL path reviewed for IDs, dates, session keys, and implementation details.",
media_support_present,https://www.strique.io/for/cmos,low,pass,firecrawl,brands/strique/references/crawls/20260629T193943Z/pages/56eaade84679/firecrawl.json,6 images found on the page.,
content_not_ai_slop,https://www.strique.io/for/cmos,low,pass,firecrawl,brands/strique/references/crawls/20260629T193943Z/pages/56eaade84679/firecrawl.json,Rendered copy reviewed for common generic AI filler phrases.,
thin_prompt_variant_pages,https://www.strique.io/for/cmos,medium,pass,firecrawl,brands/strique/references/crawls/20260629T193943Z/pages/56eaade84679/firecrawl.json,Rendered public text has 9883 words.,
docs_content_extractable,https://www.strique.io/for/cmos,medium,not_applicable,firecrawl,brands/strique/references/crawls/20260629T193943Z/pages/56eaade84679/firecrawl.json,This is not a docs or support URL.,
performance_score,https://www.strique.io/for/cmos,medium,fail,lighthouse,brands/strique/references/evidence/20260629T193943Z/pages/56eaade84679/lighthouse.json,Performance score is 0.61.,Improve Core Web Vitals and Lighthouse performance bottlenecks.
blocking_popups_interstitials,https://www.strique.io/for/cmos,medium,fail,playwright,brands/strique/references/evidence/20260629T193943Z/pages/56eaade84679/playwright.json,"1 large fixed, modal, or interstitial elements may block main content. 2 large fixed, modal, or interstitial elements may block main content.","Remove or reduce blocking overlays on first render, especially on mobile."
body_text_line_length,https://www.strique.io/for/cmos,medium,pass,playwright,brands/strique/references/evidence/20260629T193943Z/pages/56eaade84679/playwright.json,Sampled body text line length is readable. Sampled body text line length is readable.,
client_route_metadata,https://www.strique.io/for/cmos,medium,not_applicable,playwright,brands/strique/references/evidence/20260629T193943Z/pages/56eaade84679/playwright.json,"SPA markers were found, but route-change metadata was not triggered by this deterministic pass.",
color_contrast,https://www.strique.io/for/cmos,medium,fail,playwright,brands/strique/references/evidence/20260629T193943Z/pages/56eaade84679/playwright.json,1 sampled text elements have low contrast. 1 sampled text elements have low contrast.,Increase foreground/background contrast for readable text.
form_accessibility,https://www.strique.io/for/cmos,medium,not_applicable,playwright,brands/strique/references/evidence/20260629T193943Z/pages/56eaade84679/playwright.json,No visible form fields found.,
fragment_deep_links,https://www.strique.io/for/cmos,medium,not_applicable,playwright,brands/strique/references/evidence/20260629T193943Z/pages/56eaade84679/playwright.json,No same-page fragment links found.,
horizontal_scroll,https://www.strique.io/for/cmos,medium,pass,playwright,brands/strique/references/evidence/20260629T193943Z/pages/56eaade84679/playwright.json,No horizontal overflow detected. No horizontal overflow detected.,
inaccessible_controls,https://www.strique.io/for/cmos,medium,pass,playwright,brands/strique/references/evidence/20260629T193943Z/pages/56eaade84679/playwright.json,Visible controls have accessible names. Visible controls have accessible names.,
keyboard_navigation,https://www.strique.io/for/cmos,medium,pass,playwright,brands/strique/references/evidence/20260629T193943Z/pages/56eaade84679/playwright.json,Keyboard focus reached 4 visible controls. Keyboard focus reached 4 visible controls.,
lazy_loading_in_viewport,https://www.strique.io/for/cmos,medium,pass,playwright,brands/strique/references/evidence/20260629T193943Z/pages/56eaade84679/playwright.json,No unloaded in-viewport lazy content detected. No unloaded in-viewport lazy content detected.,
mobile_form_usability,https://www.strique.io/for/cmos,medium,not_applicable,playwright,brands/strique/references/evidence/20260629T193943Z/pages/56eaade84679/playwright.json,No visible mobile form fields found.,
mobile_text_readability,https://www.strique.io/for/cmos,medium,fail,playwright,brands/strique/references/evidence/20260629T193943Z/pages/56eaade84679/playwright.json,10 sampled text elements are too small or tight on mobile.,Increase mobile font size or line height for readable body text.
route_status_handling,https://www.strique.io/for/cmos,medium,not_applicable,playwright,brands/strique/references/evidence/20260629T193943Z/pages/56eaade84679/playwright.json,Route status handling is tested from the site root.,
table_semantics,https://www.strique.io/for/cmos,medium,not_applicable,playwright,brands/strique/references/evidence/20260629T193943Z/pages/56eaade84679/playwright.json,No visible tables found.,
tap_targets,https://www.strique.io/for/cmos,medium,fail,playwright,brands/strique/references/evidence/20260629T193943Z/pages/56eaade84679/playwright.json,10 small and 13 crowded mobile tap targets found.,Increase tap target size or spacing to at least common mobile accessibility targets.
text_spacing,https://www.strique.io/for/cmos,medium,pass,playwright,brands/strique/references/evidence/20260629T193943Z/pages/56eaade84679/playwright.json,WCAG text spacing did not cause overflow or content loss. WCAG text spacing did not cause overflow or content loss.,
zoom_readability,https://www.strique.io/for/cmos,medium,pass,playwright,brands/strique/references/evidence/20260629T193943Z/pages/56eaade84679/playwright.json,Common zoom readability did not cause overflow or content loss. Common zoom readability did not cause overflow or content loss.,
rich_result_properties,https://www.strique.io/for/cmos,medium,pass,playwright,brands/strique/references/evidence/20260629T193943Z/pages/56eaade84679/playwright.json,Supported rich result schema properties are present for: Organization.,
critical_css_font_loading,https://www.strique.io/for/cmos,medium,fail,lighthouse,brands/strique/references/evidence/20260629T193943Z/pages/56eaade84679/lighthouse.json,Stored lab artifact does not include critical CSS or font diagnostics.,Recollect Lighthouse or PageSpeed evidence with CSS and font diagnostics.
render_blocking_scripts,https://www.strique.io/for/cmos,medium,fail,lighthouse,brands/strique/references/evidence/20260629T193943Z/pages/56eaade84679/lighthouse.json,Stored artifacts do not include render-blocking script diagnostics.,Recollect Lighthouse/PageSpeed diagnostics or Playwright script inventory.
third_party_script_weight,https://www.strique.io/for/cmos,medium,fail,lighthouse,brands/strique/references/evidence/20260629T193943Z/pages/56eaade84679/lighthouse.json,Stored artifacts do not include third-party script weight diagnostics.,Recollect Lighthouse/PageSpeed diagnostics or Playwright script inventory.
lab_root_cause_diagnostics,https://www.strique.io/for/cmos,medium,pass,lighthouse,brands/strique/references/evidence/20260629T193943Z/pages/56eaade84679/lighthouse.json,"Lab diagnostics available: largest-contentful-paint, cumulative-layout-shift, speed-index, total-blocking-time.",
crawl_status,https://www.strique.io/for/founders,high,pass,firecrawl,brands/strique/references/crawls/20260629T193943Z/pages/e83271ac051d/firecrawl.json,URL crawled with status 200.,
indexable,https://www.strique.io/for/founders,high,pass,firecrawl,brands/strique/references/crawls/20260629T193943Z/pages/e83271ac051d/firecrawl.json,Indexability is yes.,
title_present,https://www.strique.io/for/founders,medium,pass,firecrawl,brands/strique/references/crawls/20260629T193943Z/pages/e83271ac051d/firecrawl.json,Title: For founders & solopreneurs · Strique,
meta_description_present,https://www.strique.io/for/founders,medium,pass,firecrawl,brands/strique/references/crawls/20260629T193943Z/pages/e83271ac051d/firecrawl.json,Meta description: You're the marketing hire you can't yet afford. Strique is the fractional AI marketing agent you run from Slack.,
single_h1,https://www.strique.io/for/founders,medium,fail,firecrawl,brands/strique/references/crawls/20260629T193943Z/pages/e83271ac051d/firecrawl.json,H1 count is 2.,Use one clear H1 on the page.
canonical_match,https://www.strique.io/for/founders,high,pass,firecrawl,brands/strique/references/crawls/20260629T193943Z/pages/e83271ac051d/firecrawl.json,Canonical: https://www.strique.io/for/founders,
schema_present,https://www.strique.io/for/founders,low,pass,firecrawl,brands/strique/references/crawls/20260629T193943Z/pages/e83271ac051d/firecrawl.json,"Schema types: ContactPoint, Organization, SearchAction, WebSite",
image_alt_text,https://www.strique.io/for/founders,low,fail,firecrawl,brands/strique/references/crawls/20260629T193943Z/pages/e83271ac051d/firecrawl.json,3 images are missing alt text.,Add useful alt text for meaningful images.
sitemap_inclusion,https://www.strique.io/for/founders,low,pass,firecrawl,brands/strique/references/crawls/20260629T193943Z/pages/e83271ac051d/firecrawl.json,Sitemap inclusion is yes.,
content_visible,https://www.strique.io/for/founders,high,pass,firecrawl,brands/strique/references/crawls/20260629T193943Z/pages/e83271ac051d/firecrawl.json,Rendered public text has 10003 words.,
content_type_classifiable,https://www.strique.io/for/founders,medium,pass,firecrawl,brands/strique/references/crawls/20260629T193943Z/pages/e83271ac051d/firecrawl.json,"Public URL, title, and rendered text were reviewed for a recognizable page type.",
resource_rendering_not_blocked,https://www.strique.io/for/founders,high,pass,firecrawl,brands/strique/references/crawls/20260629T193943Z/pages/e83271ac051d/firecrawl.json,Critical page content rendered successfully.,
title_not_keyword_stuffed,https://www.strique.io/for/founders,medium,pass,firecrawl,brands/strique/references/crawls/20260629T193943Z/pages/e83271ac051d/firecrawl.json,Title reviewed for repeated terms and separator stuffing: For founders & solopreneurs · Strique.,
heading_not_keyword_stuffed,https://www.strique.io/for/founders,medium,pass,firecrawl,brands/strique/references/crawls/20260629T193943Z/pages/e83271ac051d/firecrawl.json,7 rendered headings reviewed for stuffing.,
preview_controls_safe,https://www.strique.io/for/founders,medium,pass,firecrawl,brands/strique/references/crawls/20260629T193943Z/pages/e83271ac051d/firecrawl.json,No harmful snippet preview controls were detected.,
url_path_clean,https://www.strique.io/for/founders,medium,pass,firecrawl,brands/strique/references/crawls/20260629T193943Z/pages/e83271ac051d/firecrawl.json,"URL path reviewed for IDs, dates, session keys, and implementation details.",
media_support_present,https://www.strique.io/for/founders,low,pass,firecrawl,brands/strique/references/crawls/20260629T193943Z/pages/e83271ac051d/firecrawl.json,6 images found on the page.,
content_not_ai_slop,https://www.strique.io/for/founders,low,pass,firecrawl,brands/strique/references/crawls/20260629T193943Z/pages/e83271ac051d/firecrawl.json,Rendered copy reviewed for common generic AI filler phrases.,
thin_prompt_variant_pages,https://www.strique.io/for/founders,medium,pass,firecrawl,brands/strique/references/crawls/20260629T193943Z/pages/e83271ac051d/firecrawl.json,Rendered public text has 10003 words.,
docs_content_extractable,https://www.strique.io/for/founders,medium,not_applicable,firecrawl,brands/strique/references/crawls/20260629T193943Z/pages/e83271ac051d/firecrawl.json,This is not a docs or support URL.,
performance_score,https://www.strique.io/for/founders,medium,pass,lighthouse,brands/strique/references/evidence/20260629T193943Z/pages/e83271ac051d/lighthouse.json,Performance score is 0.9.,
blocking_popups_interstitials,https://www.strique.io/for/founders,medium,fail,playwright,brands/strique/references/evidence/20260629T193943Z/pages/e83271ac051d/playwright.json,"1 large fixed, modal, or interstitial elements may block main content. 2 large fixed, modal, or interstitial elements may block main content.","Remove or reduce blocking overlays on first render, especially on mobile."
body_text_line_length,https://www.strique.io/for/founders,medium,pass,playwright,brands/strique/references/evidence/20260629T193943Z/pages/e83271ac051d/playwright.json,Sampled body text line length is readable. Sampled body text line length is readable.,
client_route_metadata,https://www.strique.io/for/founders,medium,not_applicable,playwright,brands/strique/references/evidence/20260629T193943Z/pages/e83271ac051d/playwright.json,"SPA markers were found, but route-change metadata was not triggered by this deterministic pass.",
color_contrast,https://www.strique.io/for/founders,medium,fail,playwright,brands/strique/references/evidence/20260629T193943Z/pages/e83271ac051d/playwright.json,1 sampled text elements have low contrast. 1 sampled text elements have low contrast.,Increase foreground/background contrast for readable text.
form_accessibility,https://www.strique.io/for/founders,medium,not_applicable,playwright,brands/strique/references/evidence/20260629T193943Z/pages/e83271ac051d/playwright.json,No visible form fields found.,
fragment_deep_links,https://www.strique.io/for/founders,medium,not_applicable,playwright,brands/strique/references/evidence/20260629T193943Z/pages/e83271ac051d/playwright.json,No same-page fragment links found.,
horizontal_scroll,https://www.strique.io/for/founders,medium,pass,playwright,brands/strique/references/evidence/20260629T193943Z/pages/e83271ac051d/playwright.json,No horizontal overflow detected. No horizontal overflow detected.,
inaccessible_controls,https://www.strique.io/for/founders,medium,pass,playwright,brands/strique/references/evidence/20260629T193943Z/pages/e83271ac051d/playwright.json,Visible controls have accessible names. Visible controls have accessible names.,
keyboard_navigation,https://www.strique.io/for/founders,medium,pass,playwright,brands/strique/references/evidence/20260629T193943Z/pages/e83271ac051d/playwright.json,Keyboard focus reached 4 visible controls. Keyboard focus reached 4 visible controls.,
lazy_loading_in_viewport,https://www.strique.io/for/founders,medium,pass,playwright,brands/strique/references/evidence/20260629T193943Z/pages/e83271ac051d/playwright.json,No unloaded in-viewport lazy content detected. No unloaded in-viewport lazy content detected.,
mobile_form_usability,https://www.strique.io/for/founders,medium,not_applicable,playwright,brands/strique/references/evidence/20260629T193943Z/pages/e83271ac051d/playwright.json,No visible mobile form fields found.,
mobile_text_readability,https://www.strique.io/for/founders,medium,fail,playwright,brands/strique/references/evidence/20260629T193943Z/pages/e83271ac051d/playwright.json,10 sampled text elements are too small or tight on mobile.,Increase mobile font size or line height for readable body text.
route_status_handling,https://www.strique.io/for/founders,medium,not_applicable,playwright,brands/strique/references/evidence/20260629T193943Z/pages/e83271ac051d/playwright.json,Route status handling is tested from the site root.,
table_semantics,https://www.strique.io/for/founders,medium,not_applicable,playwright,brands/strique/references/evidence/20260629T193943Z/pages/e83271ac051d/playwright.json,No visible tables found.,
tap_targets,https://www.strique.io/for/founders,medium,fail,playwright,brands/strique/references/evidence/20260629T193943Z/pages/e83271ac051d/playwright.json,10 small and 13 crowded mobile tap targets found.,Increase tap target size or spacing to at least common mobile accessibility targets.
text_spacing,https://www.strique.io/for/founders,medium,pass,playwright,brands/strique/references/evidence/20260629T193943Z/pages/e83271ac051d/playwright.json,WCAG text spacing did not cause overflow or content loss. WCAG text spacing did not cause overflow or content loss.,
zoom_readability,https://www.strique.io/for/founders,medium,pass,playwright,brands/strique/references/evidence/20260629T193943Z/pages/e83271ac051d/playwright.json,Common zoom readability did not cause overflow or content loss. Common zoom readability did not cause overflow or content loss.,
rich_result_properties,https://www.strique.io/for/founders,medium,pass,playwright,brands/strique/references/evidence/20260629T193943Z/pages/e83271ac051d/playwright.json,Supported rich result schema properties are present for: Organization.,
critical_css_font_loading,https://www.strique.io/for/founders,medium,fail,lighthouse,brands/strique/references/evidence/20260629T193943Z/pages/e83271ac051d/lighthouse.json,Stored lab artifact does not include critical CSS or font diagnostics.,Recollect Lighthouse or PageSpeed evidence with CSS and font diagnostics.
render_blocking_scripts,https://www.strique.io/for/founders,medium,fail,lighthouse,brands/strique/references/evidence/20260629T193943Z/pages/e83271ac051d/lighthouse.json,Stored artifacts do not include render-blocking script diagnostics.,Recollect Lighthouse/PageSpeed diagnostics or Playwright script inventory.
third_party_script_weight,https://www.strique.io/for/founders,medium,fail,lighthouse,brands/strique/references/evidence/20260629T193943Z/pages/e83271ac051d/lighthouse.json,Stored artifacts do not include third-party script weight diagnostics.,Recollect Lighthouse/PageSpeed diagnostics or Playwright script inventory.
lab_root_cause_diagnostics,https://www.strique.io/for/founders,medium,pass,lighthouse,brands/strique/references/evidence/20260629T193943Z/pages/e83271ac051d/lighthouse.json,"Lab diagnostics available: largest-contentful-paint, cumulative-layout-shift, speed-index, total-blocking-time.",
crawl_status,https://www.strique.io/for/marketing-managers,high,pass,firecrawl,brands/strique/references/crawls/20260629T193943Z/pages/98b00a19f0f4/firecrawl.json,URL crawled with status 200.,
indexable,https://www.strique.io/for/marketing-managers,high,pass,firecrawl,brands/strique/references/crawls/20260629T193943Z/pages/98b00a19f0f4/firecrawl.json,Indexability is yes.,
title_present,https://www.strique.io/for/marketing-managers,medium,pass,firecrawl,brands/strique/references/crawls/20260629T193943Z/pages/98b00a19f0f4/firecrawl.json,Title: For marketing managers · Strique,
meta_description_present,https://www.strique.io/for/marketing-managers,medium,pass,firecrawl,brands/strique/references/crawls/20260629T193943Z/pages/98b00a19f0f4/firecrawl.json,"Meta description: You own the plan, not the production. Strique gives you the output of a 10-person team without the hiring plan.",
single_h1,https://www.strique.io/for/marketing-managers,medium,fail,firecrawl,brands/strique/references/crawls/20260629T193943Z/pages/98b00a19f0f4/firecrawl.json,H1 count is 2.,Use one clear H1 on the page.
canonical_match,https://www.strique.io/for/marketing-managers,high,pass,firecrawl,brands/strique/references/crawls/20260629T193943Z/pages/98b00a19f0f4/firecrawl.json,Canonical: https://www.strique.io/for/marketing-managers,
schema_present,https://www.strique.io/for/marketing-managers,low,pass,firecrawl,brands/strique/references/crawls/20260629T193943Z/pages/98b00a19f0f4/firecrawl.json,"Schema types: ContactPoint, Organization, SearchAction, WebSite",
image_alt_text,https://www.strique.io/for/marketing-managers,low,fail,firecrawl,brands/strique/references/crawls/20260629T193943Z/pages/98b00a19f0f4/firecrawl.json,3 images are missing alt text.,Add useful alt text for meaningful images.
sitemap_inclusion,https://www.strique.io/for/marketing-managers,low,pass,firecrawl,brands/strique/references/crawls/20260629T193943Z/pages/98b00a19f0f4/firecrawl.json,Sitemap inclusion is yes.,
content_visible,https://www.strique.io/for/marketing-managers,high,pass,firecrawl,brands/strique/references/crawls/20260629T193943Z/pages/98b00a19f0f4/firecrawl.json,Rendered public text has 9880 words.,
content_type_classifiable,https://www.strique.io/for/marketing-managers,medium,pass,firecrawl,brands/strique/references/crawls/20260629T193943Z/pages/98b00a19f0f4/firecrawl.json,"Public URL, title, and rendered text were reviewed for a recognizable page type.",
resource_rendering_not_blocked,https://www.strique.io/for/marketing-managers,high,pass,firecrawl,brands/strique/references/crawls/20260629T193943Z/pages/98b00a19f0f4/firecrawl.json,Critical page content rendered successfully.,
title_not_keyword_stuffed,https://www.strique.io/for/marketing-managers,medium,pass,firecrawl,brands/strique/references/crawls/20260629T193943Z/pages/98b00a19f0f4/firecrawl.json,Title reviewed for repeated terms and separator stuffing: For marketing managers · Strique.,
heading_not_keyword_stuffed,https://www.strique.io/for/marketing-managers,medium,pass,firecrawl,brands/strique/references/crawls/20260629T193943Z/pages/98b00a19f0f4/firecrawl.json,7 rendered headings reviewed for stuffing.,
preview_controls_safe,https://www.strique.io/for/marketing-managers,medium,pass,firecrawl,brands/strique/references/crawls/20260629T193943Z/pages/98b00a19f0f4/firecrawl.json,No harmful snippet preview controls were detected.,
url_path_clean,https://www.strique.io/for/marketing-managers,medium,pass,firecrawl,brands/strique/references/crawls/20260629T193943Z/pages/98b00a19f0f4/firecrawl.json,"URL path reviewed for IDs, dates, session keys, and implementation details.",
media_support_present,https://www.strique.io/for/marketing-managers,low,pass,firecrawl,brands/strique/references/crawls/20260629T193943Z/pages/98b00a19f0f4/firecrawl.json,6 images found on the page.,
content_not_ai_slop,https://www.strique.io/for/marketing-managers,low,pass,firecrawl,brands/strique/references/crawls/20260629T193943Z/pages/98b00a19f0f4/firecrawl.json,Rendered copy reviewed for common generic AI filler phrases.,
thin_prompt_variant_pages,https://www.strique.io/for/marketing-managers,medium,pass,firecrawl,brands/strique/references/crawls/20260629T193943Z/pages/98b00a19f0f4/firecrawl.json,Rendered public text has 9880 words.,
docs_content_extractable,https://www.strique.io/for/marketing-managers,medium,not_applicable,firecrawl,brands/strique/references/crawls/20260629T193943Z/pages/98b00a19f0f4/firecrawl.json,This is not a docs or support URL.,
performance_score,https://www.strique.io/for/marketing-managers,medium,fail,lighthouse,brands/strique/references/evidence/20260629T193943Z/pages/98b00a19f0f4/lighthouse.json,Performance score is 0.55.,Improve Core Web Vitals and Lighthouse performance bottlenecks.
blocking_popups_interstitials,https://www.strique.io/for/marketing-managers,medium,fail,playwright,brands/strique/references/evidence/20260629T193943Z/pages/98b00a19f0f4/playwright.json,"1 large fixed, modal, or interstitial elements may block main content. 2 large fixed, modal, or interstitial elements may block main content.","Remove or reduce blocking overlays on first render, especially on mobile."
body_text_line_length,https://www.strique.io/for/marketing-managers,medium,pass,playwright,brands/strique/references/evidence/20260629T193943Z/pages/98b00a19f0f4/playwright.json,Sampled body text line length is readable. Sampled body text line length is readable.,
client_route_metadata,https://www.strique.io/for/marketing-managers,medium,not_applicable,playwright,brands/strique/references/evidence/20260629T193943Z/pages/98b00a19f0f4/playwright.json,"SPA markers were found, but route-change metadata was not triggered by this deterministic pass.",
color_contrast,https://www.strique.io/for/marketing-managers,medium,fail,playwright,brands/strique/references/evidence/20260629T193943Z/pages/98b00a19f0f4/playwright.json,1 sampled text elements have low contrast. 1 sampled text elements have low contrast.,Increase foreground/background contrast for readable text.
form_accessibility,https://www.strique.io/for/marketing-managers,medium,not_applicable,playwright,brands/strique/references/evidence/20260629T193943Z/pages/98b00a19f0f4/playwright.json,No visible form fields found.,
fragment_deep_links,https://www.strique.io/for/marketing-managers,medium,not_applicable,playwright,brands/strique/references/evidence/20260629T193943Z/pages/98b00a19f0f4/playwright.json,No same-page fragment links found.,
horizontal_scroll,https://www.strique.io/for/marketing-managers,medium,pass,playwright,brands/strique/references/evidence/20260629T193943Z/pages/98b00a19f0f4/playwright.json,No horizontal overflow detected. No horizontal overflow detected.,
inaccessible_controls,https://www.strique.io/for/marketing-managers,medium,pass,playwright,brands/strique/references/evidence/20260629T193943Z/pages/98b00a19f0f4/playwright.json,Visible controls have accessible names. Visible controls have accessible names.,
keyboard_navigation,https://www.strique.io/for/marketing-managers,medium,pass,playwright,brands/strique/references/evidence/20260629T193943Z/pages/98b00a19f0f4/playwright.json,Keyboard focus reached 4 visible controls. Keyboard focus reached 4 visible controls.,
lazy_loading_in_viewport,https://www.strique.io/for/marketing-managers,medium,pass,playwright,brands/strique/references/evidence/20260629T193943Z/pages/98b00a19f0f4/playwright.json,No unloaded in-viewport lazy content detected. No unloaded in-viewport lazy content detected.,
mobile_form_usability,https://www.strique.io/for/marketing-managers,medium,not_applicable,playwright,brands/strique/references/evidence/20260629T193943Z/pages/98b00a19f0f4/playwright.json,No visible mobile form fields found.,
mobile_text_readability,https://www.strique.io/for/marketing-managers,medium,fail,playwright,brands/strique/references/evidence/20260629T193943Z/pages/98b00a19f0f4/playwright.json,10 sampled text elements are too small or tight on mobile.,Increase mobile font size or line height for readable body text.
route_status_handling,https://www.strique.io/for/marketing-managers,medium,not_applicable,playwright,brands/strique/references/evidence/20260629T193943Z/pages/98b00a19f0f4/playwright.json,Route status handling is tested from the site root.,
table_semantics,https://www.strique.io/for/marketing-managers,medium,not_applicable,playwright,brands/strique/references/evidence/20260629T193943Z/pages/98b00a19f0f4/playwright.json,No visible tables found.,
tap_targets,https://www.strique.io/for/marketing-managers,medium,fail,playwright,brands/strique/references/evidence/20260629T193943Z/pages/98b00a19f0f4/playwright.json,10 small and 13 crowded mobile tap targets found.,Increase tap target size or spacing to at least common mobile accessibility targets.
text_spacing,https://www.strique.io/for/marketing-managers,medium,pass,playwright,brands/strique/references/evidence/20260629T193943Z/pages/98b00a19f0f4/playwright.json,WCAG text spacing did not cause overflow or content loss. WCAG text spacing did not cause overflow or content loss.,
zoom_readability,https://www.strique.io/for/marketing-managers,medium,pass,playwright,brands/strique/references/evidence/20260629T193943Z/pages/98b00a19f0f4/playwright.json,Common zoom readability did not cause overflow or content loss. Common zoom readability did not cause overflow or content loss.,
rich_result_properties,https://www.strique.io/for/marketing-managers,medium,pass,playwright,brands/strique/references/evidence/20260629T193943Z/pages/98b00a19f0f4/playwright.json,Supported rich result schema properties are present for: Organization.,
critical_css_font_loading,https://www.strique.io/for/marketing-managers,medium,fail,lighthouse,brands/strique/references/evidence/20260629T193943Z/pages/98b00a19f0f4/lighthouse.json,Stored lab artifact does not include critical CSS or font diagnostics.,Recollect Lighthouse or PageSpeed evidence with CSS and font diagnostics.
render_blocking_scripts,https://www.strique.io/for/marketing-managers,medium,fail,lighthouse,brands/strique/references/evidence/20260629T193943Z/pages/98b00a19f0f4/lighthouse.json,Stored artifacts do not include render-blocking script diagnostics.,Recollect Lighthouse/PageSpeed diagnostics or Playwright script inventory.
third_party_script_weight,https://www.strique.io/for/marketing-managers,medium,fail,lighthouse,brands/strique/references/evidence/20260629T193943Z/pages/98b00a19f0f4/lighthouse.json,Stored artifacts do not include third-party script weight diagnostics.,Recollect Lighthouse/PageSpeed diagnostics or Playwright script inventory.
lab_root_cause_diagnostics,https://www.strique.io/for/marketing-managers,medium,pass,lighthouse,brands/strique/references/evidence/20260629T193943Z/pages/98b00a19f0f4/lighthouse.json,"Lab diagnostics available: largest-contentful-paint, cumulative-layout-shift, speed-index, total-blocking-time.",
crawl_status,https://www.strique.io/integrations,high,pass,firecrawl,brands/strique/references/crawls/20260629T193943Z/pages/33d8ef853c81/firecrawl.json,URL crawled with status 200.,
indexable,https://www.strique.io/integrations,high,pass,firecrawl,brands/strique/references/crawls/20260629T193943Z/pages/33d8ef853c81/firecrawl.json,Indexability is yes.,
title_present,https://www.strique.io/integrations,medium,pass,firecrawl,brands/strique/references/crawls/20260629T193943Z/pages/33d8ef853c81/firecrawl.json,Title: Strique Integrations for Marketing Teams · Strique,
meta_description_present,https://www.strique.io/integrations,medium,pass,firecrawl,brands/strique/references/crawls/20260629T193943Z/pages/33d8ef853c81/firecrawl.json,"Meta description: Native connectors to the ad platforms, CRMs, email providers, and automation tools your team already runs on.",
single_h1,https://www.strique.io/integrations,medium,fail,firecrawl,brands/strique/references/crawls/20260629T193943Z/pages/33d8ef853c81/firecrawl.json,H1 count is 2.,Use one clear H1 on the page.
canonical_match,https://www.strique.io/integrations,high,pass,firecrawl,brands/strique/references/crawls/20260629T193943Z/pages/33d8ef853c81/firecrawl.json,Canonical: https://www.strique.io/integrations,
schema_present,https://www.strique.io/integrations,low,pass,firecrawl,brands/strique/references/crawls/20260629T193943Z/pages/33d8ef853c81/firecrawl.json,"Schema types: ContactPoint, Organization, SearchAction, WebSite",
image_alt_text,https://www.strique.io/integrations,low,fail,firecrawl,brands/strique/references/crawls/20260629T193943Z/pages/33d8ef853c81/firecrawl.json,3 images are missing alt text.,Add useful alt text for meaningful images.
sitemap_inclusion,https://www.strique.io/integrations,low,pass,firecrawl,brands/strique/references/crawls/20260629T193943Z/pages/33d8ef853c81/firecrawl.json,Sitemap inclusion is yes.,
content_visible,https://www.strique.io/integrations,high,pass,firecrawl,brands/strique/references/crawls/20260629T193943Z/pages/33d8ef853c81/firecrawl.json,Rendered public text has 8588 words.,
content_type_classifiable,https://www.strique.io/integrations,medium,pass,firecrawl,brands/strique/references/crawls/20260629T193943Z/pages/33d8ef853c81/firecrawl.json,"Public URL, title, and rendered text were reviewed for a recognizable page type.",
resource_rendering_not_blocked,https://www.strique.io/integrations,high,pass,firecrawl,brands/strique/references/crawls/20260629T193943Z/pages/33d8ef853c81/firecrawl.json,Critical page content rendered successfully.,
title_not_keyword_stuffed,https://www.strique.io/integrations,medium,pass,firecrawl,brands/strique/references/crawls/20260629T193943Z/pages/33d8ef853c81/firecrawl.json,Title reviewed for repeated terms and separator stuffing: Strique Integrations for Marketing Teams · Strique.,
heading_not_keyword_stuffed,https://www.strique.io/integrations,medium,pass,firecrawl,brands/strique/references/crawls/20260629T193943Z/pages/33d8ef853c81/firecrawl.json,2 rendered headings reviewed for stuffing.,
preview_controls_safe,https://www.strique.io/integrations,medium,pass,firecrawl,brands/strique/references/crawls/20260629T193943Z/pages/33d8ef853c81/firecrawl.json,No harmful snippet preview controls were detected.,
url_path_clean,https://www.strique.io/integrations,medium,pass,firecrawl,brands/strique/references/crawls/20260629T193943Z/pages/33d8ef853c81/firecrawl.json,"URL path reviewed for IDs, dates, session keys, and implementation details.",
media_support_present,https://www.strique.io/integrations,low,pass,firecrawl,brands/strique/references/crawls/20260629T193943Z/pages/33d8ef853c81/firecrawl.json,6 images found on the page.,
content_not_ai_slop,https://www.strique.io/integrations,low,pass,firecrawl,brands/strique/references/crawls/20260629T193943Z/pages/33d8ef853c81/firecrawl.json,Rendered copy reviewed for common generic AI filler phrases.,
thin_prompt_variant_pages,https://www.strique.io/integrations,medium,pass,firecrawl,brands/strique/references/crawls/20260629T193943Z/pages/33d8ef853c81/firecrawl.json,Rendered public text has 8588 words.,
docs_content_extractable,https://www.strique.io/integrations,medium,not_applicable,firecrawl,brands/strique/references/crawls/20260629T193943Z/pages/33d8ef853c81/firecrawl.json,This is not a docs or support URL.,
performance_score,https://www.strique.io/integrations,medium,fail,lighthouse,brands/strique/references/evidence/20260629T193943Z/pages/33d8ef853c81/lighthouse.json,Performance score is 0.57.,Improve Core Web Vitals and Lighthouse performance bottlenecks.
blocking_popups_interstitials,https://www.strique.io/integrations,medium,fail,playwright,brands/strique/references/evidence/20260629T193943Z/pages/33d8ef853c81/playwright.json,"1 large fixed, modal, or interstitial elements may block main content. 2 large fixed, modal, or interstitial elements may block main content.","Remove or reduce blocking overlays on first render, especially on mobile."
body_text_line_length,https://www.strique.io/integrations,medium,pass,playwright,brands/strique/references/evidence/20260629T193943Z/pages/33d8ef853c81/playwright.json,Sampled body text line length is readable. Sampled body text line length is readable.,
client_route_metadata,https://www.strique.io/integrations,medium,not_applicable,playwright,brands/strique/references/evidence/20260629T193943Z/pages/33d8ef853c81/playwright.json,"SPA markers were found, but route-change metadata was not triggered by this deterministic pass.",
color_contrast,https://www.strique.io/integrations,medium,pass,playwright,brands/strique/references/evidence/20260629T193943Z/pages/33d8ef853c81/playwright.json,Sampled text meets contrast thresholds. Sampled text meets contrast thresholds.,
form_accessibility,https://www.strique.io/integrations,medium,not_applicable,playwright,brands/strique/references/evidence/20260629T193943Z/pages/33d8ef853c81/playwright.json,No visible form fields found.,
fragment_deep_links,https://www.strique.io/integrations,medium,not_applicable,playwright,brands/strique/references/evidence/20260629T193943Z/pages/33d8ef853c81/playwright.json,No same-page fragment links found.,
horizontal_scroll,https://www.strique.io/integrations,medium,pass,playwright,brands/strique/references/evidence/20260629T193943Z/pages/33d8ef853c81/playwright.json,No horizontal overflow detected. No horizontal overflow detected.,
inaccessible_controls,https://www.strique.io/integrations,medium,pass,playwright,brands/strique/references/evidence/20260629T193943Z/pages/33d8ef853c81/playwright.json,Visible controls have accessible names. Visible controls have accessible names.,
keyboard_navigation,https://www.strique.io/integrations,medium,pass,playwright,brands/strique/references/evidence/20260629T193943Z/pages/33d8ef853c81/playwright.json,Keyboard focus reached 4 visible controls. Keyboard focus reached 4 visible controls.,
lazy_loading_in_viewport,https://www.strique.io/integrations,medium,pass,playwright,brands/strique/references/evidence/20260629T193943Z/pages/33d8ef853c81/playwright.json,No unloaded in-viewport lazy content detected. No unloaded in-viewport lazy content detected.,
mobile_form_usability,https://www.strique.io/integrations,medium,not_applicable,playwright,brands/strique/references/evidence/20260629T193943Z/pages/33d8ef853c81/playwright.json,No visible mobile form fields found.,
mobile_text_readability,https://www.strique.io/integrations,medium,fail,playwright,brands/strique/references/evidence/20260629T193943Z/pages/33d8ef853c81/playwright.json,10 sampled text elements are too small or tight on mobile.,Increase mobile font size or line height for readable body text.
route_status_handling,https://www.strique.io/integrations,medium,not_applicable,playwright,brands/strique/references/evidence/20260629T193943Z/pages/33d8ef853c81/playwright.json,Route status handling is tested from the site root.,
table_semantics,https://www.strique.io/integrations,medium,not_applicable,playwright,brands/strique/references/evidence/20260629T193943Z/pages/33d8ef853c81/playwright.json,No visible tables found.,
tap_targets,https://www.strique.io/integrations,medium,fail,playwright,brands/strique/references/evidence/20260629T193943Z/pages/33d8ef853c81/playwright.json,10 small and 13 crowded mobile tap targets found.,Increase tap target size or spacing to at least common mobile accessibility targets.
text_spacing,https://www.strique.io/integrations,medium,pass,playwright,brands/strique/references/evidence/20260629T193943Z/pages/33d8ef853c81/playwright.json,WCAG text spacing did not cause overflow or content loss. WCAG text spacing did not cause overflow or content loss.,
zoom_readability,https://www.strique.io/integrations,medium,pass,playwright,brands/strique/references/evidence/20260629T193943Z/pages/33d8ef853c81/playwright.json,Common zoom readability did not cause overflow or content loss. Common zoom readability did not cause overflow or content loss.,
rich_result_properties,https://www.strique.io/integrations,medium,pass,playwright,brands/strique/references/evidence/20260629T193943Z/pages/33d8ef853c81/playwright.json,Supported rich result schema properties are present for: Organization.,
critical_css_font_loading,https://www.strique.io/integrations,medium,fail,lighthouse,brands/strique/references/evidence/20260629T193943Z/pages/33d8ef853c81/lighthouse.json,Stored lab artifact does not include critical CSS or font diagnostics.,Recollect Lighthouse or PageSpeed evidence with CSS and font diagnostics.
render_blocking_scripts,https://www.strique.io/integrations,medium,fail,lighthouse,brands/strique/references/evidence/20260629T193943Z/pages/33d8ef853c81/lighthouse.json,Stored artifacts do not include render-blocking script diagnostics.,Recollect Lighthouse/PageSpeed diagnostics or Playwright script inventory.
third_party_script_weight,https://www.strique.io/integrations,medium,fail,lighthouse,brands/strique/references/evidence/20260629T193943Z/pages/33d8ef853c81/lighthouse.json,Stored artifacts do not include third-party script weight diagnostics.,Recollect Lighthouse/PageSpeed diagnostics or Playwright script inventory.
lab_root_cause_diagnostics,https://www.strique.io/integrations,medium,pass,lighthouse,brands/strique/references/evidence/20260629T193943Z/pages/33d8ef853c81/lighthouse.json,"Lab diagnostics available: largest-contentful-paint, cumulative-layout-shift, speed-index, total-blocking-time.",
crawl_status,https://www.strique.io/integrations/google-ads,high,pass,firecrawl,brands/strique/references/crawls/20260629T193943Z/pages/a39cabea102d/firecrawl.json,URL crawled with status 200.,
indexable,https://www.strique.io/integrations/google-ads,high,pass,firecrawl,brands/strique/references/crawls/20260629T193943Z/pages/a39cabea102d/firecrawl.json,Indexability is yes.,
title_present,https://www.strique.io/integrations/google-ads,medium,pass,firecrawl,brands/strique/references/crawls/20260629T193943Z/pages/a39cabea102d/firecrawl.json,Title: Google Ads integration · Strique,
meta_description_present,https://www.strique.io/integrations/google-ads,medium,pass,firecrawl,brands/strique/references/crawls/20260629T193943Z/pages/a39cabea102d/firecrawl.json,"Meta description: Search, Performance Max, YouTube, and Display managed as one loop with shared learning across campaign types.",
single_h1,https://www.strique.io/integrations/google-ads,medium,fail,firecrawl,brands/strique/references/crawls/20260629T193943Z/pages/a39cabea102d/firecrawl.json,H1 count is 2.,Use one clear H1 on the page.
canonical_match,https://www.strique.io/integrations/google-ads,high,pass,firecrawl,brands/strique/references/crawls/20260629T193943Z/pages/a39cabea102d/firecrawl.json,Canonical: https://www.strique.io/integrations/google-ads,
schema_present,https://www.strique.io/integrations/google-ads,low,pass,firecrawl,brands/strique/references/crawls/20260629T193943Z/pages/a39cabea102d/firecrawl.json,"Schema types: BreadcrumbList, ContactPoint, ListItem, Organization, SearchAction, WebSite",
image_alt_text,https://www.strique.io/integrations/google-ads,low,fail,firecrawl,brands/strique/references/crawls/20260629T193943Z/pages/a39cabea102d/firecrawl.json,3 images are missing alt text.,Add useful alt text for meaningful images.
sitemap_inclusion,https://www.strique.io/integrations/google-ads,low,pass,firecrawl,brands/strique/references/crawls/20260629T193943Z/pages/a39cabea102d/firecrawl.json,Sitemap inclusion is yes.,
content_visible,https://www.strique.io/integrations/google-ads,high,pass,firecrawl,brands/strique/references/crawls/20260629T193943Z/pages/a39cabea102d/firecrawl.json,Rendered public text has 8420 words.,
content_type_classifiable,https://www.strique.io/integrations/google-ads,medium,pass,firecrawl,brands/strique/references/crawls/20260629T193943Z/pages/a39cabea102d/firecrawl.json,"Public URL, title, and rendered text were reviewed for a recognizable page type.",
resource_rendering_not_blocked,https://www.strique.io/integrations/google-ads,high,pass,firecrawl,brands/strique/references/crawls/20260629T193943Z/pages/a39cabea102d/firecrawl.json,Critical page content rendered successfully.,
title_not_keyword_stuffed,https://www.strique.io/integrations/google-ads,medium,pass,firecrawl,brands/strique/references/crawls/20260629T193943Z/pages/a39cabea102d/firecrawl.json,Title reviewed for repeated terms and separator stuffing: Google Ads integration · Strique.,
heading_not_keyword_stuffed,https://www.strique.io/integrations/google-ads,medium,pass,firecrawl,brands/strique/references/crawls/20260629T193943Z/pages/a39cabea102d/firecrawl.json,3 rendered headings reviewed for stuffing.,
preview_controls_safe,https://www.strique.io/integrations/google-ads,medium,pass,firecrawl,brands/strique/references/crawls/20260629T193943Z/pages/a39cabea102d/firecrawl.json,No harmful snippet preview controls were detected.,
url_path_clean,https://www.strique.io/integrations/google-ads,medium,pass,firecrawl,brands/strique/references/crawls/20260629T193943Z/pages/a39cabea102d/firecrawl.json,"URL path reviewed for IDs, dates, session keys, and implementation details.",
media_support_present,https://www.strique.io/integrations/google-ads,low,pass,firecrawl,brands/strique/references/crawls/20260629T193943Z/pages/a39cabea102d/firecrawl.json,6 images found on the page.,
content_not_ai_slop,https://www.strique.io/integrations/google-ads,low,pass,firecrawl,brands/strique/references/crawls/20260629T193943Z/pages/a39cabea102d/firecrawl.json,Rendered copy reviewed for common generic AI filler phrases.,
thin_prompt_variant_pages,https://www.strique.io/integrations/google-ads,medium,pass,firecrawl,brands/strique/references/crawls/20260629T193943Z/pages/a39cabea102d/firecrawl.json,Rendered public text has 8420 words.,
docs_content_extractable,https://www.strique.io/integrations/google-ads,medium,not_applicable,firecrawl,brands/strique/references/crawls/20260629T193943Z/pages/a39cabea102d/firecrawl.json,This is not a docs or support URL.,
performance_score,https://www.strique.io/integrations/google-ads,medium,fail,lighthouse,brands/strique/references/evidence/20260629T193943Z/pages/a39cabea102d/lighthouse.json,Performance score is 0.57.,Improve Core Web Vitals and Lighthouse performance bottlenecks.
blocking_popups_interstitials,https://www.strique.io/integrations/google-ads,medium,fail,playwright,brands/strique/references/evidence/20260629T193943Z/pages/a39cabea102d/playwright.json,"1 large fixed, modal, or interstitial elements may block main content. 2 large fixed, modal, or interstitial elements may block main content.","Remove or reduce blocking overlays on first render, especially on mobile."
body_text_line_length,https://www.strique.io/integrations/google-ads,medium,pass,playwright,brands/strique/references/evidence/20260629T193943Z/pages/a39cabea102d/playwright.json,Sampled body text line length is readable. Sampled body text line length is readable.,
client_route_metadata,https://www.strique.io/integrations/google-ads,medium,not_applicable,playwright,brands/strique/references/evidence/20260629T193943Z/pages/a39cabea102d/playwright.json,"SPA markers were found, but route-change metadata was not triggered by this deterministic pass.",
color_contrast,https://www.strique.io/integrations/google-ads,medium,pass,playwright,brands/strique/references/evidence/20260629T193943Z/pages/a39cabea102d/playwright.json,Sampled text meets contrast thresholds. Sampled text meets contrast thresholds.,
form_accessibility,https://www.strique.io/integrations/google-ads,medium,not_applicable,playwright,brands/strique/references/evidence/20260629T193943Z/pages/a39cabea102d/playwright.json,No visible form fields found.,
fragment_deep_links,https://www.strique.io/integrations/google-ads,medium,not_applicable,playwright,brands/strique/references/evidence/20260629T193943Z/pages/a39cabea102d/playwright.json,No same-page fragment links found.,
horizontal_scroll,https://www.strique.io/integrations/google-ads,medium,pass,playwright,brands/strique/references/evidence/20260629T193943Z/pages/a39cabea102d/playwright.json,No horizontal overflow detected. No horizontal overflow detected.,
inaccessible_controls,https://www.strique.io/integrations/google-ads,medium,pass,playwright,brands/strique/references/evidence/20260629T193943Z/pages/a39cabea102d/playwright.json,Visible controls have accessible names. Visible controls have accessible names.,
keyboard_navigation,https://www.strique.io/integrations/google-ads,medium,pass,playwright,brands/strique/references/evidence/20260629T193943Z/pages/a39cabea102d/playwright.json,Keyboard focus reached 4 visible controls. Keyboard focus reached 4 visible controls.,
lazy_loading_in_viewport,https://www.strique.io/integrations/google-ads,medium,pass,playwright,brands/strique/references/evidence/20260629T193943Z/pages/a39cabea102d/playwright.json,No unloaded in-viewport lazy content detected. No unloaded in-viewport lazy content detected.,
mobile_form_usability,https://www.strique.io/integrations/google-ads,medium,not_applicable,playwright,brands/strique/references/evidence/20260629T193943Z/pages/a39cabea102d/playwright.json,No visible mobile form fields found.,
mobile_text_readability,https://www.strique.io/integrations/google-ads,medium,fail,playwright,brands/strique/references/evidence/20260629T193943Z/pages/a39cabea102d/playwright.json,10 sampled text elements are too small or tight on mobile.,Increase mobile font size or line height for readable body text.
route_status_handling,https://www.strique.io/integrations/google-ads,medium,not_applicable,playwright,brands/strique/references/evidence/20260629T193943Z/pages/a39cabea102d/playwright.json,Route status handling is tested from the site root.,
table_semantics,https://www.strique.io/integrations/google-ads,medium,not_applicable,playwright,brands/strique/references/evidence/20260629T193943Z/pages/a39cabea102d/playwright.json,No visible tables found.,
tap_targets,https://www.strique.io/integrations/google-ads,medium,fail,playwright,brands/strique/references/evidence/20260629T193943Z/pages/a39cabea102d/playwright.json,10 small and 13 crowded mobile tap targets found.,Increase tap target size or spacing to at least common mobile accessibility targets.
text_spacing,https://www.strique.io/integrations/google-ads,medium,pass,playwright,brands/strique/references/evidence/20260629T193943Z/pages/a39cabea102d/playwright.json,WCAG text spacing did not cause overflow or content loss. WCAG text spacing did not cause overflow or content loss.,
zoom_readability,https://www.strique.io/integrations/google-ads,medium,pass,playwright,brands/strique/references/evidence/20260629T193943Z/pages/a39cabea102d/playwright.json,Common zoom readability did not cause overflow or content loss. Common zoom readability did not cause overflow or content loss.,
rich_result_properties,https://www.strique.io/integrations/google-ads,medium,pass,playwright,brands/strique/references/evidence/20260629T193943Z/pages/a39cabea102d/playwright.json,"Supported rich result schema properties are present for: BreadcrumbList, Organization.",
critical_css_font_loading,https://www.strique.io/integrations/google-ads,medium,fail,lighthouse,brands/strique/references/evidence/20260629T193943Z/pages/a39cabea102d/lighthouse.json,Stored lab artifact does not include critical CSS or font diagnostics.,Recollect Lighthouse or PageSpeed evidence with CSS and font diagnostics.
render_blocking_scripts,https://www.strique.io/integrations/google-ads,medium,fail,lighthouse,brands/strique/references/evidence/20260629T193943Z/pages/a39cabea102d/lighthouse.json,Stored artifacts do not include render-blocking script diagnostics.,Recollect Lighthouse/PageSpeed diagnostics or Playwright script inventory.
third_party_script_weight,https://www.strique.io/integrations/google-ads,medium,fail,lighthouse,brands/strique/references/evidence/20260629T193943Z/pages/a39cabea102d/lighthouse.json,Stored artifacts do not include third-party script weight diagnostics.,Recollect Lighthouse/PageSpeed diagnostics or Playwright script inventory.
lab_root_cause_diagnostics,https://www.strique.io/integrations/google-ads,medium,pass,lighthouse,brands/strique/references/evidence/20260629T193943Z/pages/a39cabea102d/lighthouse.json,"Lab diagnostics available: largest-contentful-paint, cumulative-layout-shift, speed-index, total-blocking-time.",
crawl_status,https://www.strique.io/integrations/hubspot,high,pass,firecrawl,brands/strique/references/crawls/20260629T193943Z/pages/4ff3d7dd248b/firecrawl.json,URL crawled with status 200.,
indexable,https://www.strique.io/integrations/hubspot,high,pass,firecrawl,brands/strique/references/crawls/20260629T193943Z/pages/4ff3d7dd248b/firecrawl.json,Indexability is yes.,
title_present,https://www.strique.io/integrations/hubspot,medium,pass,firecrawl,brands/strique/references/crawls/20260629T193943Z/pages/4ff3d7dd248b/firecrawl.json,Title: HubSpot integration · Strique,
meta_description_present,https://www.strique.io/integrations/hubspot,medium,pass,firecrawl,brands/strique/references/crawls/20260629T193943Z/pages/4ff3d7dd248b/firecrawl.json,Meta description: Bi-directional CRM sync. Strique reads deal state to inform campaigns and writes contacts and activities back from agent actions.,
single_h1,https://www.strique.io/integrations/hubspot,medium,fail,firecrawl,brands/strique/references/crawls/20260629T193943Z/pages/4ff3d7dd248b/firecrawl.json,H1 count is 2.,Use one clear H1 on the page.
canonical_match,https://www.strique.io/integrations/hubspot,high,pass,firecrawl,brands/strique/references/crawls/20260629T193943Z/pages/4ff3d7dd248b/firecrawl.json,Canonical: https://www.strique.io/integrations/hubspot,
schema_present,https://www.strique.io/integrations/hubspot,low,pass,firecrawl,brands/strique/references/crawls/20260629T193943Z/pages/4ff3d7dd248b/firecrawl.json,"Schema types: BreadcrumbList, ContactPoint, ListItem, Organization, SearchAction, WebSite",
image_alt_text,https://www.strique.io/integrations/hubspot,low,fail,firecrawl,brands/strique/references/crawls/20260629T193943Z/pages/4ff3d7dd248b/firecrawl.json,3 images are missing alt text.,Add useful alt text for meaningful images.
sitemap_inclusion,https://www.strique.io/integrations/hubspot,low,pass,firecrawl,brands/strique/references/crawls/20260629T193943Z/pages/4ff3d7dd248b/firecrawl.json,Sitemap inclusion is yes.,
content_visible,https://www.strique.io/integrations/hubspot,high,pass,firecrawl,brands/strique/references/crawls/20260629T193943Z/pages/4ff3d7dd248b/firecrawl.json,Rendered public text has 8351 words.,
content_type_classifiable,https://www.strique.io/integrations/hubspot,medium,pass,firecrawl,brands/strique/references/crawls/20260629T193943Z/pages/4ff3d7dd248b/firecrawl.json,"Public URL, title, and rendered text were reviewed for a recognizable page type.",
resource_rendering_not_blocked,https://www.strique.io/integrations/hubspot,high,pass,firecrawl,brands/strique/references/crawls/20260629T193943Z/pages/4ff3d7dd248b/firecrawl.json,Critical page content rendered successfully.,
title_not_keyword_stuffed,https://www.strique.io/integrations/hubspot,medium,pass,firecrawl,brands/strique/references/crawls/20260629T193943Z/pages/4ff3d7dd248b/firecrawl.json,Title reviewed for repeated terms and separator stuffing: HubSpot integration · Strique.,
heading_not_keyword_stuffed,https://www.strique.io/integrations/hubspot,medium,pass,firecrawl,brands/strique/references/crawls/20260629T193943Z/pages/4ff3d7dd248b/firecrawl.json,3 rendered headings reviewed for stuffing.,
preview_controls_safe,https://www.strique.io/integrations/hubspot,medium,pass,firecrawl,brands/strique/references/crawls/20260629T193943Z/pages/4ff3d7dd248b/firecrawl.json,No harmful snippet preview controls were detected.,
url_path_clean,https://www.strique.io/integrations/hubspot,medium,pass,firecrawl,brands/strique/references/crawls/20260629T193943Z/pages/4ff3d7dd248b/firecrawl.json,"URL path reviewed for IDs, dates, session keys, and implementation details.",
media_support_present,https://www.strique.io/integrations/hubspot,low,pass,firecrawl,brands/strique/references/crawls/20260629T193943Z/pages/4ff3d7dd248b/firecrawl.json,6 images found on the page.,
content_not_ai_slop,https://www.strique.io/integrations/hubspot,low,pass,firecrawl,brands/strique/references/crawls/20260629T193943Z/pages/4ff3d7dd248b/firecrawl.json,Rendered copy reviewed for common generic AI filler phrases.,
thin_prompt_variant_pages,https://www.strique.io/integrations/hubspot,medium,pass,firecrawl,brands/strique/references/crawls/20260629T193943Z/pages/4ff3d7dd248b/firecrawl.json,Rendered public text has 8351 words.,
docs_content_extractable,https://www.strique.io/integrations/hubspot,medium,not_applicable,firecrawl,brands/strique/references/crawls/20260629T193943Z/pages/4ff3d7dd248b/firecrawl.json,This is not a docs or support URL.,
performance_score,https://www.strique.io/integrations/hubspot,medium,pass,lighthouse,brands/strique/references/evidence/20260629T193943Z/pages/4ff3d7dd248b/lighthouse.json,Performance score is 0.91.,
blocking_popups_interstitials,https://www.strique.io/integrations/hubspot,medium,fail,playwright,brands/strique/references/evidence/20260629T193943Z/pages/4ff3d7dd248b/playwright.json,"1 large fixed, modal, or interstitial elements may block main content. 2 large fixed, modal, or interstitial elements may block main content.","Remove or reduce blocking overlays on first render, especially on mobile."
body_text_line_length,https://www.strique.io/integrations/hubspot,medium,pass,playwright,brands/strique/references/evidence/20260629T193943Z/pages/4ff3d7dd248b/playwright.json,Sampled body text line length is readable. Sampled body text line length is readable.,
client_route_metadata,https://www.strique.io/integrations/hubspot,medium,not_applicable,playwright,brands/strique/references/evidence/20260629T193943Z/pages/4ff3d7dd248b/playwright.json,"SPA markers were found, but route-change metadata was not triggered by this deterministic pass.",
color_contrast,https://www.strique.io/integrations/hubspot,medium,pass,playwright,brands/strique/references/evidence/20260629T193943Z/pages/4ff3d7dd248b/playwright.json,Sampled text meets contrast thresholds. Sampled text meets contrast thresholds.,
form_accessibility,https://www.strique.io/integrations/hubspot,medium,not_applicable,playwright,brands/strique/references/evidence/20260629T193943Z/pages/4ff3d7dd248b/playwright.json,No visible form fields found.,
fragment_deep_links,https://www.strique.io/integrations/hubspot,medium,not_applicable,playwright,brands/strique/references/evidence/20260629T193943Z/pages/4ff3d7dd248b/playwright.json,No same-page fragment links found.,
horizontal_scroll,https://www.strique.io/integrations/hubspot,medium,pass,playwright,brands/strique/references/evidence/20260629T193943Z/pages/4ff3d7dd248b/playwright.json,No horizontal overflow detected. No horizontal overflow detected.,
inaccessible_controls,https://www.strique.io/integrations/hubspot,medium,pass,playwright,brands/strique/references/evidence/20260629T193943Z/pages/4ff3d7dd248b/playwright.json,Visible controls have accessible names. Visible controls have accessible names.,
keyboard_navigation,https://www.strique.io/integrations/hubspot,medium,pass,playwright,brands/strique/references/evidence/20260629T193943Z/pages/4ff3d7dd248b/playwright.json,Keyboard focus reached 4 visible controls. Keyboard focus reached 4 visible controls.,
lazy_loading_in_viewport,https://www.strique.io/integrations/hubspot,medium,pass,playwright,brands/strique/references/evidence/20260629T193943Z/pages/4ff3d7dd248b/playwright.json,No unloaded in-viewport lazy content detected. No unloaded in-viewport lazy content detected.,
mobile_form_usability,https://www.strique.io/integrations/hubspot,medium,not_applicable,playwright,brands/strique/references/evidence/20260629T193943Z/pages/4ff3d7dd248b/playwright.json,No visible mobile form fields found.,
mobile_text_readability,https://www.strique.io/integrations/hubspot,medium,fail,playwright,brands/strique/references/evidence/20260629T193943Z/pages/4ff3d7dd248b/playwright.json,10 sampled text elements are too small or tight on mobile.,Increase mobile font size or line height for readable body text.
route_status_handling,https://www.strique.io/integrations/hubspot,medium,not_applicable,playwright,brands/strique/references/evidence/20260629T193943Z/pages/4ff3d7dd248b/playwright.json,Route status handling is tested from the site root.,
table_semantics,https://www.strique.io/integrations/hubspot,medium,not_applicable,playwright,brands/strique/references/evidence/20260629T193943Z/pages/4ff3d7dd248b/playwright.json,No visible tables found.,
tap_targets,https://www.strique.io/integrations/hubspot,medium,fail,playwright,brands/strique/references/evidence/20260629T193943Z/pages/4ff3d7dd248b/playwright.json,10 small and 13 crowded mobile tap targets found.,Increase tap target size or spacing to at least common mobile accessibility targets.
text_spacing,https://www.strique.io/integrations/hubspot,medium,pass,playwright,brands/strique/references/evidence/20260629T193943Z/pages/4ff3d7dd248b/playwright.json,WCAG text spacing did not cause overflow or content loss. WCAG text spacing did not cause overflow or content loss.,
zoom_readability,https://www.strique.io/integrations/hubspot,medium,pass,playwright,brands/strique/references/evidence/20260629T193943Z/pages/4ff3d7dd248b/playwright.json,Common zoom readability did not cause overflow or content loss. Common zoom readability did not cause overflow or content loss.,
rich_result_properties,https://www.strique.io/integrations/hubspot,medium,pass,playwright,brands/strique/references/evidence/20260629T193943Z/pages/4ff3d7dd248b/playwright.json,"Supported rich result schema properties are present for: BreadcrumbList, Organization.",
critical_css_font_loading,https://www.strique.io/integrations/hubspot,medium,fail,lighthouse,brands/strique/references/evidence/20260629T193943Z/pages/4ff3d7dd248b/lighthouse.json,Stored lab artifact does not include critical CSS or font diagnostics.,Recollect Lighthouse or PageSpeed evidence with CSS and font diagnostics.
render_blocking_scripts,https://www.strique.io/integrations/hubspot,medium,fail,lighthouse,brands/strique/references/evidence/20260629T193943Z/pages/4ff3d7dd248b/lighthouse.json,Stored artifacts do not include render-blocking script diagnostics.,Recollect Lighthouse/PageSpeed diagnostics or Playwright script inventory.
third_party_script_weight,https://www.strique.io/integrations/hubspot,medium,fail,lighthouse,brands/strique/references/evidence/20260629T193943Z/pages/4ff3d7dd248b/lighthouse.json,Stored artifacts do not include third-party script weight diagnostics.,Recollect Lighthouse/PageSpeed diagnostics or Playwright script inventory.
lab_root_cause_diagnostics,https://www.strique.io/integrations/hubspot,medium,pass,lighthouse,brands/strique/references/evidence/20260629T193943Z/pages/4ff3d7dd248b/lighthouse.json,"Lab diagnostics available: largest-contentful-paint, cumulative-layout-shift, speed-index, total-blocking-time.",
crawl_status,https://www.strique.io/integrations/meta-ads,high,pass,firecrawl,brands/strique/references/crawls/20260629T193943Z/pages/9c0c2c9ad63d/firecrawl.json,URL crawled with status 200.,
indexable,https://www.strique.io/integrations/meta-ads,high,pass,firecrawl,brands/strique/references/crawls/20260629T193943Z/pages/9c0c2c9ad63d/firecrawl.json,Indexability is yes.,
title_present,https://www.strique.io/integrations/meta-ads,medium,pass,firecrawl,brands/strique/references/crawls/20260629T193943Z/pages/9c0c2c9ad63d/firecrawl.json,Title: Meta Ads integration · Strique,
meta_description_present,https://www.strique.io/integrations/meta-ads,medium,pass,firecrawl,brands/strique/references/crawls/20260629T193943Z/pages/9c0c2c9ad63d/firecrawl.json,"Meta description: Full-stack Meta Ads management: audit, creative generation, launch, optimization, and reporting across Facebook and Instagram placements.",
single_h1,https://www.strique.io/integrations/meta-ads,medium,fail,firecrawl,brands/strique/references/crawls/20260629T193943Z/pages/9c0c2c9ad63d/firecrawl.json,H1 count is 2.,Use one clear H1 on the page.
canonical_match,https://www.strique.io/integrations/meta-ads,high,pass,firecrawl,brands/strique/references/crawls/20260629T193943Z/pages/9c0c2c9ad63d/firecrawl.json,Canonical: https://www.strique.io/integrations/meta-ads,
schema_present,https://www.strique.io/integrations/meta-ads,low,pass,firecrawl,brands/strique/references/crawls/20260629T193943Z/pages/9c0c2c9ad63d/firecrawl.json,"Schema types: BreadcrumbList, ContactPoint, ListItem, Organization, SearchAction, WebSite",
image_alt_text,https://www.strique.io/integrations/meta-ads,low,fail,firecrawl,brands/strique/references/crawls/20260629T193943Z/pages/9c0c2c9ad63d/firecrawl.json,3 images are missing alt text.,Add useful alt text for meaningful images.
sitemap_inclusion,https://www.strique.io/integrations/meta-ads,low,pass,firecrawl,brands/strique/references/crawls/20260629T193943Z/pages/9c0c2c9ad63d/firecrawl.json,Sitemap inclusion is yes.,
content_visible,https://www.strique.io/integrations/meta-ads,high,pass,firecrawl,brands/strique/references/crawls/20260629T193943Z/pages/9c0c2c9ad63d/firecrawl.json,Rendered public text has 8509 words.,
content_type_classifiable,https://www.strique.io/integrations/meta-ads,medium,pass,firecrawl,brands/strique/references/crawls/20260629T193943Z/pages/9c0c2c9ad63d/firecrawl.json,"Public URL, title, and rendered text were reviewed for a recognizable page type.",
resource_rendering_not_blocked,https://www.strique.io/integrations/meta-ads,high,pass,firecrawl,brands/strique/references/crawls/20260629T193943Z/pages/9c0c2c9ad63d/firecrawl.json,Critical page content rendered successfully.,
title_not_keyword_stuffed,https://www.strique.io/integrations/meta-ads,medium,pass,firecrawl,brands/strique/references/crawls/20260629T193943Z/pages/9c0c2c9ad63d/firecrawl.json,Title reviewed for repeated terms and separator stuffing: Meta Ads integration · Strique.,
heading_not_keyword_stuffed,https://www.strique.io/integrations/meta-ads,medium,pass,firecrawl,brands/strique/references/crawls/20260629T193943Z/pages/9c0c2c9ad63d/firecrawl.json,3 rendered headings reviewed for stuffing.,
preview_controls_safe,https://www.strique.io/integrations/meta-ads,medium,pass,firecrawl,brands/strique/references/crawls/20260629T193943Z/pages/9c0c2c9ad63d/firecrawl.json,No harmful snippet preview controls were detected.,
url_path_clean,https://www.strique.io/integrations/meta-ads,medium,pass,firecrawl,brands/strique/references/crawls/20260629T193943Z/pages/9c0c2c9ad63d/firecrawl.json,"URL path reviewed for IDs, dates, session keys, and implementation details.",
media_support_present,https://www.strique.io/integrations/meta-ads,low,pass,firecrawl,brands/strique/references/crawls/20260629T193943Z/pages/9c0c2c9ad63d/firecrawl.json,6 images found on the page.,
content_not_ai_slop,https://www.strique.io/integrations/meta-ads,low,pass,firecrawl,brands/strique/references/crawls/20260629T193943Z/pages/9c0c2c9ad63d/firecrawl.json,Rendered copy reviewed for common generic AI filler phrases.,
thin_prompt_variant_pages,https://www.strique.io/integrations/meta-ads,medium,pass,firecrawl,brands/strique/references/crawls/20260629T193943Z/pages/9c0c2c9ad63d/firecrawl.json,Rendered public text has 8509 words.,
docs_content_extractable,https://www.strique.io/integrations/meta-ads,medium,not_applicable,firecrawl,brands/strique/references/crawls/20260629T193943Z/pages/9c0c2c9ad63d/firecrawl.json,This is not a docs or support URL.,
performance_score,https://www.strique.io/integrations/meta-ads,medium,fail,lighthouse,brands/strique/references/evidence/20260629T193943Z/pages/9c0c2c9ad63d/lighthouse.json,Performance score is 0.57.,Improve Core Web Vitals and Lighthouse performance bottlenecks.
blocking_popups_interstitials,https://www.strique.io/integrations/meta-ads,medium,fail,playwright,brands/strique/references/evidence/20260629T193943Z/pages/9c0c2c9ad63d/playwright.json,"1 large fixed, modal, or interstitial elements may block main content. 2 large fixed, modal, or interstitial elements may block main content.","Remove or reduce blocking overlays on first render, especially on mobile."
body_text_line_length,https://www.strique.io/integrations/meta-ads,medium,pass,playwright,brands/strique/references/evidence/20260629T193943Z/pages/9c0c2c9ad63d/playwright.json,Sampled body text line length is readable. Sampled body text line length is readable.,
client_route_metadata,https://www.strique.io/integrations/meta-ads,medium,not_applicable,playwright,brands/strique/references/evidence/20260629T193943Z/pages/9c0c2c9ad63d/playwright.json,"SPA markers were found, but route-change metadata was not triggered by this deterministic pass.",
color_contrast,https://www.strique.io/integrations/meta-ads,medium,pass,playwright,brands/strique/references/evidence/20260629T193943Z/pages/9c0c2c9ad63d/playwright.json,Sampled text meets contrast thresholds. Sampled text meets contrast thresholds.,
form_accessibility,https://www.strique.io/integrations/meta-ads,medium,not_applicable,playwright,brands/strique/references/evidence/20260629T193943Z/pages/9c0c2c9ad63d/playwright.json,No visible form fields found.,
fragment_deep_links,https://www.strique.io/integrations/meta-ads,medium,not_applicable,playwright,brands/strique/references/evidence/20260629T193943Z/pages/9c0c2c9ad63d/playwright.json,No same-page fragment links found.,
horizontal_scroll,https://www.strique.io/integrations/meta-ads,medium,pass,playwright,brands/strique/references/evidence/20260629T193943Z/pages/9c0c2c9ad63d/playwright.json,No horizontal overflow detected. No horizontal overflow detected.,
inaccessible_controls,https://www.strique.io/integrations/meta-ads,medium,pass,playwright,brands/strique/references/evidence/20260629T193943Z/pages/9c0c2c9ad63d/playwright.json,Visible controls have accessible names. Visible controls have accessible names.,
keyboard_navigation,https://www.strique.io/integrations/meta-ads,medium,pass,playwright,brands/strique/references/evidence/20260629T193943Z/pages/9c0c2c9ad63d/playwright.json,Keyboard focus reached 4 visible controls. Keyboard focus reached 4 visible controls.,
lazy_loading_in_viewport,https://www.strique.io/integrations/meta-ads,medium,pass,playwright,brands/strique/references/evidence/20260629T193943Z/pages/9c0c2c9ad63d/playwright.json,No unloaded in-viewport lazy content detected. No unloaded in-viewport lazy content detected.,
mobile_form_usability,https://www.strique.io/integrations/meta-ads,medium,not_applicable,playwright,brands/strique/references/evidence/20260629T193943Z/pages/9c0c2c9ad63d/playwright.json,No visible mobile form fields found.,
mobile_text_readability,https://www.strique.io/integrations/meta-ads,medium,fail,playwright,brands/strique/references/evidence/20260629T193943Z/pages/9c0c2c9ad63d/playwright.json,10 sampled text elements are too small or tight on mobile.,Increase mobile font size or line height for readable body text.
route_status_handling,https://www.strique.io/integrations/meta-ads,medium,not_applicable,playwright,brands/strique/references/evidence/20260629T193943Z/pages/9c0c2c9ad63d/playwright.json,Route status handling is tested from the site root.,
table_semantics,https://www.strique.io/integrations/meta-ads,medium,not_applicable,playwright,brands/strique/references/evidence/20260629T193943Z/pages/9c0c2c9ad63d/playwright.json,No visible tables found.,
tap_targets,https://www.strique.io/integrations/meta-ads,medium,fail,playwright,brands/strique/references/evidence/20260629T193943Z/pages/9c0c2c9ad63d/playwright.json,10 small and 13 crowded mobile tap targets found.,Increase tap target size or spacing to at least common mobile accessibility targets.
text_spacing,https://www.strique.io/integrations/meta-ads,medium,pass,playwright,brands/strique/references/evidence/20260629T193943Z/pages/9c0c2c9ad63d/playwright.json,WCAG text spacing did not cause overflow or content loss. WCAG text spacing did not cause overflow or content loss.,
zoom_readability,https://www.strique.io/integrations/meta-ads,medium,pass,playwright,brands/strique/references/evidence/20260629T193943Z/pages/9c0c2c9ad63d/playwright.json,Common zoom readability did not cause overflow or content loss. Common zoom readability did not cause overflow or content loss.,
rich_result_properties,https://www.strique.io/integrations/meta-ads,medium,pass,playwright,brands/strique/references/evidence/20260629T193943Z/pages/9c0c2c9ad63d/playwright.json,"Supported rich result schema properties are present for: BreadcrumbList, Organization.",
critical_css_font_loading,https://www.strique.io/integrations/meta-ads,medium,fail,lighthouse,brands/strique/references/evidence/20260629T193943Z/pages/9c0c2c9ad63d/lighthouse.json,Stored lab artifact does not include critical CSS or font diagnostics.,Recollect Lighthouse or PageSpeed evidence with CSS and font diagnostics.
render_blocking_scripts,https://www.strique.io/integrations/meta-ads,medium,fail,lighthouse,brands/strique/references/evidence/20260629T193943Z/pages/9c0c2c9ad63d/lighthouse.json,Stored artifacts do not include render-blocking script diagnostics.,Recollect Lighthouse/PageSpeed diagnostics or Playwright script inventory.
third_party_script_weight,https://www.strique.io/integrations/meta-ads,medium,fail,lighthouse,brands/strique/references/evidence/20260629T193943Z/pages/9c0c2c9ad63d/lighthouse.json,Stored artifacts do not include third-party script weight diagnostics.,Recollect Lighthouse/PageSpeed diagnostics or Playwright script inventory.
lab_root_cause_diagnostics,https://www.strique.io/integrations/meta-ads,medium,pass,lighthouse,brands/strique/references/evidence/20260629T193943Z/pages/9c0c2c9ad63d/lighthouse.json,"Lab diagnostics available: largest-contentful-paint, cumulative-layout-shift, speed-index, total-blocking-time.",
crawl_status,https://www.strique.io/playbooks,high,pass,firecrawl,brands/strique/references/crawls/20260629T193943Z/pages/c48d9f05f5bc/firecrawl.json,URL crawled with status 200.,
indexable,https://www.strique.io/playbooks,high,pass,firecrawl,brands/strique/references/crawls/20260629T193943Z/pages/c48d9f05f5bc/firecrawl.json,Indexability is yes.,
title_present,https://www.strique.io/playbooks,medium,pass,firecrawl,brands/strique/references/crawls/20260629T193943Z/pages/c48d9f05f5bc/firecrawl.json,Title: AI Marketing Playbooks for Growth Teams · Strique,
meta_description_present,https://www.strique.io/playbooks,medium,pass,firecrawl,brands/strique/references/crawls/20260629T193943Z/pages/c48d9f05f5bc/firecrawl.json,"Meta description: The exact sequences Strique runs for specific outcomes: spin up Meta Ads from zero, build a content engine, run a full SEO sprint.",
single_h1,https://www.strique.io/playbooks,medium,fail,firecrawl,brands/strique/references/crawls/20260629T193943Z/pages/c48d9f05f5bc/firecrawl.json,H1 count is 2.,Use one clear H1 on the page.
canonical_match,https://www.strique.io/playbooks,high,pass,firecrawl,brands/strique/references/crawls/20260629T193943Z/pages/c48d9f05f5bc/firecrawl.json,Canonical: https://www.strique.io/playbooks,
schema_present,https://www.strique.io/playbooks,low,pass,firecrawl,brands/strique/references/crawls/20260629T193943Z/pages/c48d9f05f5bc/firecrawl.json,"Schema types: ContactPoint, Organization, SearchAction, WebSite",
image_alt_text,https://www.strique.io/playbooks,low,fail,firecrawl,brands/strique/references/crawls/20260629T193943Z/pages/c48d9f05f5bc/firecrawl.json,3 images are missing alt text.,Add useful alt text for meaningful images.
sitemap_inclusion,https://www.strique.io/playbooks,low,pass,firecrawl,brands/strique/references/crawls/20260629T193943Z/pages/c48d9f05f5bc/firecrawl.json,Sitemap inclusion is yes.,
content_visible,https://www.strique.io/playbooks,high,pass,firecrawl,brands/strique/references/crawls/20260629T193943Z/pages/c48d9f05f5bc/firecrawl.json,Rendered public text has 9357 words.,
content_type_classifiable,https://www.strique.io/playbooks,medium,pass,firecrawl,brands/strique/references/crawls/20260629T193943Z/pages/c48d9f05f5bc/firecrawl.json,"Public URL, title, and rendered text were reviewed for a recognizable page type.",
resource_rendering_not_blocked,https://www.strique.io/playbooks,high,pass,firecrawl,brands/strique/references/crawls/20260629T193943Z/pages/c48d9f05f5bc/firecrawl.json,Critical page content rendered successfully.,
title_not_keyword_stuffed,https://www.strique.io/playbooks,medium,pass,firecrawl,brands/strique/references/crawls/20260629T193943Z/pages/c48d9f05f5bc/firecrawl.json,Title reviewed for repeated terms and separator stuffing: AI Marketing Playbooks for Growth Teams · Strique.,
heading_not_keyword_stuffed,https://www.strique.io/playbooks,medium,pass,firecrawl,brands/strique/references/crawls/20260629T193943Z/pages/c48d9f05f5bc/firecrawl.json,2 rendered headings reviewed for stuffing.,
preview_controls_safe,https://www.strique.io/playbooks,medium,pass,firecrawl,brands/strique/references/crawls/20260629T193943Z/pages/c48d9f05f5bc/firecrawl.json,No harmful snippet preview controls were detected.,
url_path_clean,https://www.strique.io/playbooks,medium,pass,firecrawl,brands/strique/references/crawls/20260629T193943Z/pages/c48d9f05f5bc/firecrawl.json,"URL path reviewed for IDs, dates, session keys, and implementation details.",
media_support_present,https://www.strique.io/playbooks,low,pass,firecrawl,brands/strique/references/crawls/20260629T193943Z/pages/c48d9f05f5bc/firecrawl.json,6 images found on the page.,
content_not_ai_slop,https://www.strique.io/playbooks,low,pass,firecrawl,brands/strique/references/crawls/20260629T193943Z/pages/c48d9f05f5bc/firecrawl.json,Rendered copy reviewed for common generic AI filler phrases.,
thin_prompt_variant_pages,https://www.strique.io/playbooks,medium,pass,firecrawl,brands/strique/references/crawls/20260629T193943Z/pages/c48d9f05f5bc/firecrawl.json,Rendered public text has 9357 words.,
docs_content_extractable,https://www.strique.io/playbooks,medium,not_applicable,firecrawl,brands/strique/references/crawls/20260629T193943Z/pages/c48d9f05f5bc/firecrawl.json,This is not a docs or support URL.,
performance_score,https://www.strique.io/playbooks,medium,fail,lighthouse,brands/strique/references/evidence/20260629T193943Z/pages/c48d9f05f5bc/lighthouse.json,Performance score is 0.67.,Improve Core Web Vitals and Lighthouse performance bottlenecks.
blocking_popups_interstitials,https://www.strique.io/playbooks,medium,fail,playwright,brands/strique/references/evidence/20260629T193943Z/pages/c48d9f05f5bc/playwright.json,"1 large fixed, modal, or interstitial elements may block main content. 2 large fixed, modal, or interstitial elements may block main content.","Remove or reduce blocking overlays on first render, especially on mobile."
body_text_line_length,https://www.strique.io/playbooks,medium,pass,playwright,brands/strique/references/evidence/20260629T193943Z/pages/c48d9f05f5bc/playwright.json,Sampled body text line length is readable. Sampled body text line length is readable.,
client_route_metadata,https://www.strique.io/playbooks,medium,not_applicable,playwright,brands/strique/references/evidence/20260629T193943Z/pages/c48d9f05f5bc/playwright.json,"SPA markers were found, but route-change metadata was not triggered by this deterministic pass.",
color_contrast,https://www.strique.io/playbooks,medium,fail,playwright,brands/strique/references/evidence/20260629T193943Z/pages/c48d9f05f5bc/playwright.json,4 sampled text elements have low contrast. 4 sampled text elements have low contrast.,Increase foreground/background contrast for readable text.
form_accessibility,https://www.strique.io/playbooks,medium,not_applicable,playwright,brands/strique/references/evidence/20260629T193943Z/pages/c48d9f05f5bc/playwright.json,No visible form fields found.,
fragment_deep_links,https://www.strique.io/playbooks,medium,not_applicable,playwright,brands/strique/references/evidence/20260629T193943Z/pages/c48d9f05f5bc/playwright.json,No same-page fragment links found.,
horizontal_scroll,https://www.strique.io/playbooks,medium,pass,playwright,brands/strique/references/evidence/20260629T193943Z/pages/c48d9f05f5bc/playwright.json,No horizontal overflow detected. No horizontal overflow detected.,
inaccessible_controls,https://www.strique.io/playbooks,medium,pass,playwright,brands/strique/references/evidence/20260629T193943Z/pages/c48d9f05f5bc/playwright.json,Visible controls have accessible names. Visible controls have accessible names.,
keyboard_navigation,https://www.strique.io/playbooks,medium,pass,playwright,brands/strique/references/evidence/20260629T193943Z/pages/c48d9f05f5bc/playwright.json,Keyboard focus reached 4 visible controls. Keyboard focus reached 4 visible controls.,
lazy_loading_in_viewport,https://www.strique.io/playbooks,medium,pass,playwright,brands/strique/references/evidence/20260629T193943Z/pages/c48d9f05f5bc/playwright.json,No unloaded in-viewport lazy content detected. No unloaded in-viewport lazy content detected.,
mobile_form_usability,https://www.strique.io/playbooks,medium,not_applicable,playwright,brands/strique/references/evidence/20260629T193943Z/pages/c48d9f05f5bc/playwright.json,No visible mobile form fields found.,
mobile_text_readability,https://www.strique.io/playbooks,medium,fail,playwright,brands/strique/references/evidence/20260629T193943Z/pages/c48d9f05f5bc/playwright.json,10 sampled text elements are too small or tight on mobile.,Increase mobile font size or line height for readable body text.
route_status_handling,https://www.strique.io/playbooks,medium,not_applicable,playwright,brands/strique/references/evidence/20260629T193943Z/pages/c48d9f05f5bc/playwright.json,Route status handling is tested from the site root.,
table_semantics,https://www.strique.io/playbooks,medium,not_applicable,playwright,brands/strique/references/evidence/20260629T193943Z/pages/c48d9f05f5bc/playwright.json,No visible tables found.,
tap_targets,https://www.strique.io/playbooks,medium,fail,playwright,brands/strique/references/evidence/20260629T193943Z/pages/c48d9f05f5bc/playwright.json,10 small and 13 crowded mobile tap targets found.,Increase tap target size or spacing to at least common mobile accessibility targets.
text_spacing,https://www.strique.io/playbooks,medium,pass,playwright,brands/strique/references/evidence/20260629T193943Z/pages/c48d9f05f5bc/playwright.json,WCAG text spacing did not cause overflow or content loss. WCAG text spacing did not cause overflow or content loss.,
zoom_readability,https://www.strique.io/playbooks,medium,pass,playwright,brands/strique/references/evidence/20260629T193943Z/pages/c48d9f05f5bc/playwright.json,Common zoom readability did not cause overflow or content loss. Common zoom readability did not cause overflow or content loss.,
rich_result_properties,https://www.strique.io/playbooks,medium,pass,playwright,brands/strique/references/evidence/20260629T193943Z/pages/c48d9f05f5bc/playwright.json,Supported rich result schema properties are present for: Organization.,
critical_css_font_loading,https://www.strique.io/playbooks,medium,fail,lighthouse,brands/strique/references/evidence/20260629T193943Z/pages/c48d9f05f5bc/lighthouse.json,Stored lab artifact does not include critical CSS or font diagnostics.,Recollect Lighthouse or PageSpeed evidence with CSS and font diagnostics.
render_blocking_scripts,https://www.strique.io/playbooks,medium,fail,lighthouse,brands/strique/references/evidence/20260629T193943Z/pages/c48d9f05f5bc/lighthouse.json,Stored artifacts do not include render-blocking script diagnostics.,Recollect Lighthouse/PageSpeed diagnostics or Playwright script inventory.
third_party_script_weight,https://www.strique.io/playbooks,medium,fail,lighthouse,brands/strique/references/evidence/20260629T193943Z/pages/c48d9f05f5bc/lighthouse.json,Stored artifacts do not include third-party script weight diagnostics.,Recollect Lighthouse/PageSpeed diagnostics or Playwright script inventory.
lab_root_cause_diagnostics,https://www.strique.io/playbooks,medium,pass,lighthouse,brands/strique/references/evidence/20260629T193943Z/pages/c48d9f05f5bc/lighthouse.json,"Lab diagnostics available: largest-contentful-paint, cumulative-layout-shift, speed-index, total-blocking-time.",
crawl_status,https://www.strique.io/playbooks/content-engine-in-a-week,high,pass,firecrawl,brands/strique/references/crawls/20260629T193943Z/pages/91616e534742/firecrawl.json,URL crawled with status 200.,
indexable,https://www.strique.io/playbooks/content-engine-in-a-week,high,pass,firecrawl,brands/strique/references/crawls/20260629T193943Z/pages/91616e534742/firecrawl.json,Indexability is yes.,
title_present,https://www.strique.io/playbooks/content-engine-in-a-week,medium,pass,firecrawl,brands/strique/references/crawls/20260629T193943Z/pages/91616e534742/firecrawl.json,Title: Spin up a content engine in one week · Strique,
meta_description_present,https://www.strique.io/playbooks/content-engine-in-a-week,medium,pass,firecrawl,brands/strique/references/crawls/20260629T193943Z/pages/91616e534742/firecrawl.json,Meta description: Day-by-day playbook to go from zero content to a weekly SEO + LinkedIn + newsletter operation running autonomously by day seven.,
single_h1,https://www.strique.io/playbooks/content-engine-in-a-week,medium,pass,firecrawl,brands/strique/references/crawls/20260629T193943Z/pages/91616e534742/firecrawl.json,H1 count is 1.,
canonical_match,https://www.strique.io/playbooks/content-engine-in-a-week,high,pass,firecrawl,brands/strique/references/crawls/20260629T193943Z/pages/91616e534742/firecrawl.json,Canonical: https://www.strique.io/playbooks/content-engine-in-a-week,
schema_present,https://www.strique.io/playbooks/content-engine-in-a-week,low,pass,firecrawl,brands/strique/references/crawls/20260629T193943Z/pages/91616e534742/firecrawl.json,"Schema types: BreadcrumbList, ContactPoint, ListItem, Organization, SearchAction, WebSite",
image_alt_text,https://www.strique.io/playbooks/content-engine-in-a-week,low,fail,firecrawl,brands/strique/references/crawls/20260629T193943Z/pages/91616e534742/firecrawl.json,3 images are missing alt text.,Add useful alt text for meaningful images.
sitemap_inclusion,https://www.strique.io/playbooks/content-engine-in-a-week,low,pass,firecrawl,brands/strique/references/crawls/20260629T193943Z/pages/91616e534742/firecrawl.json,Sitemap inclusion is yes.,
content_visible,https://www.strique.io/playbooks/content-engine-in-a-week,high,pass,firecrawl,brands/strique/references/crawls/20260629T193943Z/pages/91616e534742/firecrawl.json,Rendered public text has 9038 words.,
content_type_classifiable,https://www.strique.io/playbooks/content-engine-in-a-week,medium,pass,firecrawl,brands/strique/references/crawls/20260629T193943Z/pages/91616e534742/firecrawl.json,"Public URL, title, and rendered text were reviewed for a recognizable page type.",
resource_rendering_not_blocked,https://www.strique.io/playbooks/content-engine-in-a-week,high,pass,firecrawl,brands/strique/references/crawls/20260629T193943Z/pages/91616e534742/firecrawl.json,Critical page content rendered successfully.,
title_not_keyword_stuffed,https://www.strique.io/playbooks/content-engine-in-a-week,medium,pass,firecrawl,brands/strique/references/crawls/20260629T193943Z/pages/91616e534742/firecrawl.json,Title reviewed for repeated terms and separator stuffing: Spin up a content engine in one week · Strique.,
heading_not_keyword_stuffed,https://www.strique.io/playbooks/content-engine-in-a-week,medium,pass,firecrawl,brands/strique/references/crawls/20260629T193943Z/pages/91616e534742/firecrawl.json,2 rendered headings reviewed for stuffing.,
preview_controls_safe,https://www.strique.io/playbooks/content-engine-in-a-week,medium,pass,firecrawl,brands/strique/references/crawls/20260629T193943Z/pages/91616e534742/firecrawl.json,No harmful snippet preview controls were detected.,
url_path_clean,https://www.strique.io/playbooks/content-engine-in-a-week,medium,pass,firecrawl,brands/strique/references/crawls/20260629T193943Z/pages/91616e534742/firecrawl.json,"URL path reviewed for IDs, dates, session keys, and implementation details.",
media_support_present,https://www.strique.io/playbooks/content-engine-in-a-week,low,pass,firecrawl,brands/strique/references/crawls/20260629T193943Z/pages/91616e534742/firecrawl.json,6 images found on the page.,
content_not_ai_slop,https://www.strique.io/playbooks/content-engine-in-a-week,low,pass,firecrawl,brands/strique/references/crawls/20260629T193943Z/pages/91616e534742/firecrawl.json,Rendered copy reviewed for common generic AI filler phrases.,
thin_prompt_variant_pages,https://www.strique.io/playbooks/content-engine-in-a-week,medium,pass,firecrawl,brands/strique/references/crawls/20260629T193943Z/pages/91616e534742/firecrawl.json,Rendered public text has 9038 words.,
docs_content_extractable,https://www.strique.io/playbooks/content-engine-in-a-week,medium,not_applicable,firecrawl,brands/strique/references/crawls/20260629T193943Z/pages/91616e534742/firecrawl.json,This is not a docs or support URL.,
performance_score,https://www.strique.io/playbooks/content-engine-in-a-week,medium,fail,lighthouse,brands/strique/references/evidence/20260629T193943Z/pages/91616e534742/lighthouse.json,Performance score is 0.64.,Improve Core Web Vitals and Lighthouse performance bottlenecks.
blocking_popups_interstitials,https://www.strique.io/playbooks/content-engine-in-a-week,medium,fail,playwright,brands/strique/references/evidence/20260629T193943Z/pages/91616e534742/playwright.json,"1 large fixed, modal, or interstitial elements may block main content. 2 large fixed, modal, or interstitial elements may block main content.","Remove or reduce blocking overlays on first render, especially on mobile."
body_text_line_length,https://www.strique.io/playbooks/content-engine-in-a-week,medium,pass,playwright,brands/strique/references/evidence/20260629T193943Z/pages/91616e534742/playwright.json,Sampled body text line length is readable. Sampled body text line length is readable.,
client_route_metadata,https://www.strique.io/playbooks/content-engine-in-a-week,medium,not_applicable,playwright,brands/strique/references/evidence/20260629T193943Z/pages/91616e534742/playwright.json,"SPA markers were found, but route-change metadata was not triggered by this deterministic pass.",
color_contrast,https://www.strique.io/playbooks/content-engine-in-a-week,medium,fail,playwright,brands/strique/references/evidence/20260629T193943Z/pages/91616e534742/playwright.json,7 sampled text elements have low contrast. 6 sampled text elements have low contrast.,Increase foreground/background contrast for readable text.
form_accessibility,https://www.strique.io/playbooks/content-engine-in-a-week,medium,not_applicable,playwright,brands/strique/references/evidence/20260629T193943Z/pages/91616e534742/playwright.json,No visible form fields found.,
fragment_deep_links,https://www.strique.io/playbooks/content-engine-in-a-week,medium,not_applicable,playwright,brands/strique/references/evidence/20260629T193943Z/pages/91616e534742/playwright.json,No same-page fragment links found.,
horizontal_scroll,https://www.strique.io/playbooks/content-engine-in-a-week,medium,pass,playwright,brands/strique/references/evidence/20260629T193943Z/pages/91616e534742/playwright.json,No horizontal overflow detected. No horizontal overflow detected.,
inaccessible_controls,https://www.strique.io/playbooks/content-engine-in-a-week,medium,pass,playwright,brands/strique/references/evidence/20260629T193943Z/pages/91616e534742/playwright.json,Visible controls have accessible names. Visible controls have accessible names.,
keyboard_navigation,https://www.strique.io/playbooks/content-engine-in-a-week,medium,pass,playwright,brands/strique/references/evidence/20260629T193943Z/pages/91616e534742/playwright.json,Keyboard focus reached 4 visible controls. Keyboard focus reached 4 visible controls.,
lazy_loading_in_viewport,https://www.strique.io/playbooks/content-engine-in-a-week,medium,pass,playwright,brands/strique/references/evidence/20260629T193943Z/pages/91616e534742/playwright.json,No unloaded in-viewport lazy content detected. No unloaded in-viewport lazy content detected.,
mobile_form_usability,https://www.strique.io/playbooks/content-engine-in-a-week,medium,not_applicable,playwright,brands/strique/references/evidence/20260629T193943Z/pages/91616e534742/playwright.json,No visible mobile form fields found.,
mobile_text_readability,https://www.strique.io/playbooks/content-engine-in-a-week,medium,fail,playwright,brands/strique/references/evidence/20260629T193943Z/pages/91616e534742/playwright.json,10 sampled text elements are too small or tight on mobile.,Increase mobile font size or line height for readable body text.
route_status_handling,https://www.strique.io/playbooks/content-engine-in-a-week,medium,not_applicable,playwright,brands/strique/references/evidence/20260629T193943Z/pages/91616e534742/playwright.json,Route status handling is tested from the site root.,
table_semantics,https://www.strique.io/playbooks/content-engine-in-a-week,medium,not_applicable,playwright,brands/strique/references/evidence/20260629T193943Z/pages/91616e534742/playwright.json,No visible tables found.,
tap_targets,https://www.strique.io/playbooks/content-engine-in-a-week,medium,fail,playwright,brands/strique/references/evidence/20260629T193943Z/pages/91616e534742/playwright.json,10 small and 16 crowded mobile tap targets found.,Increase tap target size or spacing to at least common mobile accessibility targets.
text_spacing,https://www.strique.io/playbooks/content-engine-in-a-week,medium,pass,playwright,brands/strique/references/evidence/20260629T193943Z/pages/91616e534742/playwright.json,WCAG text spacing did not cause overflow or content loss. WCAG text spacing did not cause overflow or content loss.,
zoom_readability,https://www.strique.io/playbooks/content-engine-in-a-week,medium,pass,playwright,brands/strique/references/evidence/20260629T193943Z/pages/91616e534742/playwright.json,Common zoom readability did not cause overflow or content loss. Common zoom readability did not cause overflow or content loss.,
rich_result_properties,https://www.strique.io/playbooks/content-engine-in-a-week,medium,pass,playwright,brands/strique/references/evidence/20260629T193943Z/pages/91616e534742/playwright.json,"Supported rich result schema properties are present for: BreadcrumbList, Organization.",
critical_css_font_loading,https://www.strique.io/playbooks/content-engine-in-a-week,medium,fail,lighthouse,brands/strique/references/evidence/20260629T193943Z/pages/91616e534742/lighthouse.json,Stored lab artifact does not include critical CSS or font diagnostics.,Recollect Lighthouse or PageSpeed evidence with CSS and font diagnostics.
render_blocking_scripts,https://www.strique.io/playbooks/content-engine-in-a-week,medium,fail,lighthouse,brands/strique/references/evidence/20260629T193943Z/pages/91616e534742/lighthouse.json,Stored artifacts do not include render-blocking script diagnostics.,Recollect Lighthouse/PageSpeed diagnostics or Playwright script inventory.
third_party_script_weight,https://www.strique.io/playbooks/content-engine-in-a-week,medium,fail,lighthouse,brands/strique/references/evidence/20260629T193943Z/pages/91616e534742/lighthouse.json,Stored artifacts do not include third-party script weight diagnostics.,Recollect Lighthouse/PageSpeed diagnostics or Playwright script inventory.
lab_root_cause_diagnostics,https://www.strique.io/playbooks/content-engine-in-a-week,medium,pass,lighthouse,brands/strique/references/evidence/20260629T193943Z/pages/91616e534742/lighthouse.json,"Lab diagnostics available: largest-contentful-paint, cumulative-layout-shift, speed-index, total-blocking-time.",
crawl_status,https://www.strique.io/playbooks/meta-ads-from-zero,high,pass,firecrawl,brands/strique/references/crawls/20260629T193943Z/pages/bc297fdde346/firecrawl.json,URL crawled with status 200.,
indexable,https://www.strique.io/playbooks/meta-ads-from-zero,high,pass,firecrawl,brands/strique/references/crawls/20260629T193943Z/pages/bc297fdde346/firecrawl.json,Indexability is yes.,
title_present,https://www.strique.io/playbooks/meta-ads-from-zero,medium,pass,firecrawl,brands/strique/references/crawls/20260629T193943Z/pages/bc297fdde346/firecrawl.json,Title: Meta Ads from zero in 90 minutes · Strique,
meta_description_present,https://www.strique.io/playbooks/meta-ads-from-zero,medium,pass,firecrawl,brands/strique/references/crawls/20260629T193943Z/pages/bc297fdde346/firecrawl.json,Meta description: The full playbook we run for new accounts: audit → pixel sanity → first campaign structure → creative brief → launch with approval gates.,
single_h1,https://www.strique.io/playbooks/meta-ads-from-zero,medium,pass,firecrawl,brands/strique/references/crawls/20260629T193943Z/pages/bc297fdde346/firecrawl.json,H1 count is 1.,
canonical_match,https://www.strique.io/playbooks/meta-ads-from-zero,high,pass,firecrawl,brands/strique/references/crawls/20260629T193943Z/pages/bc297fdde346/firecrawl.json,Canonical: https://www.strique.io/playbooks/meta-ads-from-zero,
schema_present,https://www.strique.io/playbooks/meta-ads-from-zero,low,pass,firecrawl,brands/strique/references/crawls/20260629T193943Z/pages/bc297fdde346/firecrawl.json,"Schema types: BreadcrumbList, ContactPoint, ListItem, Organization, SearchAction, WebSite",
image_alt_text,https://www.strique.io/playbooks/meta-ads-from-zero,low,fail,firecrawl,brands/strique/references/crawls/20260629T193943Z/pages/bc297fdde346/firecrawl.json,3 images are missing alt text.,Add useful alt text for meaningful images.
sitemap_inclusion,https://www.strique.io/playbooks/meta-ads-from-zero,low,pass,firecrawl,brands/strique/references/crawls/20260629T193943Z/pages/bc297fdde346/firecrawl.json,Sitemap inclusion is yes.,
content_visible,https://www.strique.io/playbooks/meta-ads-from-zero,high,pass,firecrawl,brands/strique/references/crawls/20260629T193943Z/pages/bc297fdde346/firecrawl.json,Rendered public text has 8973 words.,
content_type_classifiable,https://www.strique.io/playbooks/meta-ads-from-zero,medium,pass,firecrawl,brands/strique/references/crawls/20260629T193943Z/pages/bc297fdde346/firecrawl.json,"Public URL, title, and rendered text were reviewed for a recognizable page type.",
resource_rendering_not_blocked,https://www.strique.io/playbooks/meta-ads-from-zero,high,pass,firecrawl,brands/strique/references/crawls/20260629T193943Z/pages/bc297fdde346/firecrawl.json,Critical page content rendered successfully.,
title_not_keyword_stuffed,https://www.strique.io/playbooks/meta-ads-from-zero,medium,pass,firecrawl,brands/strique/references/crawls/20260629T193943Z/pages/bc297fdde346/firecrawl.json,Title reviewed for repeated terms and separator stuffing: Meta Ads from zero in 90 minutes · Strique.,
heading_not_keyword_stuffed,https://www.strique.io/playbooks/meta-ads-from-zero,medium,pass,firecrawl,brands/strique/references/crawls/20260629T193943Z/pages/bc297fdde346/firecrawl.json,2 rendered headings reviewed for stuffing.,
preview_controls_safe,https://www.strique.io/playbooks/meta-ads-from-zero,medium,pass,firecrawl,brands/strique/references/crawls/20260629T193943Z/pages/bc297fdde346/firecrawl.json,No harmful snippet preview controls were detected.,
url_path_clean,https://www.strique.io/playbooks/meta-ads-from-zero,medium,pass,firecrawl,brands/strique/references/crawls/20260629T193943Z/pages/bc297fdde346/firecrawl.json,"URL path reviewed for IDs, dates, session keys, and implementation details.",
media_support_present,https://www.strique.io/playbooks/meta-ads-from-zero,low,pass,firecrawl,brands/strique/references/crawls/20260629T193943Z/pages/bc297fdde346/firecrawl.json,6 images found on the page.,
content_not_ai_slop,https://www.strique.io/playbooks/meta-ads-from-zero,low,pass,firecrawl,brands/strique/references/crawls/20260629T193943Z/pages/bc297fdde346/firecrawl.json,Rendered copy reviewed for common generic AI filler phrases.,
thin_prompt_variant_pages,https://www.strique.io/playbooks/meta-ads-from-zero,medium,pass,firecrawl,brands/strique/references/crawls/20260629T193943Z/pages/bc297fdde346/firecrawl.json,Rendered public text has 8973 words.,
docs_content_extractable,https://www.strique.io/playbooks/meta-ads-from-zero,medium,not_applicable,firecrawl,brands/strique/references/crawls/20260629T193943Z/pages/bc297fdde346/firecrawl.json,This is not a docs or support URL.,
performance_score,https://www.strique.io/playbooks/meta-ads-from-zero,medium,pass,lighthouse,brands/strique/references/evidence/20260629T193943Z/pages/bc297fdde346/lighthouse.json,Performance score is 0.9.,
blocking_popups_interstitials,https://www.strique.io/playbooks/meta-ads-from-zero,medium,fail,playwright,brands/strique/references/evidence/20260629T193943Z/pages/bc297fdde346/playwright.json,"1 large fixed, modal, or interstitial elements may block main content. 2 large fixed, modal, or interstitial elements may block main content.","Remove or reduce blocking overlays on first render, especially on mobile."
body_text_line_length,https://www.strique.io/playbooks/meta-ads-from-zero,medium,pass,playwright,brands/strique/references/evidence/20260629T193943Z/pages/bc297fdde346/playwright.json,Sampled body text line length is readable. Sampled body text line length is readable.,
client_route_metadata,https://www.strique.io/playbooks/meta-ads-from-zero,medium,not_applicable,playwright,brands/strique/references/evidence/20260629T193943Z/pages/bc297fdde346/playwright.json,"SPA markers were found, but route-change metadata was not triggered by this deterministic pass.",
color_contrast,https://www.strique.io/playbooks/meta-ads-from-zero,medium,fail,playwright,brands/strique/references/evidence/20260629T193943Z/pages/bc297fdde346/playwright.json,7 sampled text elements have low contrast. 6 sampled text elements have low contrast.,Increase foreground/background contrast for readable text.
form_accessibility,https://www.strique.io/playbooks/meta-ads-from-zero,medium,not_applicable,playwright,brands/strique/references/evidence/20260629T193943Z/pages/bc297fdde346/playwright.json,No visible form fields found.,
fragment_deep_links,https://www.strique.io/playbooks/meta-ads-from-zero,medium,not_applicable,playwright,brands/strique/references/evidence/20260629T193943Z/pages/bc297fdde346/playwright.json,No same-page fragment links found.,
horizontal_scroll,https://www.strique.io/playbooks/meta-ads-from-zero,medium,pass,playwright,brands/strique/references/evidence/20260629T193943Z/pages/bc297fdde346/playwright.json,No horizontal overflow detected. No horizontal overflow detected.,
inaccessible_controls,https://www.strique.io/playbooks/meta-ads-from-zero,medium,pass,playwright,brands/strique/references/evidence/20260629T193943Z/pages/bc297fdde346/playwright.json,Visible controls have accessible names. Visible controls have accessible names.,
keyboard_navigation,https://www.strique.io/playbooks/meta-ads-from-zero,medium,pass,playwright,brands/strique/references/evidence/20260629T193943Z/pages/bc297fdde346/playwright.json,Keyboard focus reached 4 visible controls. Keyboard focus reached 4 visible controls.,
lazy_loading_in_viewport,https://www.strique.io/playbooks/meta-ads-from-zero,medium,pass,playwright,brands/strique/references/evidence/20260629T193943Z/pages/bc297fdde346/playwright.json,No unloaded in-viewport lazy content detected. No unloaded in-viewport lazy content detected.,
mobile_form_usability,https://www.strique.io/playbooks/meta-ads-from-zero,medium,not_applicable,playwright,brands/strique/references/evidence/20260629T193943Z/pages/bc297fdde346/playwright.json,No visible mobile form fields found.,
mobile_text_readability,https://www.strique.io/playbooks/meta-ads-from-zero,medium,fail,playwright,brands/strique/references/evidence/20260629T193943Z/pages/bc297fdde346/playwright.json,10 sampled text elements are too small or tight on mobile.,Increase mobile font size or line height for readable body text.
route_status_handling,https://www.strique.io/playbooks/meta-ads-from-zero,medium,not_applicable,playwright,brands/strique/references/evidence/20260629T193943Z/pages/bc297fdde346/playwright.json,Route status handling is tested from the site root.,
table_semantics,https://www.strique.io/playbooks/meta-ads-from-zero,medium,not_applicable,playwright,brands/strique/references/evidence/20260629T193943Z/pages/bc297fdde346/playwright.json,No visible tables found.,
tap_targets,https://www.strique.io/playbooks/meta-ads-from-zero,medium,fail,playwright,brands/strique/references/evidence/20260629T193943Z/pages/bc297fdde346/playwright.json,10 small and 16 crowded mobile tap targets found.,Increase tap target size or spacing to at least common mobile accessibility targets.
text_spacing,https://www.strique.io/playbooks/meta-ads-from-zero,medium,pass,playwright,brands/strique/references/evidence/20260629T193943Z/pages/bc297fdde346/playwright.json,WCAG text spacing did not cause overflow or content loss. WCAG text spacing did not cause overflow or content loss.,
zoom_readability,https://www.strique.io/playbooks/meta-ads-from-zero,medium,pass,playwright,brands/strique/references/evidence/20260629T193943Z/pages/bc297fdde346/playwright.json,Common zoom readability did not cause overflow or content loss. Common zoom readability did not cause overflow or content loss.,
rich_result_properties,https://www.strique.io/playbooks/meta-ads-from-zero,medium,pass,playwright,brands/strique/references/evidence/20260629T193943Z/pages/bc297fdde346/playwright.json,"Supported rich result schema properties are present for: BreadcrumbList, Organization.",
critical_css_font_loading,https://www.strique.io/playbooks/meta-ads-from-zero,medium,fail,lighthouse,brands/strique/references/evidence/20260629T193943Z/pages/bc297fdde346/lighthouse.json,Stored lab artifact does not include critical CSS or font diagnostics.,Recollect Lighthouse or PageSpeed evidence with CSS and font diagnostics.
render_blocking_scripts,https://www.strique.io/playbooks/meta-ads-from-zero,medium,fail,lighthouse,brands/strique/references/evidence/20260629T193943Z/pages/bc297fdde346/lighthouse.json,Stored artifacts do not include render-blocking script diagnostics.,Recollect Lighthouse/PageSpeed diagnostics or Playwright script inventory.
third_party_script_weight,https://www.strique.io/playbooks/meta-ads-from-zero,medium,fail,lighthouse,brands/strique/references/evidence/20260629T193943Z/pages/bc297fdde346/lighthouse.json,Stored artifacts do not include third-party script weight diagnostics.,Recollect Lighthouse/PageSpeed diagnostics or Playwright script inventory.
lab_root_cause_diagnostics,https://www.strique.io/playbooks/meta-ads-from-zero,medium,pass,lighthouse,brands/strique/references/evidence/20260629T193943Z/pages/bc297fdde346/lighthouse.json,"Lab diagnostics available: largest-contentful-paint, cumulative-layout-shift, speed-index, total-blocking-time.",
crawl_status,https://www.strique.io/playbooks/reduce-cac-90-days,high,pass,firecrawl,brands/strique/references/crawls/20260629T193943Z/pages/5afbde08d542/firecrawl.json,URL crawled with status 200.,
indexable,https://www.strique.io/playbooks/reduce-cac-90-days,high,pass,firecrawl,brands/strique/references/crawls/20260629T193943Z/pages/5afbde08d542/firecrawl.json,Indexability is yes.,
title_present,https://www.strique.io/playbooks/reduce-cac-90-days,medium,pass,firecrawl,brands/strique/references/crawls/20260629T193943Z/pages/5afbde08d542/firecrawl.json,Title: Reduce CAC 30% in 90 days · Strique,
meta_description_present,https://www.strique.io/playbooks/reduce-cac-90-days,medium,pass,firecrawl,brands/strique/references/crawls/20260629T193943Z/pages/5afbde08d542/firecrawl.json,"Meta description: A 90-day playbook for cutting customer acquisition cost with an AI marketing agent: audit waste, increase creative velocity, sharpen audiences, and optimize continuously.",
single_h1,https://www.strique.io/playbooks/reduce-cac-90-days,medium,pass,firecrawl,brands/strique/references/crawls/20260629T193943Z/pages/5afbde08d542/firecrawl.json,H1 count is 1.,
canonical_match,https://www.strique.io/playbooks/reduce-cac-90-days,high,pass,firecrawl,brands/strique/references/crawls/20260629T193943Z/pages/5afbde08d542/firecrawl.json,Canonical: https://www.strique.io/playbooks/reduce-cac-90-days,
schema_present,https://www.strique.io/playbooks/reduce-cac-90-days,low,pass,firecrawl,brands/strique/references/crawls/20260629T193943Z/pages/5afbde08d542/firecrawl.json,"Schema types: BreadcrumbList, ContactPoint, ListItem, Organization, SearchAction, WebSite",
image_alt_text,https://www.strique.io/playbooks/reduce-cac-90-days,low,fail,firecrawl,brands/strique/references/crawls/20260629T193943Z/pages/5afbde08d542/firecrawl.json,3 images are missing alt text.,Add useful alt text for meaningful images.
sitemap_inclusion,https://www.strique.io/playbooks/reduce-cac-90-days,low,pass,firecrawl,brands/strique/references/crawls/20260629T193943Z/pages/5afbde08d542/firecrawl.json,Sitemap inclusion is yes.,
content_visible,https://www.strique.io/playbooks/reduce-cac-90-days,high,pass,firecrawl,brands/strique/references/crawls/20260629T193943Z/pages/5afbde08d542/firecrawl.json,Rendered public text has 10591 words.,
content_type_classifiable,https://www.strique.io/playbooks/reduce-cac-90-days,medium,pass,firecrawl,brands/strique/references/crawls/20260629T193943Z/pages/5afbde08d542/firecrawl.json,"Public URL, title, and rendered text were reviewed for a recognizable page type.",
resource_rendering_not_blocked,https://www.strique.io/playbooks/reduce-cac-90-days,high,pass,firecrawl,brands/strique/references/crawls/20260629T193943Z/pages/5afbde08d542/firecrawl.json,Critical page content rendered successfully.,
title_not_keyword_stuffed,https://www.strique.io/playbooks/reduce-cac-90-days,medium,pass,firecrawl,brands/strique/references/crawls/20260629T193943Z/pages/5afbde08d542/firecrawl.json,Title reviewed for repeated terms and separator stuffing: Reduce CAC 30% in 90 days · Strique.,
heading_not_keyword_stuffed,https://www.strique.io/playbooks/reduce-cac-90-days,medium,pass,firecrawl,brands/strique/references/crawls/20260629T193943Z/pages/5afbde08d542/firecrawl.json,7 rendered headings reviewed for stuffing.,
preview_controls_safe,https://www.strique.io/playbooks/reduce-cac-90-days,medium,pass,firecrawl,brands/strique/references/crawls/20260629T193943Z/pages/5afbde08d542/firecrawl.json,No harmful snippet preview controls were detected.,
url_path_clean,https://www.strique.io/playbooks/reduce-cac-90-days,medium,pass,firecrawl,brands/strique/references/crawls/20260629T193943Z/pages/5afbde08d542/firecrawl.json,"URL path reviewed for IDs, dates, session keys, and implementation details.",
media_support_present,https://www.strique.io/playbooks/reduce-cac-90-days,low,pass,firecrawl,brands/strique/references/crawls/20260629T193943Z/pages/5afbde08d542/firecrawl.json,6 images found on the page.,
content_not_ai_slop,https://www.strique.io/playbooks/reduce-cac-90-days,low,pass,firecrawl,brands/strique/references/crawls/20260629T193943Z/pages/5afbde08d542/firecrawl.json,Rendered copy reviewed for common generic AI filler phrases.,
thin_prompt_variant_pages,https://www.strique.io/playbooks/reduce-cac-90-days,medium,pass,firecrawl,brands/strique/references/crawls/20260629T193943Z/pages/5afbde08d542/firecrawl.json,Rendered public text has 10591 words.,
docs_content_extractable,https://www.strique.io/playbooks/reduce-cac-90-days,medium,not_applicable,firecrawl,brands/strique/references/crawls/20260629T193943Z/pages/5afbde08d542/firecrawl.json,This is not a docs or support URL.,
performance_score,https://www.strique.io/playbooks/reduce-cac-90-days,medium,fail,lighthouse,brands/strique/references/evidence/20260629T193943Z/pages/5afbde08d542/lighthouse.json,Performance score is 0.65.,Improve Core Web Vitals and Lighthouse performance bottlenecks.
blocking_popups_interstitials,https://www.strique.io/playbooks/reduce-cac-90-days,medium,fail,playwright,brands/strique/references/evidence/20260629T193943Z/pages/5afbde08d542/playwright.json,"1 large fixed, modal, or interstitial elements may block main content. 2 large fixed, modal, or interstitial elements may block main content.","Remove or reduce blocking overlays on first render, especially on mobile."
body_text_line_length,https://www.strique.io/playbooks/reduce-cac-90-days,medium,pass,playwright,brands/strique/references/evidence/20260629T193943Z/pages/5afbde08d542/playwright.json,Sampled body text line length is readable. Sampled body text line length is readable.,
client_route_metadata,https://www.strique.io/playbooks/reduce-cac-90-days,medium,not_applicable,playwright,brands/strique/references/evidence/20260629T193943Z/pages/5afbde08d542/playwright.json,"SPA markers were found, but route-change metadata was not triggered by this deterministic pass.",
color_contrast,https://www.strique.io/playbooks/reduce-cac-90-days,medium,fail,playwright,brands/strique/references/evidence/20260629T193943Z/pages/5afbde08d542/playwright.json,8 sampled text elements have low contrast. 6 sampled text elements have low contrast.,Increase foreground/background contrast for readable text.
form_accessibility,https://www.strique.io/playbooks/reduce-cac-90-days,medium,not_applicable,playwright,brands/strique/references/evidence/20260629T193943Z/pages/5afbde08d542/playwright.json,No visible form fields found.,
fragment_deep_links,https://www.strique.io/playbooks/reduce-cac-90-days,medium,pass,playwright,brands/strique/references/evidence/20260629T193943Z/pages/5afbde08d542/playwright.json,Same-page fragment links have matching targets.,
horizontal_scroll,https://www.strique.io/playbooks/reduce-cac-90-days,medium,pass,playwright,brands/strique/references/evidence/20260629T193943Z/pages/5afbde08d542/playwright.json,No horizontal overflow detected. No horizontal overflow detected.,
inaccessible_controls,https://www.strique.io/playbooks/reduce-cac-90-days,medium,fail,playwright,brands/strique/references/evidence/20260629T193943Z/pages/5afbde08d542/playwright.json,5 visible controls lack accessible names.,"Add text, aria-label, or labelledby values to interactive controls."
keyboard_navigation,https://www.strique.io/playbooks/reduce-cac-90-days,medium,pass,playwright,brands/strique/references/evidence/20260629T193943Z/pages/5afbde08d542/playwright.json,Keyboard focus reached 4 visible controls. Keyboard focus reached 4 visible controls.,
lazy_loading_in_viewport,https://www.strique.io/playbooks/reduce-cac-90-days,medium,pass,playwright,brands/strique/references/evidence/20260629T193943Z/pages/5afbde08d542/playwright.json,No unloaded in-viewport lazy content detected. No unloaded in-viewport lazy content detected.,
mobile_form_usability,https://www.strique.io/playbooks/reduce-cac-90-days,medium,not_applicable,playwright,brands/strique/references/evidence/20260629T193943Z/pages/5afbde08d542/playwright.json,No visible mobile form fields found.,
mobile_text_readability,https://www.strique.io/playbooks/reduce-cac-90-days,medium,fail,playwright,brands/strique/references/evidence/20260629T193943Z/pages/5afbde08d542/playwright.json,10 sampled text elements are too small or tight on mobile.,Increase mobile font size or line height for readable body text.
route_status_handling,https://www.strique.io/playbooks/reduce-cac-90-days,medium,not_applicable,playwright,brands/strique/references/evidence/20260629T193943Z/pages/5afbde08d542/playwright.json,Route status handling is tested from the site root.,
table_semantics,https://www.strique.io/playbooks/reduce-cac-90-days,medium,not_applicable,playwright,brands/strique/references/evidence/20260629T193943Z/pages/5afbde08d542/playwright.json,No visible tables found.,
tap_targets,https://www.strique.io/playbooks/reduce-cac-90-days,medium,fail,playwright,brands/strique/references/evidence/20260629T193943Z/pages/5afbde08d542/playwright.json,10 small and 17 crowded mobile tap targets found.,Increase tap target size or spacing to at least common mobile accessibility targets.
text_spacing,https://www.strique.io/playbooks/reduce-cac-90-days,medium,pass,playwright,brands/strique/references/evidence/20260629T193943Z/pages/5afbde08d542/playwright.json,WCAG text spacing did not cause overflow or content loss. WCAG text spacing did not cause overflow or content loss.,
zoom_readability,https://www.strique.io/playbooks/reduce-cac-90-days,medium,pass,playwright,brands/strique/references/evidence/20260629T193943Z/pages/5afbde08d542/playwright.json,Common zoom readability did not cause overflow or content loss. Common zoom readability did not cause overflow or content loss.,
rich_result_properties,https://www.strique.io/playbooks/reduce-cac-90-days,medium,pass,playwright,brands/strique/references/evidence/20260629T193943Z/pages/5afbde08d542/playwright.json,"Supported rich result schema properties are present for: BreadcrumbList, Organization.",
critical_css_font_loading,https://www.strique.io/playbooks/reduce-cac-90-days,medium,fail,lighthouse,brands/strique/references/evidence/20260629T193943Z/pages/5afbde08d542/lighthouse.json,Stored lab artifact does not include critical CSS or font diagnostics.,Recollect Lighthouse or PageSpeed evidence with CSS and font diagnostics.
render_blocking_scripts,https://www.strique.io/playbooks/reduce-cac-90-days,medium,fail,lighthouse,brands/strique/references/evidence/20260629T193943Z/pages/5afbde08d542/lighthouse.json,Stored artifacts do not include render-blocking script diagnostics.,Recollect Lighthouse/PageSpeed diagnostics or Playwright script inventory.
third_party_script_weight,https://www.strique.io/playbooks/reduce-cac-90-days,medium,fail,lighthouse,brands/strique/references/evidence/20260629T193943Z/pages/5afbde08d542/lighthouse.json,Stored artifacts do not include third-party script weight diagnostics.,Recollect Lighthouse/PageSpeed diagnostics or Playwright script inventory.
lab_root_cause_diagnostics,https://www.strique.io/playbooks/reduce-cac-90-days,medium,pass,lighthouse,brands/strique/references/evidence/20260629T193943Z/pages/5afbde08d542/lighthouse.json,"Lab diagnostics available: largest-contentful-paint, cumulative-layout-shift, speed-index, total-blocking-time.",
crawl_status,https://www.strique.io/playbooks/set-up-ai-marketing-agent,high,pass,firecrawl,brands/strique/references/crawls/20260629T193943Z/pages/148a625f4f17/firecrawl.json,URL crawled with status 200.,
indexable,https://www.strique.io/playbooks/set-up-ai-marketing-agent,high,pass,firecrawl,brands/strique/references/crawls/20260629T193943Z/pages/148a625f4f17/firecrawl.json,Indexability is yes.,
title_present,https://www.strique.io/playbooks/set-up-ai-marketing-agent,medium,pass,firecrawl,brands/strique/references/crawls/20260629T193943Z/pages/148a625f4f17/firecrawl.json,Title: Set up your AI marketing agent in 2 hours · Strique,
meta_description_present,https://www.strique.io/playbooks/set-up-ai-marketing-agent,medium,pass,firecrawl,brands/strique/references/crawls/20260629T193943Z/pages/148a625f4f17/firecrawl.json,"Meta description: The complete onboarding playbook: connect your stack, calibrate your brand, run your first campaign, and have an autonomous agent loop running before lunch.",
single_h1,https://www.strique.io/playbooks/set-up-ai-marketing-agent,medium,pass,firecrawl,brands/strique/references/crawls/20260629T193943Z/pages/148a625f4f17/firecrawl.json,H1 count is 1.,
canonical_match,https://www.strique.io/playbooks/set-up-ai-marketing-agent,high,pass,firecrawl,brands/strique/references/crawls/20260629T193943Z/pages/148a625f4f17/firecrawl.json,Canonical: https://www.strique.io/playbooks/set-up-ai-marketing-agent,
schema_present,https://www.strique.io/playbooks/set-up-ai-marketing-agent,low,pass,firecrawl,brands/strique/references/crawls/20260629T193943Z/pages/148a625f4f17/firecrawl.json,"Schema types: BreadcrumbList, ContactPoint, ListItem, Organization, SearchAction, WebSite",
image_alt_text,https://www.strique.io/playbooks/set-up-ai-marketing-agent,low,fail,firecrawl,brands/strique/references/crawls/20260629T193943Z/pages/148a625f4f17/firecrawl.json,3 images are missing alt text.,Add useful alt text for meaningful images.
sitemap_inclusion,https://www.strique.io/playbooks/set-up-ai-marketing-agent,low,pass,firecrawl,brands/strique/references/crawls/20260629T193943Z/pages/148a625f4f17/firecrawl.json,Sitemap inclusion is yes.,
content_visible,https://www.strique.io/playbooks/set-up-ai-marketing-agent,high,pass,firecrawl,brands/strique/references/crawls/20260629T193943Z/pages/148a625f4f17/firecrawl.json,Rendered public text has 10294 words.,
content_type_classifiable,https://www.strique.io/playbooks/set-up-ai-marketing-agent,medium,pass,firecrawl,brands/strique/references/crawls/20260629T193943Z/pages/148a625f4f17/firecrawl.json,"Public URL, title, and rendered text were reviewed for a recognizable page type.",
resource_rendering_not_blocked,https://www.strique.io/playbooks/set-up-ai-marketing-agent,high,pass,firecrawl,brands/strique/references/crawls/20260629T193943Z/pages/148a625f4f17/firecrawl.json,Critical page content rendered successfully.,
title_not_keyword_stuffed,https://www.strique.io/playbooks/set-up-ai-marketing-agent,medium,pass,firecrawl,brands/strique/references/crawls/20260629T193943Z/pages/148a625f4f17/firecrawl.json,Title reviewed for repeated terms and separator stuffing: Set up your AI marketing agent in 2 hours · Strique.,
heading_not_keyword_stuffed,https://www.strique.io/playbooks/set-up-ai-marketing-agent,medium,pass,firecrawl,brands/strique/references/crawls/20260629T193943Z/pages/148a625f4f17/firecrawl.json,6 rendered headings reviewed for stuffing.,
preview_controls_safe,https://www.strique.io/playbooks/set-up-ai-marketing-agent,medium,pass,firecrawl,brands/strique/references/crawls/20260629T193943Z/pages/148a625f4f17/firecrawl.json,No harmful snippet preview controls were detected.,
url_path_clean,https://www.strique.io/playbooks/set-up-ai-marketing-agent,medium,pass,firecrawl,brands/strique/references/crawls/20260629T193943Z/pages/148a625f4f17/firecrawl.json,"URL path reviewed for IDs, dates, session keys, and implementation details.",
media_support_present,https://www.strique.io/playbooks/set-up-ai-marketing-agent,low,pass,firecrawl,brands/strique/references/crawls/20260629T193943Z/pages/148a625f4f17/firecrawl.json,6 images found on the page.,
content_not_ai_slop,https://www.strique.io/playbooks/set-up-ai-marketing-agent,low,pass,firecrawl,brands/strique/references/crawls/20260629T193943Z/pages/148a625f4f17/firecrawl.json,Rendered copy reviewed for common generic AI filler phrases.,
thin_prompt_variant_pages,https://www.strique.io/playbooks/set-up-ai-marketing-agent,medium,pass,firecrawl,brands/strique/references/crawls/20260629T193943Z/pages/148a625f4f17/firecrawl.json,Rendered public text has 10294 words.,
docs_content_extractable,https://www.strique.io/playbooks/set-up-ai-marketing-agent,medium,not_applicable,firecrawl,brands/strique/references/crawls/20260629T193943Z/pages/148a625f4f17/firecrawl.json,This is not a docs or support URL.,
performance_score,https://www.strique.io/playbooks/set-up-ai-marketing-agent,medium,fail,lighthouse,brands/strique/references/evidence/20260629T193943Z/pages/148a625f4f17/lighthouse.json,Performance score is 0.67.,Improve Core Web Vitals and Lighthouse performance bottlenecks.
blocking_popups_interstitials,https://www.strique.io/playbooks/set-up-ai-marketing-agent,medium,fail,playwright,brands/strique/references/evidence/20260629T193943Z/pages/148a625f4f17/playwright.json,"1 large fixed, modal, or interstitial elements may block main content. 2 large fixed, modal, or interstitial elements may block main content.","Remove or reduce blocking overlays on first render, especially on mobile."
body_text_line_length,https://www.strique.io/playbooks/set-up-ai-marketing-agent,medium,pass,playwright,brands/strique/references/evidence/20260629T193943Z/pages/148a625f4f17/playwright.json,Sampled body text line length is readable. Sampled body text line length is readable.,
client_route_metadata,https://www.strique.io/playbooks/set-up-ai-marketing-agent,medium,not_applicable,playwright,brands/strique/references/evidence/20260629T193943Z/pages/148a625f4f17/playwright.json,"SPA markers were found, but route-change metadata was not triggered by this deterministic pass.",
color_contrast,https://www.strique.io/playbooks/set-up-ai-marketing-agent,medium,fail,playwright,brands/strique/references/evidence/20260629T193943Z/pages/148a625f4f17/playwright.json,8 sampled text elements have low contrast. 6 sampled text elements have low contrast.,Increase foreground/background contrast for readable text.
form_accessibility,https://www.strique.io/playbooks/set-up-ai-marketing-agent,medium,not_applicable,playwright,brands/strique/references/evidence/20260629T193943Z/pages/148a625f4f17/playwright.json,No visible form fields found.,
fragment_deep_links,https://www.strique.io/playbooks/set-up-ai-marketing-agent,medium,pass,playwright,brands/strique/references/evidence/20260629T193943Z/pages/148a625f4f17/playwright.json,Same-page fragment links have matching targets.,
horizontal_scroll,https://www.strique.io/playbooks/set-up-ai-marketing-agent,medium,pass,playwright,brands/strique/references/evidence/20260629T193943Z/pages/148a625f4f17/playwright.json,No horizontal overflow detected. No horizontal overflow detected.,
inaccessible_controls,https://www.strique.io/playbooks/set-up-ai-marketing-agent,medium,fail,playwright,brands/strique/references/evidence/20260629T193943Z/pages/148a625f4f17/playwright.json,4 visible controls lack accessible names.,"Add text, aria-label, or labelledby values to interactive controls."
keyboard_navigation,https://www.strique.io/playbooks/set-up-ai-marketing-agent,medium,pass,playwright,brands/strique/references/evidence/20260629T193943Z/pages/148a625f4f17/playwright.json,Keyboard focus reached 4 visible controls. Keyboard focus reached 4 visible controls.,
lazy_loading_in_viewport,https://www.strique.io/playbooks/set-up-ai-marketing-agent,medium,pass,playwright,brands/strique/references/evidence/20260629T193943Z/pages/148a625f4f17/playwright.json,No unloaded in-viewport lazy content detected. No unloaded in-viewport lazy content detected.,
mobile_form_usability,https://www.strique.io/playbooks/set-up-ai-marketing-agent,medium,not_applicable,playwright,brands/strique/references/evidence/20260629T193943Z/pages/148a625f4f17/playwright.json,No visible mobile form fields found.,
mobile_text_readability,https://www.strique.io/playbooks/set-up-ai-marketing-agent,medium,fail,playwright,brands/strique/references/evidence/20260629T193943Z/pages/148a625f4f17/playwright.json,10 sampled text elements are too small or tight on mobile.,Increase mobile font size or line height for readable body text.
route_status_handling,https://www.strique.io/playbooks/set-up-ai-marketing-agent,medium,not_applicable,playwright,brands/strique/references/evidence/20260629T193943Z/pages/148a625f4f17/playwright.json,Route status handling is tested from the site root.,
table_semantics,https://www.strique.io/playbooks/set-up-ai-marketing-agent,medium,not_applicable,playwright,brands/strique/references/evidence/20260629T193943Z/pages/148a625f4f17/playwright.json,No visible tables found.,
tap_targets,https://www.strique.io/playbooks/set-up-ai-marketing-agent,medium,fail,playwright,brands/strique/references/evidence/20260629T193943Z/pages/148a625f4f17/playwright.json,10 small and 17 crowded mobile tap targets found.,Increase tap target size or spacing to at least common mobile accessibility targets.
text_spacing,https://www.strique.io/playbooks/set-up-ai-marketing-agent,medium,pass,playwright,brands/strique/references/evidence/20260629T193943Z/pages/148a625f4f17/playwright.json,WCAG text spacing did not cause overflow or content loss. WCAG text spacing did not cause overflow or content loss.,
zoom_readability,https://www.strique.io/playbooks/set-up-ai-marketing-agent,medium,pass,playwright,brands/strique/references/evidence/20260629T193943Z/pages/148a625f4f17/playwright.json,Common zoom readability did not cause overflow or content loss. Common zoom readability did not cause overflow or content loss.,
rich_result_properties,https://www.strique.io/playbooks/set-up-ai-marketing-agent,medium,pass,playwright,brands/strique/references/evidence/20260629T193943Z/pages/148a625f4f17/playwright.json,"Supported rich result schema properties are present for: BreadcrumbList, Organization.",
critical_css_font_loading,https://www.strique.io/playbooks/set-up-ai-marketing-agent,medium,fail,lighthouse,brands/strique/references/evidence/20260629T193943Z/pages/148a625f4f17/lighthouse.json,Stored lab artifact does not include critical CSS or font diagnostics.,Recollect Lighthouse or PageSpeed evidence with CSS and font diagnostics.
render_blocking_scripts,https://www.strique.io/playbooks/set-up-ai-marketing-agent,medium,fail,lighthouse,brands/strique/references/evidence/20260629T193943Z/pages/148a625f4f17/lighthouse.json,Stored artifacts do not include render-blocking script diagnostics.,Recollect Lighthouse/PageSpeed diagnostics or Playwright script inventory.
third_party_script_weight,https://www.strique.io/playbooks/set-up-ai-marketing-agent,medium,fail,lighthouse,brands/strique/references/evidence/20260629T193943Z/pages/148a625f4f17/lighthouse.json,Stored artifacts do not include third-party script weight diagnostics.,Recollect Lighthouse/PageSpeed diagnostics or Playwright script inventory.
lab_root_cause_diagnostics,https://www.strique.io/playbooks/set-up-ai-marketing-agent,medium,pass,lighthouse,brands/strique/references/evidence/20260629T193943Z/pages/148a625f4f17/lighthouse.json,"Lab diagnostics available: largest-contentful-paint, cumulative-layout-shift, speed-index, total-blocking-time.",
crawl_status,https://www.strique.io/pricing,high,pass,firecrawl,brands/strique/references/crawls/20260629T193943Z/pages/523545f825e7/firecrawl.json,URL crawled with status 200.,
indexable,https://www.strique.io/pricing,high,pass,firecrawl,brands/strique/references/crawls/20260629T193943Z/pages/523545f825e7/firecrawl.json,Indexability is yes.,
title_present,https://www.strique.io/pricing,medium,pass,firecrawl,brands/strique/references/crawls/20260629T193943Z/pages/523545f825e7/firecrawl.json,Title: Strique Pricing for AI Marketing Agents · Strique,
meta_description_present,https://www.strique.io/pricing,medium,pass,firecrawl,brands/strique/references/crawls/20260629T193943Z/pages/523545f825e7/firecrawl.json,"Meta description: Credit-based pricing for AI marketing agents. Starter from $199/mo. Growth, Scale, and Enterprise plans for teams that move fast.",
single_h1,https://www.strique.io/pricing,medium,fail,firecrawl,brands/strique/references/crawls/20260629T193943Z/pages/523545f825e7/firecrawl.json,H1 count is 2.,Use one clear H1 on the page.
canonical_match,https://www.strique.io/pricing,high,pass,firecrawl,brands/strique/references/crawls/20260629T193943Z/pages/523545f825e7/firecrawl.json,Canonical: https://www.strique.io/pricing,
schema_present,https://www.strique.io/pricing,low,pass,firecrawl,brands/strique/references/crawls/20260629T193943Z/pages/523545f825e7/firecrawl.json,"Schema types: Answer, BreadcrumbList, ContactPoint, FAQPage, ListItem, Organization, Question, SearchAction, WebSite",
image_alt_text,https://www.strique.io/pricing,low,fail,firecrawl,brands/strique/references/crawls/20260629T193943Z/pages/523545f825e7/firecrawl.json,3 images are missing alt text.,Add useful alt text for meaningful images.
sitemap_inclusion,https://www.strique.io/pricing,low,pass,firecrawl,brands/strique/references/crawls/20260629T193943Z/pages/523545f825e7/firecrawl.json,Sitemap inclusion is yes.,
content_visible,https://www.strique.io/pricing,high,pass,firecrawl,brands/strique/references/crawls/20260629T193943Z/pages/523545f825e7/firecrawl.json,Rendered public text has 18911 words.,
content_type_classifiable,https://www.strique.io/pricing,medium,pass,firecrawl,brands/strique/references/crawls/20260629T193943Z/pages/523545f825e7/firecrawl.json,"Public URL, title, and rendered text were reviewed for a recognizable page type.",
resource_rendering_not_blocked,https://www.strique.io/pricing,high,pass,firecrawl,brands/strique/references/crawls/20260629T193943Z/pages/523545f825e7/firecrawl.json,Critical page content rendered successfully.,
title_not_keyword_stuffed,https://www.strique.io/pricing,medium,pass,firecrawl,brands/strique/references/crawls/20260629T193943Z/pages/523545f825e7/firecrawl.json,Title reviewed for repeated terms and separator stuffing: Strique Pricing for AI Marketing Agents · Strique.,
heading_not_keyword_stuffed,https://www.strique.io/pricing,medium,pass,firecrawl,brands/strique/references/crawls/20260629T193943Z/pages/523545f825e7/firecrawl.json,4 rendered headings reviewed for stuffing.,
preview_controls_safe,https://www.strique.io/pricing,medium,pass,firecrawl,brands/strique/references/crawls/20260629T193943Z/pages/523545f825e7/firecrawl.json,No harmful snippet preview controls were detected.,
url_path_clean,https://www.strique.io/pricing,medium,pass,firecrawl,brands/strique/references/crawls/20260629T193943Z/pages/523545f825e7/firecrawl.json,"URL path reviewed for IDs, dates, session keys, and implementation details.",
media_support_present,https://www.strique.io/pricing,low,pass,firecrawl,brands/strique/references/crawls/20260629T193943Z/pages/523545f825e7/firecrawl.json,6 images found on the page.,
content_not_ai_slop,https://www.strique.io/pricing,low,pass,firecrawl,brands/strique/references/crawls/20260629T193943Z/pages/523545f825e7/firecrawl.json,Rendered copy reviewed for common generic AI filler phrases.,
thin_prompt_variant_pages,https://www.strique.io/pricing,medium,pass,firecrawl,brands/strique/references/crawls/20260629T193943Z/pages/523545f825e7/firecrawl.json,Rendered public text has 18911 words.,
docs_content_extractable,https://www.strique.io/pricing,medium,not_applicable,firecrawl,brands/strique/references/crawls/20260629T193943Z/pages/523545f825e7/firecrawl.json,This is not a docs or support URL.,
performance_score,https://www.strique.io/pricing,medium,fail,lighthouse,brands/strique/references/evidence/20260629T193943Z/pages/523545f825e7/lighthouse.json,Performance score is 0.6.,Improve Core Web Vitals and Lighthouse performance bottlenecks.
blocking_popups_interstitials,https://www.strique.io/pricing,medium,fail,playwright,brands/strique/references/evidence/20260629T193943Z/pages/523545f825e7/playwright.json,"1 large fixed, modal, or interstitial elements may block main content. 2 large fixed, modal, or interstitial elements may block main content.","Remove or reduce blocking overlays on first render, especially on mobile."
body_text_line_length,https://www.strique.io/pricing,medium,pass,playwright,brands/strique/references/evidence/20260629T193943Z/pages/523545f825e7/playwright.json,Sampled body text line length is readable. Sampled body text line length is readable.,
client_route_metadata,https://www.strique.io/pricing,medium,not_applicable,playwright,brands/strique/references/evidence/20260629T193943Z/pages/523545f825e7/playwright.json,"SPA markers were found, but route-change metadata was not triggered by this deterministic pass.",
color_contrast,https://www.strique.io/pricing,medium,fail,playwright,brands/strique/references/evidence/20260629T193943Z/pages/523545f825e7/playwright.json,10 sampled text elements have low contrast. 10 sampled text elements have low contrast.,Increase foreground/background contrast for readable text.
form_accessibility,https://www.strique.io/pricing,medium,not_applicable,playwright,brands/strique/references/evidence/20260629T193943Z/pages/523545f825e7/playwright.json,No visible form fields found.,
fragment_deep_links,https://www.strique.io/pricing,medium,not_applicable,playwright,brands/strique/references/evidence/20260629T193943Z/pages/523545f825e7/playwright.json,No same-page fragment links found.,
horizontal_scroll,https://www.strique.io/pricing,medium,pass,playwright,brands/strique/references/evidence/20260629T193943Z/pages/523545f825e7/playwright.json,No horizontal overflow detected. No horizontal overflow detected.,
inaccessible_controls,https://www.strique.io/pricing,medium,pass,playwright,brands/strique/references/evidence/20260629T193943Z/pages/523545f825e7/playwright.json,Visible controls have accessible names. Visible controls have accessible names.,
keyboard_navigation,https://www.strique.io/pricing,medium,pass,playwright,brands/strique/references/evidence/20260629T193943Z/pages/523545f825e7/playwright.json,Keyboard focus reached 4 visible controls. Keyboard focus reached 4 visible controls.,
lazy_loading_in_viewport,https://www.strique.io/pricing,medium,pass,playwright,brands/strique/references/evidence/20260629T193943Z/pages/523545f825e7/playwright.json,No unloaded in-viewport lazy content detected. No unloaded in-viewport lazy content detected.,
mobile_form_usability,https://www.strique.io/pricing,medium,not_applicable,playwright,brands/strique/references/evidence/20260629T193943Z/pages/523545f825e7/playwright.json,No visible mobile form fields found.,
mobile_text_readability,https://www.strique.io/pricing,medium,fail,playwright,brands/strique/references/evidence/20260629T193943Z/pages/523545f825e7/playwright.json,10 sampled text elements are too small or tight on mobile.,Increase mobile font size or line height for readable body text.
route_status_handling,https://www.strique.io/pricing,medium,not_applicable,playwright,brands/strique/references/evidence/20260629T193943Z/pages/523545f825e7/playwright.json,Route status handling is tested from the site root.,
table_semantics,https://www.strique.io/pricing,medium,pass,playwright,brands/strique/references/evidence/20260629T193943Z/pages/523545f825e7/playwright.json,Visible tables include semantic table structure. Visible tables include semantic table structure.,
tap_targets,https://www.strique.io/pricing,medium,fail,playwright,brands/strique/references/evidence/20260629T193943Z/pages/523545f825e7/playwright.json,10 small and 14 crowded mobile tap targets found.,Increase tap target size or spacing to at least common mobile accessibility targets.
text_spacing,https://www.strique.io/pricing,medium,pass,playwright,brands/strique/references/evidence/20260629T193943Z/pages/523545f825e7/playwright.json,WCAG text spacing did not cause overflow or content loss. WCAG text spacing did not cause overflow or content loss.,
zoom_readability,https://www.strique.io/pricing,medium,pass,playwright,brands/strique/references/evidence/20260629T193943Z/pages/523545f825e7/playwright.json,Common zoom readability did not cause overflow or content loss. Common zoom readability did not cause overflow or content loss.,
rich_result_properties,https://www.strique.io/pricing,medium,pass,playwright,brands/strique/references/evidence/20260629T193943Z/pages/523545f825e7/playwright.json,"Supported rich result schema properties are present for: BreadcrumbList, FAQPage, Organization.",
critical_css_font_loading,https://www.strique.io/pricing,medium,fail,lighthouse,brands/strique/references/evidence/20260629T193943Z/pages/523545f825e7/lighthouse.json,Stored lab artifact does not include critical CSS or font diagnostics.,Recollect Lighthouse or PageSpeed evidence with CSS and font diagnostics.
render_blocking_scripts,https://www.strique.io/pricing,medium,fail,lighthouse,brands/strique/references/evidence/20260629T193943Z/pages/523545f825e7/lighthouse.json,Stored artifacts do not include render-blocking script diagnostics.,Recollect Lighthouse/PageSpeed diagnostics or Playwright script inventory.
third_party_script_weight,https://www.strique.io/pricing,medium,fail,lighthouse,brands/strique/references/evidence/20260629T193943Z/pages/523545f825e7/lighthouse.json,Stored artifacts do not include third-party script weight diagnostics.,Recollect Lighthouse/PageSpeed diagnostics or Playwright script inventory.
lab_root_cause_diagnostics,https://www.strique.io/pricing,medium,pass,lighthouse,brands/strique/references/evidence/20260629T193943Z/pages/523545f825e7/lighthouse.json,"Lab diagnostics available: largest-contentful-paint, cumulative-layout-shift, speed-index, total-blocking-time.",
crawl_status,https://www.strique.io/privacy-policy,high,pass,firecrawl,brands/strique/references/crawls/20260629T193943Z/pages/1d50b1aaa32e/firecrawl.json,URL crawled with status 200.,
indexable,https://www.strique.io/privacy-policy,high,pass,firecrawl,brands/strique/references/crawls/20260629T193943Z/pages/1d50b1aaa32e/firecrawl.json,Indexability is yes.,
title_present,https://www.strique.io/privacy-policy,medium,pass,firecrawl,brands/strique/references/crawls/20260629T193943Z/pages/1d50b1aaa32e/firecrawl.json,Title: Privacy Policy · Strique,
meta_description_present,https://www.strique.io/privacy-policy,medium,pass,firecrawl,brands/strique/references/crawls/20260629T193943Z/pages/1d50b1aaa32e/firecrawl.json,"Meta description: How Strique collects, uses, and protects personal data. GDPR compliant. Sub-processors, rights, and retention.",
single_h1,https://www.strique.io/privacy-policy,medium,pass,firecrawl,brands/strique/references/crawls/20260629T193943Z/pages/1d50b1aaa32e/firecrawl.json,H1 count is 1.,
canonical_match,https://www.strique.io/privacy-policy,high,pass,firecrawl,brands/strique/references/crawls/20260629T193943Z/pages/1d50b1aaa32e/firecrawl.json,Canonical: https://www.strique.io/privacy-policy,
schema_present,https://www.strique.io/privacy-policy,low,pass,firecrawl,brands/strique/references/crawls/20260629T193943Z/pages/1d50b1aaa32e/firecrawl.json,"Schema types: ContactPoint, Organization, SearchAction, WebSite",
image_alt_text,https://www.strique.io/privacy-policy,low,fail,firecrawl,brands/strique/references/crawls/20260629T193943Z/pages/1d50b1aaa32e/firecrawl.json,3 images are missing alt text.,Add useful alt text for meaningful images.
sitemap_inclusion,https://www.strique.io/privacy-policy,low,pass,firecrawl,brands/strique/references/crawls/20260629T193943Z/pages/1d50b1aaa32e/firecrawl.json,Sitemap inclusion is yes.,
content_visible,https://www.strique.io/privacy-policy,high,pass,firecrawl,brands/strique/references/crawls/20260629T193943Z/pages/1d50b1aaa32e/firecrawl.json,Rendered public text has 20217 words.,
content_type_classifiable,https://www.strique.io/privacy-policy,medium,pass,firecrawl,brands/strique/references/crawls/20260629T193943Z/pages/1d50b1aaa32e/firecrawl.json,"Public URL, title, and rendered text were reviewed for a recognizable page type.",
resource_rendering_not_blocked,https://www.strique.io/privacy-policy,high,pass,firecrawl,brands/strique/references/crawls/20260629T193943Z/pages/1d50b1aaa32e/firecrawl.json,Critical page content rendered successfully.,
title_not_keyword_stuffed,https://www.strique.io/privacy-policy,medium,pass,firecrawl,brands/strique/references/crawls/20260629T193943Z/pages/1d50b1aaa32e/firecrawl.json,Title reviewed for repeated terms and separator stuffing: Privacy Policy · Strique.,
heading_not_keyword_stuffed,https://www.strique.io/privacy-policy,medium,pass,firecrawl,brands/strique/references/crawls/20260629T193943Z/pages/1d50b1aaa32e/firecrawl.json,28 rendered headings reviewed for stuffing.,
preview_controls_safe,https://www.strique.io/privacy-policy,medium,pass,firecrawl,brands/strique/references/crawls/20260629T193943Z/pages/1d50b1aaa32e/firecrawl.json,No harmful snippet preview controls were detected.,
url_path_clean,https://www.strique.io/privacy-policy,medium,pass,firecrawl,brands/strique/references/crawls/20260629T193943Z/pages/1d50b1aaa32e/firecrawl.json,"URL path reviewed for IDs, dates, session keys, and implementation details.",
media_support_present,https://www.strique.io/privacy-policy,low,pass,firecrawl,brands/strique/references/crawls/20260629T193943Z/pages/1d50b1aaa32e/firecrawl.json,6 images found on the page.,
content_not_ai_slop,https://www.strique.io/privacy-policy,low,pass,firecrawl,brands/strique/references/crawls/20260629T193943Z/pages/1d50b1aaa32e/firecrawl.json,Rendered copy reviewed for common generic AI filler phrases.,
thin_prompt_variant_pages,https://www.strique.io/privacy-policy,medium,pass,firecrawl,brands/strique/references/crawls/20260629T193943Z/pages/1d50b1aaa32e/firecrawl.json,Rendered public text has 20217 words.,
docs_content_extractable,https://www.strique.io/privacy-policy,medium,not_applicable,firecrawl,brands/strique/references/crawls/20260629T193943Z/pages/1d50b1aaa32e/firecrawl.json,This is not a docs or support URL.,
performance_score,https://www.strique.io/privacy-policy,medium,fail,lighthouse,brands/strique/references/evidence/20260629T193943Z/pages/1d50b1aaa32e/lighthouse.json,Performance score is 0.64.,Improve Core Web Vitals and Lighthouse performance bottlenecks.
blocking_popups_interstitials,https://www.strique.io/privacy-policy,medium,fail,playwright,brands/strique/references/evidence/20260629T193943Z/pages/1d50b1aaa32e/playwright.json,"1 large fixed, modal, or interstitial elements may block main content. 2 large fixed, modal, or interstitial elements may block main content.","Remove or reduce blocking overlays on first render, especially on mobile."
body_text_line_length,https://www.strique.io/privacy-policy,medium,pass,playwright,brands/strique/references/evidence/20260629T193943Z/pages/1d50b1aaa32e/playwright.json,Sampled body text line length is readable. Sampled body text line length is readable.,
client_route_metadata,https://www.strique.io/privacy-policy,medium,not_applicable,playwright,brands/strique/references/evidence/20260629T193943Z/pages/1d50b1aaa32e/playwright.json,"SPA markers were found, but route-change metadata was not triggered by this deterministic pass.",
color_contrast,https://www.strique.io/privacy-policy,medium,fail,playwright,brands/strique/references/evidence/20260629T193943Z/pages/1d50b1aaa32e/playwright.json,1 sampled text elements have low contrast.,Increase foreground/background contrast for readable text.
form_accessibility,https://www.strique.io/privacy-policy,medium,not_applicable,playwright,brands/strique/references/evidence/20260629T193943Z/pages/1d50b1aaa32e/playwright.json,No visible form fields found.,
fragment_deep_links,https://www.strique.io/privacy-policy,medium,pass,playwright,brands/strique/references/evidence/20260629T193943Z/pages/1d50b1aaa32e/playwright.json,Same-page fragment links have matching targets.,
horizontal_scroll,https://www.strique.io/privacy-policy,medium,fail,playwright,brands/strique/references/evidence/20260629T193943Z/pages/1d50b1aaa32e/playwright.json,Document width 523px exceeds viewport 390px.,Fix elements causing horizontal overflow.
inaccessible_controls,https://www.strique.io/privacy-policy,medium,fail,playwright,brands/strique/references/evidence/20260629T193943Z/pages/1d50b1aaa32e/playwright.json,10 visible controls lack accessible names.,"Add text, aria-label, or labelledby values to interactive controls."
keyboard_navigation,https://www.strique.io/privacy-policy,medium,pass,playwright,brands/strique/references/evidence/20260629T193943Z/pages/1d50b1aaa32e/playwright.json,Keyboard focus reached 4 visible controls. Keyboard focus reached 4 visible controls.,
lazy_loading_in_viewport,https://www.strique.io/privacy-policy,medium,pass,playwright,brands/strique/references/evidence/20260629T193943Z/pages/1d50b1aaa32e/playwright.json,No unloaded in-viewport lazy content detected. No unloaded in-viewport lazy content detected.,
mobile_form_usability,https://www.strique.io/privacy-policy,medium,not_applicable,playwright,brands/strique/references/evidence/20260629T193943Z/pages/1d50b1aaa32e/playwright.json,No visible mobile form fields found.,
mobile_text_readability,https://www.strique.io/privacy-policy,medium,fail,playwright,brands/strique/references/evidence/20260629T193943Z/pages/1d50b1aaa32e/playwright.json,4 sampled text elements are too small or tight on mobile.,Increase mobile font size or line height for readable body text.
route_status_handling,https://www.strique.io/privacy-policy,medium,not_applicable,playwright,brands/strique/references/evidence/20260629T193943Z/pages/1d50b1aaa32e/playwright.json,Route status handling is tested from the site root.,
table_semantics,https://www.strique.io/privacy-policy,medium,not_applicable,playwright,brands/strique/references/evidence/20260629T193943Z/pages/1d50b1aaa32e/playwright.json,No visible tables found.,
tap_targets,https://www.strique.io/privacy-policy,medium,fail,playwright,brands/strique/references/evidence/20260629T193943Z/pages/1d50b1aaa32e/playwright.json,10 small and 32 crowded mobile tap targets found.,Increase tap target size or spacing to at least common mobile accessibility targets.
text_spacing,https://www.strique.io/privacy-policy,medium,fail,playwright,brands/strique/references/evidence/20260629T193943Z/pages/1d50b1aaa32e/playwright.json,WCAG text spacing caused overflow or content loss.,Fix layouts that lose content or overflow with increased text spacing.
zoom_readability,https://www.strique.io/privacy-policy,medium,fail,playwright,brands/strique/references/evidence/20260629T193943Z/pages/1d50b1aaa32e/playwright.json,Common zoom readability caused overflow or content loss.,Fix layouts that lose content or overflow when users zoom text.
rich_result_properties,https://www.strique.io/privacy-policy,medium,pass,playwright,brands/strique/references/evidence/20260629T193943Z/pages/1d50b1aaa32e/playwright.json,Supported rich result schema properties are present for: Organization.,
critical_css_font_loading,https://www.strique.io/privacy-policy,medium,fail,lighthouse,brands/strique/references/evidence/20260629T193943Z/pages/1d50b1aaa32e/lighthouse.json,Stored lab artifact does not include critical CSS or font diagnostics.,Recollect Lighthouse or PageSpeed evidence with CSS and font diagnostics.
render_blocking_scripts,https://www.strique.io/privacy-policy,medium,fail,lighthouse,brands/strique/references/evidence/20260629T193943Z/pages/1d50b1aaa32e/lighthouse.json,Stored artifacts do not include render-blocking script diagnostics.,Recollect Lighthouse/PageSpeed diagnostics or Playwright script inventory.
third_party_script_weight,https://www.strique.io/privacy-policy,medium,fail,lighthouse,brands/strique/references/evidence/20260629T193943Z/pages/1d50b1aaa32e/lighthouse.json,Stored artifacts do not include third-party script weight diagnostics.,Recollect Lighthouse/PageSpeed diagnostics or Playwright script inventory.
lab_root_cause_diagnostics,https://www.strique.io/privacy-policy,medium,pass,lighthouse,brands/strique/references/evidence/20260629T193943Z/pages/1d50b1aaa32e/lighthouse.json,"Lab diagnostics available: largest-contentful-paint, cumulative-layout-shift, speed-index, total-blocking-time.",
crawl_status,https://www.strique.io/product,high,pass,firecrawl,brands/strique/references/crawls/20260629T193943Z/pages/3d95f3b01d5a/firecrawl.json,URL crawled with status 200.,
indexable,https://www.strique.io/product,high,pass,firecrawl,brands/strique/references/crawls/20260629T193943Z/pages/3d95f3b01d5a/firecrawl.json,Indexability is yes.,
title_present,https://www.strique.io/product,medium,pass,firecrawl,brands/strique/references/crawls/20260629T193943Z/pages/3d95f3b01d5a/firecrawl.json,Title: Strique Product: AI Marketing Agent Platform · Strique,
meta_description_present,https://www.strique.io/product,medium,pass,firecrawl,brands/strique/references/crawls/20260629T193943Z/pages/3d95f3b01d5a/firecrawl.json,"Meta description: Strique is an agent-loop marketing platform: chat, research, content, paid media, scheduled automations, and closed-loop measurement, in one system.",
single_h1,https://www.strique.io/product,medium,fail,firecrawl,brands/strique/references/crawls/20260629T193943Z/pages/3d95f3b01d5a/firecrawl.json,H1 count is 2.,Use one clear H1 on the page.
canonical_match,https://www.strique.io/product,high,pass,firecrawl,brands/strique/references/crawls/20260629T193943Z/pages/3d95f3b01d5a/firecrawl.json,Canonical: https://www.strique.io/product,
schema_present,https://www.strique.io/product,low,pass,firecrawl,brands/strique/references/crawls/20260629T193943Z/pages/3d95f3b01d5a/firecrawl.json,"Schema types: ContactPoint, Organization, SearchAction, WebSite",
image_alt_text,https://www.strique.io/product,low,fail,firecrawl,brands/strique/references/crawls/20260629T193943Z/pages/3d95f3b01d5a/firecrawl.json,3 images are missing alt text.,Add useful alt text for meaningful images.
sitemap_inclusion,https://www.strique.io/product,low,pass,firecrawl,brands/strique/references/crawls/20260629T193943Z/pages/3d95f3b01d5a/firecrawl.json,Sitemap inclusion is yes.,
content_visible,https://www.strique.io/product,high,pass,firecrawl,brands/strique/references/crawls/20260629T193943Z/pages/3d95f3b01d5a/firecrawl.json,Rendered public text has 11315 words.,
content_type_classifiable,https://www.strique.io/product,medium,pass,firecrawl,brands/strique/references/crawls/20260629T193943Z/pages/3d95f3b01d5a/firecrawl.json,"Public URL, title, and rendered text were reviewed for a recognizable page type.",
resource_rendering_not_blocked,https://www.strique.io/product,high,pass,firecrawl,brands/strique/references/crawls/20260629T193943Z/pages/3d95f3b01d5a/firecrawl.json,Critical page content rendered successfully.,
title_not_keyword_stuffed,https://www.strique.io/product,medium,pass,firecrawl,brands/strique/references/crawls/20260629T193943Z/pages/3d95f3b01d5a/firecrawl.json,Title reviewed for repeated terms and separator stuffing: Strique Product: AI Marketing Agent Platform · Strique.,
heading_not_keyword_stuffed,https://www.strique.io/product,medium,pass,firecrawl,brands/strique/references/crawls/20260629T193943Z/pages/3d95f3b01d5a/firecrawl.json,13 rendered headings reviewed for stuffing.,
preview_controls_safe,https://www.strique.io/product,medium,pass,firecrawl,brands/strique/references/crawls/20260629T193943Z/pages/3d95f3b01d5a/firecrawl.json,No harmful snippet preview controls were detected.,
url_path_clean,https://www.strique.io/product,medium,pass,firecrawl,brands/strique/references/crawls/20260629T193943Z/pages/3d95f3b01d5a/firecrawl.json,"URL path reviewed for IDs, dates, session keys, and implementation details.",
media_support_present,https://www.strique.io/product,low,pass,firecrawl,brands/strique/references/crawls/20260629T193943Z/pages/3d95f3b01d5a/firecrawl.json,6 images found on the page.,
content_not_ai_slop,https://www.strique.io/product,low,pass,firecrawl,brands/strique/references/crawls/20260629T193943Z/pages/3d95f3b01d5a/firecrawl.json,Rendered copy reviewed for common generic AI filler phrases.,
thin_prompt_variant_pages,https://www.strique.io/product,medium,pass,firecrawl,brands/strique/references/crawls/20260629T193943Z/pages/3d95f3b01d5a/firecrawl.json,Rendered public text has 11315 words.,
docs_content_extractable,https://www.strique.io/product,medium,not_applicable,firecrawl,brands/strique/references/crawls/20260629T193943Z/pages/3d95f3b01d5a/firecrawl.json,This is not a docs or support URL.,
performance_score,https://www.strique.io/product,medium,fail,lighthouse,brands/strique/references/evidence/20260629T193943Z/pages/3d95f3b01d5a/lighthouse.json,Performance score is 0.59.,Improve Core Web Vitals and Lighthouse performance bottlenecks.
blocking_popups_interstitials,https://www.strique.io/product,medium,fail,playwright,brands/strique/references/evidence/20260629T193943Z/pages/3d95f3b01d5a/playwright.json,"1 large fixed, modal, or interstitial elements may block main content. 2 large fixed, modal, or interstitial elements may block main content.","Remove or reduce blocking overlays on first render, especially on mobile."
body_text_line_length,https://www.strique.io/product,medium,pass,playwright,brands/strique/references/evidence/20260629T193943Z/pages/3d95f3b01d5a/playwright.json,Sampled body text line length is readable. Sampled body text line length is readable.,
client_route_metadata,https://www.strique.io/product,medium,not_applicable,playwright,brands/strique/references/evidence/20260629T193943Z/pages/3d95f3b01d5a/playwright.json,"SPA markers were found, but route-change metadata was not triggered by this deterministic pass.",
color_contrast,https://www.strique.io/product,medium,pass,playwright,brands/strique/references/evidence/20260629T193943Z/pages/3d95f3b01d5a/playwright.json,Sampled text meets contrast thresholds. Sampled text meets contrast thresholds.,
form_accessibility,https://www.strique.io/product,medium,not_applicable,playwright,brands/strique/references/evidence/20260629T193943Z/pages/3d95f3b01d5a/playwright.json,No visible form fields found.,
fragment_deep_links,https://www.strique.io/product,medium,not_applicable,playwright,brands/strique/references/evidence/20260629T193943Z/pages/3d95f3b01d5a/playwright.json,No same-page fragment links found.,
horizontal_scroll,https://www.strique.io/product,medium,pass,playwright,brands/strique/references/evidence/20260629T193943Z/pages/3d95f3b01d5a/playwright.json,No horizontal overflow detected. No horizontal overflow detected.,
inaccessible_controls,https://www.strique.io/product,medium,pass,playwright,brands/strique/references/evidence/20260629T193943Z/pages/3d95f3b01d5a/playwright.json,Visible controls have accessible names. Visible controls have accessible names.,
keyboard_navigation,https://www.strique.io/product,medium,pass,playwright,brands/strique/references/evidence/20260629T193943Z/pages/3d95f3b01d5a/playwright.json,Keyboard focus reached 4 visible controls. Keyboard focus reached 4 visible controls.,
lazy_loading_in_viewport,https://www.strique.io/product,medium,pass,playwright,brands/strique/references/evidence/20260629T193943Z/pages/3d95f3b01d5a/playwright.json,No unloaded in-viewport lazy content detected. No unloaded in-viewport lazy content detected.,
mobile_form_usability,https://www.strique.io/product,medium,not_applicable,playwright,brands/strique/references/evidence/20260629T193943Z/pages/3d95f3b01d5a/playwright.json,No visible mobile form fields found.,
mobile_text_readability,https://www.strique.io/product,medium,fail,playwright,brands/strique/references/evidence/20260629T193943Z/pages/3d95f3b01d5a/playwright.json,10 sampled text elements are too small or tight on mobile.,Increase mobile font size or line height for readable body text.
route_status_handling,https://www.strique.io/product,medium,not_applicable,playwright,brands/strique/references/evidence/20260629T193943Z/pages/3d95f3b01d5a/playwright.json,Route status handling is tested from the site root.,
table_semantics,https://www.strique.io/product,medium,not_applicable,playwright,brands/strique/references/evidence/20260629T193943Z/pages/3d95f3b01d5a/playwright.json,No visible tables found.,
tap_targets,https://www.strique.io/product,medium,fail,playwright,brands/strique/references/evidence/20260629T193943Z/pages/3d95f3b01d5a/playwright.json,10 small and 13 crowded mobile tap targets found.,Increase tap target size or spacing to at least common mobile accessibility targets.
text_spacing,https://www.strique.io/product,medium,fail,playwright,brands/strique/references/evidence/20260629T193943Z/pages/3d95f3b01d5a/playwright.json,WCAG text spacing caused overflow or content loss.,Fix layouts that lose content or overflow with increased text spacing.
zoom_readability,https://www.strique.io/product,medium,pass,playwright,brands/strique/references/evidence/20260629T193943Z/pages/3d95f3b01d5a/playwright.json,Common zoom readability did not cause overflow or content loss. Common zoom readability did not cause overflow or content loss.,
rich_result_properties,https://www.strique.io/product,medium,pass,playwright,brands/strique/references/evidence/20260629T193943Z/pages/3d95f3b01d5a/playwright.json,Supported rich result schema properties are present for: Organization.,
critical_css_font_loading,https://www.strique.io/product,medium,fail,lighthouse,brands/strique/references/evidence/20260629T193943Z/pages/3d95f3b01d5a/lighthouse.json,Stored lab artifact does not include critical CSS or font diagnostics.,Recollect Lighthouse or PageSpeed evidence with CSS and font diagnostics.
render_blocking_scripts,https://www.strique.io/product,medium,fail,lighthouse,brands/strique/references/evidence/20260629T193943Z/pages/3d95f3b01d5a/lighthouse.json,Stored artifacts do not include render-blocking script diagnostics.,Recollect Lighthouse/PageSpeed diagnostics or Playwright script inventory.
third_party_script_weight,https://www.strique.io/product,medium,fail,lighthouse,brands/strique/references/evidence/20260629T193943Z/pages/3d95f3b01d5a/lighthouse.json,Stored artifacts do not include third-party script weight diagnostics.,Recollect Lighthouse/PageSpeed diagnostics or Playwright script inventory.
lab_root_cause_diagnostics,https://www.strique.io/product,medium,pass,lighthouse,brands/strique/references/evidence/20260629T193943Z/pages/3d95f3b01d5a/lighthouse.json,"Lab diagnostics available: largest-contentful-paint, cumulative-layout-shift, speed-index, total-blocking-time.",
crawl_status,https://www.strique.io/security,high,pass,firecrawl,brands/strique/references/crawls/20260629T193943Z/pages/7cb0d17cae47/firecrawl.json,URL crawled with status 200.,
indexable,https://www.strique.io/security,high,pass,firecrawl,brands/strique/references/crawls/20260629T193943Z/pages/7cb0d17cae47/firecrawl.json,Indexability is yes.,
title_present,https://www.strique.io/security,medium,pass,firecrawl,brands/strique/references/crawls/20260629T193943Z/pages/7cb0d17cae47/firecrawl.json,"Title: Strique Security, Compliance, and Trust · Strique",
meta_description_present,https://www.strique.io/security,medium,pass,firecrawl,brands/strique/references/crawls/20260629T193943Z/pages/7cb0d17cae47/firecrawl.json,"Meta description: ISO/IEC 27001 certified, GDPR compliant. Encryption, isolation, versioning, audit logs, and approval gates built in from day one.",
single_h1,https://www.strique.io/security,medium,fail,firecrawl,brands/strique/references/crawls/20260629T193943Z/pages/7cb0d17cae47/firecrawl.json,H1 count is 2.,Use one clear H1 on the page.
canonical_match,https://www.strique.io/security,high,pass,firecrawl,brands/strique/references/crawls/20260629T193943Z/pages/7cb0d17cae47/firecrawl.json,Canonical: https://www.strique.io/security,
schema_present,https://www.strique.io/security,low,pass,firecrawl,brands/strique/references/crawls/20260629T193943Z/pages/7cb0d17cae47/firecrawl.json,"Schema types: ContactPoint, Organization, SearchAction, WebSite",
image_alt_text,https://www.strique.io/security,low,fail,firecrawl,brands/strique/references/crawls/20260629T193943Z/pages/7cb0d17cae47/firecrawl.json,3 images are missing alt text.,Add useful alt text for meaningful images.
sitemap_inclusion,https://www.strique.io/security,low,pass,firecrawl,brands/strique/references/crawls/20260629T193943Z/pages/7cb0d17cae47/firecrawl.json,Sitemap inclusion is yes.,
content_visible,https://www.strique.io/security,high,pass,firecrawl,brands/strique/references/crawls/20260629T193943Z/pages/7cb0d17cae47/firecrawl.json,Rendered public text has 10697 words.,
content_type_classifiable,https://www.strique.io/security,medium,pass,firecrawl,brands/strique/references/crawls/20260629T193943Z/pages/7cb0d17cae47/firecrawl.json,"Public URL, title, and rendered text were reviewed for a recognizable page type.",
resource_rendering_not_blocked,https://www.strique.io/security,high,pass,firecrawl,brands/strique/references/crawls/20260629T193943Z/pages/7cb0d17cae47/firecrawl.json,Critical page content rendered successfully.,
title_not_keyword_stuffed,https://www.strique.io/security,medium,pass,firecrawl,brands/strique/references/crawls/20260629T193943Z/pages/7cb0d17cae47/firecrawl.json,"Title reviewed for repeated terms and separator stuffing: Strique Security, Compliance, and Trust · Strique.",
heading_not_keyword_stuffed,https://www.strique.io/security,medium,pass,firecrawl,brands/strique/references/crawls/20260629T193943Z/pages/7cb0d17cae47/firecrawl.json,21 rendered headings reviewed for stuffing.,
preview_controls_safe,https://www.strique.io/security,medium,pass,firecrawl,brands/strique/references/crawls/20260629T193943Z/pages/7cb0d17cae47/firecrawl.json,No harmful snippet preview controls were detected.,
url_path_clean,https://www.strique.io/security,medium,pass,firecrawl,brands/strique/references/crawls/20260629T193943Z/pages/7cb0d17cae47/firecrawl.json,"URL path reviewed for IDs, dates, session keys, and implementation details.",
media_support_present,https://www.strique.io/security,low,pass,firecrawl,brands/strique/references/crawls/20260629T193943Z/pages/7cb0d17cae47/firecrawl.json,6 images found on the page.,
content_not_ai_slop,https://www.strique.io/security,low,pass,firecrawl,brands/strique/references/crawls/20260629T193943Z/pages/7cb0d17cae47/firecrawl.json,Rendered copy reviewed for common generic AI filler phrases.,
thin_prompt_variant_pages,https://www.strique.io/security,medium,pass,firecrawl,brands/strique/references/crawls/20260629T193943Z/pages/7cb0d17cae47/firecrawl.json,Rendered public text has 10697 words.,
docs_content_extractable,https://www.strique.io/security,medium,not_applicable,firecrawl,brands/strique/references/crawls/20260629T193943Z/pages/7cb0d17cae47/firecrawl.json,This is not a docs or support URL.,
performance_score,https://www.strique.io/security,medium,pass,lighthouse,brands/strique/references/evidence/20260629T193943Z/pages/7cb0d17cae47/lighthouse.json,Performance score is 0.92.,
blocking_popups_interstitials,https://www.strique.io/security,medium,fail,playwright,brands/strique/references/evidence/20260629T193943Z/pages/7cb0d17cae47/playwright.json,"1 large fixed, modal, or interstitial elements may block main content. 2 large fixed, modal, or interstitial elements may block main content.","Remove or reduce blocking overlays on first render, especially on mobile."
body_text_line_length,https://www.strique.io/security,medium,pass,playwright,brands/strique/references/evidence/20260629T193943Z/pages/7cb0d17cae47/playwright.json,Sampled body text line length is readable. Sampled body text line length is readable.,
client_route_metadata,https://www.strique.io/security,medium,not_applicable,playwright,brands/strique/references/evidence/20260629T193943Z/pages/7cb0d17cae47/playwright.json,"SPA markers were found, but route-change metadata was not triggered by this deterministic pass.",
color_contrast,https://www.strique.io/security,medium,fail,playwright,brands/strique/references/evidence/20260629T193943Z/pages/7cb0d17cae47/playwright.json,1 sampled text elements have low contrast. 1 sampled text elements have low contrast.,Increase foreground/background contrast for readable text.
form_accessibility,https://www.strique.io/security,medium,not_applicable,playwright,brands/strique/references/evidence/20260629T193943Z/pages/7cb0d17cae47/playwright.json,No visible form fields found.,
fragment_deep_links,https://www.strique.io/security,medium,not_applicable,playwright,brands/strique/references/evidence/20260629T193943Z/pages/7cb0d17cae47/playwright.json,No same-page fragment links found.,
horizontal_scroll,https://www.strique.io/security,medium,pass,playwright,brands/strique/references/evidence/20260629T193943Z/pages/7cb0d17cae47/playwright.json,No horizontal overflow detected. No horizontal overflow detected.,
inaccessible_controls,https://www.strique.io/security,medium,pass,playwright,brands/strique/references/evidence/20260629T193943Z/pages/7cb0d17cae47/playwright.json,Visible controls have accessible names. Visible controls have accessible names.,
keyboard_navigation,https://www.strique.io/security,medium,pass,playwright,brands/strique/references/evidence/20260629T193943Z/pages/7cb0d17cae47/playwright.json,Keyboard focus reached 4 visible controls. Keyboard focus reached 4 visible controls.,
lazy_loading_in_viewport,https://www.strique.io/security,medium,pass,playwright,brands/strique/references/evidence/20260629T193943Z/pages/7cb0d17cae47/playwright.json,No unloaded in-viewport lazy content detected. No unloaded in-viewport lazy content detected.,
mobile_form_usability,https://www.strique.io/security,medium,not_applicable,playwright,brands/strique/references/evidence/20260629T193943Z/pages/7cb0d17cae47/playwright.json,No visible mobile form fields found.,
mobile_text_readability,https://www.strique.io/security,medium,fail,playwright,brands/strique/references/evidence/20260629T193943Z/pages/7cb0d17cae47/playwright.json,10 sampled text elements are too small or tight on mobile.,Increase mobile font size or line height for readable body text.
route_status_handling,https://www.strique.io/security,medium,not_applicable,playwright,brands/strique/references/evidence/20260629T193943Z/pages/7cb0d17cae47/playwright.json,Route status handling is tested from the site root.,
table_semantics,https://www.strique.io/security,medium,not_applicable,playwright,brands/strique/references/evidence/20260629T193943Z/pages/7cb0d17cae47/playwright.json,No visible tables found.,
tap_targets,https://www.strique.io/security,medium,fail,playwright,brands/strique/references/evidence/20260629T193943Z/pages/7cb0d17cae47/playwright.json,10 small and 13 crowded mobile tap targets found.,Increase tap target size or spacing to at least common mobile accessibility targets.
text_spacing,https://www.strique.io/security,medium,pass,playwright,brands/strique/references/evidence/20260629T193943Z/pages/7cb0d17cae47/playwright.json,WCAG text spacing did not cause overflow or content loss. WCAG text spacing did not cause overflow or content loss.,
zoom_readability,https://www.strique.io/security,medium,pass,playwright,brands/strique/references/evidence/20260629T193943Z/pages/7cb0d17cae47/playwright.json,Common zoom readability did not cause overflow or content loss. Common zoom readability did not cause overflow or content loss.,
rich_result_properties,https://www.strique.io/security,medium,pass,playwright,brands/strique/references/evidence/20260629T193943Z/pages/7cb0d17cae47/playwright.json,Supported rich result schema properties are present for: Organization.,
critical_css_font_loading,https://www.strique.io/security,medium,fail,lighthouse,brands/strique/references/evidence/20260629T193943Z/pages/7cb0d17cae47/lighthouse.json,Stored lab artifact does not include critical CSS or font diagnostics.,Recollect Lighthouse or PageSpeed evidence with CSS and font diagnostics.
render_blocking_scripts,https://www.strique.io/security,medium,fail,lighthouse,brands/strique/references/evidence/20260629T193943Z/pages/7cb0d17cae47/lighthouse.json,Stored artifacts do not include render-blocking script diagnostics.,Recollect Lighthouse/PageSpeed diagnostics or Playwright script inventory.
third_party_script_weight,https://www.strique.io/security,medium,fail,lighthouse,brands/strique/references/evidence/20260629T193943Z/pages/7cb0d17cae47/lighthouse.json,Stored artifacts do not include third-party script weight diagnostics.,Recollect Lighthouse/PageSpeed diagnostics or Playwright script inventory.
lab_root_cause_diagnostics,https://www.strique.io/security,medium,pass,lighthouse,brands/strique/references/evidence/20260629T193943Z/pages/7cb0d17cae47/lighthouse.json,"Lab diagnostics available: largest-contentful-paint, cumulative-layout-shift, speed-index, total-blocking-time.",
crawl_status,https://www.strique.io/solutions,high,pass,firecrawl,brands/strique/references/crawls/20260629T193943Z/pages/dc94c840ff68/firecrawl.json,URL crawled with status 200.,
indexable,https://www.strique.io/solutions,high,pass,firecrawl,brands/strique/references/crawls/20260629T193943Z/pages/dc94c840ff68/firecrawl.json,Indexability is yes.,
title_present,https://www.strique.io/solutions,medium,pass,firecrawl,brands/strique/references/crawls/20260629T193943Z/pages/dc94c840ff68/firecrawl.json,Title: AI Marketing Solutions by Business Type · Strique,
meta_description_present,https://www.strique.io/solutions,medium,pass,firecrawl,brands/strique/references/crawls/20260629T193943Z/pages/dc94c840ff68/firecrawl.json,"Meta description: Strique configurations tuned for specific business types: e-commerce, B2B SaaS, agencies, local services.",
single_h1,https://www.strique.io/solutions,medium,fail,firecrawl,brands/strique/references/crawls/20260629T193943Z/pages/dc94c840ff68/firecrawl.json,H1 count is 2.,Use one clear H1 on the page.
canonical_match,https://www.strique.io/solutions,high,pass,firecrawl,brands/strique/references/crawls/20260629T193943Z/pages/dc94c840ff68/firecrawl.json,Canonical: https://www.strique.io/solutions,
schema_present,https://www.strique.io/solutions,low,pass,firecrawl,brands/strique/references/crawls/20260629T193943Z/pages/dc94c840ff68/firecrawl.json,"Schema types: ContactPoint, Organization, SearchAction, WebSite",
image_alt_text,https://www.strique.io/solutions,low,fail,firecrawl,brands/strique/references/crawls/20260629T193943Z/pages/dc94c840ff68/firecrawl.json,3 images are missing alt text.,Add useful alt text for meaningful images.
sitemap_inclusion,https://www.strique.io/solutions,low,pass,firecrawl,brands/strique/references/crawls/20260629T193943Z/pages/dc94c840ff68/firecrawl.json,Sitemap inclusion is yes.,
content_visible,https://www.strique.io/solutions,high,pass,firecrawl,brands/strique/references/crawls/20260629T193943Z/pages/dc94c840ff68/firecrawl.json,Rendered public text has 8955 words.,
content_type_classifiable,https://www.strique.io/solutions,medium,pass,firecrawl,brands/strique/references/crawls/20260629T193943Z/pages/dc94c840ff68/firecrawl.json,"Public URL, title, and rendered text were reviewed for a recognizable page type.",
resource_rendering_not_blocked,https://www.strique.io/solutions,high,pass,firecrawl,brands/strique/references/crawls/20260629T193943Z/pages/dc94c840ff68/firecrawl.json,Critical page content rendered successfully.,
title_not_keyword_stuffed,https://www.strique.io/solutions,medium,pass,firecrawl,brands/strique/references/crawls/20260629T193943Z/pages/dc94c840ff68/firecrawl.json,Title reviewed for repeated terms and separator stuffing: AI Marketing Solutions by Business Type · Strique.,
heading_not_keyword_stuffed,https://www.strique.io/solutions,medium,pass,firecrawl,brands/strique/references/crawls/20260629T193943Z/pages/dc94c840ff68/firecrawl.json,2 rendered headings reviewed for stuffing.,
preview_controls_safe,https://www.strique.io/solutions,medium,pass,firecrawl,brands/strique/references/crawls/20260629T193943Z/pages/dc94c840ff68/firecrawl.json,No harmful snippet preview controls were detected.,
url_path_clean,https://www.strique.io/solutions,medium,pass,firecrawl,brands/strique/references/crawls/20260629T193943Z/pages/dc94c840ff68/firecrawl.json,"URL path reviewed for IDs, dates, session keys, and implementation details.",
media_support_present,https://www.strique.io/solutions,low,pass,firecrawl,brands/strique/references/crawls/20260629T193943Z/pages/dc94c840ff68/firecrawl.json,6 images found on the page.,
content_not_ai_slop,https://www.strique.io/solutions,low,pass,firecrawl,brands/strique/references/crawls/20260629T193943Z/pages/dc94c840ff68/firecrawl.json,Rendered copy reviewed for common generic AI filler phrases.,
thin_prompt_variant_pages,https://www.strique.io/solutions,medium,pass,firecrawl,brands/strique/references/crawls/20260629T193943Z/pages/dc94c840ff68/firecrawl.json,Rendered public text has 8955 words.,
docs_content_extractable,https://www.strique.io/solutions,medium,not_applicable,firecrawl,brands/strique/references/crawls/20260629T193943Z/pages/dc94c840ff68/firecrawl.json,This is not a docs or support URL.,
performance_score,https://www.strique.io/solutions,medium,fail,lighthouse,brands/strique/references/evidence/20260629T193943Z/pages/dc94c840ff68/lighthouse.json,Performance score is 0.64.,Improve Core Web Vitals and Lighthouse performance bottlenecks.
blocking_popups_interstitials,https://www.strique.io/solutions,medium,fail,playwright,brands/strique/references/evidence/20260629T193943Z/pages/dc94c840ff68/playwright.json,"1 large fixed, modal, or interstitial elements may block main content. 2 large fixed, modal, or interstitial elements may block main content.","Remove or reduce blocking overlays on first render, especially on mobile."
body_text_line_length,https://www.strique.io/solutions,medium,pass,playwright,brands/strique/references/evidence/20260629T193943Z/pages/dc94c840ff68/playwright.json,Sampled body text line length is readable. Sampled body text line length is readable.,
client_route_metadata,https://www.strique.io/solutions,medium,not_applicable,playwright,brands/strique/references/evidence/20260629T193943Z/pages/dc94c840ff68/playwright.json,"SPA markers were found, but route-change metadata was not triggered by this deterministic pass.",
color_contrast,https://www.strique.io/solutions,medium,pass,playwright,brands/strique/references/evidence/20260629T193943Z/pages/dc94c840ff68/playwright.json,Sampled text meets contrast thresholds. Sampled text meets contrast thresholds.,
form_accessibility,https://www.strique.io/solutions,medium,not_applicable,playwright,brands/strique/references/evidence/20260629T193943Z/pages/dc94c840ff68/playwright.json,No visible form fields found.,
fragment_deep_links,https://www.strique.io/solutions,medium,not_applicable,playwright,brands/strique/references/evidence/20260629T193943Z/pages/dc94c840ff68/playwright.json,No same-page fragment links found.,
horizontal_scroll,https://www.strique.io/solutions,medium,pass,playwright,brands/strique/references/evidence/20260629T193943Z/pages/dc94c840ff68/playwright.json,No horizontal overflow detected. No horizontal overflow detected.,
inaccessible_controls,https://www.strique.io/solutions,medium,pass,playwright,brands/strique/references/evidence/20260629T193943Z/pages/dc94c840ff68/playwright.json,Visible controls have accessible names. Visible controls have accessible names.,
keyboard_navigation,https://www.strique.io/solutions,medium,pass,playwright,brands/strique/references/evidence/20260629T193943Z/pages/dc94c840ff68/playwright.json,Keyboard focus reached 4 visible controls. Keyboard focus reached 4 visible controls.,
lazy_loading_in_viewport,https://www.strique.io/solutions,medium,pass,playwright,brands/strique/references/evidence/20260629T193943Z/pages/dc94c840ff68/playwright.json,No unloaded in-viewport lazy content detected. No unloaded in-viewport lazy content detected.,
mobile_form_usability,https://www.strique.io/solutions,medium,not_applicable,playwright,brands/strique/references/evidence/20260629T193943Z/pages/dc94c840ff68/playwright.json,No visible mobile form fields found.,
mobile_text_readability,https://www.strique.io/solutions,medium,fail,playwright,brands/strique/references/evidence/20260629T193943Z/pages/dc94c840ff68/playwright.json,10 sampled text elements are too small or tight on mobile.,Increase mobile font size or line height for readable body text.
route_status_handling,https://www.strique.io/solutions,medium,not_applicable,playwright,brands/strique/references/evidence/20260629T193943Z/pages/dc94c840ff68/playwright.json,Route status handling is tested from the site root.,
table_semantics,https://www.strique.io/solutions,medium,not_applicable,playwright,brands/strique/references/evidence/20260629T193943Z/pages/dc94c840ff68/playwright.json,No visible tables found.,
tap_targets,https://www.strique.io/solutions,medium,fail,playwright,brands/strique/references/evidence/20260629T193943Z/pages/dc94c840ff68/playwright.json,10 small and 13 crowded mobile tap targets found.,Increase tap target size or spacing to at least common mobile accessibility targets.
text_spacing,https://www.strique.io/solutions,medium,pass,playwright,brands/strique/references/evidence/20260629T193943Z/pages/dc94c840ff68/playwright.json,WCAG text spacing did not cause overflow or content loss. WCAG text spacing did not cause overflow or content loss.,
zoom_readability,https://www.strique.io/solutions,medium,pass,playwright,brands/strique/references/evidence/20260629T193943Z/pages/dc94c840ff68/playwright.json,Common zoom readability did not cause overflow or content loss. Common zoom readability did not cause overflow or content loss.,
rich_result_properties,https://www.strique.io/solutions,medium,pass,playwright,brands/strique/references/evidence/20260629T193943Z/pages/dc94c840ff68/playwright.json,Supported rich result schema properties are present for: Organization.,
critical_css_font_loading,https://www.strique.io/solutions,medium,fail,lighthouse,brands/strique/references/evidence/20260629T193943Z/pages/dc94c840ff68/lighthouse.json,Stored lab artifact does not include critical CSS or font diagnostics.,Recollect Lighthouse or PageSpeed evidence with CSS and font diagnostics.
render_blocking_scripts,https://www.strique.io/solutions,medium,fail,lighthouse,brands/strique/references/evidence/20260629T193943Z/pages/dc94c840ff68/lighthouse.json,Stored artifacts do not include render-blocking script diagnostics.,Recollect Lighthouse/PageSpeed diagnostics or Playwright script inventory.
third_party_script_weight,https://www.strique.io/solutions,medium,fail,lighthouse,brands/strique/references/evidence/20260629T193943Z/pages/dc94c840ff68/lighthouse.json,Stored artifacts do not include third-party script weight diagnostics.,Recollect Lighthouse/PageSpeed diagnostics or Playwright script inventory.
lab_root_cause_diagnostics,https://www.strique.io/solutions,medium,pass,lighthouse,brands/strique/references/evidence/20260629T193943Z/pages/dc94c840ff68/lighthouse.json,"Lab diagnostics available: largest-contentful-paint, cumulative-layout-shift, speed-index, total-blocking-time.",
crawl_status,https://www.strique.io/solutions/agencies,high,pass,firecrawl,brands/strique/references/crawls/20260629T193943Z/pages/ffa5ded2ae76/firecrawl.json,URL crawled with status 200.,
indexable,https://www.strique.io/solutions/agencies,high,pass,firecrawl,brands/strique/references/crawls/20260629T193943Z/pages/ffa5ded2ae76/firecrawl.json,Indexability is yes.,
title_present,https://www.strique.io/solutions/agencies,medium,pass,firecrawl,brands/strique/references/crawls/20260629T193943Z/pages/ffa5ded2ae76/firecrawl.json,Title: Agencies & consultancies AI Marketing Solution · Strique,
meta_description_present,https://www.strique.io/solutions/agencies,medium,pass,firecrawl,brands/strique/references/crawls/20260629T193943Z/pages/ffa5ded2ae76/firecrawl.json,"Meta description: Multi-client AI marketing agent for agencies running paid, content, and lifecycle for 5 to 50 clients, each with its own isolated brand, memory, and skills.",
single_h1,https://www.strique.io/solutions/agencies,medium,fail,firecrawl,brands/strique/references/crawls/20260629T193943Z/pages/ffa5ded2ae76/firecrawl.json,H1 count is 2.,Use one clear H1 on the page.
canonical_match,https://www.strique.io/solutions/agencies,high,pass,firecrawl,brands/strique/references/crawls/20260629T193943Z/pages/ffa5ded2ae76/firecrawl.json,Canonical: https://www.strique.io/solutions/agencies,
schema_present,https://www.strique.io/solutions/agencies,low,pass,firecrawl,brands/strique/references/crawls/20260629T193943Z/pages/ffa5ded2ae76/firecrawl.json,"Schema types: BreadcrumbList, ContactPoint, ListItem, Organization, SearchAction, WebSite",
image_alt_text,https://www.strique.io/solutions/agencies,low,fail,firecrawl,brands/strique/references/crawls/20260629T193943Z/pages/ffa5ded2ae76/firecrawl.json,3 images are missing alt text.,Add useful alt text for meaningful images.
sitemap_inclusion,https://www.strique.io/solutions/agencies,low,pass,firecrawl,brands/strique/references/crawls/20260629T193943Z/pages/ffa5ded2ae76/firecrawl.json,Sitemap inclusion is yes.,
content_visible,https://www.strique.io/solutions/agencies,high,pass,firecrawl,brands/strique/references/crawls/20260629T193943Z/pages/ffa5ded2ae76/firecrawl.json,Rendered public text has 9533 words.,
content_type_classifiable,https://www.strique.io/solutions/agencies,medium,pass,firecrawl,brands/strique/references/crawls/20260629T193943Z/pages/ffa5ded2ae76/firecrawl.json,"Public URL, title, and rendered text were reviewed for a recognizable page type.",
resource_rendering_not_blocked,https://www.strique.io/solutions/agencies,high,pass,firecrawl,brands/strique/references/crawls/20260629T193943Z/pages/ffa5ded2ae76/firecrawl.json,Critical page content rendered successfully.,
title_not_keyword_stuffed,https://www.strique.io/solutions/agencies,medium,pass,firecrawl,brands/strique/references/crawls/20260629T193943Z/pages/ffa5ded2ae76/firecrawl.json,Title reviewed for repeated terms and separator stuffing: Agencies & consultancies AI Marketing Solution · Strique.,
heading_not_keyword_stuffed,https://www.strique.io/solutions/agencies,medium,pass,firecrawl,brands/strique/references/crawls/20260629T193943Z/pages/ffa5ded2ae76/firecrawl.json,6 rendered headings reviewed for stuffing.,
preview_controls_safe,https://www.strique.io/solutions/agencies,medium,pass,firecrawl,brands/strique/references/crawls/20260629T193943Z/pages/ffa5ded2ae76/firecrawl.json,No harmful snippet preview controls were detected.,
url_path_clean,https://www.strique.io/solutions/agencies,medium,pass,firecrawl,brands/strique/references/crawls/20260629T193943Z/pages/ffa5ded2ae76/firecrawl.json,"URL path reviewed for IDs, dates, session keys, and implementation details.",
media_support_present,https://www.strique.io/solutions/agencies,low,pass,firecrawl,brands/strique/references/crawls/20260629T193943Z/pages/ffa5ded2ae76/firecrawl.json,6 images found on the page.,
content_not_ai_slop,https://www.strique.io/solutions/agencies,low,pass,firecrawl,brands/strique/references/crawls/20260629T193943Z/pages/ffa5ded2ae76/firecrawl.json,Rendered copy reviewed for common generic AI filler phrases.,
thin_prompt_variant_pages,https://www.strique.io/solutions/agencies,medium,pass,firecrawl,brands/strique/references/crawls/20260629T193943Z/pages/ffa5ded2ae76/firecrawl.json,Rendered public text has 9533 words.,
docs_content_extractable,https://www.strique.io/solutions/agencies,medium,not_applicable,firecrawl,brands/strique/references/crawls/20260629T193943Z/pages/ffa5ded2ae76/firecrawl.json,This is not a docs or support URL.,
performance_score,https://www.strique.io/solutions/agencies,medium,fail,lighthouse,brands/strique/references/evidence/20260629T193943Z/pages/ffa5ded2ae76/lighthouse.json,Performance score is 0.68.,Improve Core Web Vitals and Lighthouse performance bottlenecks.
blocking_popups_interstitials,https://www.strique.io/solutions/agencies,medium,fail,playwright,brands/strique/references/evidence/20260629T193943Z/pages/ffa5ded2ae76/playwright.json,"1 large fixed, modal, or interstitial elements may block main content. 2 large fixed, modal, or interstitial elements may block main content.","Remove or reduce blocking overlays on first render, especially on mobile."
body_text_line_length,https://www.strique.io/solutions/agencies,medium,pass,playwright,brands/strique/references/evidence/20260629T193943Z/pages/ffa5ded2ae76/playwright.json,Sampled body text line length is readable. Sampled body text line length is readable.,
client_route_metadata,https://www.strique.io/solutions/agencies,medium,not_applicable,playwright,brands/strique/references/evidence/20260629T193943Z/pages/ffa5ded2ae76/playwright.json,"SPA markers were found, but route-change metadata was not triggered by this deterministic pass.",
color_contrast,https://www.strique.io/solutions/agencies,medium,pass,playwright,brands/strique/references/evidence/20260629T193943Z/pages/ffa5ded2ae76/playwright.json,Sampled text meets contrast thresholds. Sampled text meets contrast thresholds.,
form_accessibility,https://www.strique.io/solutions/agencies,medium,not_applicable,playwright,brands/strique/references/evidence/20260629T193943Z/pages/ffa5ded2ae76/playwright.json,No visible form fields found.,
fragment_deep_links,https://www.strique.io/solutions/agencies,medium,not_applicable,playwright,brands/strique/references/evidence/20260629T193943Z/pages/ffa5ded2ae76/playwright.json,No same-page fragment links found.,
horizontal_scroll,https://www.strique.io/solutions/agencies,medium,pass,playwright,brands/strique/references/evidence/20260629T193943Z/pages/ffa5ded2ae76/playwright.json,No horizontal overflow detected. No horizontal overflow detected.,
inaccessible_controls,https://www.strique.io/solutions/agencies,medium,pass,playwright,brands/strique/references/evidence/20260629T193943Z/pages/ffa5ded2ae76/playwright.json,Visible controls have accessible names. Visible controls have accessible names.,
keyboard_navigation,https://www.strique.io/solutions/agencies,medium,pass,playwright,brands/strique/references/evidence/20260629T193943Z/pages/ffa5ded2ae76/playwright.json,Keyboard focus reached 4 visible controls. Keyboard focus reached 4 visible controls.,
lazy_loading_in_viewport,https://www.strique.io/solutions/agencies,medium,pass,playwright,brands/strique/references/evidence/20260629T193943Z/pages/ffa5ded2ae76/playwright.json,No unloaded in-viewport lazy content detected. No unloaded in-viewport lazy content detected.,
mobile_form_usability,https://www.strique.io/solutions/agencies,medium,not_applicable,playwright,brands/strique/references/evidence/20260629T193943Z/pages/ffa5ded2ae76/playwright.json,No visible mobile form fields found.,
mobile_text_readability,https://www.strique.io/solutions/agencies,medium,fail,playwright,brands/strique/references/evidence/20260629T193943Z/pages/ffa5ded2ae76/playwright.json,10 sampled text elements are too small or tight on mobile.,Increase mobile font size or line height for readable body text.
route_status_handling,https://www.strique.io/solutions/agencies,medium,not_applicable,playwright,brands/strique/references/evidence/20260629T193943Z/pages/ffa5ded2ae76/playwright.json,Route status handling is tested from the site root.,
table_semantics,https://www.strique.io/solutions/agencies,medium,not_applicable,playwright,brands/strique/references/evidence/20260629T193943Z/pages/ffa5ded2ae76/playwright.json,No visible tables found.,
tap_targets,https://www.strique.io/solutions/agencies,medium,fail,playwright,brands/strique/references/evidence/20260629T193943Z/pages/ffa5ded2ae76/playwright.json,10 small and 13 crowded mobile tap targets found.,Increase tap target size or spacing to at least common mobile accessibility targets.
text_spacing,https://www.strique.io/solutions/agencies,medium,pass,playwright,brands/strique/references/evidence/20260629T193943Z/pages/ffa5ded2ae76/playwright.json,WCAG text spacing did not cause overflow or content loss. WCAG text spacing did not cause overflow or content loss.,
zoom_readability,https://www.strique.io/solutions/agencies,medium,pass,playwright,brands/strique/references/evidence/20260629T193943Z/pages/ffa5ded2ae76/playwright.json,Common zoom readability did not cause overflow or content loss. Common zoom readability did not cause overflow or content loss.,
rich_result_properties,https://www.strique.io/solutions/agencies,medium,pass,playwright,brands/strique/references/evidence/20260629T193943Z/pages/ffa5ded2ae76/playwright.json,"Supported rich result schema properties are present for: BreadcrumbList, Organization.",
critical_css_font_loading,https://www.strique.io/solutions/agencies,medium,fail,lighthouse,brands/strique/references/evidence/20260629T193943Z/pages/ffa5ded2ae76/lighthouse.json,Stored lab artifact does not include critical CSS or font diagnostics.,Recollect Lighthouse or PageSpeed evidence with CSS and font diagnostics.
render_blocking_scripts,https://www.strique.io/solutions/agencies,medium,fail,lighthouse,brands/strique/references/evidence/20260629T193943Z/pages/ffa5ded2ae76/lighthouse.json,Stored artifacts do not include render-blocking script diagnostics.,Recollect Lighthouse/PageSpeed diagnostics or Playwright script inventory.
third_party_script_weight,https://www.strique.io/solutions/agencies,medium,fail,lighthouse,brands/strique/references/evidence/20260629T193943Z/pages/ffa5ded2ae76/lighthouse.json,Stored artifacts do not include third-party script weight diagnostics.,Recollect Lighthouse/PageSpeed diagnostics or Playwright script inventory.
lab_root_cause_diagnostics,https://www.strique.io/solutions/agencies,medium,pass,lighthouse,brands/strique/references/evidence/20260629T193943Z/pages/ffa5ded2ae76/lighthouse.json,"Lab diagnostics available: largest-contentful-paint, cumulative-layout-shift, speed-index, total-blocking-time.",
crawl_status,https://www.strique.io/solutions/b2b-saas,high,pass,firecrawl,brands/strique/references/crawls/20260629T193943Z/pages/630cd549f23e/firecrawl.json,URL crawled with status 200.,
indexable,https://www.strique.io/solutions/b2b-saas,high,pass,firecrawl,brands/strique/references/crawls/20260629T193943Z/pages/630cd549f23e/firecrawl.json,Indexability is yes.,
title_present,https://www.strique.io/solutions/b2b-saas,medium,pass,firecrawl,brands/strique/references/crawls/20260629T193943Z/pages/630cd549f23e/firecrawl.json,Title: B2B SaaS AI Marketing Solution · Strique,
meta_description_present,https://www.strique.io/solutions/b2b-saas,medium,pass,firecrawl,brands/strique/references/crawls/20260629T193943Z/pages/630cd549f23e/firecrawl.json,"Meta description: Demand gen + pipeline operations for B2B SaaS teams: the AI marketing agent that runs paid social, content engine, ABM outreach, and lifecycle working together.",
single_h1,https://www.strique.io/solutions/b2b-saas,medium,fail,firecrawl,brands/strique/references/crawls/20260629T193943Z/pages/630cd549f23e/firecrawl.json,H1 count is 2.,Use one clear H1 on the page.
canonical_match,https://www.strique.io/solutions/b2b-saas,high,pass,firecrawl,brands/strique/references/crawls/20260629T193943Z/pages/630cd549f23e/firecrawl.json,Canonical: https://www.strique.io/solutions/b2b-saas,
schema_present,https://www.strique.io/solutions/b2b-saas,low,pass,firecrawl,brands/strique/references/crawls/20260629T193943Z/pages/630cd549f23e/firecrawl.json,"Schema types: BreadcrumbList, ContactPoint, ListItem, Organization, SearchAction, WebSite",
image_alt_text,https://www.strique.io/solutions/b2b-saas,low,fail,firecrawl,brands/strique/references/crawls/20260629T193943Z/pages/630cd549f23e/firecrawl.json,3 images are missing alt text.,Add useful alt text for meaningful images.
sitemap_inclusion,https://www.strique.io/solutions/b2b-saas,low,pass,firecrawl,brands/strique/references/crawls/20260629T193943Z/pages/630cd549f23e/firecrawl.json,Sitemap inclusion is yes.,
content_visible,https://www.strique.io/solutions/b2b-saas,high,pass,firecrawl,brands/strique/references/crawls/20260629T193943Z/pages/630cd549f23e/firecrawl.json,Rendered public text has 9476 words.,
content_type_classifiable,https://www.strique.io/solutions/b2b-saas,medium,pass,firecrawl,brands/strique/references/crawls/20260629T193943Z/pages/630cd549f23e/firecrawl.json,"Public URL, title, and rendered text were reviewed for a recognizable page type.",
resource_rendering_not_blocked,https://www.strique.io/solutions/b2b-saas,high,pass,firecrawl,brands/strique/references/crawls/20260629T193943Z/pages/630cd549f23e/firecrawl.json,Critical page content rendered successfully.,
title_not_keyword_stuffed,https://www.strique.io/solutions/b2b-saas,medium,pass,firecrawl,brands/strique/references/crawls/20260629T193943Z/pages/630cd549f23e/firecrawl.json,Title reviewed for repeated terms and separator stuffing: B2B SaaS AI Marketing Solution · Strique.,
heading_not_keyword_stuffed,https://www.strique.io/solutions/b2b-saas,medium,pass,firecrawl,brands/strique/references/crawls/20260629T193943Z/pages/630cd549f23e/firecrawl.json,6 rendered headings reviewed for stuffing.,
preview_controls_safe,https://www.strique.io/solutions/b2b-saas,medium,pass,firecrawl,brands/strique/references/crawls/20260629T193943Z/pages/630cd549f23e/firecrawl.json,No harmful snippet preview controls were detected.,
url_path_clean,https://www.strique.io/solutions/b2b-saas,medium,pass,firecrawl,brands/strique/references/crawls/20260629T193943Z/pages/630cd549f23e/firecrawl.json,"URL path reviewed for IDs, dates, session keys, and implementation details.",
media_support_present,https://www.strique.io/solutions/b2b-saas,low,pass,firecrawl,brands/strique/references/crawls/20260629T193943Z/pages/630cd549f23e/firecrawl.json,6 images found on the page.,
content_not_ai_slop,https://www.strique.io/solutions/b2b-saas,low,pass,firecrawl,brands/strique/references/crawls/20260629T193943Z/pages/630cd549f23e/firecrawl.json,Rendered copy reviewed for common generic AI filler phrases.,
thin_prompt_variant_pages,https://www.strique.io/solutions/b2b-saas,medium,pass,firecrawl,brands/strique/references/crawls/20260629T193943Z/pages/630cd549f23e/firecrawl.json,Rendered public text has 9476 words.,
docs_content_extractable,https://www.strique.io/solutions/b2b-saas,medium,not_applicable,firecrawl,brands/strique/references/crawls/20260629T193943Z/pages/630cd549f23e/firecrawl.json,This is not a docs or support URL.,
performance_score,https://www.strique.io/solutions/b2b-saas,medium,fail,lighthouse,brands/strique/references/evidence/20260629T193943Z/pages/630cd549f23e/lighthouse.json,Performance score is 0.6.,Improve Core Web Vitals and Lighthouse performance bottlenecks.
blocking_popups_interstitials,https://www.strique.io/solutions/b2b-saas,medium,fail,playwright,brands/strique/references/evidence/20260629T193943Z/pages/630cd549f23e/playwright.json,"1 large fixed, modal, or interstitial elements may block main content. 2 large fixed, modal, or interstitial elements may block main content.","Remove or reduce blocking overlays on first render, especially on mobile."
body_text_line_length,https://www.strique.io/solutions/b2b-saas,medium,pass,playwright,brands/strique/references/evidence/20260629T193943Z/pages/630cd549f23e/playwright.json,Sampled body text line length is readable. Sampled body text line length is readable.,
client_route_metadata,https://www.strique.io/solutions/b2b-saas,medium,not_applicable,playwright,brands/strique/references/evidence/20260629T193943Z/pages/630cd549f23e/playwright.json,"SPA markers were found, but route-change metadata was not triggered by this deterministic pass.",
color_contrast,https://www.strique.io/solutions/b2b-saas,medium,pass,playwright,brands/strique/references/evidence/20260629T193943Z/pages/630cd549f23e/playwright.json,Sampled text meets contrast thresholds. Sampled text meets contrast thresholds.,
form_accessibility,https://www.strique.io/solutions/b2b-saas,medium,not_applicable,playwright,brands/strique/references/evidence/20260629T193943Z/pages/630cd549f23e/playwright.json,No visible form fields found.,
fragment_deep_links,https://www.strique.io/solutions/b2b-saas,medium,not_applicable,playwright,brands/strique/references/evidence/20260629T193943Z/pages/630cd549f23e/playwright.json,No same-page fragment links found.,
horizontal_scroll,https://www.strique.io/solutions/b2b-saas,medium,pass,playwright,brands/strique/references/evidence/20260629T193943Z/pages/630cd549f23e/playwright.json,No horizontal overflow detected. No horizontal overflow detected.,
inaccessible_controls,https://www.strique.io/solutions/b2b-saas,medium,pass,playwright,brands/strique/references/evidence/20260629T193943Z/pages/630cd549f23e/playwright.json,Visible controls have accessible names. Visible controls have accessible names.,
keyboard_navigation,https://www.strique.io/solutions/b2b-saas,medium,pass,playwright,brands/strique/references/evidence/20260629T193943Z/pages/630cd549f23e/playwright.json,Keyboard focus reached 4 visible controls. Keyboard focus reached 4 visible controls.,
lazy_loading_in_viewport,https://www.strique.io/solutions/b2b-saas,medium,pass,playwright,brands/strique/references/evidence/20260629T193943Z/pages/630cd549f23e/playwright.json,No unloaded in-viewport lazy content detected. No unloaded in-viewport lazy content detected.,
mobile_form_usability,https://www.strique.io/solutions/b2b-saas,medium,not_applicable,playwright,brands/strique/references/evidence/20260629T193943Z/pages/630cd549f23e/playwright.json,No visible mobile form fields found.,
mobile_text_readability,https://www.strique.io/solutions/b2b-saas,medium,fail,playwright,brands/strique/references/evidence/20260629T193943Z/pages/630cd549f23e/playwright.json,10 sampled text elements are too small or tight on mobile.,Increase mobile font size or line height for readable body text.
route_status_handling,https://www.strique.io/solutions/b2b-saas,medium,not_applicable,playwright,brands/strique/references/evidence/20260629T193943Z/pages/630cd549f23e/playwright.json,Route status handling is tested from the site root.,
table_semantics,https://www.strique.io/solutions/b2b-saas,medium,not_applicable,playwright,brands/strique/references/evidence/20260629T193943Z/pages/630cd549f23e/playwright.json,No visible tables found.,
tap_targets,https://www.strique.io/solutions/b2b-saas,medium,fail,playwright,brands/strique/references/evidence/20260629T193943Z/pages/630cd549f23e/playwright.json,10 small and 13 crowded mobile tap targets found.,Increase tap target size or spacing to at least common mobile accessibility targets.
text_spacing,https://www.strique.io/solutions/b2b-saas,medium,pass,playwright,brands/strique/references/evidence/20260629T193943Z/pages/630cd549f23e/playwright.json,WCAG text spacing did not cause overflow or content loss. WCAG text spacing did not cause overflow or content loss.,
zoom_readability,https://www.strique.io/solutions/b2b-saas,medium,pass,playwright,brands/strique/references/evidence/20260629T193943Z/pages/630cd549f23e/playwright.json,Common zoom readability did not cause overflow or content loss. Common zoom readability did not cause overflow or content loss.,
rich_result_properties,https://www.strique.io/solutions/b2b-saas,medium,pass,playwright,brands/strique/references/evidence/20260629T193943Z/pages/630cd549f23e/playwright.json,"Supported rich result schema properties are present for: BreadcrumbList, Organization.",
critical_css_font_loading,https://www.strique.io/solutions/b2b-saas,medium,fail,lighthouse,brands/strique/references/evidence/20260629T193943Z/pages/630cd549f23e/lighthouse.json,Stored lab artifact does not include critical CSS or font diagnostics.,Recollect Lighthouse or PageSpeed evidence with CSS and font diagnostics.
render_blocking_scripts,https://www.strique.io/solutions/b2b-saas,medium,fail,lighthouse,brands/strique/references/evidence/20260629T193943Z/pages/630cd549f23e/lighthouse.json,Stored artifacts do not include render-blocking script diagnostics.,Recollect Lighthouse/PageSpeed diagnostics or Playwright script inventory.
third_party_script_weight,https://www.strique.io/solutions/b2b-saas,medium,fail,lighthouse,brands/strique/references/evidence/20260629T193943Z/pages/630cd549f23e/lighthouse.json,Stored artifacts do not include third-party script weight diagnostics.,Recollect Lighthouse/PageSpeed diagnostics or Playwright script inventory.
lab_root_cause_diagnostics,https://www.strique.io/solutions/b2b-saas,medium,pass,lighthouse,brands/strique/references/evidence/20260629T193943Z/pages/630cd549f23e/lighthouse.json,"Lab diagnostics available: largest-contentful-paint, cumulative-layout-shift, speed-index, total-blocking-time.",
crawl_status,https://www.strique.io/solutions/ecommerce,high,pass,firecrawl,brands/strique/references/crawls/20260629T193943Z/pages/ab2da2a964d6/firecrawl.json,URL crawled with status 200.,
indexable,https://www.strique.io/solutions/ecommerce,high,pass,firecrawl,brands/strique/references/crawls/20260629T193943Z/pages/ab2da2a964d6/firecrawl.json,Indexability is yes.,
title_present,https://www.strique.io/solutions/ecommerce,medium,pass,firecrawl,brands/strique/references/crawls/20260629T193943Z/pages/ab2da2a964d6/firecrawl.json,Title: E-commerce & D2C AI Marketing Solution · Strique,
meta_description_present,https://www.strique.io/solutions/ecommerce,medium,pass,firecrawl,brands/strique/references/crawls/20260629T193943Z/pages/ab2da2a964d6/firecrawl.json,"Meta description: Full-stack AI marketing agent for DTC and e-commerce brands: paid, lifecycle, content, and merchandising copy, all running on one agent loop.",
single_h1,https://www.strique.io/solutions/ecommerce,medium,fail,firecrawl,brands/strique/references/crawls/20260629T193943Z/pages/ab2da2a964d6/firecrawl.json,H1 count is 2.,Use one clear H1 on the page.
canonical_match,https://www.strique.io/solutions/ecommerce,high,pass,firecrawl,brands/strique/references/crawls/20260629T193943Z/pages/ab2da2a964d6/firecrawl.json,Canonical: https://www.strique.io/solutions/ecommerce,
schema_present,https://www.strique.io/solutions/ecommerce,low,pass,firecrawl,brands/strique/references/crawls/20260629T193943Z/pages/ab2da2a964d6/firecrawl.json,"Schema types: BreadcrumbList, ContactPoint, ListItem, Organization, SearchAction, WebSite",
image_alt_text,https://www.strique.io/solutions/ecommerce,low,fail,firecrawl,brands/strique/references/crawls/20260629T193943Z/pages/ab2da2a964d6/firecrawl.json,3 images are missing alt text.,Add useful alt text for meaningful images.
sitemap_inclusion,https://www.strique.io/solutions/ecommerce,low,pass,firecrawl,brands/strique/references/crawls/20260629T193943Z/pages/ab2da2a964d6/firecrawl.json,Sitemap inclusion is yes.,
content_visible,https://www.strique.io/solutions/ecommerce,high,pass,firecrawl,brands/strique/references/crawls/20260629T193943Z/pages/ab2da2a964d6/firecrawl.json,Rendered public text has 9558 words.,
content_type_classifiable,https://www.strique.io/solutions/ecommerce,medium,pass,firecrawl,brands/strique/references/crawls/20260629T193943Z/pages/ab2da2a964d6/firecrawl.json,"Public URL, title, and rendered text were reviewed for a recognizable page type.",
resource_rendering_not_blocked,https://www.strique.io/solutions/ecommerce,high,pass,firecrawl,brands/strique/references/crawls/20260629T193943Z/pages/ab2da2a964d6/firecrawl.json,Critical page content rendered successfully.,
title_not_keyword_stuffed,https://www.strique.io/solutions/ecommerce,medium,pass,firecrawl,brands/strique/references/crawls/20260629T193943Z/pages/ab2da2a964d6/firecrawl.json,Title reviewed for repeated terms and separator stuffing: E-commerce & D2C AI Marketing Solution · Strique.,
heading_not_keyword_stuffed,https://www.strique.io/solutions/ecommerce,medium,pass,firecrawl,brands/strique/references/crawls/20260629T193943Z/pages/ab2da2a964d6/firecrawl.json,6 rendered headings reviewed for stuffing.,
preview_controls_safe,https://www.strique.io/solutions/ecommerce,medium,pass,firecrawl,brands/strique/references/crawls/20260629T193943Z/pages/ab2da2a964d6/firecrawl.json,No harmful snippet preview controls were detected.,
url_path_clean,https://www.strique.io/solutions/ecommerce,medium,pass,firecrawl,brands/strique/references/crawls/20260629T193943Z/pages/ab2da2a964d6/firecrawl.json,"URL path reviewed for IDs, dates, session keys, and implementation details.",
media_support_present,https://www.strique.io/solutions/ecommerce,low,pass,firecrawl,brands/strique/references/crawls/20260629T193943Z/pages/ab2da2a964d6/firecrawl.json,6 images found on the page.,
content_not_ai_slop,https://www.strique.io/solutions/ecommerce,low,pass,firecrawl,brands/strique/references/crawls/20260629T193943Z/pages/ab2da2a964d6/firecrawl.json,Rendered copy reviewed for common generic AI filler phrases.,
thin_prompt_variant_pages,https://www.strique.io/solutions/ecommerce,medium,pass,firecrawl,brands/strique/references/crawls/20260629T193943Z/pages/ab2da2a964d6/firecrawl.json,Rendered public text has 9558 words.,
docs_content_extractable,https://www.strique.io/solutions/ecommerce,medium,not_applicable,firecrawl,brands/strique/references/crawls/20260629T193943Z/pages/ab2da2a964d6/firecrawl.json,This is not a docs or support URL.,
performance_score,https://www.strique.io/solutions/ecommerce,medium,fail,lighthouse,brands/strique/references/evidence/20260629T193943Z/pages/ab2da2a964d6/lighthouse.json,Performance score is 0.66.,Improve Core Web Vitals and Lighthouse performance bottlenecks.
blocking_popups_interstitials,https://www.strique.io/solutions/ecommerce,medium,fail,playwright,brands/strique/references/evidence/20260629T193943Z/pages/ab2da2a964d6/playwright.json,"1 large fixed, modal, or interstitial elements may block main content. 2 large fixed, modal, or interstitial elements may block main content.","Remove or reduce blocking overlays on first render, especially on mobile."
body_text_line_length,https://www.strique.io/solutions/ecommerce,medium,pass,playwright,brands/strique/references/evidence/20260629T193943Z/pages/ab2da2a964d6/playwright.json,Sampled body text line length is readable. Sampled body text line length is readable.,
client_route_metadata,https://www.strique.io/solutions/ecommerce,medium,not_applicable,playwright,brands/strique/references/evidence/20260629T193943Z/pages/ab2da2a964d6/playwright.json,"SPA markers were found, but route-change metadata was not triggered by this deterministic pass.",
color_contrast,https://www.strique.io/solutions/ecommerce,medium,pass,playwright,brands/strique/references/evidence/20260629T193943Z/pages/ab2da2a964d6/playwright.json,Sampled text meets contrast thresholds. Sampled text meets contrast thresholds.,
form_accessibility,https://www.strique.io/solutions/ecommerce,medium,not_applicable,playwright,brands/strique/references/evidence/20260629T193943Z/pages/ab2da2a964d6/playwright.json,No visible form fields found.,
fragment_deep_links,https://www.strique.io/solutions/ecommerce,medium,not_applicable,playwright,brands/strique/references/evidence/20260629T193943Z/pages/ab2da2a964d6/playwright.json,No same-page fragment links found.,
horizontal_scroll,https://www.strique.io/solutions/ecommerce,medium,pass,playwright,brands/strique/references/evidence/20260629T193943Z/pages/ab2da2a964d6/playwright.json,No horizontal overflow detected. No horizontal overflow detected.,
inaccessible_controls,https://www.strique.io/solutions/ecommerce,medium,pass,playwright,brands/strique/references/evidence/20260629T193943Z/pages/ab2da2a964d6/playwright.json,Visible controls have accessible names. Visible controls have accessible names.,
keyboard_navigation,https://www.strique.io/solutions/ecommerce,medium,pass,playwright,brands/strique/references/evidence/20260629T193943Z/pages/ab2da2a964d6/playwright.json,Keyboard focus reached 4 visible controls. Keyboard focus reached 4 visible controls.,
lazy_loading_in_viewport,https://www.strique.io/solutions/ecommerce,medium,pass,playwright,brands/strique/references/evidence/20260629T193943Z/pages/ab2da2a964d6/playwright.json,No unloaded in-viewport lazy content detected. No unloaded in-viewport lazy content detected.,
mobile_form_usability,https://www.strique.io/solutions/ecommerce,medium,not_applicable,playwright,brands/strique/references/evidence/20260629T193943Z/pages/ab2da2a964d6/playwright.json,No visible mobile form fields found.,
mobile_text_readability,https://www.strique.io/solutions/ecommerce,medium,fail,playwright,brands/strique/references/evidence/20260629T193943Z/pages/ab2da2a964d6/playwright.json,10 sampled text elements are too small or tight on mobile.,Increase mobile font size or line height for readable body text.
route_status_handling,https://www.strique.io/solutions/ecommerce,medium,not_applicable,playwright,brands/strique/references/evidence/20260629T193943Z/pages/ab2da2a964d6/playwright.json,Route status handling is tested from the site root.,
table_semantics,https://www.strique.io/solutions/ecommerce,medium,not_applicable,playwright,brands/strique/references/evidence/20260629T193943Z/pages/ab2da2a964d6/playwright.json,No visible tables found.,
tap_targets,https://www.strique.io/solutions/ecommerce,medium,fail,playwright,brands/strique/references/evidence/20260629T193943Z/pages/ab2da2a964d6/playwright.json,10 small and 13 crowded mobile tap targets found.,Increase tap target size or spacing to at least common mobile accessibility targets.
text_spacing,https://www.strique.io/solutions/ecommerce,medium,pass,playwright,brands/strique/references/evidence/20260629T193943Z/pages/ab2da2a964d6/playwright.json,WCAG text spacing did not cause overflow or content loss. WCAG text spacing did not cause overflow or content loss.,
zoom_readability,https://www.strique.io/solutions/ecommerce,medium,pass,playwright,brands/strique/references/evidence/20260629T193943Z/pages/ab2da2a964d6/playwright.json,Common zoom readability did not cause overflow or content loss. Common zoom readability did not cause overflow or content loss.,
rich_result_properties,https://www.strique.io/solutions/ecommerce,medium,pass,playwright,brands/strique/references/evidence/20260629T193943Z/pages/ab2da2a964d6/playwright.json,"Supported rich result schema properties are present for: BreadcrumbList, Organization.",
critical_css_font_loading,https://www.strique.io/solutions/ecommerce,medium,fail,lighthouse,brands/strique/references/evidence/20260629T193943Z/pages/ab2da2a964d6/lighthouse.json,Stored lab artifact does not include critical CSS or font diagnostics.,Recollect Lighthouse or PageSpeed evidence with CSS and font diagnostics.
render_blocking_scripts,https://www.strique.io/solutions/ecommerce,medium,fail,lighthouse,brands/strique/references/evidence/20260629T193943Z/pages/ab2da2a964d6/lighthouse.json,Stored artifacts do not include render-blocking script diagnostics.,Recollect Lighthouse/PageSpeed diagnostics or Playwright script inventory.
third_party_script_weight,https://www.strique.io/solutions/ecommerce,medium,fail,lighthouse,brands/strique/references/evidence/20260629T193943Z/pages/ab2da2a964d6/lighthouse.json,Stored artifacts do not include third-party script weight diagnostics.,Recollect Lighthouse/PageSpeed diagnostics or Playwright script inventory.
lab_root_cause_diagnostics,https://www.strique.io/solutions/ecommerce,medium,pass,lighthouse,brands/strique/references/evidence/20260629T193943Z/pages/ab2da2a964d6/lighthouse.json,"Lab diagnostics available: largest-contentful-paint, cumulative-layout-shift, speed-index, total-blocking-time.",
crawl_status,https://www.strique.io/solutions/local-services,high,pass,firecrawl,brands/strique/references/crawls/20260629T193943Z/pages/2a27b0cd6e63/firecrawl.json,URL crawled with status 200.,
indexable,https://www.strique.io/solutions/local-services,high,pass,firecrawl,brands/strique/references/crawls/20260629T193943Z/pages/2a27b0cd6e63/firecrawl.json,Indexability is yes.,
title_present,https://www.strique.io/solutions/local-services,medium,pass,firecrawl,brands/strique/references/crawls/20260629T193943Z/pages/2a27b0cd6e63/firecrawl.json,Title: Local services & restaurants AI Marketing Solution · Strique,
meta_description_present,https://www.strique.io/solutions/local-services,medium,pass,firecrawl,brands/strique/references/crawls/20260629T193943Z/pages/2a27b0cd6e63/firecrawl.json,"Meta description: Geo-targeted paid + local SEO + review ops for restaurants, clinics, gyms, and service businesses, an AI marketing agent that shows up every day.",
single_h1,https://www.strique.io/solutions/local-services,medium,fail,firecrawl,brands/strique/references/crawls/20260629T193943Z/pages/2a27b0cd6e63/firecrawl.json,H1 count is 2.,Use one clear H1 on the page.
canonical_match,https://www.strique.io/solutions/local-services,high,pass,firecrawl,brands/strique/references/crawls/20260629T193943Z/pages/2a27b0cd6e63/firecrawl.json,Canonical: https://www.strique.io/solutions/local-services,
schema_present,https://www.strique.io/solutions/local-services,low,pass,firecrawl,brands/strique/references/crawls/20260629T193943Z/pages/2a27b0cd6e63/firecrawl.json,"Schema types: BreadcrumbList, ContactPoint, ListItem, Organization, SearchAction, WebSite",
image_alt_text,https://www.strique.io/solutions/local-services,low,fail,firecrawl,brands/strique/references/crawls/20260629T193943Z/pages/2a27b0cd6e63/firecrawl.json,3 images are missing alt text.,Add useful alt text for meaningful images.
sitemap_inclusion,https://www.strique.io/solutions/local-services,low,pass,firecrawl,brands/strique/references/crawls/20260629T193943Z/pages/2a27b0cd6e63/firecrawl.json,Sitemap inclusion is yes.,
content_visible,https://www.strique.io/solutions/local-services,high,pass,firecrawl,brands/strique/references/crawls/20260629T193943Z/pages/2a27b0cd6e63/firecrawl.json,Rendered public text has 9640 words.,
content_type_classifiable,https://www.strique.io/solutions/local-services,medium,pass,firecrawl,brands/strique/references/crawls/20260629T193943Z/pages/2a27b0cd6e63/firecrawl.json,"Public URL, title, and rendered text were reviewed for a recognizable page type.",
resource_rendering_not_blocked,https://www.strique.io/solutions/local-services,high,pass,firecrawl,brands/strique/references/crawls/20260629T193943Z/pages/2a27b0cd6e63/firecrawl.json,Critical page content rendered successfully.,
title_not_keyword_stuffed,https://www.strique.io/solutions/local-services,medium,pass,firecrawl,brands/strique/references/crawls/20260629T193943Z/pages/2a27b0cd6e63/firecrawl.json,Title reviewed for repeated terms and separator stuffing: Local services & restaurants AI Marketing Solution · Strique.,
heading_not_keyword_stuffed,https://www.strique.io/solutions/local-services,medium,pass,firecrawl,brands/strique/references/crawls/20260629T193943Z/pages/2a27b0cd6e63/firecrawl.json,6 rendered headings reviewed for stuffing.,
preview_controls_safe,https://www.strique.io/solutions/local-services,medium,pass,firecrawl,brands/strique/references/crawls/20260629T193943Z/pages/2a27b0cd6e63/firecrawl.json,No harmful snippet preview controls were detected.,
url_path_clean,https://www.strique.io/solutions/local-services,medium,pass,firecrawl,brands/strique/references/crawls/20260629T193943Z/pages/2a27b0cd6e63/firecrawl.json,"URL path reviewed for IDs, dates, session keys, and implementation details.",
media_support_present,https://www.strique.io/solutions/local-services,low,pass,firecrawl,brands/strique/references/crawls/20260629T193943Z/pages/2a27b0cd6e63/firecrawl.json,6 images found on the page.,
content_not_ai_slop,https://www.strique.io/solutions/local-services,low,pass,firecrawl,brands/strique/references/crawls/20260629T193943Z/pages/2a27b0cd6e63/firecrawl.json,Rendered copy reviewed for common generic AI filler phrases.,
thin_prompt_variant_pages,https://www.strique.io/solutions/local-services,medium,pass,firecrawl,brands/strique/references/crawls/20260629T193943Z/pages/2a27b0cd6e63/firecrawl.json,Rendered public text has 9640 words.,
docs_content_extractable,https://www.strique.io/solutions/local-services,medium,not_applicable,firecrawl,brands/strique/references/crawls/20260629T193943Z/pages/2a27b0cd6e63/firecrawl.json,This is not a docs or support URL.,
performance_score,https://www.strique.io/solutions/local-services,medium,pass,lighthouse,brands/strique/references/evidence/20260629T193943Z/pages/2a27b0cd6e63/lighthouse.json,Performance score is 0.96.,
blocking_popups_interstitials,https://www.strique.io/solutions/local-services,medium,fail,playwright,brands/strique/references/evidence/20260629T193943Z/pages/2a27b0cd6e63/playwright.json,"1 large fixed, modal, or interstitial elements may block main content. 2 large fixed, modal, or interstitial elements may block main content.","Remove or reduce blocking overlays on first render, especially on mobile."
body_text_line_length,https://www.strique.io/solutions/local-services,medium,pass,playwright,brands/strique/references/evidence/20260629T193943Z/pages/2a27b0cd6e63/playwright.json,Sampled body text line length is readable. Sampled body text line length is readable.,
client_route_metadata,https://www.strique.io/solutions/local-services,medium,not_applicable,playwright,brands/strique/references/evidence/20260629T193943Z/pages/2a27b0cd6e63/playwright.json,"SPA markers were found, but route-change metadata was not triggered by this deterministic pass.",
color_contrast,https://www.strique.io/solutions/local-services,medium,pass,playwright,brands/strique/references/evidence/20260629T193943Z/pages/2a27b0cd6e63/playwright.json,Sampled text meets contrast thresholds. Sampled text meets contrast thresholds.,
form_accessibility,https://www.strique.io/solutions/local-services,medium,not_applicable,playwright,brands/strique/references/evidence/20260629T193943Z/pages/2a27b0cd6e63/playwright.json,No visible form fields found.,
fragment_deep_links,https://www.strique.io/solutions/local-services,medium,not_applicable,playwright,brands/strique/references/evidence/20260629T193943Z/pages/2a27b0cd6e63/playwright.json,No same-page fragment links found.,
horizontal_scroll,https://www.strique.io/solutions/local-services,medium,pass,playwright,brands/strique/references/evidence/20260629T193943Z/pages/2a27b0cd6e63/playwright.json,No horizontal overflow detected. No horizontal overflow detected.,
inaccessible_controls,https://www.strique.io/solutions/local-services,medium,pass,playwright,brands/strique/references/evidence/20260629T193943Z/pages/2a27b0cd6e63/playwright.json,Visible controls have accessible names. Visible controls have accessible names.,
keyboard_navigation,https://www.strique.io/solutions/local-services,medium,pass,playwright,brands/strique/references/evidence/20260629T193943Z/pages/2a27b0cd6e63/playwright.json,Keyboard focus reached 4 visible controls. Keyboard focus reached 4 visible controls.,
lazy_loading_in_viewport,https://www.strique.io/solutions/local-services,medium,pass,playwright,brands/strique/references/evidence/20260629T193943Z/pages/2a27b0cd6e63/playwright.json,No unloaded in-viewport lazy content detected. No unloaded in-viewport lazy content detected.,
mobile_form_usability,https://www.strique.io/solutions/local-services,medium,not_applicable,playwright,brands/strique/references/evidence/20260629T193943Z/pages/2a27b0cd6e63/playwright.json,No visible mobile form fields found.,
mobile_text_readability,https://www.strique.io/solutions/local-services,medium,fail,playwright,brands/strique/references/evidence/20260629T193943Z/pages/2a27b0cd6e63/playwright.json,10 sampled text elements are too small or tight on mobile.,Increase mobile font size or line height for readable body text.
route_status_handling,https://www.strique.io/solutions/local-services,medium,not_applicable,playwright,brands/strique/references/evidence/20260629T193943Z/pages/2a27b0cd6e63/playwright.json,Route status handling is tested from the site root.,
table_semantics,https://www.strique.io/solutions/local-services,medium,not_applicable,playwright,brands/strique/references/evidence/20260629T193943Z/pages/2a27b0cd6e63/playwright.json,No visible tables found.,
tap_targets,https://www.strique.io/solutions/local-services,medium,fail,playwright,brands/strique/references/evidence/20260629T193943Z/pages/2a27b0cd6e63/playwright.json,10 small and 13 crowded mobile tap targets found.,Increase tap target size or spacing to at least common mobile accessibility targets.
text_spacing,https://www.strique.io/solutions/local-services,medium,pass,playwright,brands/strique/references/evidence/20260629T193943Z/pages/2a27b0cd6e63/playwright.json,WCAG text spacing did not cause overflow or content loss. WCAG text spacing did not cause overflow or content loss.,
zoom_readability,https://www.strique.io/solutions/local-services,medium,pass,playwright,brands/strique/references/evidence/20260629T193943Z/pages/2a27b0cd6e63/playwright.json,Common zoom readability did not cause overflow or content loss. Common zoom readability did not cause overflow or content loss.,
rich_result_properties,https://www.strique.io/solutions/local-services,medium,pass,playwright,brands/strique/references/evidence/20260629T193943Z/pages/2a27b0cd6e63/playwright.json,"Supported rich result schema properties are present for: BreadcrumbList, Organization.",
critical_css_font_loading,https://www.strique.io/solutions/local-services,medium,fail,lighthouse,brands/strique/references/evidence/20260629T193943Z/pages/2a27b0cd6e63/lighthouse.json,Stored lab artifact does not include critical CSS or font diagnostics.,Recollect Lighthouse or PageSpeed evidence with CSS and font diagnostics.
render_blocking_scripts,https://www.strique.io/solutions/local-services,medium,fail,lighthouse,brands/strique/references/evidence/20260629T193943Z/pages/2a27b0cd6e63/lighthouse.json,Stored artifacts do not include render-blocking script diagnostics.,Recollect Lighthouse/PageSpeed diagnostics or Playwright script inventory.
third_party_script_weight,https://www.strique.io/solutions/local-services,medium,fail,lighthouse,brands/strique/references/evidence/20260629T193943Z/pages/2a27b0cd6e63/lighthouse.json,Stored artifacts do not include third-party script weight diagnostics.,Recollect Lighthouse/PageSpeed diagnostics or Playwright script inventory.
lab_root_cause_diagnostics,https://www.strique.io/solutions/local-services,medium,pass,lighthouse,brands/strique/references/evidence/20260629T193943Z/pages/2a27b0cd6e63/lighthouse.json,"Lab diagnostics available: largest-contentful-paint, cumulative-layout-shift, speed-index, total-blocking-time.",
crawl_status,https://www.strique.io/terms,high,pass,firecrawl,brands/strique/references/crawls/20260629T193943Z/pages/bef2b4b0f256/firecrawl.json,URL crawled with status 200.,
indexable,https://www.strique.io/terms,high,pass,firecrawl,brands/strique/references/crawls/20260629T193943Z/pages/bef2b4b0f256/firecrawl.json,Indexability is yes.,
title_present,https://www.strique.io/terms,medium,pass,firecrawl,brands/strique/references/crawls/20260629T193943Z/pages/bef2b4b0f256/firecrawl.json,Title: Terms of Use · Strique,
meta_description_present,https://www.strique.io/terms,medium,pass,firecrawl,brands/strique/references/crawls/20260629T193943Z/pages/bef2b4b0f256/firecrawl.json,"Meta description: The agreement you enter into when using Strique. Acceptable use, billing, approvals, warranty, and liability.",
single_h1,https://www.strique.io/terms,medium,pass,firecrawl,brands/strique/references/crawls/20260629T193943Z/pages/bef2b4b0f256/firecrawl.json,H1 count is 1.,
canonical_match,https://www.strique.io/terms,high,pass,firecrawl,brands/strique/references/crawls/20260629T193943Z/pages/bef2b4b0f256/firecrawl.json,Canonical: https://www.strique.io/terms,
schema_present,https://www.strique.io/terms,low,pass,firecrawl,brands/strique/references/crawls/20260629T193943Z/pages/bef2b4b0f256/firecrawl.json,"Schema types: ContactPoint, Organization, SearchAction, WebSite",
image_alt_text,https://www.strique.io/terms,low,fail,firecrawl,brands/strique/references/crawls/20260629T193943Z/pages/bef2b4b0f256/firecrawl.json,3 images are missing alt text.,Add useful alt text for meaningful images.
sitemap_inclusion,https://www.strique.io/terms,low,pass,firecrawl,brands/strique/references/crawls/20260629T193943Z/pages/bef2b4b0f256/firecrawl.json,Sitemap inclusion is yes.,
content_visible,https://www.strique.io/terms,high,pass,firecrawl,brands/strique/references/crawls/20260629T193943Z/pages/bef2b4b0f256/firecrawl.json,Rendered public text has 31082 words.,
content_type_classifiable,https://www.strique.io/terms,medium,pass,firecrawl,brands/strique/references/crawls/20260629T193943Z/pages/bef2b4b0f256/firecrawl.json,"Public URL, title, and rendered text were reviewed for a recognizable page type.",
resource_rendering_not_blocked,https://www.strique.io/terms,high,pass,firecrawl,brands/strique/references/crawls/20260629T193943Z/pages/bef2b4b0f256/firecrawl.json,Critical page content rendered successfully.,
title_not_keyword_stuffed,https://www.strique.io/terms,medium,pass,firecrawl,brands/strique/references/crawls/20260629T193943Z/pages/bef2b4b0f256/firecrawl.json,Title reviewed for repeated terms and separator stuffing: Terms of Use · Strique.,
heading_not_keyword_stuffed,https://www.strique.io/terms,medium,pass,firecrawl,brands/strique/references/crawls/20260629T193943Z/pages/bef2b4b0f256/firecrawl.json,41 rendered headings reviewed for stuffing.,
preview_controls_safe,https://www.strique.io/terms,medium,pass,firecrawl,brands/strique/references/crawls/20260629T193943Z/pages/bef2b4b0f256/firecrawl.json,No harmful snippet preview controls were detected.,
url_path_clean,https://www.strique.io/terms,medium,pass,firecrawl,brands/strique/references/crawls/20260629T193943Z/pages/bef2b4b0f256/firecrawl.json,"URL path reviewed for IDs, dates, session keys, and implementation details.",
media_support_present,https://www.strique.io/terms,low,pass,firecrawl,brands/strique/references/crawls/20260629T193943Z/pages/bef2b4b0f256/firecrawl.json,6 images found on the page.,
content_not_ai_slop,https://www.strique.io/terms,low,pass,firecrawl,brands/strique/references/crawls/20260629T193943Z/pages/bef2b4b0f256/firecrawl.json,Rendered copy reviewed for common generic AI filler phrases.,
thin_prompt_variant_pages,https://www.strique.io/terms,medium,pass,firecrawl,brands/strique/references/crawls/20260629T193943Z/pages/bef2b4b0f256/firecrawl.json,Rendered public text has 31082 words.,
docs_content_extractable,https://www.strique.io/terms,medium,not_applicable,firecrawl,brands/strique/references/crawls/20260629T193943Z/pages/bef2b4b0f256/firecrawl.json,This is not a docs or support URL.,
performance_score,https://www.strique.io/terms,medium,fail,lighthouse,brands/strique/references/evidence/20260629T193943Z/pages/bef2b4b0f256/lighthouse.json,Performance score is 0.6.,Improve Core Web Vitals and Lighthouse performance bottlenecks.
blocking_popups_interstitials,https://www.strique.io/terms,medium,fail,playwright,brands/strique/references/evidence/20260629T193943Z/pages/bef2b4b0f256/playwright.json,"2 large fixed, modal, or interstitial elements may block main content. 2 large fixed, modal, or interstitial elements may block main content.","Remove or reduce blocking overlays on first render, especially on mobile."
body_text_line_length,https://www.strique.io/terms,medium,pass,playwright,brands/strique/references/evidence/20260629T193943Z/pages/bef2b4b0f256/playwright.json,Sampled body text line length is readable. Sampled body text line length is readable.,
client_route_metadata,https://www.strique.io/terms,medium,not_applicable,playwright,brands/strique/references/evidence/20260629T193943Z/pages/bef2b4b0f256/playwright.json,"SPA markers were found, but route-change metadata was not triggered by this deterministic pass.",
color_contrast,https://www.strique.io/terms,medium,fail,playwright,brands/strique/references/evidence/20260629T193943Z/pages/bef2b4b0f256/playwright.json,1 sampled text elements have low contrast.,Increase foreground/background contrast for readable text.
form_accessibility,https://www.strique.io/terms,medium,not_applicable,playwright,brands/strique/references/evidence/20260629T193943Z/pages/bef2b4b0f256/playwright.json,No visible form fields found.,
fragment_deep_links,https://www.strique.io/terms,medium,pass,playwright,brands/strique/references/evidence/20260629T193943Z/pages/bef2b4b0f256/playwright.json,Same-page fragment links have matching targets.,
horizontal_scroll,https://www.strique.io/terms,medium,fail,playwright,brands/strique/references/evidence/20260629T193943Z/pages/bef2b4b0f256/playwright.json,Document width 523px exceeds viewport 390px.,Fix elements causing horizontal overflow.
inaccessible_controls,https://www.strique.io/terms,medium,fail,playwright,brands/strique/references/evidence/20260629T193943Z/pages/bef2b4b0f256/playwright.json,10 visible controls lack accessible names.,"Add text, aria-label, or labelledby values to interactive controls."
keyboard_navigation,https://www.strique.io/terms,medium,pass,playwright,brands/strique/references/evidence/20260629T193943Z/pages/bef2b4b0f256/playwright.json,Keyboard focus reached 4 visible controls. Keyboard focus reached 4 visible controls.,
lazy_loading_in_viewport,https://www.strique.io/terms,medium,pass,playwright,brands/strique/references/evidence/20260629T193943Z/pages/bef2b4b0f256/playwright.json,No unloaded in-viewport lazy content detected. No unloaded in-viewport lazy content detected.,
mobile_form_usability,https://www.strique.io/terms,medium,not_applicable,playwright,brands/strique/references/evidence/20260629T193943Z/pages/bef2b4b0f256/playwright.json,No visible mobile form fields found.,
mobile_text_readability,https://www.strique.io/terms,medium,fail,playwright,brands/strique/references/evidence/20260629T193943Z/pages/bef2b4b0f256/playwright.json,4 sampled text elements are too small or tight on mobile.,Increase mobile font size or line height for readable body text.
route_status_handling,https://www.strique.io/terms,medium,not_applicable,playwright,brands/strique/references/evidence/20260629T193943Z/pages/bef2b4b0f256/playwright.json,Route status handling is tested from the site root.,
table_semantics,https://www.strique.io/terms,medium,not_applicable,playwright,brands/strique/references/evidence/20260629T193943Z/pages/bef2b4b0f256/playwright.json,No visible tables found.,
tap_targets,https://www.strique.io/terms,medium,fail,playwright,brands/strique/references/evidence/20260629T193943Z/pages/bef2b4b0f256/playwright.json,10 small and 46 crowded mobile tap targets found.,Increase tap target size or spacing to at least common mobile accessibility targets.
text_spacing,https://www.strique.io/terms,medium,fail,playwright,brands/strique/references/evidence/20260629T193943Z/pages/bef2b4b0f256/playwright.json,WCAG text spacing caused overflow or content loss.,Fix layouts that lose content or overflow with increased text spacing.
zoom_readability,https://www.strique.io/terms,medium,fail,playwright,brands/strique/references/evidence/20260629T193943Z/pages/bef2b4b0f256/playwright.json,Common zoom readability caused overflow or content loss.,Fix layouts that lose content or overflow when users zoom text.
rich_result_properties,https://www.strique.io/terms,medium,pass,playwright,brands/strique/references/evidence/20260629T193943Z/pages/bef2b4b0f256/playwright.json,Supported rich result schema properties are present for: Organization.,
critical_css_font_loading,https://www.strique.io/terms,medium,fail,lighthouse,brands/strique/references/evidence/20260629T193943Z/pages/bef2b4b0f256/lighthouse.json,Stored lab artifact does not include critical CSS or font diagnostics.,Recollect Lighthouse or PageSpeed evidence with CSS and font diagnostics.
render_blocking_scripts,https://www.strique.io/terms,medium,fail,lighthouse,brands/strique/references/evidence/20260629T193943Z/pages/bef2b4b0f256/lighthouse.json,Stored artifacts do not include render-blocking script diagnostics.,Recollect Lighthouse/PageSpeed diagnostics or Playwright script inventory.
third_party_script_weight,https://www.strique.io/terms,medium,fail,lighthouse,brands/strique/references/evidence/20260629T193943Z/pages/bef2b4b0f256/lighthouse.json,Stored artifacts do not include third-party script weight diagnostics.,Recollect Lighthouse/PageSpeed diagnostics or Playwright script inventory.
lab_root_cause_diagnostics,https://www.strique.io/terms,medium,pass,lighthouse,brands/strique/references/evidence/20260629T193943Z/pages/bef2b4b0f256/lighthouse.json,"Lab diagnostics available: largest-contentful-paint, cumulative-layout-shift, speed-index, total-blocking-time.",
crawl_status,https://www.strique.io/trust-center,high,pass,firecrawl,brands/strique/references/crawls/20260629T193943Z/pages/c730115ea0ba/firecrawl.json,URL crawled with status 200.,
indexable,https://www.strique.io/trust-center,high,pass,firecrawl,brands/strique/references/crawls/20260629T193943Z/pages/c730115ea0ba/firecrawl.json,Indexability is yes.,
title_present,https://www.strique.io/trust-center,medium,pass,firecrawl,brands/strique/references/crawls/20260629T193943Z/pages/c730115ea0ba/firecrawl.json,"Title: Strique Trust Center - Security, Compliance & Data Practices · Strique",
meta_description_present,https://www.strique.io/trust-center,medium,pass,firecrawl,brands/strique/references/crawls/20260629T193943Z/pages/c730115ea0ba/firecrawl.json,"Meta description: ISO/IEC 27001:2022 certified and GDPR compliant. Audit reports, certifications, sub-processor lists, and DPIA - all available on request.",
single_h1,https://www.strique.io/trust-center,medium,fail,firecrawl,brands/strique/references/crawls/20260629T193943Z/pages/c730115ea0ba/firecrawl.json,H1 count is 2.,Use one clear H1 on the page.
canonical_match,https://www.strique.io/trust-center,high,pass,firecrawl,brands/strique/references/crawls/20260629T193943Z/pages/c730115ea0ba/firecrawl.json,Canonical: https://www.strique.io/trust-center,
schema_present,https://www.strique.io/trust-center,low,pass,firecrawl,brands/strique/references/crawls/20260629T193943Z/pages/c730115ea0ba/firecrawl.json,"Schema types: ContactPoint, Organization, SearchAction, WebSite",
image_alt_text,https://www.strique.io/trust-center,low,fail,firecrawl,brands/strique/references/crawls/20260629T193943Z/pages/c730115ea0ba/firecrawl.json,3 images are missing alt text.,Add useful alt text for meaningful images.
sitemap_inclusion,https://www.strique.io/trust-center,low,pass,firecrawl,brands/strique/references/crawls/20260629T193943Z/pages/c730115ea0ba/firecrawl.json,Sitemap inclusion is yes.,
content_visible,https://www.strique.io/trust-center,high,pass,firecrawl,brands/strique/references/crawls/20260629T193943Z/pages/c730115ea0ba/firecrawl.json,Rendered public text has 15064 words.,
content_type_classifiable,https://www.strique.io/trust-center,medium,pass,firecrawl,brands/strique/references/crawls/20260629T193943Z/pages/c730115ea0ba/firecrawl.json,"Public URL, title, and rendered text were reviewed for a recognizable page type.",
resource_rendering_not_blocked,https://www.strique.io/trust-center,high,pass,firecrawl,brands/strique/references/crawls/20260629T193943Z/pages/c730115ea0ba/firecrawl.json,Critical page content rendered successfully.,
title_not_keyword_stuffed,https://www.strique.io/trust-center,medium,pass,firecrawl,brands/strique/references/crawls/20260629T193943Z/pages/c730115ea0ba/firecrawl.json,"Title reviewed for repeated terms and separator stuffing: Strique Trust Center - Security, Compliance & Data Practices · Strique.",
heading_not_keyword_stuffed,https://www.strique.io/trust-center,medium,pass,firecrawl,brands/strique/references/crawls/20260629T193943Z/pages/c730115ea0ba/firecrawl.json,12 rendered headings reviewed for stuffing.,
preview_controls_safe,https://www.strique.io/trust-center,medium,pass,firecrawl,brands/strique/references/crawls/20260629T193943Z/pages/c730115ea0ba/firecrawl.json,No harmful snippet preview controls were detected.,
url_path_clean,https://www.strique.io/trust-center,medium,pass,firecrawl,brands/strique/references/crawls/20260629T193943Z/pages/c730115ea0ba/firecrawl.json,"URL path reviewed for IDs, dates, session keys, and implementation details.",
media_support_present,https://www.strique.io/trust-center,low,pass,firecrawl,brands/strique/references/crawls/20260629T193943Z/pages/c730115ea0ba/firecrawl.json,30 images found on the page.,
content_not_ai_slop,https://www.strique.io/trust-center,low,pass,firecrawl,brands/strique/references/crawls/20260629T193943Z/pages/c730115ea0ba/firecrawl.json,Rendered copy reviewed for common generic AI filler phrases.,
thin_prompt_variant_pages,https://www.strique.io/trust-center,medium,pass,firecrawl,brands/strique/references/crawls/20260629T193943Z/pages/c730115ea0ba/firecrawl.json,Rendered public text has 15064 words.,
docs_content_extractable,https://www.strique.io/trust-center,medium,not_applicable,firecrawl,brands/strique/references/crawls/20260629T193943Z/pages/c730115ea0ba/firecrawl.json,This is not a docs or support URL.,
performance_score,https://www.strique.io/trust-center,medium,fail,lighthouse,brands/strique/references/evidence/20260629T193943Z/pages/c730115ea0ba/lighthouse.json,Performance score is 0.68.,Improve Core Web Vitals and Lighthouse performance bottlenecks.
blocking_popups_interstitials,https://www.strique.io/trust-center,medium,fail,playwright,brands/strique/references/evidence/20260629T193943Z/pages/c730115ea0ba/playwright.json,"1 large fixed, modal, or interstitial elements may block main content. 2 large fixed, modal, or interstitial elements may block main content.","Remove or reduce blocking overlays on first render, especially on mobile."
body_text_line_length,https://www.strique.io/trust-center,medium,pass,playwright,brands/strique/references/evidence/20260629T193943Z/pages/c730115ea0ba/playwright.json,Sampled body text line length is readable. Sampled body text line length is readable.,
client_route_metadata,https://www.strique.io/trust-center,medium,not_applicable,playwright,brands/strique/references/evidence/20260629T193943Z/pages/c730115ea0ba/playwright.json,"SPA markers were found, but route-change metadata was not triggered by this deterministic pass.",
color_contrast,https://www.strique.io/trust-center,medium,fail,playwright,brands/strique/references/evidence/20260629T193943Z/pages/c730115ea0ba/playwright.json,10 sampled text elements have low contrast. 10 sampled text elements have low contrast.,Increase foreground/background contrast for readable text.
form_accessibility,https://www.strique.io/trust-center,medium,pass,playwright,brands/strique/references/evidence/20260629T193943Z/pages/c730115ea0ba/playwright.json,Visible form fields have accessible names. Visible form fields have accessible names.,
fragment_deep_links,https://www.strique.io/trust-center,medium,pass,playwright,brands/strique/references/evidence/20260629T193943Z/pages/c730115ea0ba/playwright.json,Same-page fragment links have matching targets.,
horizontal_scroll,https://www.strique.io/trust-center,medium,pass,playwright,brands/strique/references/evidence/20260629T193943Z/pages/c730115ea0ba/playwright.json,No horizontal overflow detected. No horizontal overflow detected.,
inaccessible_controls,https://www.strique.io/trust-center,medium,pass,playwright,brands/strique/references/evidence/20260629T193943Z/pages/c730115ea0ba/playwright.json,Visible controls have accessible names. Visible controls have accessible names.,
keyboard_navigation,https://www.strique.io/trust-center,medium,pass,playwright,brands/strique/references/evidence/20260629T193943Z/pages/c730115ea0ba/playwright.json,Keyboard focus reached 4 visible controls. Keyboard focus reached 4 visible controls.,
lazy_loading_in_viewport,https://www.strique.io/trust-center,medium,pass,playwright,brands/strique/references/evidence/20260629T193943Z/pages/c730115ea0ba/playwright.json,No unloaded in-viewport lazy content detected. No unloaded in-viewport lazy content detected.,
mobile_form_usability,https://www.strique.io/trust-center,medium,pass,playwright,brands/strique/references/evidence/20260629T193943Z/pages/c730115ea0ba/playwright.json,Mobile forms are short enough and usable in the viewport.,
mobile_text_readability,https://www.strique.io/trust-center,medium,fail,playwright,brands/strique/references/evidence/20260629T193943Z/pages/c730115ea0ba/playwright.json,10 sampled text elements are too small or tight on mobile.,Increase mobile font size or line height for readable body text.
route_status_handling,https://www.strique.io/trust-center,medium,not_applicable,playwright,brands/strique/references/evidence/20260629T193943Z/pages/c730115ea0ba/playwright.json,Route status handling is tested from the site root.,
table_semantics,https://www.strique.io/trust-center,medium,not_applicable,playwright,brands/strique/references/evidence/20260629T193943Z/pages/c730115ea0ba/playwright.json,No visible tables found.,
tap_targets,https://www.strique.io/trust-center,medium,fail,playwright,brands/strique/references/evidence/20260629T193943Z/pages/c730115ea0ba/playwright.json,10 small and 13 crowded mobile tap targets found.,Increase tap target size or spacing to at least common mobile accessibility targets.
text_spacing,https://www.strique.io/trust-center,medium,pass,playwright,brands/strique/references/evidence/20260629T193943Z/pages/c730115ea0ba/playwright.json,WCAG text spacing did not cause overflow or content loss. WCAG text spacing did not cause overflow or content loss.,
zoom_readability,https://www.strique.io/trust-center,medium,pass,playwright,brands/strique/references/evidence/20260629T193943Z/pages/c730115ea0ba/playwright.json,Common zoom readability did not cause overflow or content loss. Common zoom readability did not cause overflow or content loss.,
rich_result_properties,https://www.strique.io/trust-center,medium,pass,playwright,brands/strique/references/evidence/20260629T193943Z/pages/c730115ea0ba/playwright.json,Supported rich result schema properties are present for: Organization.,
critical_css_font_loading,https://www.strique.io/trust-center,medium,fail,lighthouse,brands/strique/references/evidence/20260629T193943Z/pages/c730115ea0ba/lighthouse.json,Stored lab artifact does not include critical CSS or font diagnostics.,Recollect Lighthouse or PageSpeed evidence with CSS and font diagnostics.
render_blocking_scripts,https://www.strique.io/trust-center,medium,fail,lighthouse,brands/strique/references/evidence/20260629T193943Z/pages/c730115ea0ba/lighthouse.json,Stored artifacts do not include render-blocking script diagnostics.,Recollect Lighthouse/PageSpeed diagnostics or Playwright script inventory.
third_party_script_weight,https://www.strique.io/trust-center,medium,fail,lighthouse,brands/strique/references/evidence/20260629T193943Z/pages/c730115ea0ba/lighthouse.json,Stored artifacts do not include third-party script weight diagnostics.,Recollect Lighthouse/PageSpeed diagnostics or Playwright script inventory.
lab_root_cause_diagnostics,https://www.strique.io/trust-center,medium,pass,lighthouse,brands/strique/references/evidence/20260629T193943Z/pages/c730115ea0ba/lighthouse.json,"Lab diagnostics available: largest-contentful-paint, cumulative-layout-shift, speed-index, total-blocking-time.",
crawl_status,https://www.strique.io/vs,high,pass,firecrawl,brands/strique/references/crawls/20260629T193943Z/pages/854629dedca6/firecrawl.json,URL crawled with status 200.,
indexable,https://www.strique.io/vs,high,pass,firecrawl,brands/strique/references/crawls/20260629T193943Z/pages/854629dedca6/firecrawl.json,Indexability is yes.,
title_present,https://www.strique.io/vs,medium,pass,firecrawl,brands/strique/references/crawls/20260629T193943Z/pages/854629dedca6/firecrawl.json,Title: Strique Comparisons and Alternatives · Strique,
meta_description_present,https://www.strique.io/vs,medium,pass,firecrawl,brands/strique/references/crawls/20260629T193943Z/pages/854629dedca6/firecrawl.json,Meta description: How Strique compares to the tools you're evaluating. We're honest about where they're a better fit.,
single_h1,https://www.strique.io/vs,medium,fail,firecrawl,brands/strique/references/crawls/20260629T193943Z/pages/854629dedca6/firecrawl.json,H1 count is 2.,Use one clear H1 on the page.
canonical_match,https://www.strique.io/vs,high,pass,firecrawl,brands/strique/references/crawls/20260629T193943Z/pages/854629dedca6/firecrawl.json,Canonical: https://www.strique.io/vs,
schema_present,https://www.strique.io/vs,low,pass,firecrawl,brands/strique/references/crawls/20260629T193943Z/pages/854629dedca6/firecrawl.json,"Schema types: ContactPoint, Organization, SearchAction, WebSite",
image_alt_text,https://www.strique.io/vs,low,fail,firecrawl,brands/strique/references/crawls/20260629T193943Z/pages/854629dedca6/firecrawl.json,3 images are missing alt text.,Add useful alt text for meaningful images.
sitemap_inclusion,https://www.strique.io/vs,low,pass,firecrawl,brands/strique/references/crawls/20260629T193943Z/pages/854629dedca6/firecrawl.json,Sitemap inclusion is yes.,
content_visible,https://www.strique.io/vs,high,pass,firecrawl,brands/strique/references/crawls/20260629T193943Z/pages/854629dedca6/firecrawl.json,Rendered public text has 17836 words.,
content_type_classifiable,https://www.strique.io/vs,medium,pass,firecrawl,brands/strique/references/crawls/20260629T193943Z/pages/854629dedca6/firecrawl.json,"Public URL, title, and rendered text were reviewed for a recognizable page type.",
resource_rendering_not_blocked,https://www.strique.io/vs,high,pass,firecrawl,brands/strique/references/crawls/20260629T193943Z/pages/854629dedca6/firecrawl.json,Critical page content rendered successfully.,
title_not_keyword_stuffed,https://www.strique.io/vs,medium,pass,firecrawl,brands/strique/references/crawls/20260629T193943Z/pages/854629dedca6/firecrawl.json,Title reviewed for repeated terms and separator stuffing: Strique Comparisons and Alternatives · Strique.,
heading_not_keyword_stuffed,https://www.strique.io/vs,medium,pass,firecrawl,brands/strique/references/crawls/20260629T193943Z/pages/854629dedca6/firecrawl.json,2 rendered headings reviewed for stuffing.,
preview_controls_safe,https://www.strique.io/vs,medium,pass,firecrawl,brands/strique/references/crawls/20260629T193943Z/pages/854629dedca6/firecrawl.json,No harmful snippet preview controls were detected.,
url_path_clean,https://www.strique.io/vs,medium,pass,firecrawl,brands/strique/references/crawls/20260629T193943Z/pages/854629dedca6/firecrawl.json,"URL path reviewed for IDs, dates, session keys, and implementation details.",
media_support_present,https://www.strique.io/vs,low,pass,firecrawl,brands/strique/references/crawls/20260629T193943Z/pages/854629dedca6/firecrawl.json,6 images found on the page.,
content_not_ai_slop,https://www.strique.io/vs,low,pass,firecrawl,brands/strique/references/crawls/20260629T193943Z/pages/854629dedca6/firecrawl.json,Rendered copy reviewed for common generic AI filler phrases.,
thin_prompt_variant_pages,https://www.strique.io/vs,medium,pass,firecrawl,brands/strique/references/crawls/20260629T193943Z/pages/854629dedca6/firecrawl.json,Rendered public text has 17836 words.,
docs_content_extractable,https://www.strique.io/vs,medium,not_applicable,firecrawl,brands/strique/references/crawls/20260629T193943Z/pages/854629dedca6/firecrawl.json,This is not a docs or support URL.,
performance_score,https://www.strique.io/vs,medium,pass,lighthouse,brands/strique/references/evidence/20260629T193943Z/pages/854629dedca6/lighthouse.json,Performance score is 0.92.,
blocking_popups_interstitials,https://www.strique.io/vs,medium,fail,playwright,brands/strique/references/evidence/20260629T193943Z/pages/854629dedca6/playwright.json,"1 large fixed, modal, or interstitial elements may block main content. 2 large fixed, modal, or interstitial elements may block main content.","Remove or reduce blocking overlays on first render, especially on mobile."
body_text_line_length,https://www.strique.io/vs,medium,pass,playwright,brands/strique/references/evidence/20260629T193943Z/pages/854629dedca6/playwright.json,Sampled body text line length is readable. Sampled body text line length is readable.,
client_route_metadata,https://www.strique.io/vs,medium,not_applicable,playwright,brands/strique/references/evidence/20260629T193943Z/pages/854629dedca6/playwright.json,"SPA markers were found, but route-change metadata was not triggered by this deterministic pass.",
color_contrast,https://www.strique.io/vs,medium,pass,playwright,brands/strique/references/evidence/20260629T193943Z/pages/854629dedca6/playwright.json,Sampled text meets contrast thresholds. Sampled text meets contrast thresholds.,
form_accessibility,https://www.strique.io/vs,medium,not_applicable,playwright,brands/strique/references/evidence/20260629T193943Z/pages/854629dedca6/playwright.json,No visible form fields found.,
fragment_deep_links,https://www.strique.io/vs,medium,not_applicable,playwright,brands/strique/references/evidence/20260629T193943Z/pages/854629dedca6/playwright.json,No same-page fragment links found.,
horizontal_scroll,https://www.strique.io/vs,medium,pass,playwright,brands/strique/references/evidence/20260629T193943Z/pages/854629dedca6/playwright.json,No horizontal overflow detected. No horizontal overflow detected.,
inaccessible_controls,https://www.strique.io/vs,medium,pass,playwright,brands/strique/references/evidence/20260629T193943Z/pages/854629dedca6/playwright.json,Visible controls have accessible names. Visible controls have accessible names.,
keyboard_navigation,https://www.strique.io/vs,medium,pass,playwright,brands/strique/references/evidence/20260629T193943Z/pages/854629dedca6/playwright.json,Keyboard focus reached 4 visible controls. Keyboard focus reached 4 visible controls.,
lazy_loading_in_viewport,https://www.strique.io/vs,medium,pass,playwright,brands/strique/references/evidence/20260629T193943Z/pages/854629dedca6/playwright.json,No unloaded in-viewport lazy content detected. No unloaded in-viewport lazy content detected.,
mobile_form_usability,https://www.strique.io/vs,medium,not_applicable,playwright,brands/strique/references/evidence/20260629T193943Z/pages/854629dedca6/playwright.json,No visible mobile form fields found.,
mobile_text_readability,https://www.strique.io/vs,medium,fail,playwright,brands/strique/references/evidence/20260629T193943Z/pages/854629dedca6/playwright.json,10 sampled text elements are too small or tight on mobile.,Increase mobile font size or line height for readable body text.
route_status_handling,https://www.strique.io/vs,medium,not_applicable,playwright,brands/strique/references/evidence/20260629T193943Z/pages/854629dedca6/playwright.json,Route status handling is tested from the site root.,
table_semantics,https://www.strique.io/vs,medium,not_applicable,playwright,brands/strique/references/evidence/20260629T193943Z/pages/854629dedca6/playwright.json,No visible tables found.,
tap_targets,https://www.strique.io/vs,medium,fail,playwright,brands/strique/references/evidence/20260629T193943Z/pages/854629dedca6/playwright.json,10 small and 13 crowded mobile tap targets found.,Increase tap target size or spacing to at least common mobile accessibility targets.
text_spacing,https://www.strique.io/vs,medium,pass,playwright,brands/strique/references/evidence/20260629T193943Z/pages/854629dedca6/playwright.json,WCAG text spacing did not cause overflow or content loss. WCAG text spacing did not cause overflow or content loss.,
zoom_readability,https://www.strique.io/vs,medium,pass,playwright,brands/strique/references/evidence/20260629T193943Z/pages/854629dedca6/playwright.json,Common zoom readability did not cause overflow or content loss. Common zoom readability did not cause overflow or content loss.,
rich_result_properties,https://www.strique.io/vs,medium,pass,playwright,brands/strique/references/evidence/20260629T193943Z/pages/854629dedca6/playwright.json,Supported rich result schema properties are present for: Organization.,
critical_css_font_loading,https://www.strique.io/vs,medium,fail,lighthouse,brands/strique/references/evidence/20260629T193943Z/pages/854629dedca6/lighthouse.json,Stored lab artifact does not include critical CSS or font diagnostics.,Recollect Lighthouse or PageSpeed evidence with CSS and font diagnostics.
render_blocking_scripts,https://www.strique.io/vs,medium,fail,lighthouse,brands/strique/references/evidence/20260629T193943Z/pages/854629dedca6/lighthouse.json,Stored artifacts do not include render-blocking script diagnostics.,Recollect Lighthouse/PageSpeed diagnostics or Playwright script inventory.
third_party_script_weight,https://www.strique.io/vs,medium,fail,lighthouse,brands/strique/references/evidence/20260629T193943Z/pages/854629dedca6/lighthouse.json,Stored artifacts do not include third-party script weight diagnostics.,Recollect Lighthouse/PageSpeed diagnostics or Playwright script inventory.
lab_root_cause_diagnostics,https://www.strique.io/vs,medium,pass,lighthouse,brands/strique/references/evidence/20260629T193943Z/pages/854629dedca6/lighthouse.json,"Lab diagnostics available: largest-contentful-paint, cumulative-layout-shift, speed-index, total-blocking-time.",
crawl_status,https://www.strique.io/vs/strique-vs-adroll,high,pass,firecrawl,brands/strique/references/crawls/20260629T193943Z/pages/3a517a7739a4/firecrawl.json,URL crawled with status 200.,
indexable,https://www.strique.io/vs/strique-vs-adroll,high,pass,firecrawl,brands/strique/references/crawls/20260629T193943Z/pages/3a517a7739a4/firecrawl.json,Indexability is yes.,
title_present,https://www.strique.io/vs/strique-vs-adroll,medium,pass,firecrawl,brands/strique/references/crawls/20260629T193943Z/pages/3a517a7739a4/firecrawl.json,Title: Strique vs. AdRoll · Strique,
meta_description_present,https://www.strique.io/vs/strique-vs-adroll,medium,pass,firecrawl,brands/strique/references/crawls/20260629T193943Z/pages/3a517a7739a4/firecrawl.json,Meta description: A retargeting network vs. an agent that runs your entire growth stack.,
single_h1,https://www.strique.io/vs/strique-vs-adroll,medium,fail,firecrawl,brands/strique/references/crawls/20260629T193943Z/pages/3a517a7739a4/firecrawl.json,H1 count is 2.,Use one clear H1 on the page.
canonical_match,https://www.strique.io/vs/strique-vs-adroll,high,pass,firecrawl,brands/strique/references/crawls/20260629T193943Z/pages/3a517a7739a4/firecrawl.json,Canonical: https://www.strique.io/vs/strique-vs-adroll,
schema_present,https://www.strique.io/vs/strique-vs-adroll,low,pass,firecrawl,brands/strique/references/crawls/20260629T193943Z/pages/3a517a7739a4/firecrawl.json,"Schema types: BreadcrumbList, ContactPoint, ListItem, Organization, SearchAction, WebSite",
image_alt_text,https://www.strique.io/vs/strique-vs-adroll,low,fail,firecrawl,brands/strique/references/crawls/20260629T193943Z/pages/3a517a7739a4/firecrawl.json,3 images are missing alt text.,Add useful alt text for meaningful images.
sitemap_inclusion,https://www.strique.io/vs/strique-vs-adroll,low,pass,firecrawl,brands/strique/references/crawls/20260629T193943Z/pages/3a517a7739a4/firecrawl.json,Sitemap inclusion is yes.,
content_visible,https://www.strique.io/vs/strique-vs-adroll,high,pass,firecrawl,brands/strique/references/crawls/20260629T193943Z/pages/3a517a7739a4/firecrawl.json,Rendered public text has 8994 words.,
content_type_classifiable,https://www.strique.io/vs/strique-vs-adroll,medium,pass,firecrawl,brands/strique/references/crawls/20260629T193943Z/pages/3a517a7739a4/firecrawl.json,"Public URL, title, and rendered text were reviewed for a recognizable page type.",
resource_rendering_not_blocked,https://www.strique.io/vs/strique-vs-adroll,high,pass,firecrawl,brands/strique/references/crawls/20260629T193943Z/pages/3a517a7739a4/firecrawl.json,Critical page content rendered successfully.,
title_not_keyword_stuffed,https://www.strique.io/vs/strique-vs-adroll,medium,pass,firecrawl,brands/strique/references/crawls/20260629T193943Z/pages/3a517a7739a4/firecrawl.json,Title reviewed for repeated terms and separator stuffing: Strique vs. AdRoll · Strique.,
heading_not_keyword_stuffed,https://www.strique.io/vs/strique-vs-adroll,medium,pass,firecrawl,brands/strique/references/crawls/20260629T193943Z/pages/3a517a7739a4/firecrawl.json,4 rendered headings reviewed for stuffing.,
preview_controls_safe,https://www.strique.io/vs/strique-vs-adroll,medium,pass,firecrawl,brands/strique/references/crawls/20260629T193943Z/pages/3a517a7739a4/firecrawl.json,No harmful snippet preview controls were detected.,
url_path_clean,https://www.strique.io/vs/strique-vs-adroll,medium,pass,firecrawl,brands/strique/references/crawls/20260629T193943Z/pages/3a517a7739a4/firecrawl.json,"URL path reviewed for IDs, dates, session keys, and implementation details.",
media_support_present,https://www.strique.io/vs/strique-vs-adroll,low,pass,firecrawl,brands/strique/references/crawls/20260629T193943Z/pages/3a517a7739a4/firecrawl.json,6 images found on the page.,
content_not_ai_slop,https://www.strique.io/vs/strique-vs-adroll,low,pass,firecrawl,brands/strique/references/crawls/20260629T193943Z/pages/3a517a7739a4/firecrawl.json,Rendered copy reviewed for common generic AI filler phrases.,
thin_prompt_variant_pages,https://www.strique.io/vs/strique-vs-adroll,medium,pass,firecrawl,brands/strique/references/crawls/20260629T193943Z/pages/3a517a7739a4/firecrawl.json,Rendered public text has 8994 words.,
docs_content_extractable,https://www.strique.io/vs/strique-vs-adroll,medium,not_applicable,firecrawl,brands/strique/references/crawls/20260629T193943Z/pages/3a517a7739a4/firecrawl.json,This is not a docs or support URL.,
performance_score,https://www.strique.io/vs/strique-vs-adroll,medium,fail,lighthouse,brands/strique/references/evidence/20260629T193943Z/pages/3a517a7739a4/lighthouse.json,Performance score is 0.63.,Improve Core Web Vitals and Lighthouse performance bottlenecks.
blocking_popups_interstitials,https://www.strique.io/vs/strique-vs-adroll,medium,fail,playwright,brands/strique/references/evidence/20260629T193943Z/pages/3a517a7739a4/playwright.json,"1 large fixed, modal, or interstitial elements may block main content. 2 large fixed, modal, or interstitial elements may block main content.","Remove or reduce blocking overlays on first render, especially on mobile."
body_text_line_length,https://www.strique.io/vs/strique-vs-adroll,medium,pass,playwright,brands/strique/references/evidence/20260629T193943Z/pages/3a517a7739a4/playwright.json,Sampled body text line length is readable. Sampled body text line length is readable.,
client_route_metadata,https://www.strique.io/vs/strique-vs-adroll,medium,not_applicable,playwright,brands/strique/references/evidence/20260629T193943Z/pages/3a517a7739a4/playwright.json,"SPA markers were found, but route-change metadata was not triggered by this deterministic pass.",
color_contrast,https://www.strique.io/vs/strique-vs-adroll,medium,pass,playwright,brands/strique/references/evidence/20260629T193943Z/pages/3a517a7739a4/playwright.json,Sampled text meets contrast thresholds. Sampled text meets contrast thresholds.,
form_accessibility,https://www.strique.io/vs/strique-vs-adroll,medium,not_applicable,playwright,brands/strique/references/evidence/20260629T193943Z/pages/3a517a7739a4/playwright.json,No visible form fields found.,
fragment_deep_links,https://www.strique.io/vs/strique-vs-adroll,medium,not_applicable,playwright,brands/strique/references/evidence/20260629T193943Z/pages/3a517a7739a4/playwright.json,No same-page fragment links found.,
horizontal_scroll,https://www.strique.io/vs/strique-vs-adroll,medium,pass,playwright,brands/strique/references/evidence/20260629T193943Z/pages/3a517a7739a4/playwright.json,No horizontal overflow detected. No horizontal overflow detected.,
inaccessible_controls,https://www.strique.io/vs/strique-vs-adroll,medium,pass,playwright,brands/strique/references/evidence/20260629T193943Z/pages/3a517a7739a4/playwright.json,Visible controls have accessible names. Visible controls have accessible names.,
keyboard_navigation,https://www.strique.io/vs/strique-vs-adroll,medium,pass,playwright,brands/strique/references/evidence/20260629T193943Z/pages/3a517a7739a4/playwright.json,Keyboard focus reached 4 visible controls. Keyboard focus reached 4 visible controls.,
lazy_loading_in_viewport,https://www.strique.io/vs/strique-vs-adroll,medium,pass,playwright,brands/strique/references/evidence/20260629T193943Z/pages/3a517a7739a4/playwright.json,No unloaded in-viewport lazy content detected. No unloaded in-viewport lazy content detected.,
mobile_form_usability,https://www.strique.io/vs/strique-vs-adroll,medium,not_applicable,playwright,brands/strique/references/evidence/20260629T193943Z/pages/3a517a7739a4/playwright.json,No visible mobile form fields found.,
mobile_text_readability,https://www.strique.io/vs/strique-vs-adroll,medium,fail,playwright,brands/strique/references/evidence/20260629T193943Z/pages/3a517a7739a4/playwright.json,10 sampled text elements are too small or tight on mobile.,Increase mobile font size or line height for readable body text.
route_status_handling,https://www.strique.io/vs/strique-vs-adroll,medium,not_applicable,playwright,brands/strique/references/evidence/20260629T193943Z/pages/3a517a7739a4/playwright.json,Route status handling is tested from the site root.,
table_semantics,https://www.strique.io/vs/strique-vs-adroll,medium,pass,playwright,brands/strique/references/evidence/20260629T193943Z/pages/3a517a7739a4/playwright.json,Visible tables include semantic table structure. Visible tables include semantic table structure.,
tap_targets,https://www.strique.io/vs/strique-vs-adroll,medium,fail,playwright,brands/strique/references/evidence/20260629T193943Z/pages/3a517a7739a4/playwright.json,10 small and 13 crowded mobile tap targets found.,Increase tap target size or spacing to at least common mobile accessibility targets.
text_spacing,https://www.strique.io/vs/strique-vs-adroll,medium,pass,playwright,brands/strique/references/evidence/20260629T193943Z/pages/3a517a7739a4/playwright.json,WCAG text spacing did not cause overflow or content loss. WCAG text spacing did not cause overflow or content loss.,
zoom_readability,https://www.strique.io/vs/strique-vs-adroll,medium,pass,playwright,brands/strique/references/evidence/20260629T193943Z/pages/3a517a7739a4/playwright.json,Common zoom readability did not cause overflow or content loss. Common zoom readability did not cause overflow or content loss.,
rich_result_properties,https://www.strique.io/vs/strique-vs-adroll,medium,pass,playwright,brands/strique/references/evidence/20260629T193943Z/pages/3a517a7739a4/playwright.json,"Supported rich result schema properties are present for: BreadcrumbList, Organization.",
critical_css_font_loading,https://www.strique.io/vs/strique-vs-adroll,medium,fail,lighthouse,brands/strique/references/evidence/20260629T193943Z/pages/3a517a7739a4/lighthouse.json,Stored lab artifact does not include critical CSS or font diagnostics.,Recollect Lighthouse or PageSpeed evidence with CSS and font diagnostics.
render_blocking_scripts,https://www.strique.io/vs/strique-vs-adroll,medium,fail,lighthouse,brands/strique/references/evidence/20260629T193943Z/pages/3a517a7739a4/lighthouse.json,Stored artifacts do not include render-blocking script diagnostics.,Recollect Lighthouse/PageSpeed diagnostics or Playwright script inventory.
third_party_script_weight,https://www.strique.io/vs/strique-vs-adroll,medium,fail,lighthouse,brands/strique/references/evidence/20260629T193943Z/pages/3a517a7739a4/lighthouse.json,Stored artifacts do not include third-party script weight diagnostics.,Recollect Lighthouse/PageSpeed diagnostics or Playwright script inventory.
lab_root_cause_diagnostics,https://www.strique.io/vs/strique-vs-adroll,medium,pass,lighthouse,brands/strique/references/evidence/20260629T193943Z/pages/3a517a7739a4/lighthouse.json,"Lab diagnostics available: largest-contentful-paint, cumulative-layout-shift, speed-index, total-blocking-time.",
crawl_status,https://www.strique.io/vs/strique-vs-jasper,high,pass,firecrawl,brands/strique/references/crawls/20260629T193943Z/pages/2401744287a1/firecrawl.json,URL crawled with status 200.,
indexable,https://www.strique.io/vs/strique-vs-jasper,high,pass,firecrawl,brands/strique/references/crawls/20260629T193943Z/pages/2401744287a1/firecrawl.json,Indexability is yes.,
title_present,https://www.strique.io/vs/strique-vs-jasper,medium,pass,firecrawl,brands/strique/references/crawls/20260629T193943Z/pages/2401744287a1/firecrawl.json,Title: Strique vs. Jasper · Strique,
meta_description_present,https://www.strique.io/vs/strique-vs-jasper,medium,pass,firecrawl,brands/strique/references/crawls/20260629T193943Z/pages/2401744287a1/firecrawl.json,Meta description: A content-generation tool vs. an agent that ships content AND the campaigns around it.,
single_h1,https://www.strique.io/vs/strique-vs-jasper,medium,fail,firecrawl,brands/strique/references/crawls/20260629T193943Z/pages/2401744287a1/firecrawl.json,H1 count is 2.,Use one clear H1 on the page.
canonical_match,https://www.strique.io/vs/strique-vs-jasper,high,pass,firecrawl,brands/strique/references/crawls/20260629T193943Z/pages/2401744287a1/firecrawl.json,Canonical: https://www.strique.io/vs/strique-vs-jasper,
schema_present,https://www.strique.io/vs/strique-vs-jasper,low,pass,firecrawl,brands/strique/references/crawls/20260629T193943Z/pages/2401744287a1/firecrawl.json,"Schema types: BreadcrumbList, ContactPoint, ListItem, Organization, SearchAction, WebSite",
image_alt_text,https://www.strique.io/vs/strique-vs-jasper,low,fail,firecrawl,brands/strique/references/crawls/20260629T193943Z/pages/2401744287a1/firecrawl.json,3 images are missing alt text.,Add useful alt text for meaningful images.
sitemap_inclusion,https://www.strique.io/vs/strique-vs-jasper,low,pass,firecrawl,brands/strique/references/crawls/20260629T193943Z/pages/2401744287a1/firecrawl.json,Sitemap inclusion is yes.,
content_visible,https://www.strique.io/vs/strique-vs-jasper,high,pass,firecrawl,brands/strique/references/crawls/20260629T193943Z/pages/2401744287a1/firecrawl.json,Rendered public text has 9032 words.,
content_type_classifiable,https://www.strique.io/vs/strique-vs-jasper,medium,pass,firecrawl,brands/strique/references/crawls/20260629T193943Z/pages/2401744287a1/firecrawl.json,"Public URL, title, and rendered text were reviewed for a recognizable page type.",
resource_rendering_not_blocked,https://www.strique.io/vs/strique-vs-jasper,high,pass,firecrawl,brands/strique/references/crawls/20260629T193943Z/pages/2401744287a1/firecrawl.json,Critical page content rendered successfully.,
title_not_keyword_stuffed,https://www.strique.io/vs/strique-vs-jasper,medium,pass,firecrawl,brands/strique/references/crawls/20260629T193943Z/pages/2401744287a1/firecrawl.json,Title reviewed for repeated terms and separator stuffing: Strique vs. Jasper · Strique.,
heading_not_keyword_stuffed,https://www.strique.io/vs/strique-vs-jasper,medium,pass,firecrawl,brands/strique/references/crawls/20260629T193943Z/pages/2401744287a1/firecrawl.json,4 rendered headings reviewed for stuffing.,
preview_controls_safe,https://www.strique.io/vs/strique-vs-jasper,medium,pass,firecrawl,brands/strique/references/crawls/20260629T193943Z/pages/2401744287a1/firecrawl.json,No harmful snippet preview controls were detected.,
url_path_clean,https://www.strique.io/vs/strique-vs-jasper,medium,pass,firecrawl,brands/strique/references/crawls/20260629T193943Z/pages/2401744287a1/firecrawl.json,"URL path reviewed for IDs, dates, session keys, and implementation details.",
media_support_present,https://www.strique.io/vs/strique-vs-jasper,low,pass,firecrawl,brands/strique/references/crawls/20260629T193943Z/pages/2401744287a1/firecrawl.json,6 images found on the page.,
content_not_ai_slop,https://www.strique.io/vs/strique-vs-jasper,low,pass,firecrawl,brands/strique/references/crawls/20260629T193943Z/pages/2401744287a1/firecrawl.json,Rendered copy reviewed for common generic AI filler phrases.,
thin_prompt_variant_pages,https://www.strique.io/vs/strique-vs-jasper,medium,pass,firecrawl,brands/strique/references/crawls/20260629T193943Z/pages/2401744287a1/firecrawl.json,Rendered public text has 9032 words.,
docs_content_extractable,https://www.strique.io/vs/strique-vs-jasper,medium,not_applicable,firecrawl,brands/strique/references/crawls/20260629T193943Z/pages/2401744287a1/firecrawl.json,This is not a docs or support URL.,
performance_score,https://www.strique.io/vs/strique-vs-jasper,medium,pass,lighthouse,brands/strique/references/evidence/20260629T193943Z/pages/2401744287a1/lighthouse.json,Performance score is 0.94.,
blocking_popups_interstitials,https://www.strique.io/vs/strique-vs-jasper,medium,fail,playwright,brands/strique/references/evidence/20260629T193943Z/pages/2401744287a1/playwright.json,"1 large fixed, modal, or interstitial elements may block main content. 2 large fixed, modal, or interstitial elements may block main content.","Remove or reduce blocking overlays on first render, especially on mobile."
body_text_line_length,https://www.strique.io/vs/strique-vs-jasper,medium,pass,playwright,brands/strique/references/evidence/20260629T193943Z/pages/2401744287a1/playwright.json,Sampled body text line length is readable. Sampled body text line length is readable.,
client_route_metadata,https://www.strique.io/vs/strique-vs-jasper,medium,not_applicable,playwright,brands/strique/references/evidence/20260629T193943Z/pages/2401744287a1/playwright.json,"SPA markers were found, but route-change metadata was not triggered by this deterministic pass.",
color_contrast,https://www.strique.io/vs/strique-vs-jasper,medium,pass,playwright,brands/strique/references/evidence/20260629T193943Z/pages/2401744287a1/playwright.json,Sampled text meets contrast thresholds. Sampled text meets contrast thresholds.,
form_accessibility,https://www.strique.io/vs/strique-vs-jasper,medium,not_applicable,playwright,brands/strique/references/evidence/20260629T193943Z/pages/2401744287a1/playwright.json,No visible form fields found.,
fragment_deep_links,https://www.strique.io/vs/strique-vs-jasper,medium,not_applicable,playwright,brands/strique/references/evidence/20260629T193943Z/pages/2401744287a1/playwright.json,No same-page fragment links found.,
horizontal_scroll,https://www.strique.io/vs/strique-vs-jasper,medium,pass,playwright,brands/strique/references/evidence/20260629T193943Z/pages/2401744287a1/playwright.json,No horizontal overflow detected. No horizontal overflow detected.,
inaccessible_controls,https://www.strique.io/vs/strique-vs-jasper,medium,pass,playwright,brands/strique/references/evidence/20260629T193943Z/pages/2401744287a1/playwright.json,Visible controls have accessible names. Visible controls have accessible names.,
keyboard_navigation,https://www.strique.io/vs/strique-vs-jasper,medium,pass,playwright,brands/strique/references/evidence/20260629T193943Z/pages/2401744287a1/playwright.json,Keyboard focus reached 4 visible controls. Keyboard focus reached 4 visible controls.,
lazy_loading_in_viewport,https://www.strique.io/vs/strique-vs-jasper,medium,pass,playwright,brands/strique/references/evidence/20260629T193943Z/pages/2401744287a1/playwright.json,No unloaded in-viewport lazy content detected. No unloaded in-viewport lazy content detected.,
mobile_form_usability,https://www.strique.io/vs/strique-vs-jasper,medium,not_applicable,playwright,brands/strique/references/evidence/20260629T193943Z/pages/2401744287a1/playwright.json,No visible mobile form fields found.,
mobile_text_readability,https://www.strique.io/vs/strique-vs-jasper,medium,fail,playwright,brands/strique/references/evidence/20260629T193943Z/pages/2401744287a1/playwright.json,10 sampled text elements are too small or tight on mobile.,Increase mobile font size or line height for readable body text.
route_status_handling,https://www.strique.io/vs/strique-vs-jasper,medium,not_applicable,playwright,brands/strique/references/evidence/20260629T193943Z/pages/2401744287a1/playwright.json,Route status handling is tested from the site root.,
table_semantics,https://www.strique.io/vs/strique-vs-jasper,medium,pass,playwright,brands/strique/references/evidence/20260629T193943Z/pages/2401744287a1/playwright.json,Visible tables include semantic table structure. Visible tables include semantic table structure.,
tap_targets,https://www.strique.io/vs/strique-vs-jasper,medium,fail,playwright,brands/strique/references/evidence/20260629T193943Z/pages/2401744287a1/playwright.json,10 small and 13 crowded mobile tap targets found.,Increase tap target size or spacing to at least common mobile accessibility targets.
text_spacing,https://www.strique.io/vs/strique-vs-jasper,medium,pass,playwright,brands/strique/references/evidence/20260629T193943Z/pages/2401744287a1/playwright.json,WCAG text spacing did not cause overflow or content loss. WCAG text spacing did not cause overflow or content loss.,
zoom_readability,https://www.strique.io/vs/strique-vs-jasper,medium,pass,playwright,brands/strique/references/evidence/20260629T193943Z/pages/2401744287a1/playwright.json,Common zoom readability did not cause overflow or content loss. Common zoom readability did not cause overflow or content loss.,
rich_result_properties,https://www.strique.io/vs/strique-vs-jasper,medium,pass,playwright,brands/strique/references/evidence/20260629T193943Z/pages/2401744287a1/playwright.json,"Supported rich result schema properties are present for: BreadcrumbList, Organization.",
critical_css_font_loading,https://www.strique.io/vs/strique-vs-jasper,medium,fail,lighthouse,brands/strique/references/evidence/20260629T193943Z/pages/2401744287a1/lighthouse.json,Stored lab artifact does not include critical CSS or font diagnostics.,Recollect Lighthouse or PageSpeed evidence with CSS and font diagnostics.
render_blocking_scripts,https://www.strique.io/vs/strique-vs-jasper,medium,fail,lighthouse,brands/strique/references/evidence/20260629T193943Z/pages/2401744287a1/lighthouse.json,Stored artifacts do not include render-blocking script diagnostics.,Recollect Lighthouse/PageSpeed diagnostics or Playwright script inventory.
third_party_script_weight,https://www.strique.io/vs/strique-vs-jasper,medium,fail,lighthouse,brands/strique/references/evidence/20260629T193943Z/pages/2401744287a1/lighthouse.json,Stored artifacts do not include third-party script weight diagnostics.,Recollect Lighthouse/PageSpeed diagnostics or Playwright script inventory.
lab_root_cause_diagnostics,https://www.strique.io/vs/strique-vs-jasper,medium,pass,lighthouse,brands/strique/references/evidence/20260629T193943Z/pages/2401744287a1/lighthouse.json,"Lab diagnostics available: largest-contentful-paint, cumulative-layout-shift, speed-index, total-blocking-time.",
duplicate_title,https://www.strique.io/contact,medium,fail,firecrawl,brands/strique/references/crawls/20260629T193943Z/pages/98062d8f9f37/firecrawl.json,"Duplicate title shared by: https://www.strique.io/contact, https://www.strique.io/contact?intent=careers, https://www.strique.io/contact?intent=careers&role=agent-infrastructure-engineer, https://www.strique.io/contact?intent=careers&role=ai-apprentice-program, https://www.strique.io/contact?intent=careers&role=applied-ml-researcher, https://www.strique.io/contact?intent=careers&role=founding-customer-engineer, https://www.strique.io/contact?intent=careers&role=founding-growth-engineer, https://www.strique.io/contact?intent=careers&role=product-designer, https://www.strique.io/contact?intent=careers&role=revenue-marketer, https://www.strique.io/contact?intent=careers&role=senior-full-stack-engineer, https://www.strique.io/contact?intent=demo, https://www.strique.io/contact?intent=newsletter, https://www.strique.io/contact?intent=sales",Make this title unique or consolidate duplicate URLs.
duplicate_title,https://www.strique.io/contact?intent=careers,medium,fail,firecrawl,brands/strique/references/crawls/20260629T193943Z/pages/35a1e3737fef/firecrawl.json,"Duplicate title shared by: https://www.strique.io/contact, https://www.strique.io/contact?intent=careers, https://www.strique.io/contact?intent=careers&role=agent-infrastructure-engineer, https://www.strique.io/contact?intent=careers&role=ai-apprentice-program, https://www.strique.io/contact?intent=careers&role=applied-ml-researcher, https://www.strique.io/contact?intent=careers&role=founding-customer-engineer, https://www.strique.io/contact?intent=careers&role=founding-growth-engineer, https://www.strique.io/contact?intent=careers&role=product-designer, https://www.strique.io/contact?intent=careers&role=revenue-marketer, https://www.strique.io/contact?intent=careers&role=senior-full-stack-engineer, https://www.strique.io/contact?intent=demo, https://www.strique.io/contact?intent=newsletter, https://www.strique.io/contact?intent=sales",Make this title unique or consolidate duplicate URLs.
duplicate_title,https://www.strique.io/contact?intent=careers&role=agent-infrastructure-engineer,medium,fail,firecrawl,brands/strique/references/crawls/20260629T193943Z/pages/2e9e04a05063/firecrawl.json,"Duplicate title shared by: https://www.strique.io/contact, https://www.strique.io/contact?intent=careers, https://www.strique.io/contact?intent=careers&role=agent-infrastructure-engineer, https://www.strique.io/contact?intent=careers&role=ai-apprentice-program, https://www.strique.io/contact?intent=careers&role=applied-ml-researcher, https://www.strique.io/contact?intent=careers&role=founding-customer-engineer, https://www.strique.io/contact?intent=careers&role=founding-growth-engineer, https://www.strique.io/contact?intent=careers&role=product-designer, https://www.strique.io/contact?intent=careers&role=revenue-marketer, https://www.strique.io/contact?intent=careers&role=senior-full-stack-engineer, https://www.strique.io/contact?intent=demo, https://www.strique.io/contact?intent=newsletter, https://www.strique.io/contact?intent=sales",Make this title unique or consolidate duplicate URLs.
duplicate_title,https://www.strique.io/contact?intent=careers&role=ai-apprentice-program,medium,fail,firecrawl,brands/strique/references/crawls/20260629T193943Z/pages/8caafc4adc57/firecrawl.json,"Duplicate title shared by: https://www.strique.io/contact, https://www.strique.io/contact?intent=careers, https://www.strique.io/contact?intent=careers&role=agent-infrastructure-engineer, https://www.strique.io/contact?intent=careers&role=ai-apprentice-program, https://www.strique.io/contact?intent=careers&role=applied-ml-researcher, https://www.strique.io/contact?intent=careers&role=founding-customer-engineer, https://www.strique.io/contact?intent=careers&role=founding-growth-engineer, https://www.strique.io/contact?intent=careers&role=product-designer, https://www.strique.io/contact?intent=careers&role=revenue-marketer, https://www.strique.io/contact?intent=careers&role=senior-full-stack-engineer, https://www.strique.io/contact?intent=demo, https://www.strique.io/contact?intent=newsletter, https://www.strique.io/contact?intent=sales",Make this title unique or consolidate duplicate URLs.
duplicate_title,https://www.strique.io/contact?intent=careers&role=applied-ml-researcher,medium,fail,firecrawl,brands/strique/references/crawls/20260629T193943Z/pages/3e3e4efdb1bc/firecrawl.json,"Duplicate title shared by: https://www.strique.io/contact, https://www.strique.io/contact?intent=careers, https://www.strique.io/contact?intent=careers&role=agent-infrastructure-engineer, https://www.strique.io/contact?intent=careers&role=ai-apprentice-program, https://www.strique.io/contact?intent=careers&role=applied-ml-researcher, https://www.strique.io/contact?intent=careers&role=founding-customer-engineer, https://www.strique.io/contact?intent=careers&role=founding-growth-engineer, https://www.strique.io/contact?intent=careers&role=product-designer, https://www.strique.io/contact?intent=careers&role=revenue-marketer, https://www.strique.io/contact?intent=careers&role=senior-full-stack-engineer, https://www.strique.io/contact?intent=demo, https://www.strique.io/contact?intent=newsletter, https://www.strique.io/contact?intent=sales",Make this title unique or consolidate duplicate URLs.
duplicate_title,https://www.strique.io/contact?intent=careers&role=founding-customer-engineer,medium,fail,firecrawl,brands/strique/references/crawls/20260629T193943Z/pages/5d71331f2665/firecrawl.json,"Duplicate title shared by: https://www.strique.io/contact, https://www.strique.io/contact?intent=careers, https://www.strique.io/contact?intent=careers&role=agent-infrastructure-engineer, https://www.strique.io/contact?intent=careers&role=ai-apprentice-program, https://www.strique.io/contact?intent=careers&role=applied-ml-researcher, https://www.strique.io/contact?intent=careers&role=founding-customer-engineer, https://www.strique.io/contact?intent=careers&role=founding-growth-engineer, https://www.strique.io/contact?intent=careers&role=product-designer, https://www.strique.io/contact?intent=careers&role=revenue-marketer, https://www.strique.io/contact?intent=careers&role=senior-full-stack-engineer, https://www.strique.io/contact?intent=demo, https://www.strique.io/contact?intent=newsletter, https://www.strique.io/contact?intent=sales",Make this title unique or consolidate duplicate URLs.
duplicate_title,https://www.strique.io/contact?intent=careers&role=founding-growth-engineer,medium,fail,firecrawl,brands/strique/references/crawls/20260629T193943Z/pages/ac0a90b8cd54/firecrawl.json,"Duplicate title shared by: https://www.strique.io/contact, https://www.strique.io/contact?intent=careers, https://www.strique.io/contact?intent=careers&role=agent-infrastructure-engineer, https://www.strique.io/contact?intent=careers&role=ai-apprentice-program, https://www.strique.io/contact?intent=careers&role=applied-ml-researcher, https://www.strique.io/contact?intent=careers&role=founding-customer-engineer, https://www.strique.io/contact?intent=careers&role=founding-growth-engineer, https://www.strique.io/contact?intent=careers&role=product-designer, https://www.strique.io/contact?intent=careers&role=revenue-marketer, https://www.strique.io/contact?intent=careers&role=senior-full-stack-engineer, https://www.strique.io/contact?intent=demo, https://www.strique.io/contact?intent=newsletter, https://www.strique.io/contact?intent=sales",Make this title unique or consolidate duplicate URLs.
duplicate_title,https://www.strique.io/contact?intent=careers&role=product-designer,medium,fail,firecrawl,brands/strique/references/crawls/20260629T193943Z/pages/a8afb7d90b1f/firecrawl.json,"Duplicate title shared by: https://www.strique.io/contact, https://www.strique.io/contact?intent=careers, https://www.strique.io/contact?intent=careers&role=agent-infrastructure-engineer, https://www.strique.io/contact?intent=careers&role=ai-apprentice-program, https://www.strique.io/contact?intent=careers&role=applied-ml-researcher, https://www.strique.io/contact?intent=careers&role=founding-customer-engineer, https://www.strique.io/contact?intent=careers&role=founding-growth-engineer, https://www.strique.io/contact?intent=careers&role=product-designer, https://www.strique.io/contact?intent=careers&role=revenue-marketer, https://www.strique.io/contact?intent=careers&role=senior-full-stack-engineer, https://www.strique.io/contact?intent=demo, https://www.strique.io/contact?intent=newsletter, https://www.strique.io/contact?intent=sales",Make this title unique or consolidate duplicate URLs.
duplicate_title,https://www.strique.io/contact?intent=careers&role=revenue-marketer,medium,fail,firecrawl,brands/strique/references/crawls/20260629T193943Z/pages/db714ebf501d/firecrawl.json,"Duplicate title shared by: https://www.strique.io/contact, https://www.strique.io/contact?intent=careers, https://www.strique.io/contact?intent=careers&role=agent-infrastructure-engineer, https://www.strique.io/contact?intent=careers&role=ai-apprentice-program, https://www.strique.io/contact?intent=careers&role=applied-ml-researcher, https://www.strique.io/contact?intent=careers&role=founding-customer-engineer, https://www.strique.io/contact?intent=careers&role=founding-growth-engineer, https://www.strique.io/contact?intent=careers&role=product-designer, https://www.strique.io/contact?intent=careers&role=revenue-marketer, https://www.strique.io/contact?intent=careers&role=senior-full-stack-engineer, https://www.strique.io/contact?intent=demo, https://www.strique.io/contact?intent=newsletter, https://www.strique.io/contact?intent=sales",Make this title unique or consolidate duplicate URLs.
duplicate_title,https://www.strique.io/contact?intent=careers&role=senior-full-stack-engineer,medium,fail,firecrawl,brands/strique/references/crawls/20260629T193943Z/pages/ea651f33d41a/firecrawl.json,"Duplicate title shared by: https://www.strique.io/contact, https://www.strique.io/contact?intent=careers, https://www.strique.io/contact?intent=careers&role=agent-infrastructure-engineer, https://www.strique.io/contact?intent=careers&role=ai-apprentice-program, https://www.strique.io/contact?intent=careers&role=applied-ml-researcher, https://www.strique.io/contact?intent=careers&role=founding-customer-engineer, https://www.strique.io/contact?intent=careers&role=founding-growth-engineer, https://www.strique.io/contact?intent=careers&role=product-designer, https://www.strique.io/contact?intent=careers&role=revenue-marketer, https://www.strique.io/contact?intent=careers&role=senior-full-stack-engineer, https://www.strique.io/contact?intent=demo, https://www.strique.io/contact?intent=newsletter, https://www.strique.io/contact?intent=sales",Make this title unique or consolidate duplicate URLs.
duplicate_title,https://www.strique.io/contact?intent=demo,medium,fail,firecrawl,brands/strique/references/crawls/20260629T193943Z/pages/3154041d4f1e/firecrawl.json,"Duplicate title shared by: https://www.strique.io/contact, https://www.strique.io/contact?intent=careers, https://www.strique.io/contact?intent=careers&role=agent-infrastructure-engineer, https://www.strique.io/contact?intent=careers&role=ai-apprentice-program, https://www.strique.io/contact?intent=careers&role=applied-ml-researcher, https://www.strique.io/contact?intent=careers&role=founding-customer-engineer, https://www.strique.io/contact?intent=careers&role=founding-growth-engineer, https://www.strique.io/contact?intent=careers&role=product-designer, https://www.strique.io/contact?intent=careers&role=revenue-marketer, https://www.strique.io/contact?intent=careers&role=senior-full-stack-engineer, https://www.strique.io/contact?intent=demo, https://www.strique.io/contact?intent=newsletter, https://www.strique.io/contact?intent=sales",Make this title unique or consolidate duplicate URLs.
duplicate_title,https://www.strique.io/contact?intent=newsletter,medium,fail,firecrawl,brands/strique/references/crawls/20260629T193943Z/pages/306f4d4dbd8f/firecrawl.json,"Duplicate title shared by: https://www.strique.io/contact, https://www.strique.io/contact?intent=careers, https://www.strique.io/contact?intent=careers&role=agent-infrastructure-engineer, https://www.strique.io/contact?intent=careers&role=ai-apprentice-program, https://www.strique.io/contact?intent=careers&role=applied-ml-researcher, https://www.strique.io/contact?intent=careers&role=founding-customer-engineer, https://www.strique.io/contact?intent=careers&role=founding-growth-engineer, https://www.strique.io/contact?intent=careers&role=product-designer, https://www.strique.io/contact?intent=careers&role=revenue-marketer, https://www.strique.io/contact?intent=careers&role=senior-full-stack-engineer, https://www.strique.io/contact?intent=demo, https://www.strique.io/contact?intent=newsletter, https://www.strique.io/contact?intent=sales",Make this title unique or consolidate duplicate URLs.
duplicate_title,https://www.strique.io/contact?intent=sales,medium,fail,firecrawl,brands/strique/references/crawls/20260629T193943Z/pages/ac6c351e509d/firecrawl.json,"Duplicate title shared by: https://www.strique.io/contact, https://www.strique.io/contact?intent=careers, https://www.strique.io/contact?intent=careers&role=agent-infrastructure-engineer, https://www.strique.io/contact?intent=careers&role=ai-apprentice-program, https://www.strique.io/contact?intent=careers&role=applied-ml-researcher, https://www.strique.io/contact?intent=careers&role=founding-customer-engineer, https://www.strique.io/contact?intent=careers&role=founding-growth-engineer, https://www.strique.io/contact?intent=careers&role=product-designer, https://www.strique.io/contact?intent=careers&role=revenue-marketer, https://www.strique.io/contact?intent=careers&role=senior-full-stack-engineer, https://www.strique.io/contact?intent=demo, https://www.strique.io/contact?intent=newsletter, https://www.strique.io/contact?intent=sales",Make this title unique or consolidate duplicate URLs.
duplicate_meta_description,https://www.strique.io/contact,medium,fail,firecrawl,brands/strique/references/crawls/20260629T193943Z/pages/98062d8f9f37/firecrawl.json,"Duplicate meta description shared by: https://www.strique.io/contact, https://www.strique.io/contact?intent=careers, https://www.strique.io/contact?intent=careers&role=agent-infrastructure-engineer, https://www.strique.io/contact?intent=careers&role=ai-apprentice-program, https://www.strique.io/contact?intent=careers&role=applied-ml-researcher, https://www.strique.io/contact?intent=careers&role=founding-customer-engineer, https://www.strique.io/contact?intent=careers&role=founding-growth-engineer, https://www.strique.io/contact?intent=careers&role=product-designer, https://www.strique.io/contact?intent=careers&role=revenue-marketer, https://www.strique.io/contact?intent=careers&role=senior-full-stack-engineer, https://www.strique.io/contact?intent=demo, https://www.strique.io/contact?intent=newsletter, https://www.strique.io/contact?intent=sales",Make this meta description unique or consolidate duplicate URLs.
duplicate_meta_description,https://www.strique.io/contact?intent=careers,medium,fail,firecrawl,brands/strique/references/crawls/20260629T193943Z/pages/35a1e3737fef/firecrawl.json,"Duplicate meta description shared by: https://www.strique.io/contact, https://www.strique.io/contact?intent=careers, https://www.strique.io/contact?intent=careers&role=agent-infrastructure-engineer, https://www.strique.io/contact?intent=careers&role=ai-apprentice-program, https://www.strique.io/contact?intent=careers&role=applied-ml-researcher, https://www.strique.io/contact?intent=careers&role=founding-customer-engineer, https://www.strique.io/contact?intent=careers&role=founding-growth-engineer, https://www.strique.io/contact?intent=careers&role=product-designer, https://www.strique.io/contact?intent=careers&role=revenue-marketer, https://www.strique.io/contact?intent=careers&role=senior-full-stack-engineer, https://www.strique.io/contact?intent=demo, https://www.strique.io/contact?intent=newsletter, https://www.strique.io/contact?intent=sales",Make this meta description unique or consolidate duplicate URLs.
duplicate_meta_description,https://www.strique.io/contact?intent=careers&role=agent-infrastructure-engineer,medium,fail,firecrawl,brands/strique/references/crawls/20260629T193943Z/pages/2e9e04a05063/firecrawl.json,"Duplicate meta description shared by: https://www.strique.io/contact, https://www.strique.io/contact?intent=careers, https://www.strique.io/contact?intent=careers&role=agent-infrastructure-engineer, https://www.strique.io/contact?intent=careers&role=ai-apprentice-program, https://www.strique.io/contact?intent=careers&role=applied-ml-researcher, https://www.strique.io/contact?intent=careers&role=founding-customer-engineer, https://www.strique.io/contact?intent=careers&role=founding-growth-engineer, https://www.strique.io/contact?intent=careers&role=product-designer, https://www.strique.io/contact?intent=careers&role=revenue-marketer, https://www.strique.io/contact?intent=careers&role=senior-full-stack-engineer, https://www.strique.io/contact?intent=demo, https://www.strique.io/contact?intent=newsletter, https://www.strique.io/contact?intent=sales",Make this meta description unique or consolidate duplicate URLs.
duplicate_meta_description,https://www.strique.io/contact?intent=careers&role=ai-apprentice-program,medium,fail,firecrawl,brands/strique/references/crawls/20260629T193943Z/pages/8caafc4adc57/firecrawl.json,"Duplicate meta description shared by: https://www.strique.io/contact, https://www.strique.io/contact?intent=careers, https://www.strique.io/contact?intent=careers&role=agent-infrastructure-engineer, https://www.strique.io/contact?intent=careers&role=ai-apprentice-program, https://www.strique.io/contact?intent=careers&role=applied-ml-researcher, https://www.strique.io/contact?intent=careers&role=founding-customer-engineer, https://www.strique.io/contact?intent=careers&role=founding-growth-engineer, https://www.strique.io/contact?intent=careers&role=product-designer, https://www.strique.io/contact?intent=careers&role=revenue-marketer, https://www.strique.io/contact?intent=careers&role=senior-full-stack-engineer, https://www.strique.io/contact?intent=demo, https://www.strique.io/contact?intent=newsletter, https://www.strique.io/contact?intent=sales",Make this meta description unique or consolidate duplicate URLs.
duplicate_meta_description,https://www.strique.io/contact?intent=careers&role=applied-ml-researcher,medium,fail,firecrawl,brands/strique/references/crawls/20260629T193943Z/pages/3e3e4efdb1bc/firecrawl.json,"Duplicate meta description shared by: https://www.strique.io/contact, https://www.strique.io/contact?intent=careers, https://www.strique.io/contact?intent=careers&role=agent-infrastructure-engineer, https://www.strique.io/contact?intent=careers&role=ai-apprentice-program, https://www.strique.io/contact?intent=careers&role=applied-ml-researcher, https://www.strique.io/contact?intent=careers&role=founding-customer-engineer, https://www.strique.io/contact?intent=careers&role=founding-growth-engineer, https://www.strique.io/contact?intent=careers&role=product-designer, https://www.strique.io/contact?intent=careers&role=revenue-marketer, https://www.strique.io/contact?intent=careers&role=senior-full-stack-engineer, https://www.strique.io/contact?intent=demo, https://www.strique.io/contact?intent=newsletter, https://www.strique.io/contact?intent=sales",Make this meta description unique or consolidate duplicate URLs.
duplicate_meta_description,https://www.strique.io/contact?intent=careers&role=founding-customer-engineer,medium,fail,firecrawl,brands/strique/references/crawls/20260629T193943Z/pages/5d71331f2665/firecrawl.json,"Duplicate meta description shared by: https://www.strique.io/contact, https://www.strique.io/contact?intent=careers, https://www.strique.io/contact?intent=careers&role=agent-infrastructure-engineer, https://www.strique.io/contact?intent=careers&role=ai-apprentice-program, https://www.strique.io/contact?intent=careers&role=applied-ml-researcher, https://www.strique.io/contact?intent=careers&role=founding-customer-engineer, https://www.strique.io/contact?intent=careers&role=founding-growth-engineer, https://www.strique.io/contact?intent=careers&role=product-designer, https://www.strique.io/contact?intent=careers&role=revenue-marketer, https://www.strique.io/contact?intent=careers&role=senior-full-stack-engineer, https://www.strique.io/contact?intent=demo, https://www.strique.io/contact?intent=newsletter, https://www.strique.io/contact?intent=sales",Make this meta description unique or consolidate duplicate URLs.
duplicate_meta_description,https://www.strique.io/contact?intent=careers&role=founding-growth-engineer,medium,fail,firecrawl,brands/strique/references/crawls/20260629T193943Z/pages/ac0a90b8cd54/firecrawl.json,"Duplicate meta description shared by: https://www.strique.io/contact, https://www.strique.io/contact?intent=careers, https://www.strique.io/contact?intent=careers&role=agent-infrastructure-engineer, https://www.strique.io/contact?intent=careers&role=ai-apprentice-program, https://www.strique.io/contact?intent=careers&role=applied-ml-researcher, https://www.strique.io/contact?intent=careers&role=founding-customer-engineer, https://www.strique.io/contact?intent=careers&role=founding-growth-engineer, https://www.strique.io/contact?intent=careers&role=product-designer, https://www.strique.io/contact?intent=careers&role=revenue-marketer, https://www.strique.io/contact?intent=careers&role=senior-full-stack-engineer, https://www.strique.io/contact?intent=demo, https://www.strique.io/contact?intent=newsletter, https://www.strique.io/contact?intent=sales",Make this meta description unique or consolidate duplicate URLs.
duplicate_meta_description,https://www.strique.io/contact?intent=careers&role=product-designer,medium,fail,firecrawl,brands/strique/references/crawls/20260629T193943Z/pages/a8afb7d90b1f/firecrawl.json,"Duplicate meta description shared by: https://www.strique.io/contact, https://www.strique.io/contact?intent=careers, https://www.strique.io/contact?intent=careers&role=agent-infrastructure-engineer, https://www.strique.io/contact?intent=careers&role=ai-apprentice-program, https://www.strique.io/contact?intent=careers&role=applied-ml-researcher, https://www.strique.io/contact?intent=careers&role=founding-customer-engineer, https://www.strique.io/contact?intent=careers&role=founding-growth-engineer, https://www.strique.io/contact?intent=careers&role=product-designer, https://www.strique.io/contact?intent=careers&role=revenue-marketer, https://www.strique.io/contact?intent=careers&role=senior-full-stack-engineer, https://www.strique.io/contact?intent=demo, https://www.strique.io/contact?intent=newsletter, https://www.strique.io/contact?intent=sales",Make this meta description unique or consolidate duplicate URLs.
duplicate_meta_description,https://www.strique.io/contact?intent=careers&role=revenue-marketer,medium,fail,firecrawl,brands/strique/references/crawls/20260629T193943Z/pages/db714ebf501d/firecrawl.json,"Duplicate meta description shared by: https://www.strique.io/contact, https://www.strique.io/contact?intent=careers, https://www.strique.io/contact?intent=careers&role=agent-infrastructure-engineer, https://www.strique.io/contact?intent=careers&role=ai-apprentice-program, https://www.strique.io/contact?intent=careers&role=applied-ml-researcher, https://www.strique.io/contact?intent=careers&role=founding-customer-engineer, https://www.strique.io/contact?intent=careers&role=founding-growth-engineer, https://www.strique.io/contact?intent=careers&role=product-designer, https://www.strique.io/contact?intent=careers&role=revenue-marketer, https://www.strique.io/contact?intent=careers&role=senior-full-stack-engineer, https://www.strique.io/contact?intent=demo, https://www.strique.io/contact?intent=newsletter, https://www.strique.io/contact?intent=sales",Make this meta description unique or consolidate duplicate URLs.
duplicate_meta_description,https://www.strique.io/contact?intent=careers&role=senior-full-stack-engineer,medium,fail,firecrawl,brands/strique/references/crawls/20260629T193943Z/pages/ea651f33d41a/firecrawl.json,"Duplicate meta description shared by: https://www.strique.io/contact, https://www.strique.io/contact?intent=careers, https://www.strique.io/contact?intent=careers&role=agent-infrastructure-engineer, https://www.strique.io/contact?intent=careers&role=ai-apprentice-program, https://www.strique.io/contact?intent=careers&role=applied-ml-researcher, https://www.strique.io/contact?intent=careers&role=founding-customer-engineer, https://www.strique.io/contact?intent=careers&role=founding-growth-engineer, https://www.strique.io/contact?intent=careers&role=product-designer, https://www.strique.io/contact?intent=careers&role=revenue-marketer, https://www.strique.io/contact?intent=careers&role=senior-full-stack-engineer, https://www.strique.io/contact?intent=demo, https://www.strique.io/contact?intent=newsletter, https://www.strique.io/contact?intent=sales",Make this meta description unique or consolidate duplicate URLs.
duplicate_meta_description,https://www.strique.io/contact?intent=demo,medium,fail,firecrawl,brands/strique/references/crawls/20260629T193943Z/pages/3154041d4f1e/firecrawl.json,"Duplicate meta description shared by: https://www.strique.io/contact, https://www.strique.io/contact?intent=careers, https://www.strique.io/contact?intent=careers&role=agent-infrastructure-engineer, https://www.strique.io/contact?intent=careers&role=ai-apprentice-program, https://www.strique.io/contact?intent=careers&role=applied-ml-researcher, https://www.strique.io/contact?intent=careers&role=founding-customer-engineer, https://www.strique.io/contact?intent=careers&role=founding-growth-engineer, https://www.strique.io/contact?intent=careers&role=product-designer, https://www.strique.io/contact?intent=careers&role=revenue-marketer, https://www.strique.io/contact?intent=careers&role=senior-full-stack-engineer, https://www.strique.io/contact?intent=demo, https://www.strique.io/contact?intent=newsletter, https://www.strique.io/contact?intent=sales",Make this meta description unique or consolidate duplicate URLs.
duplicate_meta_description,https://www.strique.io/contact?intent=newsletter,medium,fail,firecrawl,brands/strique/references/crawls/20260629T193943Z/pages/306f4d4dbd8f/firecrawl.json,"Duplicate meta description shared by: https://www.strique.io/contact, https://www.strique.io/contact?intent=careers, https://www.strique.io/contact?intent=careers&role=agent-infrastructure-engineer, https://www.strique.io/contact?intent=careers&role=ai-apprentice-program, https://www.strique.io/contact?intent=careers&role=applied-ml-researcher, https://www.strique.io/contact?intent=careers&role=founding-customer-engineer, https://www.strique.io/contact?intent=careers&role=founding-growth-engineer, https://www.strique.io/contact?intent=careers&role=product-designer, https://www.strique.io/contact?intent=careers&role=revenue-marketer, https://www.strique.io/contact?intent=careers&role=senior-full-stack-engineer, https://www.strique.io/contact?intent=demo, https://www.strique.io/contact?intent=newsletter, https://www.strique.io/contact?intent=sales",Make this meta description unique or consolidate duplicate URLs.
duplicate_meta_description,https://www.strique.io/contact?intent=sales,medium,fail,firecrawl,brands/strique/references/crawls/20260629T193943Z/pages/ac6c351e509d/firecrawl.json,"Duplicate meta description shared by: https://www.strique.io/contact, https://www.strique.io/contact?intent=careers, https://www.strique.io/contact?intent=careers&role=agent-infrastructure-engineer, https://www.strique.io/contact?intent=careers&role=ai-apprentice-program, https://www.strique.io/contact?intent=careers&role=applied-ml-researcher, https://www.strique.io/contact?intent=careers&role=founding-customer-engineer, https://www.strique.io/contact?intent=careers&role=founding-growth-engineer, https://www.strique.io/contact?intent=careers&role=product-designer, https://www.strique.io/contact?intent=careers&role=revenue-marketer, https://www.strique.io/contact?intent=careers&role=senior-full-stack-engineer, https://www.strique.io/contact?intent=demo, https://www.strique.io/contact?intent=newsletter, https://www.strique.io/contact?intent=sales",Make this meta description unique or consolidate duplicate URLs.
duplicate_canonical,https://www.strique.io/contact,medium,fail,firecrawl,brands/strique/references/crawls/20260629T193943Z/pages/98062d8f9f37/firecrawl.json,"Duplicate canonical shared by: https://www.strique.io/contact, https://www.strique.io/contact?intent=careers, https://www.strique.io/contact?intent=careers&role=agent-infrastructure-engineer, https://www.strique.io/contact?intent=careers&role=ai-apprentice-program, https://www.strique.io/contact?intent=careers&role=applied-ml-researcher, https://www.strique.io/contact?intent=careers&role=founding-customer-engineer, https://www.strique.io/contact?intent=careers&role=founding-growth-engineer, https://www.strique.io/contact?intent=careers&role=product-designer, https://www.strique.io/contact?intent=careers&role=revenue-marketer, https://www.strique.io/contact?intent=careers&role=senior-full-stack-engineer, https://www.strique.io/contact?intent=demo, https://www.strique.io/contact?intent=newsletter, https://www.strique.io/contact?intent=sales",Make this canonical unique or consolidate duplicate URLs.
duplicate_canonical,https://www.strique.io/contact?intent=careers,medium,fail,firecrawl,brands/strique/references/crawls/20260629T193943Z/pages/35a1e3737fef/firecrawl.json,"Duplicate canonical shared by: https://www.strique.io/contact, https://www.strique.io/contact?intent=careers, https://www.strique.io/contact?intent=careers&role=agent-infrastructure-engineer, https://www.strique.io/contact?intent=careers&role=ai-apprentice-program, https://www.strique.io/contact?intent=careers&role=applied-ml-researcher, https://www.strique.io/contact?intent=careers&role=founding-customer-engineer, https://www.strique.io/contact?intent=careers&role=founding-growth-engineer, https://www.strique.io/contact?intent=careers&role=product-designer, https://www.strique.io/contact?intent=careers&role=revenue-marketer, https://www.strique.io/contact?intent=careers&role=senior-full-stack-engineer, https://www.strique.io/contact?intent=demo, https://www.strique.io/contact?intent=newsletter, https://www.strique.io/contact?intent=sales",Make this canonical unique or consolidate duplicate URLs.
duplicate_canonical,https://www.strique.io/contact?intent=careers&role=agent-infrastructure-engineer,medium,fail,firecrawl,brands/strique/references/crawls/20260629T193943Z/pages/2e9e04a05063/firecrawl.json,"Duplicate canonical shared by: https://www.strique.io/contact, https://www.strique.io/contact?intent=careers, https://www.strique.io/contact?intent=careers&role=agent-infrastructure-engineer, https://www.strique.io/contact?intent=careers&role=ai-apprentice-program, https://www.strique.io/contact?intent=careers&role=applied-ml-researcher, https://www.strique.io/contact?intent=careers&role=founding-customer-engineer, https://www.strique.io/contact?intent=careers&role=founding-growth-engineer, https://www.strique.io/contact?intent=careers&role=product-designer, https://www.strique.io/contact?intent=careers&role=revenue-marketer, https://www.strique.io/contact?intent=careers&role=senior-full-stack-engineer, https://www.strique.io/contact?intent=demo, https://www.strique.io/contact?intent=newsletter, https://www.strique.io/contact?intent=sales",Make this canonical unique or consolidate duplicate URLs.
duplicate_canonical,https://www.strique.io/contact?intent=careers&role=ai-apprentice-program,medium,fail,firecrawl,brands/strique/references/crawls/20260629T193943Z/pages/8caafc4adc57/firecrawl.json,"Duplicate canonical shared by: https://www.strique.io/contact, https://www.strique.io/contact?intent=careers, https://www.strique.io/contact?intent=careers&role=agent-infrastructure-engineer, https://www.strique.io/contact?intent=careers&role=ai-apprentice-program, https://www.strique.io/contact?intent=careers&role=applied-ml-researcher, https://www.strique.io/contact?intent=careers&role=founding-customer-engineer, https://www.strique.io/contact?intent=careers&role=founding-growth-engineer, https://www.strique.io/contact?intent=careers&role=product-designer, https://www.strique.io/contact?intent=careers&role=revenue-marketer, https://www.strique.io/contact?intent=careers&role=senior-full-stack-engineer, https://www.strique.io/contact?intent=demo, https://www.strique.io/contact?intent=newsletter, https://www.strique.io/contact?intent=sales",Make this canonical unique or consolidate duplicate URLs.
duplicate_canonical,https://www.strique.io/contact?intent=careers&role=applied-ml-researcher,medium,fail,firecrawl,brands/strique/references/crawls/20260629T193943Z/pages/3e3e4efdb1bc/firecrawl.json,"Duplicate canonical shared by: https://www.strique.io/contact, https://www.strique.io/contact?intent=careers, https://www.strique.io/contact?intent=careers&role=agent-infrastructure-engineer, https://www.strique.io/contact?intent=careers&role=ai-apprentice-program, https://www.strique.io/contact?intent=careers&role=applied-ml-researcher, https://www.strique.io/contact?intent=careers&role=founding-customer-engineer, https://www.strique.io/contact?intent=careers&role=founding-growth-engineer, https://www.strique.io/contact?intent=careers&role=product-designer, https://www.strique.io/contact?intent=careers&role=revenue-marketer, https://www.strique.io/contact?intent=careers&role=senior-full-stack-engineer, https://www.strique.io/contact?intent=demo, https://www.strique.io/contact?intent=newsletter, https://www.strique.io/contact?intent=sales",Make this canonical unique or consolidate duplicate URLs.
duplicate_canonical,https://www.strique.io/contact?intent=careers&role=founding-customer-engineer,medium,fail,firecrawl,brands/strique/references/crawls/20260629T193943Z/pages/5d71331f2665/firecrawl.json,"Duplicate canonical shared by: https://www.strique.io/contact, https://www.strique.io/contact?intent=careers, https://www.strique.io/contact?intent=careers&role=agent-infrastructure-engineer, https://www.strique.io/contact?intent=careers&role=ai-apprentice-program, https://www.strique.io/contact?intent=careers&role=applied-ml-researcher, https://www.strique.io/contact?intent=careers&role=founding-customer-engineer, https://www.strique.io/contact?intent=careers&role=founding-growth-engineer, https://www.strique.io/contact?intent=careers&role=product-designer, https://www.strique.io/contact?intent=careers&role=revenue-marketer, https://www.strique.io/contact?intent=careers&role=senior-full-stack-engineer, https://www.strique.io/contact?intent=demo, https://www.strique.io/contact?intent=newsletter, https://www.strique.io/contact?intent=sales",Make this canonical unique or consolidate duplicate URLs.
duplicate_canonical,https://www.strique.io/contact?intent=careers&role=founding-growth-engineer,medium,fail,firecrawl,brands/strique/references/crawls/20260629T193943Z/pages/ac0a90b8cd54/firecrawl.json,"Duplicate canonical shared by: https://www.strique.io/contact, https://www.strique.io/contact?intent=careers, https://www.strique.io/contact?intent=careers&role=agent-infrastructure-engineer, https://www.strique.io/contact?intent=careers&role=ai-apprentice-program, https://www.strique.io/contact?intent=careers&role=applied-ml-researcher, https://www.strique.io/contact?intent=careers&role=founding-customer-engineer, https://www.strique.io/contact?intent=careers&role=founding-growth-engineer, https://www.strique.io/contact?intent=careers&role=product-designer, https://www.strique.io/contact?intent=careers&role=revenue-marketer, https://www.strique.io/contact?intent=careers&role=senior-full-stack-engineer, https://www.strique.io/contact?intent=demo, https://www.strique.io/contact?intent=newsletter, https://www.strique.io/contact?intent=sales",Make this canonical unique or consolidate duplicate URLs.
duplicate_canonical,https://www.strique.io/contact?intent=careers&role=product-designer,medium,fail,firecrawl,brands/strique/references/crawls/20260629T193943Z/pages/a8afb7d90b1f/firecrawl.json,"Duplicate canonical shared by: https://www.strique.io/contact, https://www.strique.io/contact?intent=careers, https://www.strique.io/contact?intent=careers&role=agent-infrastructure-engineer, https://www.strique.io/contact?intent=careers&role=ai-apprentice-program, https://www.strique.io/contact?intent=careers&role=applied-ml-researcher, https://www.strique.io/contact?intent=careers&role=founding-customer-engineer, https://www.strique.io/contact?intent=careers&role=founding-growth-engineer, https://www.strique.io/contact?intent=careers&role=product-designer, https://www.strique.io/contact?intent=careers&role=revenue-marketer, https://www.strique.io/contact?intent=careers&role=senior-full-stack-engineer, https://www.strique.io/contact?intent=demo, https://www.strique.io/contact?intent=newsletter, https://www.strique.io/contact?intent=sales",Make this canonical unique or consolidate duplicate URLs.
duplicate_canonical,https://www.strique.io/contact?intent=careers&role=revenue-marketer,medium,fail,firecrawl,brands/strique/references/crawls/20260629T193943Z/pages/db714ebf501d/firecrawl.json,"Duplicate canonical shared by: https://www.strique.io/contact, https://www.strique.io/contact?intent=careers, https://www.strique.io/contact?intent=careers&role=agent-infrastructure-engineer, https://www.strique.io/contact?intent=careers&role=ai-apprentice-program, https://www.strique.io/contact?intent=careers&role=applied-ml-researcher, https://www.strique.io/contact?intent=careers&role=founding-customer-engineer, https://www.strique.io/contact?intent=careers&role=founding-growth-engineer, https://www.strique.io/contact?intent=careers&role=product-designer, https://www.strique.io/contact?intent=careers&role=revenue-marketer, https://www.strique.io/contact?intent=careers&role=senior-full-stack-engineer, https://www.strique.io/contact?intent=demo, https://www.strique.io/contact?intent=newsletter, https://www.strique.io/contact?intent=sales",Make this canonical unique or consolidate duplicate URLs.
duplicate_canonical,https://www.strique.io/contact?intent=careers&role=senior-full-stack-engineer,medium,fail,firecrawl,brands/strique/references/crawls/20260629T193943Z/pages/ea651f33d41a/firecrawl.json,"Duplicate canonical shared by: https://www.strique.io/contact, https://www.strique.io/contact?intent=careers, https://www.strique.io/contact?intent=careers&role=agent-infrastructure-engineer, https://www.strique.io/contact?intent=careers&role=ai-apprentice-program, https://www.strique.io/contact?intent=careers&role=applied-ml-researcher, https://www.strique.io/contact?intent=careers&role=founding-customer-engineer, https://www.strique.io/contact?intent=careers&role=founding-growth-engineer, https://www.strique.io/contact?intent=careers&role=product-designer, https://www.strique.io/contact?intent=careers&role=revenue-marketer, https://www.strique.io/contact?intent=careers&role=senior-full-stack-engineer, https://www.strique.io/contact?intent=demo, https://www.strique.io/contact?intent=newsletter, https://www.strique.io/contact?intent=sales",Make this canonical unique or consolidate duplicate URLs.
duplicate_canonical,https://www.strique.io/contact?intent=demo,medium,fail,firecrawl,brands/strique/references/crawls/20260629T193943Z/pages/3154041d4f1e/firecrawl.json,"Duplicate canonical shared by: https://www.strique.io/contact, https://www.strique.io/contact?intent=careers, https://www.strique.io/contact?intent=careers&role=agent-infrastructure-engineer, https://www.strique.io/contact?intent=careers&role=ai-apprentice-program, https://www.strique.io/contact?intent=careers&role=applied-ml-researcher, https://www.strique.io/contact?intent=careers&role=founding-customer-engineer, https://www.strique.io/contact?intent=careers&role=founding-growth-engineer, https://www.strique.io/contact?intent=careers&role=product-designer, https://www.strique.io/contact?intent=careers&role=revenue-marketer, https://www.strique.io/contact?intent=careers&role=senior-full-stack-engineer, https://www.strique.io/contact?intent=demo, https://www.strique.io/contact?intent=newsletter, https://www.strique.io/contact?intent=sales",Make this canonical unique or consolidate duplicate URLs.
duplicate_canonical,https://www.strique.io/contact?intent=newsletter,medium,fail,firecrawl,brands/strique/references/crawls/20260629T193943Z/pages/306f4d4dbd8f/firecrawl.json,"Duplicate canonical shared by: https://www.strique.io/contact, https://www.strique.io/contact?intent=careers, https://www.strique.io/contact?intent=careers&role=agent-infrastructure-engineer, https://www.strique.io/contact?intent=careers&role=ai-apprentice-program, https://www.strique.io/contact?intent=careers&role=applied-ml-researcher, https://www.strique.io/contact?intent=careers&role=founding-customer-engineer, https://www.strique.io/contact?intent=careers&role=founding-growth-engineer, https://www.strique.io/contact?intent=careers&role=product-designer, https://www.strique.io/contact?intent=careers&role=revenue-marketer, https://www.strique.io/contact?intent=careers&role=senior-full-stack-engineer, https://www.strique.io/contact?intent=demo, https://www.strique.io/contact?intent=newsletter, https://www.strique.io/contact?intent=sales",Make this canonical unique or consolidate duplicate URLs.
duplicate_canonical,https://www.strique.io/contact?intent=sales,medium,fail,firecrawl,brands/strique/references/crawls/20260629T193943Z/pages/ac6c351e509d/firecrawl.json,"Duplicate canonical shared by: https://www.strique.io/contact, https://www.strique.io/contact?intent=careers, https://www.strique.io/contact?intent=careers&role=agent-infrastructure-engineer, https://www.strique.io/contact?intent=careers&role=ai-apprentice-program, https://www.strique.io/contact?intent=careers&role=applied-ml-researcher, https://www.strique.io/contact?intent=careers&role=founding-customer-engineer, https://www.strique.io/contact?intent=careers&role=founding-growth-engineer, https://www.strique.io/contact?intent=careers&role=product-designer, https://www.strique.io/contact?intent=careers&role=revenue-marketer, https://www.strique.io/contact?intent=careers&role=senior-full-stack-engineer, https://www.strique.io/contact?intent=demo, https://www.strique.io/contact?intent=newsletter, https://www.strique.io/contact?intent=sales",Make this canonical unique or consolidate duplicate URLs.
