"Type","Source","Destination","Alt Text","Length","Path Type","Link Path","Link Position","Link Origin","Real Dimensions","Dimensions in Attributes","Display Dimensions"
"Image","https://offlimits.co.in/","https://cdn.shopify.com/s/files/1/0549/2926/0637/files/Mask_Group_11_2x_c8ab0a7c-97c0-460d-9505-5bb348f5420d.webp?v=1749454119","UNLOCK YOUR","11","Absolute","//body/div[@id='nt_wrapper']/div[@id='nt_content']/div[@id='shopify-section-custom_html_rdtMER']/div/div/a/div[1]/div[@class='custom_unlock_inner']/div[@class='custom_unlock_image'][1]/img","Content","HTML","","",""
"Image","https://offlimits.co.in/","https://cdn.shopify.com/s/files/1/0549/2926/0637/files/Group_43.svg?v=1714465742","VALUE-DRIVEN PERFORMANCE","24","Absolute","//body/div[@id='nt_wrapper']/div[@id='nt_content']/div[@id='shopify-section-custom_html_x3j4a6']/div/div/marquee/div[@class='slider-marq'][1]/span[7]/span/img","Content","HTML","","",""
"Image","https://offlimits.co.in/","https://cdn.shopify.com/s/files/1/0549/2926/0637/files/Group_43.svg?v=1714465742","VALUE-DRIVEN PERFORMANCE","24","Absolute","//body/div[@id='nt_wrapper']/div[@id='nt_content']/div[@id='shopify-section-custom_html_x3j4a6']/div/div/marquee/div[@class='slider-marq'][2]/span[7]/span/img","Content","HTML","","",""
"Image","https://offlimits.co.in/","https://cdn.shopify.com/s/files/1/0549/2926/0637/files/Group_43.svg?v=1714465742","VALUE-DRIVEN PERFORMANCE","24","Absolute","//body/div[@id='nt_wrapper']/div[@id='nt_content']/div[@id='shopify-section-custom_html_x3j4a6']/div/div/marquee/div[@class='slider-marq'][3]/span[7]/span/img","Content","HTML","","",""
"Image","https://offlimits.co.in/","https://cdn.shopify.com/s/files/1/0549/2926/0637/files/Group_43.svg?v=1714465742","VALUE-DRIVEN PERFORMANCE","24","Absolute","//body/div[@id='nt_wrapper']/div[@id='nt_content']/div[@id='shopify-section-custom_html_x3j4a6']/div/div/marquee/div[@class='slider-marq'][4]/span[7]/span/img","Content","HTML","","",""
"Image","https://offlimits.co.in/","https://cdn.shopify.com/s/files/1/0549/2926/0637/files/Group_43.svg?v=1714465742","VALUE-DRIVEN PERFORMANCE","24","Absolute","//body/div[@id='nt_wrapper']/div[@id='nt_content']/div[@id='shopify-section-custom_html_x3j4a6']/div/div/marquee/div[@class='slider-marq'][5]/span[7]/span/img","Content","HTML","","",""
"Image","https://offlimits.co.in/","https://cdn.shopify.com/s/files/1/0549/2926/0637/files/Group_43.svg?v=1714465742","VALUE-DRIVEN PERFORMANCE","24","Absolute","//body/div[@id='nt_wrapper']/div[@id='nt_content']/div[@id='shopify-section-custom_html_x3j4a6']/div/div/marquee/div[@class='slider-marq'][6]/span[7]/span/img","Content","HTML","","",""
"Image","https://offlimits.co.in/","https://cdn.shopify.com/s/files/1/0549/2926/0637/files/Group_43.svg?v=1714465742","VALUE-DRIVEN PERFORMANCE","24","Absolute","//body/div[@id='nt_wrapper']/div[@id='nt_content']/div[@id='shopify-section-custom_html_x3j4a6']/div/div/marquee/div[@class='slider-marq'][7]/span[7]/span/img","Content","HTML","","",""
"Image","https://offlimits.co.in/","https://cdn.shopify.com/s/files/1/0549/2926/0637/files/Group_43.svg?v=1714465742","VALUE-DRIVEN PERFORMANCE","24","Absolute","//body/div[@id='nt_wrapper']/div[@id='nt_content']/div[@id='shopify-section-custom_html_x3j4a6']/div/div/marquee/div[@class='slider-marq'][8]/span[7]/span/img","Content","HTML","","",""
"Image","https://offlimits.co.in/","https://cdn.shopify.com/s/files/1/0549/2926/0637/files/Group_43.svg?v=1714465742","VALUE-DRIVEN PERFORMANCE","24","Absolute","//body/div[@id='nt_wrapper']/div[@id='nt_content']/div[@id='shopify-section-custom_html_x3j4a6']/div/div/marquee/div[@class='slider-marq'][9]/span[7]/span/img","Content","HTML","","",""
"Image","https://offlimits.co.in/","https://cdn.shopify.com/s/files/1/0549/2926/0637/files/Group_43.svg?v=1714465742","VALUE-DRIVEN PERFORMANCE","24","Absolute","//body/div[@id='nt_wrapper']/div[@id='nt_content']/div[@id='shopify-section-custom_html_x3j4a6']/div/div/marquee/div[@class='slider-marq'][10]/span[7]/span/img","Content","HTML","","",""
"Image","https://offlimits.co.in/","https://cdn.shopify.com/s/files/1/0549/2926/0637/files/6989d89379a88_size_15_dbead77f-4b21-4dc6-9be5-3cb4dc5a724e.png?v=1770643023","","0","Absolute","//body/div[@id='nt_wrapper']/div[@id='nt_content']/div[@id='shopify-section-tab_collection_owl_yhHhAD']/div/div[@class='tab_se_wrap']/div[@class='tab_se_content']/div[@id='collection_W3ntAy'][1]/div/div[4]/div/img","Content","HTML","","",""
"Image","https://offlimits.co.in/","https://cdn.shopify.com/s/files/1/0549/2926/0637/files/6989d89379a88_size_15_dbead77f-4b21-4dc6-9be5-3cb4dc5a724e.png?v=1770643023","","0","Absolute","//body/div[@id='nt_wrapper']/div[@id='nt_content']/div[@id='shopify-section-tab_collection_owl_yhHhAD']/div/div[@class='tab_se_wrap']/div[@class='tab_se_content']/div[@id='collection_W3ntAy'][1]/div/div[5]/div/img","Content","HTML","","",""
"Image","https://offlimits.co.in/","https://cdn.shopify.com/s/files/1/0549/2926/0637/files/6989d89379a88_size_15_dbead77f-4b21-4dc6-9be5-3cb4dc5a724e.png?v=1770643023","big-tall","8","Absolute","//body/div[@id='nt_wrapper']/div[@id='nt_content']/div[@id='shopify-section-collection_list_w9kqc3']/div/div[2]/div[@id='nt_collection_bHDaVY']/div/img","Content","HTML","","",""
"Image","https://offlimits.co.in/collections/white-sneaker","https://cdn.shopify.com/s/files/1/0549/2926/0637/files/6989d89379a88_size_15_dbead77f-4b21-4dc6-9be5-3cb4dc5a724e.png?v=1770643023","","0","Absolute","//body/div[@id='nt_wrapper']/div[@id='nt_content']/div[3]/div[3]/div[2]/div/div[2]/div[3]/div/img","Content","HTML","","",""
"Image","https://offlimits.co.in/collections/white-sneaker","https://cdn.shopify.com/s/files/1/0549/2926/0637/files/6989d89379a88_size_15_dbead77f-4b21-4dc6-9be5-3cb4dc5a724e.png?v=1770643023","","0","Absolute","//body/div[@id='nt_wrapper']/div[@id='nt_content']/div[3]/div[3]/div[2]/div/div[2]/div[5]/div/img","Content","HTML","","",""
"Image","https://offlimits.co.in/collections/white-sneaker","https://cdn.shopify.com/s/files/1/0549/2926/0637/files/6989d89379a88_size_15_dbead77f-4b21-4dc6-9be5-3cb4dc5a724e.png?v=1770643023","","0","Absolute","//body/div[@id='nt_wrapper']/div[@id='nt_content']/div[3]/div[3]/div[2]/div/div[2]/div[11]/div/img","Content","HTML","","",""
"Image","https://offlimits.co.in/collections/white-sneaker","https://cdn.shopify.com/s/files/1/0549/2926/0637/files/6989d89379a88_size_15_dbead77f-4b21-4dc6-9be5-3cb4dc5a724e.png?v=1770643023","","0","Absolute","//body/div[@id='nt_wrapper']/div[@id='nt_content']/div[3]/div[3]/div[2]/div/div[2]/div[12]/div/img","Content","HTML","","",""
"Image","https://offlimits.co.in/collections/white-sneaker","https://cdn.shopify.com/s/files/1/0549/2926/0637/files/6989d89379a88_size_15_dbead77f-4b21-4dc6-9be5-3cb4dc5a724e.png?v=1770643023","","0","Absolute","//body/div[@id='nt_wrapper']/div[@id='nt_content']/div[3]/div[3]/div[2]/div/div[2]/div[13]/div/img","Content","HTML","","",""
"Image","https://offlimits.co.in/collections/white-sneaker","https://cdn.shopify.com/s/files/1/0549/2926/0637/files/6989d89379a88_size_15_dbead77f-4b21-4dc6-9be5-3cb4dc5a724e.png?v=1770643023","","0","Absolute","//body/div[@id='nt_wrapper']/div[@id='nt_content']/div[3]/div[3]/div[2]/div/div[2]/div[17]/div/img","Content","HTML","","",""
"Image","https://offlimits.co.in/collections/white-sneaker","https://cdn.shopify.com/s/files/1/0549/2926/0637/files/6989d89379a88_size_15_dbead77f-4b21-4dc6-9be5-3cb4dc5a724e.png?v=1770643023","","0","Absolute","//body/div[@id='nt_wrapper']/div[@id='nt_content']/div[3]/div[3]/div[2]/div/div[2]/div[18]/div/img","Content","HTML","","",""
"Image","https://offlimits.co.in/collections/white-sneaker","https://cdn.shopify.com/s/files/1/0549/2926/0637/files/6989d89379a88_size_15_dbead77f-4b21-4dc6-9be5-3cb4dc5a724e.png?v=1770643023","","0","Absolute","//body/div[@id='nt_wrapper']/div[@id='nt_content']/div[3]/div[3]/div[2]/div/div[2]/div[25]/div/img","Content","HTML","","",""
"Image","https://offlimits.co.in/collections/white-sneaker","https://cdn.shopify.com/s/files/1/0549/2926/0637/files/6989d89379a88_size_15_dbead77f-4b21-4dc6-9be5-3cb4dc5a724e.png?v=1770643023","","0","Absolute","//body/div[@id='nt_wrapper']/div[@id='nt_content']/div[3]/div[3]/div[2]/div/div[2]/div[32]/div/img","Content","HTML","","",""
"Image","https://offlimits.co.in/collections/white-sneaker","https://cdn.shopify.com/s/files/1/0549/2926/0637/files/6989d89379a88_size_15_dbead77f-4b21-4dc6-9be5-3cb4dc5a724e.png?v=1770643023","","0","Absolute","//body/div[@id='nt_wrapper']/div[@id='nt_content']/div[3]/div[3]/div[2]/div/div[2]/div[35]/div/img","Content","HTML","","",""
"Image","https://offlimits.co.in/collections/white-sneaker","https://cdn.shopify.com/s/files/1/0549/2926/0637/files/6989d89379a88_size_15_dbead77f-4b21-4dc6-9be5-3cb4dc5a724e.png?v=1770643023","","0","Absolute","//body/div[@id='nt_wrapper']/div[@id='nt_content']/div[3]/div[3]/div[2]/div/div[2]/div[40]/div/img","Content","HTML","","",""
"Image","https://offlimits.co.in/collections/white-sneaker","https://cdn.shopify.com/s/files/1/0549/2926/0637/files/6989d89379a88_size_15_dbead77f-4b21-4dc6-9be5-3cb4dc5a724e.png?v=1770643023","","0","Absolute","//body/div[@id='nt_wrapper']/div[@id='nt_content']/div[3]/div[3]/div[2]/div/div[2]/div[49]/div/img","Content","HTML","","",""
"Image","https://offlimits.co.in/collections/white-sneaker","https://cdn.shopify.com/s/files/1/0549/2926/0637/files/6989d89379a88_size_15_dbead77f-4b21-4dc6-9be5-3cb4dc5a724e.png?v=1770643023","","0","Absolute","//body/div[@id='nt_wrapper']/div[@id='nt_content']/div[3]/div[3]/div[2]/div/div[2]/div[50]/div/img","Content","HTML","","",""
"Image","https://offlimits.co.in/collections/new-arrivals","https://cdn.shopify.com/s/files/1/0549/2926/0637/files/6989d89379a88_size_15_dbead77f-4b21-4dc6-9be5-3cb4dc5a724e.png?v=1770643023","","0","Absolute","//body/div[@id='nt_wrapper']/div[@id='nt_content']/div[3]/div[3]/div[2]/div/div[2]/div[3]/div/img","Content","HTML","","",""
"Image","https://offlimits.co.in/collections/new-arrivals","https://cdn.shopify.com/s/files/1/0549/2926/0637/files/6989d89379a88_size_15_dbead77f-4b21-4dc6-9be5-3cb4dc5a724e.png?v=1770643023","","0","Absolute","//body/div[@id='nt_wrapper']/div[@id='nt_content']/div[3]/div[3]/div[2]/div/div[2]/div[4]/div/img","Content","HTML","","",""
"Image","https://offlimits.co.in/collections/new-arrivals","https://cdn.shopify.com/s/files/1/0549/2926/0637/files/6989d89379a88_size_15_dbead77f-4b21-4dc6-9be5-3cb4dc5a724e.png?v=1770643023","","0","Absolute","//body/div[@id='nt_wrapper']/div[@id='nt_content']/div[3]/div[3]/div[2]/div/div[2]/div[11]/div/img","Content","HTML","","",""
"Image","https://offlimits.co.in/collections/new-arrivals","https://cdn.shopify.com/s/files/1/0549/2926/0637/files/6989d89379a88_size_15_dbead77f-4b21-4dc6-9be5-3cb4dc5a724e.png?v=1770643023","","0","Absolute","//body/div[@id='nt_wrapper']/div[@id='nt_content']/div[3]/div[3]/div[2]/div/div[2]/div[12]/div/img","Content","HTML","","",""
"Image","https://offlimits.co.in/collections/new-arrivals","https://cdn.shopify.com/s/files/1/0549/2926/0637/files/6989d89379a88_size_15_dbead77f-4b21-4dc6-9be5-3cb4dc5a724e.png?v=1770643023","","0","Absolute","//body/div[@id='nt_wrapper']/div[@id='nt_content']/div[3]/div[3]/div[2]/div/div[2]/div[13]/div/img","Content","HTML","","",""
"Image","https://offlimits.co.in/collections/new-arrivals","https://cdn.shopify.com/s/files/1/0549/2926/0637/files/6989d89379a88_size_15_dbead77f-4b21-4dc6-9be5-3cb4dc5a724e.png?v=1770643023","","0","Absolute","//body/div[@id='nt_wrapper']/div[@id='nt_content']/div[3]/div[3]/div[2]/div/div[2]/div[14]/div/img","Content","HTML","","",""
"Image","https://offlimits.co.in/collections/new-arrivals","https://cdn.shopify.com/s/files/1/0549/2926/0637/files/6989d89379a88_size_15_dbead77f-4b21-4dc6-9be5-3cb4dc5a724e.png?v=1770643023","","0","Absolute","//body/div[@id='nt_wrapper']/div[@id='nt_content']/div[3]/div[3]/div[2]/div/div[2]/div[15]/div/img","Content","HTML","","",""
"Image","https://offlimits.co.in/collections/new-arrivals","https://cdn.shopify.com/s/files/1/0549/2926/0637/files/6989d89379a88_size_15_dbead77f-4b21-4dc6-9be5-3cb4dc5a724e.png?v=1770643023","","0","Absolute","//body/div[@id='nt_wrapper']/div[@id='nt_content']/div[3]/div[3]/div[2]/div/div[2]/div[44]/div/img","Content","HTML","","",""
"Image","https://offlimits.co.in/collections/new-arrivals","https://cdn.shopify.com/s/files/1/0549/2926/0637/files/6989d89379a88_size_15_dbead77f-4b21-4dc6-9be5-3cb4dc5a724e.png?v=1770643023","","0","Absolute","//body/div[@id='nt_wrapper']/div[@id='nt_content']/div[3]/div[3]/div[2]/div/div[2]/div[45]/div/img","Content","HTML","","",""
"Image","https://offlimits.co.in/collections/casual-shoes-men","https://cdn.shopify.com/s/files/1/0549/2926/0637/files/6989d89379a88_size_15_dbead77f-4b21-4dc6-9be5-3cb4dc5a724e.png?v=1770643023","","0","Absolute","//body/div[@id='nt_wrapper']/div[@id='nt_content']/div[3]/div[3]/div[2]/div/div[2]/div[1]/div/img","Content","HTML","","",""
"Image","https://offlimits.co.in/collections/casual-shoes-men","https://cdn.shopify.com/s/files/1/0549/2926/0637/files/6989d89379a88_size_15_dbead77f-4b21-4dc6-9be5-3cb4dc5a724e.png?v=1770643023","","0","Absolute","//body/div[@id='nt_wrapper']/div[@id='nt_content']/div[3]/div[3]/div[2]/div/div[2]/div[4]/div/img","Content","HTML","","",""
"Image","https://offlimits.co.in/collections/casual-shoes-men","https://cdn.shopify.com/s/files/1/0549/2926/0637/files/6989d89379a88_size_15_dbead77f-4b21-4dc6-9be5-3cb4dc5a724e.png?v=1770643023","","0","Absolute","//body/div[@id='nt_wrapper']/div[@id='nt_content']/div[3]/div[3]/div[2]/div/div[2]/div[6]/div/img","Content","HTML","","",""
"Image","https://offlimits.co.in/collections/casual-shoes-men","https://cdn.shopify.com/s/files/1/0549/2926/0637/files/6989d89379a88_size_15_dbead77f-4b21-4dc6-9be5-3cb4dc5a724e.png?v=1770643023","","0","Absolute","//body/div[@id='nt_wrapper']/div[@id='nt_content']/div[3]/div[3]/div[2]/div/div[2]/div[9]/div/img","Content","HTML","","",""
"Image","https://offlimits.co.in/collections/casual-shoes-men","https://cdn.shopify.com/s/files/1/0549/2926/0637/files/6989d89379a88_size_15_dbead77f-4b21-4dc6-9be5-3cb4dc5a724e.png?v=1770643023","","0","Absolute","//body/div[@id='nt_wrapper']/div[@id='nt_content']/div[3]/div[3]/div[2]/div/div[2]/div[10]/div/img","Content","HTML","","",""
"Image","https://offlimits.co.in/collections/casual-shoes-men","https://cdn.shopify.com/s/files/1/0549/2926/0637/files/6989d89379a88_size_15_dbead77f-4b21-4dc6-9be5-3cb4dc5a724e.png?v=1770643023","","0","Absolute","//body/div[@id='nt_wrapper']/div[@id='nt_content']/div[3]/div[3]/div[2]/div/div[2]/div[12]/div/img","Content","HTML","","",""
"Image","https://offlimits.co.in/collections/casual-shoes-men","https://cdn.shopify.com/s/files/1/0549/2926/0637/files/6989d89379a88_size_15_dbead77f-4b21-4dc6-9be5-3cb4dc5a724e.png?v=1770643023","","0","Absolute","//body/div[@id='nt_wrapper']/div[@id='nt_content']/div[3]/div[3]/div[2]/div/div[2]/div[18]/div/img","Content","HTML","","",""
"Image","https://offlimits.co.in/collections/casual-shoes-men","https://cdn.shopify.com/s/files/1/0549/2926/0637/files/6989d89379a88_size_15_dbead77f-4b21-4dc6-9be5-3cb4dc5a724e.png?v=1770643023","","0","Absolute","//body/div[@id='nt_wrapper']/div[@id='nt_content']/div[3]/div[3]/div[2]/div/div[2]/div[19]/div/img","Content","HTML","","",""
"Image","https://offlimits.co.in/collections/casual-shoes-men","https://cdn.shopify.com/s/files/1/0549/2926/0637/files/6989d89379a88_size_15_dbead77f-4b21-4dc6-9be5-3cb4dc5a724e.png?v=1770643023","","0","Absolute","//body/div[@id='nt_wrapper']/div[@id='nt_content']/div[3]/div[3]/div[2]/div/div[2]/div[20]/div/img","Content","HTML","","",""
"Image","https://offlimits.co.in/collections/casual-shoes-men","https://cdn.shopify.com/s/files/1/0549/2926/0637/files/6989d89379a88_size_15_dbead77f-4b21-4dc6-9be5-3cb4dc5a724e.png?v=1770643023","","0","Absolute","//body/div[@id='nt_wrapper']/div[@id='nt_content']/div[3]/div[3]/div[2]/div/div[2]/div[21]/div/img","Content","HTML","","",""
"Image","https://offlimits.co.in/collections/casual-shoes-men","https://cdn.shopify.com/s/files/1/0549/2926/0637/files/6989d89379a88_size_15_dbead77f-4b21-4dc6-9be5-3cb4dc5a724e.png?v=1770643023","","0","Absolute","//body/div[@id='nt_wrapper']/div[@id='nt_content']/div[3]/div[3]/div[2]/div/div[2]/div[22]/div/img","Content","HTML","","",""
"Image","https://offlimits.co.in/collections/casual-shoes-men","https://cdn.shopify.com/s/files/1/0549/2926/0637/files/6989d89379a88_size_15_dbead77f-4b21-4dc6-9be5-3cb4dc5a724e.png?v=1770643023","","0","Absolute","//body/div[@id='nt_wrapper']/div[@id='nt_content']/div[3]/div[3]/div[2]/div/div[2]/div[24]/div/img","Content","HTML","","",""
"Image","https://offlimits.co.in/collections/casual-shoes-men","https://cdn.shopify.com/s/files/1/0549/2926/0637/files/6989d89379a88_size_15_dbead77f-4b21-4dc6-9be5-3cb4dc5a724e.png?v=1770643023","","0","Absolute","//body/div[@id='nt_wrapper']/div[@id='nt_content']/div[3]/div[3]/div[2]/div/div[2]/div[26]/div/img","Content","HTML","","",""
"Image","https://offlimits.co.in/collections/casual-shoes-men","https://cdn.shopify.com/s/files/1/0549/2926/0637/files/6989d89379a88_size_15_dbead77f-4b21-4dc6-9be5-3cb4dc5a724e.png?v=1770643023","","0","Absolute","//body/div[@id='nt_wrapper']/div[@id='nt_content']/div[3]/div[3]/div[2]/div/div[2]/div[27]/div/img","Content","HTML","","",""
"Image","https://offlimits.co.in/collections/casual-shoes-men","https://cdn.shopify.com/s/files/1/0549/2926/0637/files/6989d89379a88_size_15_dbead77f-4b21-4dc6-9be5-3cb4dc5a724e.png?v=1770643023","","0","Absolute","//body/div[@id='nt_wrapper']/div[@id='nt_content']/div[3]/div[3]/div[2]/div/div[2]/div[29]/div/img","Content","HTML","","",""
"Image","https://offlimits.co.in/collections/casual-shoes-men","https://cdn.shopify.com/s/files/1/0549/2926/0637/files/6989d89379a88_size_15_dbead77f-4b21-4dc6-9be5-3cb4dc5a724e.png?v=1770643023","","0","Absolute","//body/div[@id='nt_wrapper']/div[@id='nt_content']/div[3]/div[3]/div[2]/div/div[2]/div[30]/div/img","Content","HTML","","",""
"Image","https://offlimits.co.in/collections/casual-shoes-men","https://cdn.shopify.com/s/files/1/0549/2926/0637/files/6989d89379a88_size_15_dbead77f-4b21-4dc6-9be5-3cb4dc5a724e.png?v=1770643023","","0","Absolute","//body/div[@id='nt_wrapper']/div[@id='nt_content']/div[3]/div[3]/div[2]/div/div[2]/div[31]/div/img","Content","HTML","","",""
"Image","https://offlimits.co.in/collections/casual-shoes-men","https://cdn.shopify.com/s/files/1/0549/2926/0637/files/6989d89379a88_size_15_dbead77f-4b21-4dc6-9be5-3cb4dc5a724e.png?v=1770643023","","0","Absolute","//body/div[@id='nt_wrapper']/div[@id='nt_content']/div[3]/div[3]/div[2]/div/div[2]/div[32]/div/img","Content","HTML","","",""
"Image","https://offlimits.co.in/collections/casual-shoes-men","https://cdn.shopify.com/s/files/1/0549/2926/0637/files/6989d89379a88_size_15_dbead77f-4b21-4dc6-9be5-3cb4dc5a724e.png?v=1770643023","","0","Absolute","//body/div[@id='nt_wrapper']/div[@id='nt_content']/div[3]/div[3]/div[2]/div/div[2]/div[36]/div/img","Content","HTML","","",""
"Image","https://offlimits.co.in/collections/casual-shoes-men","https://cdn.shopify.com/s/files/1/0549/2926/0637/files/6989d89379a88_size_15_dbead77f-4b21-4dc6-9be5-3cb4dc5a724e.png?v=1770643023","","0","Absolute","//body/div[@id='nt_wrapper']/div[@id='nt_content']/div[3]/div[3]/div[2]/div/div[2]/div[37]/div/img","Content","HTML","","",""
"Image","https://offlimits.co.in/collections/casual-shoes-men","https://cdn.shopify.com/s/files/1/0549/2926/0637/files/6989d89379a88_size_15_dbead77f-4b21-4dc6-9be5-3cb4dc5a724e.png?v=1770643023","","0","Absolute","//body/div[@id='nt_wrapper']/div[@id='nt_content']/div[3]/div[3]/div[2]/div/div[2]/div[38]/div/img","Content","HTML","","",""
"Image","https://offlimits.co.in/collections/casual-shoes-men","https://cdn.shopify.com/s/files/1/0549/2926/0637/files/6989d89379a88_size_15_dbead77f-4b21-4dc6-9be5-3cb4dc5a724e.png?v=1770643023","","0","Absolute","//body/div[@id='nt_wrapper']/div[@id='nt_content']/div[3]/div[3]/div[2]/div/div[2]/div[39]/div/img","Content","HTML","","",""
"Image","https://offlimits.co.in/collections/casual-shoes-men","https://cdn.shopify.com/s/files/1/0549/2926/0637/files/6989d89379a88_size_15_dbead77f-4b21-4dc6-9be5-3cb4dc5a724e.png?v=1770643023","","0","Absolute","//body/div[@id='nt_wrapper']/div[@id='nt_content']/div[3]/div[3]/div[2]/div/div[2]/div[42]/div/img","Content","HTML","","",""
"Image","https://offlimits.co.in/collections/casual-shoes-men","https://cdn.shopify.com/s/files/1/0549/2926/0637/files/6989d89379a88_size_15_dbead77f-4b21-4dc6-9be5-3cb4dc5a724e.png?v=1770643023","","0","Absolute","//body/div[@id='nt_wrapper']/div[@id='nt_content']/div[3]/div[3]/div[2]/div/div[2]/div[43]/div/img","Content","HTML","","",""
"Image","https://offlimits.co.in/collections/casual-shoes-men","https://cdn.shopify.com/s/files/1/0549/2926/0637/files/6989d89379a88_size_15_dbead77f-4b21-4dc6-9be5-3cb4dc5a724e.png?v=1770643023","","0","Absolute","//body/div[@id='nt_wrapper']/div[@id='nt_content']/div[3]/div[3]/div[2]/div/div[2]/div[44]/div/img","Content","HTML","","",""
"Image","https://offlimits.co.in/collections/casual-shoes-men","https://cdn.shopify.com/s/files/1/0549/2926/0637/files/6989d89379a88_size_15_dbead77f-4b21-4dc6-9be5-3cb4dc5a724e.png?v=1770643023","","0","Absolute","//body/div[@id='nt_wrapper']/div[@id='nt_content']/div[3]/div[3]/div[2]/div/div[2]/div[45]/div/img","Content","HTML","","",""
"Image","https://offlimits.co.in/collections/casual-shoes-men","https://cdn.shopify.com/s/files/1/0549/2926/0637/files/6989d89379a88_size_15_dbead77f-4b21-4dc6-9be5-3cb4dc5a724e.png?v=1770643023","","0","Absolute","//body/div[@id='nt_wrapper']/div[@id='nt_content']/div[3]/div[3]/div[2]/div/div[2]/div[46]/div/img","Content","HTML","","",""
"Image","https://offlimits.co.in/collections/casual-shoes-men","https://cdn.shopify.com/s/files/1/0549/2926/0637/files/6989d89379a88_size_15_dbead77f-4b21-4dc6-9be5-3cb4dc5a724e.png?v=1770643023","","0","Absolute","//body/div[@id='nt_wrapper']/div[@id='nt_content']/div[3]/div[3]/div[2]/div/div[2]/div[47]/div/img","Content","HTML","","",""
"Image","https://offlimits.co.in/collections/casual-shoes-men","https://cdn.shopify.com/s/files/1/0549/2926/0637/files/6989d89379a88_size_15_dbead77f-4b21-4dc6-9be5-3cb4dc5a724e.png?v=1770643023","","0","Absolute","//body/div[@id='nt_wrapper']/div[@id='nt_content']/div[3]/div[3]/div[2]/div/div[2]/div[48]/div/img","Content","HTML","","",""
"Image","https://offlimits.co.in/collections/casual-shoes-men","https://cdn.shopify.com/s/files/1/0549/2926/0637/files/6989d89379a88_size_15_dbead77f-4b21-4dc6-9be5-3cb4dc5a724e.png?v=1770643023","","0","Absolute","//body/div[@id='nt_wrapper']/div[@id='nt_content']/div[3]/div[3]/div[2]/div/div[2]/div[50]/div/img","Content","HTML","","",""
"Image","https://offlimits.co.in/collections/high-top-shoes-for-men","https://cdn.shopify.com/s/files/1/0549/2926/0637/files/6989d89379a88_size_15_dbead77f-4b21-4dc6-9be5-3cb4dc5a724e.png?v=1770643023","","0","Absolute","//body/div[@id='nt_wrapper']/div[@id='nt_content']/div[3]/div[3]/div[2]/div/div[2]/div[18]/div/img","Content","HTML","","",""
"Image","https://offlimits.co.in/collections/high-top-shoes-for-men","https://cdn.shopify.com/s/files/1/0549/2926/0637/files/6989d89379a88_size_15_dbead77f-4b21-4dc6-9be5-3cb4dc5a724e.png?v=1770643023","","0","Absolute","//body/div[@id='nt_wrapper']/div[@id='nt_content']/div[3]/div[3]/div[2]/div/div[2]/div[21]/div/img","Content","HTML","","",""
"Image","https://offlimits.co.in/collections/high-top-shoes-for-men","https://cdn.shopify.com/s/files/1/0549/2926/0637/files/6989d89379a88_size_15_dbead77f-4b21-4dc6-9be5-3cb4dc5a724e.png?v=1770643023","","0","Absolute","//body/div[@id='nt_wrapper']/div[@id='nt_content']/div[3]/div[3]/div[2]/div/div[2]/div[36]/div/img","Content","HTML","","",""
"Image","https://offlimits.co.in/collections/high-top-shoes-for-men","https://cdn.shopify.com/s/files/1/0549/2926/0637/files/6989d89379a88_size_15_dbead77f-4b21-4dc6-9be5-3cb4dc5a724e.png?v=1770643023","","0","Absolute","//body/div[@id='nt_wrapper']/div[@id='nt_content']/div[3]/div[3]/div[2]/div/div[2]/div[43]/div/img","Content","HTML","","",""
"Image","https://offlimits.co.in/collections/men-running-shoes","https://cdn.shopify.com/s/files/1/0549/2926/0637/files/6989d89379a88_size_15_dbead77f-4b21-4dc6-9be5-3cb4dc5a724e.png?v=1770643023","","0","Absolute","//body/div[@id='nt_wrapper']/div[@id='nt_content']/div[3]/div[3]/div[2]/div/div[2]/div[2]/div/img","Content","HTML","","",""
"Image","https://offlimits.co.in/collections/men-running-shoes","https://cdn.shopify.com/s/files/1/0549/2926/0637/files/6989d89379a88_size_15_dbead77f-4b21-4dc6-9be5-3cb4dc5a724e.png?v=1770643023","","0","Absolute","//body/div[@id='nt_wrapper']/div[@id='nt_content']/div[3]/div[3]/div[2]/div/div[2]/div[21]/div/img","Content","HTML","","",""
"Image","https://offlimits.co.in/collections/men-running-shoes","https://cdn.shopify.com/s/files/1/0549/2926/0637/files/6989d89379a88_size_15_dbead77f-4b21-4dc6-9be5-3cb4dc5a724e.png?v=1770643023","","0","Absolute","//body/div[@id='nt_wrapper']/div[@id='nt_content']/div[3]/div[3]/div[2]/div/div[2]/div[30]/div/img","Content","HTML","","",""
"Image","https://offlimits.co.in/collections/white-shoes-for-men","https://cdn.shopify.com/s/files/1/0549/2926/0637/files/6989d89379a88_size_15_dbead77f-4b21-4dc6-9be5-3cb4dc5a724e.png?v=1770643023","","0","Absolute","//body/div[@id='nt_wrapper']/div[@id='nt_content']/div[3]/div[3]/div[2]/div/div[2]/div[8]/div/img","Content","HTML","","",""
"Image","https://offlimits.co.in/collections/white-shoes-for-men","https://cdn.shopify.com/s/files/1/0549/2926/0637/files/6989d89379a88_size_15_dbead77f-4b21-4dc6-9be5-3cb4dc5a724e.png?v=1770643023","","0","Absolute","//body/div[@id='nt_wrapper']/div[@id='nt_content']/div[3]/div[3]/div[2]/div/div[2]/div[29]/div/img","Content","HTML","","",""
"Image","https://offlimits.co.in/collections/white-shoes-for-men","https://cdn.shopify.com/s/files/1/0549/2926/0637/files/6989d89379a88_size_15_dbead77f-4b21-4dc6-9be5-3cb4dc5a724e.png?v=1770643023","","0","Absolute","//body/div[@id='nt_wrapper']/div[@id='nt_content']/div[3]/div[3]/div[2]/div/div[2]/div[30]/div/img","Content","HTML","","",""
"Image","https://offlimits.co.in/collections/white-shoes-for-men","https://cdn.shopify.com/s/files/1/0549/2926/0637/files/6989d89379a88_size_15_dbead77f-4b21-4dc6-9be5-3cb4dc5a724e.png?v=1770643023","","0","Absolute","//body/div[@id='nt_wrapper']/div[@id='nt_content']/div[3]/div[3]/div[2]/div/div[2]/div[48]/div/img","Content","HTML","","",""
"Image","https://offlimits.co.in/collections/white-shoes-for-men","https://cdn.shopify.com/s/files/1/0549/2926/0637/files/6989d89379a88_size_15_dbead77f-4b21-4dc6-9be5-3cb4dc5a724e.png?v=1770643023","","0","Absolute","//body/div[@id='nt_wrapper']/div[@id='nt_content']/div[3]/div[3]/div[2]/div/div[2]/div[50]/div/img","Content","HTML","","",""
"Image","https://offlimits.co.in/","https://cdn.shopify.com/s/files/1/0549/2926/0637/files/Mask_Group_45_2x_a50b4329-12b5-4442-9b38-4d4878dfd311.png?v=1714371480","Blogs","5","Absolute","//body/div[@id='nt_wrapper']/footer/div[@id='shopify-section-footer_top']/div/div/div[@class='row']/div[6]/aside/div/div[@class='footer-img']/div[@class='footer-img-box'][2]/a/img","Aside","HTML","","",""
"Image","https://offlimits.co.in/collections/mens-bestsellers/products/gladiator-off-white-orm-661-02","https://cdn.shopify.com/s/files/1/0549/2926/0637/files/Mask_Group_45_2x_a50b4329-12b5-4442-9b38-4d4878dfd311.png?v=1714371480","Blogs","5","Absolute","//body/div[@id='nt_wrapper']/footer/div[@id='shopify-section-footer_top']/div/div/div[@class='row']/div[6]/aside/div/div[@class='footer-img']/div[@class='footer-img-box'][2]/a/img","Aside","HTML","","",""
"Image","https://offlimits.co.in/collections/men-clothing","https://cdn.shopify.com/s/files/1/0549/2926/0637/files/Mask_Group_45_2x_a50b4329-12b5-4442-9b38-4d4878dfd311.png?v=1714371480","Blogs","5","Absolute","//body/div[@id='nt_wrapper']/footer/div[@id='shopify-section-footer_top']/div/div/div[@class='row']/div[6]/aside/div/div[@class='footer-img']/div[@class='footer-img-box'][2]/a/img","Aside","HTML","","",""
"Image","https://offlimits.co.in/collections/white-sneaker","https://cdn.shopify.com/s/files/1/0549/2926/0637/files/Mask_Group_45_2x_a50b4329-12b5-4442-9b38-4d4878dfd311.png?v=1714371480","Blogs","5","Absolute","//body/div[@id='nt_wrapper']/footer/div[@id='shopify-section-footer_top']/div/div/div[@class='row']/div[6]/aside/div/div[@class='footer-img']/div[@class='footer-img-box'][2]/a/img","Aside","HTML","","",""
"Image","https://offlimits.co.in/collections/women-track-suits","https://cdn.shopify.com/s/files/1/0549/2926/0637/files/Mask_Group_45_2x_a50b4329-12b5-4442-9b38-4d4878dfd311.png?v=1714371480","Blogs","5","Absolute","//body/div[@id='nt_wrapper']/footer/div[@id='shopify-section-footer_top']/div/div/div[@class='row']/div[6]/aside/div/div[@class='footer-img']/div[@class='footer-img-box'][2]/a/img","Aside","HTML","","",""
"Image","https://offlimits.co.in/collections/women-walking","https://cdn.shopify.com/s/files/1/0549/2926/0637/files/Mask_Group_45_2x_a50b4329-12b5-4442-9b38-4d4878dfd311.png?v=1714371480","Blogs","5","Absolute","//body/div[@id='nt_wrapper']/footer/div[@id='shopify-section-footer_top']/div/div/div[@class='row']/div[6]/aside/div/div[@class='footer-img']/div[@class='footer-img-box'][2]/a/img","Aside","HTML","","",""
"Image","https://offlimits.co.in/collections/new-arrivals","https://cdn.shopify.com/s/files/1/0549/2926/0637/files/Mask_Group_45_2x_a50b4329-12b5-4442-9b38-4d4878dfd311.png?v=1714371480","Blogs","5","Absolute","//body/div[@id='nt_wrapper']/footer/div[@id='shopify-section-footer_top']/div/div/div[@class='row']/div[6]/aside/div/div[@class='footer-img']/div[@class='footer-img-box'][2]/a/img","Aside","HTML","","",""
"Image","https://offlimits.co.in/collections/s-w-a-t-men","https://cdn.shopify.com/s/files/1/0549/2926/0637/files/Mask_Group_45_2x_a50b4329-12b5-4442-9b38-4d4878dfd311.png?v=1714371480","Blogs","5","Absolute","//body/div[@id='nt_wrapper']/footer/div[@id='shopify-section-footer_top']/div/div/div[@class='row']/div[6]/aside/div/div[@class='footer-img']/div[@class='footer-img-box'][2]/a/img","Aside","HTML","","",""
"Image","https://offlimits.co.in/collections/mens-bestsellers/products/sparta-pro-blue-orange-orm-795-03","https://cdn.shopify.com/s/files/1/0549/2926/0637/files/Mask_Group_45_2x_a50b4329-12b5-4442-9b38-4d4878dfd311.png?v=1714371480","Blogs","5","Absolute","//body/div[@id='nt_wrapper']/footer/div[@id='shopify-section-footer_top']/div/div/div[@class='row']/div[6]/aside/div/div[@class='footer-img']/div[@class='footer-img-box'][2]/a/img","Aside","HTML","","",""
"Image","https://offlimits.co.in/collections/men-track-suits","https://cdn.shopify.com/s/files/1/0549/2926/0637/files/Mask_Group_45_2x_a50b4329-12b5-4442-9b38-4d4878dfd311.png?v=1714371480","Blogs","5","Absolute","//body/div[@id='nt_wrapper']/footer/div[@id='shopify-section-footer_top']/div/div/div[@class='row']/div[6]/aside/div/div[@class='footer-img']/div[@class='footer-img-box'][2]/a/img","Aside","HTML","","",""
"Image","https://offlimits.co.in/collections/basketball-boots","https://cdn.shopify.com/s/files/1/0549/2926/0637/files/Mask_Group_45_2x_a50b4329-12b5-4442-9b38-4d4878dfd311.png?v=1714371480","Blogs","5","Absolute","//body/div[@id='nt_wrapper']/footer/div[@id='shopify-section-footer_top']/div/div/div[@class='row']/div[6]/aside/div/div[@class='footer-img']/div[@class='footer-img-box'][2]/a/img","Aside","HTML","","",""
"Image","https://offlimits.co.in/collections/men-shorts","https://cdn.shopify.com/s/files/1/0549/2926/0637/files/Mask_Group_45_2x_a50b4329-12b5-4442-9b38-4d4878dfd311.png?v=1714371480","Blogs","5","Absolute","//body/div[@id='nt_wrapper']/footer/div[@id='shopify-section-footer_top']/div/div/div[@class='row']/div[6]/aside/div/div[@class='footer-img']/div[@class='footer-img-box'][2]/a/img","Aside","HTML","","",""
"Image","https://offlimits.co.in/collections/men-sweatshirts","https://cdn.shopify.com/s/files/1/0549/2926/0637/files/Mask_Group_45_2x_a50b4329-12b5-4442-9b38-4d4878dfd311.png?v=1714371480","Blogs","5","Absolute","//body/div[@id='nt_wrapper']/footer/div[@id='shopify-section-footer_top']/div/div/div[@class='row']/div[6]/aside/div/div[@class='footer-img']/div[@class='footer-img-box'][2]/a/img","Aside","HTML","","",""
"Image","https://offlimits.co.in/pages/store-gallery","https://cdn.shopify.com/s/files/1/0549/2926/0637/files/Mask_Group_45_2x_a50b4329-12b5-4442-9b38-4d4878dfd311.png?v=1714371480","Blogs","5","Absolute","//body/div[@id='nt_wrapper']/footer/div[@id='shopify-section-footer_top']/div/div/div[@class='row']/div[6]/aside/div/div[@class='footer-img']/div[@class='footer-img-box'][2]/a/img","Aside","HTML","","",""
"Image","https://offlimits.co.in/pages/sitemap","https://cdn.shopify.com/s/files/1/0549/2926/0637/files/Mask_Group_45_2x_a50b4329-12b5-4442-9b38-4d4878dfd311.png?v=1714371480","Blogs","5","Absolute","//body/div[@id='nt_wrapper']/footer/div[@id='shopify-section-footer_top']/div/div/div[@class='row']/div[6]/aside/div/div[@class='footer-img']/div[@class='footer-img-box'][2]/a/img","Aside","HTML","","",""
"Image","https://offlimits.co.in/collections/casual-shoes-men","https://cdn.shopify.com/s/files/1/0549/2926/0637/files/Mask_Group_45_2x_a50b4329-12b5-4442-9b38-4d4878dfd311.png?v=1714371480","Blogs","5","Absolute","//body/div[@id='nt_wrapper']/footer/div[@id='shopify-section-footer_top']/div/div/div[@class='row']/div[6]/aside/div/div[@class='footer-img']/div[@class='footer-img-box'][2]/a/img","Aside","HTML","","",""
"Image","https://offlimits.co.in/collections/high-top-shoes-for-men","https://cdn.shopify.com/s/files/1/0549/2926/0637/files/Mask_Group_45_2x_a50b4329-12b5-4442-9b38-4d4878dfd311.png?v=1714371480","Blogs","5","Absolute","//body/div[@id='nt_wrapper']/footer/div[@id='shopify-section-footer_top']/div/div/div[@class='row']/div[6]/aside/div/div[@class='footer-img']/div[@class='footer-img-box'][2]/a/img","Aside","HTML","","",""
"Image","https://offlimits.co.in/collections/new-arrivals-2026/products/splash-mode-for-her-white-ocw-926-02","https://cdn.shopify.com/s/files/1/0549/2926/0637/files/Mask_Group_45_2x_a50b4329-12b5-4442-9b38-4d4878dfd311.png?v=1714371480","Blogs","5","Absolute","//body/div[@id='nt_wrapper']/footer/div[@id='shopify-section-footer_top']/div/div/div[@class='row']/div[6]/aside/div/div[@class='footer-img']/div[@class='footer-img-box'][2]/a/img","Aside","HTML","","",""
"Image","https://offlimits.co.in/collections/women-clothing","https://cdn.shopify.com/s/files/1/0549/2926/0637/files/Mask_Group_45_2x_a50b4329-12b5-4442-9b38-4d4878dfd311.png?v=1714371480","Blogs","5","Absolute","//body/div[@id='nt_wrapper']/footer/div[@id='shopify-section-footer_top']/div/div/div[@class='row']/div[6]/aside/div/div[@class='footer-img']/div[@class='footer-img-box'][2]/a/img","Aside","HTML","","",""
"Image","https://offlimits.co.in/pages/privacy-policy","https://cdn.shopify.com/s/files/1/0549/2926/0637/files/Mask_Group_45_2x_a50b4329-12b5-4442-9b38-4d4878dfd311.png?v=1714371480","Blogs","5","Absolute","//body/div[@id='nt_wrapper']/footer/div[@id='shopify-section-footer_top']/div/div/div[@class='row']/div[6]/aside/div/div[@class='footer-img']/div[@class='footer-img-box'][2]/a/img","Aside","HTML","","",""
"Image","https://offlimits.co.in/collections/women","https://cdn.shopify.com/s/files/1/0549/2926/0637/files/Mask_Group_45_2x_a50b4329-12b5-4442-9b38-4d4878dfd311.png?v=1714371480","Blogs","5","Absolute","//body/div[@id='nt_wrapper']/footer/div[@id='shopify-section-footer_top']/div/div/div[@class='row']/div[6]/aside/div/div[@class='footer-img']/div[@class='footer-img-box'][2]/a/img","Aside","HTML","","",""
"Image","https://offlimits.co.in/collections/men-running-shoes","https://cdn.shopify.com/s/files/1/0549/2926/0637/files/Mask_Group_45_2x_a50b4329-12b5-4442-9b38-4d4878dfd311.png?v=1714371480","Blogs","5","Absolute","//body/div[@id='nt_wrapper']/footer/div[@id='shopify-section-footer_top']/div/div/div[@class='row']/div[6]/aside/div/div[@class='footer-img']/div[@class='footer-img-box'][2]/a/img","Aside","HTML","","",""
"Image","https://offlimits.co.in/collections/new-arrivals-2026/products/coast-big-tall-off-white-yellow-purple-ocm-878-02","https://cdn.shopify.com/s/files/1/0549/2926/0637/files/Mask_Group_45_2x_a50b4329-12b5-4442-9b38-4d4878dfd311.png?v=1714371480","Blogs","5","Absolute","//body/div[@id='nt_wrapper']/footer/div[@id='shopify-section-footer_top']/div/div/div[@class='row']/div[6]/aside/div/div[@class='footer-img']/div[@class='footer-img-box'][2]/a/img","Aside","HTML","","",""
"Image","https://offlimits.co.in/collections/women-bestsellers","https://cdn.shopify.com/s/files/1/0549/2926/0637/files/Mask_Group_45_2x_a50b4329-12b5-4442-9b38-4d4878dfd311.png?v=1714371480","Blogs","5","Absolute","//body/div[@id='nt_wrapper']/footer/div[@id='shopify-section-footer_top']/div/div/div[@class='row']/div[6]/aside/div/div[@class='footer-img']/div[@class='footer-img-box'][2]/a/img","Aside","HTML","","",""
"Image","https://offlimits.co.in/collections/new-arrivals-2026/products/roger-select-black-silver-ocm-915-08","https://cdn.shopify.com/s/files/1/0549/2926/0637/files/Mask_Group_45_2x_a50b4329-12b5-4442-9b38-4d4878dfd311.png?v=1714371480","Blogs","5","Absolute","//body/div[@id='nt_wrapper']/footer/div[@id='shopify-section-footer_top']/div/div/div[@class='row']/div[6]/aside/div/div[@class='footer-img']/div[@class='footer-img-box'][2]/a/img","Aside","HTML","","",""
"Image","https://offlimits.co.in/collections/mens-bestsellers/products/baseline-23-milwaukee-bucks-beige-green-ocm-828-06","https://cdn.shopify.com/s/files/1/0549/2926/0637/files/Mask_Group_45_2x_a50b4329-12b5-4442-9b38-4d4878dfd311.png?v=1714371480","Blogs","5","Absolute","//body/div[@id='nt_wrapper']/footer/div[@id='shopify-section-footer_top']/div/div/div[@class='row']/div[6]/aside/div/div[@class='footer-img']/div[@class='footer-img-box'][2]/a/img","Aside","HTML","","",""
"Image","https://offlimits.co.in/collections/men-gym-training","https://cdn.shopify.com/s/files/1/0549/2926/0637/files/Mask_Group_45_2x_a50b4329-12b5-4442-9b38-4d4878dfd311.png?v=1714371480","Blogs","5","Absolute","//body/div[@id='nt_wrapper']/footer/div[@id='shopify-section-footer_top']/div/div/div[@class='row']/div[6]/aside/div/div[@class='footer-img']/div[@class='footer-img-box'][2]/a/img","Aside","HTML","","",""
"Image","https://offlimits.co.in/collections/women-running-gym","https://cdn.shopify.com/s/files/1/0549/2926/0637/files/Mask_Group_45_2x_a50b4329-12b5-4442-9b38-4d4878dfd311.png?v=1714371480","Blogs","5","Absolute","//body/div[@id='nt_wrapper']/footer/div[@id='shopify-section-footer_top']/div/div/div[@class='row']/div[6]/aside/div/div[@class='footer-img']/div[@class='footer-img-box'][2]/a/img","Aside","HTML","","",""
"Image","https://offlimits.co.in/collections/mens-bestsellers/products/unbound-teal-orm-855-06","https://cdn.shopify.com/s/files/1/0549/2926/0637/files/Mask_Group_45_2x_a50b4329-12b5-4442-9b38-4d4878dfd311.png?v=1714371480","Blogs","5","Absolute","//body/div[@id='nt_wrapper']/footer/div[@id='shopify-section-footer_top']/div/div/div[@class='row']/div[6]/aside/div/div[@class='footer-img']/div[@class='footer-img-box'][2]/a/img","Aside","HTML","","",""
"Image","https://offlimits.co.in/pages/return-exchange","https://cdn.shopify.com/s/files/1/0549/2926/0637/files/Mask_Group_45_2x_a50b4329-12b5-4442-9b38-4d4878dfd311.png?v=1714371480","Blogs","5","Absolute","//body/div[@id='nt_wrapper']/footer/div[@id='shopify-section-footer_top']/div/div/div[@class='row']/div[6]/aside/div/div[@class='footer-img']/div[@class='footer-img-box'][2]/a/img","Aside","HTML","","",""
"Image","https://offlimits.co.in/collections/white-shoes-for-men","https://cdn.shopify.com/s/files/1/0549/2926/0637/files/Mask_Group_45_2x_a50b4329-12b5-4442-9b38-4d4878dfd311.png?v=1714371480","Blogs","5","Absolute","//body/div[@id='nt_wrapper']/footer/div[@id='shopify-section-footer_top']/div/div/div[@class='row']/div[6]/aside/div/div[@class='footer-img']/div[@class='footer-img-box'][2]/a/img","Aside","HTML","","",""
"Image","https://offlimits.co.in/","https://cdn.shopify.com/s/files/1/0549/2926/0637/files/instagram.svg?v=1634556983","instagram","9","Absolute","//body/div[@id='nt_wrapper']/footer/div[@id='shopify-section-footer_top']/div/div/div[@class='row']/div[1]/aside/div/div/div[@class='social-icons']/ul/li[1]/a/img","Aside","HTML","","",""
"Image","https://offlimits.co.in/collections/mens-bestsellers/products/gladiator-off-white-orm-661-02","https://cdn.shopify.com/s/files/1/0549/2926/0637/files/instagram.svg?v=1634556983","instagram","9","Absolute","//body/div[@id='nt_wrapper']/footer/div[@id='shopify-section-footer_top']/div/div/div[@class='row']/div[1]/aside/div/div/div[@class='social-icons']/ul/li[1]/a/img","Aside","HTML","","",""
"Image","https://offlimits.co.in/collections/men-clothing","https://cdn.shopify.com/s/files/1/0549/2926/0637/files/instagram.svg?v=1634556983","instagram","9","Absolute","//body/div[@id='nt_wrapper']/footer/div[@id='shopify-section-footer_top']/div/div/div[@class='row']/div[1]/aside/div/div/div[@class='social-icons']/ul/li[1]/a/img","Aside","HTML","","",""
"Image","https://offlimits.co.in/collections/white-sneaker","https://cdn.shopify.com/s/files/1/0549/2926/0637/files/instagram.svg?v=1634556983","instagram","9","Absolute","//body/div[@id='nt_wrapper']/footer/div[@id='shopify-section-footer_top']/div/div/div[@class='row']/div[1]/aside/div/div/div[@class='social-icons']/ul/li[1]/a/img","Aside","HTML","","",""
"Image","https://offlimits.co.in/collections/women-track-suits","https://cdn.shopify.com/s/files/1/0549/2926/0637/files/instagram.svg?v=1634556983","instagram","9","Absolute","//body/div[@id='nt_wrapper']/footer/div[@id='shopify-section-footer_top']/div/div/div[@class='row']/div[1]/aside/div/div/div[@class='social-icons']/ul/li[1]/a/img","Aside","HTML","","",""
"Image","https://offlimits.co.in/collections/women-walking","https://cdn.shopify.com/s/files/1/0549/2926/0637/files/instagram.svg?v=1634556983","instagram","9","Absolute","//body/div[@id='nt_wrapper']/footer/div[@id='shopify-section-footer_top']/div/div/div[@class='row']/div[1]/aside/div/div/div[@class='social-icons']/ul/li[1]/a/img","Aside","HTML","","",""
"Image","https://offlimits.co.in/collections/new-arrivals","https://cdn.shopify.com/s/files/1/0549/2926/0637/files/instagram.svg?v=1634556983","instagram","9","Absolute","//body/div[@id='nt_wrapper']/footer/div[@id='shopify-section-footer_top']/div/div/div[@class='row']/div[1]/aside/div/div/div[@class='social-icons']/ul/li[1]/a/img","Aside","HTML","","",""
"Image","https://offlimits.co.in/collections/s-w-a-t-men","https://cdn.shopify.com/s/files/1/0549/2926/0637/files/instagram.svg?v=1634556983","instagram","9","Absolute","//body/div[@id='nt_wrapper']/footer/div[@id='shopify-section-footer_top']/div/div/div[@class='row']/div[1]/aside/div/div/div[@class='social-icons']/ul/li[1]/a/img","Aside","HTML","","",""
"Image","https://offlimits.co.in/collections/mens-bestsellers/products/sparta-pro-blue-orange-orm-795-03","https://cdn.shopify.com/s/files/1/0549/2926/0637/files/instagram.svg?v=1634556983","instagram","9","Absolute","//body/div[@id='nt_wrapper']/footer/div[@id='shopify-section-footer_top']/div/div/div[@class='row']/div[1]/aside/div/div/div[@class='social-icons']/ul/li[1]/a/img","Aside","HTML","","",""
"Image","https://offlimits.co.in/collections/men-track-suits","https://cdn.shopify.com/s/files/1/0549/2926/0637/files/instagram.svg?v=1634556983","instagram","9","Absolute","//body/div[@id='nt_wrapper']/footer/div[@id='shopify-section-footer_top']/div/div/div[@class='row']/div[1]/aside/div/div/div[@class='social-icons']/ul/li[1]/a/img","Aside","HTML","","",""
"Image","https://offlimits.co.in/collections/basketball-boots","https://cdn.shopify.com/s/files/1/0549/2926/0637/files/instagram.svg?v=1634556983","instagram","9","Absolute","//body/div[@id='nt_wrapper']/footer/div[@id='shopify-section-footer_top']/div/div/div[@class='row']/div[1]/aside/div/div/div[@class='social-icons']/ul/li[1]/a/img","Aside","HTML","","",""
"Image","https://offlimits.co.in/collections/men-shorts","https://cdn.shopify.com/s/files/1/0549/2926/0637/files/instagram.svg?v=1634556983","instagram","9","Absolute","//body/div[@id='nt_wrapper']/footer/div[@id='shopify-section-footer_top']/div/div/div[@class='row']/div[1]/aside/div/div/div[@class='social-icons']/ul/li[1]/a/img","Aside","HTML","","",""
"Image","https://offlimits.co.in/collections/men-sweatshirts","https://cdn.shopify.com/s/files/1/0549/2926/0637/files/instagram.svg?v=1634556983","instagram","9","Absolute","//body/div[@id='nt_wrapper']/footer/div[@id='shopify-section-footer_top']/div/div/div[@class='row']/div[1]/aside/div/div/div[@class='social-icons']/ul/li[1]/a/img","Aside","HTML","","",""
"Image","https://offlimits.co.in/pages/store-gallery","https://cdn.shopify.com/s/files/1/0549/2926/0637/files/instagram.svg?v=1634556983","instagram","9","Absolute","//body/div[@id='nt_wrapper']/footer/div[@id='shopify-section-footer_top']/div/div/div[@class='row']/div[1]/aside/div/div/div[@class='social-icons']/ul/li[1]/a/img","Aside","HTML","","",""
"Image","https://offlimits.co.in/pages/sitemap","https://cdn.shopify.com/s/files/1/0549/2926/0637/files/instagram.svg?v=1634556983","instagram","9","Absolute","//body/div[@id='nt_wrapper']/footer/div[@id='shopify-section-footer_top']/div/div/div[@class='row']/div[1]/aside/div/div/div[@class='social-icons']/ul/li[1]/a/img","Aside","HTML","","",""
"Image","https://offlimits.co.in/collections/casual-shoes-men","https://cdn.shopify.com/s/files/1/0549/2926/0637/files/instagram.svg?v=1634556983","instagram","9","Absolute","//body/div[@id='nt_wrapper']/footer/div[@id='shopify-section-footer_top']/div/div/div[@class='row']/div[1]/aside/div/div/div[@class='social-icons']/ul/li[1]/a/img","Aside","HTML","","",""
"Image","https://offlimits.co.in/collections/high-top-shoes-for-men","https://cdn.shopify.com/s/files/1/0549/2926/0637/files/instagram.svg?v=1634556983","instagram","9","Absolute","//body/div[@id='nt_wrapper']/footer/div[@id='shopify-section-footer_top']/div/div/div[@class='row']/div[1]/aside/div/div/div[@class='social-icons']/ul/li[1]/a/img","Aside","HTML","","",""
"Image","https://offlimits.co.in/collections/new-arrivals-2026/products/splash-mode-for-her-white-ocw-926-02","https://cdn.shopify.com/s/files/1/0549/2926/0637/files/instagram.svg?v=1634556983","instagram","9","Absolute","//body/div[@id='nt_wrapper']/footer/div[@id='shopify-section-footer_top']/div/div/div[@class='row']/div[1]/aside/div/div/div[@class='social-icons']/ul/li[1]/a/img","Aside","HTML","","",""
"Image","https://offlimits.co.in/collections/women-clothing","https://cdn.shopify.com/s/files/1/0549/2926/0637/files/instagram.svg?v=1634556983","instagram","9","Absolute","//body/div[@id='nt_wrapper']/footer/div[@id='shopify-section-footer_top']/div/div/div[@class='row']/div[1]/aside/div/div/div[@class='social-icons']/ul/li[1]/a/img","Aside","HTML","","",""
"Image","https://offlimits.co.in/pages/privacy-policy","https://cdn.shopify.com/s/files/1/0549/2926/0637/files/instagram.svg?v=1634556983","instagram","9","Absolute","//body/div[@id='nt_wrapper']/footer/div[@id='shopify-section-footer_top']/div/div/div[@class='row']/div[1]/aside/div/div/div[@class='social-icons']/ul/li[1]/a/img","Aside","HTML","","",""
"Image","https://offlimits.co.in/collections/women","https://cdn.shopify.com/s/files/1/0549/2926/0637/files/instagram.svg?v=1634556983","instagram","9","Absolute","//body/div[@id='nt_wrapper']/footer/div[@id='shopify-section-footer_top']/div/div/div[@class='row']/div[1]/aside/div/div/div[@class='social-icons']/ul/li[1]/a/img","Aside","HTML","","",""
"Image","https://offlimits.co.in/collections/men-running-shoes","https://cdn.shopify.com/s/files/1/0549/2926/0637/files/instagram.svg?v=1634556983","instagram","9","Absolute","//body/div[@id='nt_wrapper']/footer/div[@id='shopify-section-footer_top']/div/div/div[@class='row']/div[1]/aside/div/div/div[@class='social-icons']/ul/li[1]/a/img","Aside","HTML","","",""
"Image","https://offlimits.co.in/collections/new-arrivals-2026/products/coast-big-tall-off-white-yellow-purple-ocm-878-02","https://cdn.shopify.com/s/files/1/0549/2926/0637/files/instagram.svg?v=1634556983","instagram","9","Absolute","//body/div[@id='nt_wrapper']/footer/div[@id='shopify-section-footer_top']/div/div/div[@class='row']/div[1]/aside/div/div/div[@class='social-icons']/ul/li[1]/a/img","Aside","HTML","","",""
"Image","https://offlimits.co.in/collections/women-bestsellers","https://cdn.shopify.com/s/files/1/0549/2926/0637/files/instagram.svg?v=1634556983","instagram","9","Absolute","//body/div[@id='nt_wrapper']/footer/div[@id='shopify-section-footer_top']/div/div/div[@class='row']/div[1]/aside/div/div/div[@class='social-icons']/ul/li[1]/a/img","Aside","HTML","","",""
"Image","https://offlimits.co.in/collections/new-arrivals-2026/products/roger-select-black-silver-ocm-915-08","https://cdn.shopify.com/s/files/1/0549/2926/0637/files/instagram.svg?v=1634556983","instagram","9","Absolute","//body/div[@id='nt_wrapper']/footer/div[@id='shopify-section-footer_top']/div/div/div[@class='row']/div[1]/aside/div/div/div[@class='social-icons']/ul/li[1]/a/img","Aside","HTML","","",""
"Image","https://offlimits.co.in/collections/mens-bestsellers/products/baseline-23-milwaukee-bucks-beige-green-ocm-828-06","https://cdn.shopify.com/s/files/1/0549/2926/0637/files/instagram.svg?v=1634556983","instagram","9","Absolute","//body/div[@id='nt_wrapper']/footer/div[@id='shopify-section-footer_top']/div/div/div[@class='row']/div[1]/aside/div/div/div[@class='social-icons']/ul/li[1]/a/img","Aside","HTML","","",""
"Image","https://offlimits.co.in/collections/men-gym-training","https://cdn.shopify.com/s/files/1/0549/2926/0637/files/instagram.svg?v=1634556983","instagram","9","Absolute","//body/div[@id='nt_wrapper']/footer/div[@id='shopify-section-footer_top']/div/div/div[@class='row']/div[1]/aside/div/div/div[@class='social-icons']/ul/li[1]/a/img","Aside","HTML","","",""
"Image","https://offlimits.co.in/collections/women-running-gym","https://cdn.shopify.com/s/files/1/0549/2926/0637/files/instagram.svg?v=1634556983","instagram","9","Absolute","//body/div[@id='nt_wrapper']/footer/div[@id='shopify-section-footer_top']/div/div/div[@class='row']/div[1]/aside/div/div/div[@class='social-icons']/ul/li[1]/a/img","Aside","HTML","","",""
"Image","https://offlimits.co.in/collections/mens-bestsellers/products/unbound-teal-orm-855-06","https://cdn.shopify.com/s/files/1/0549/2926/0637/files/instagram.svg?v=1634556983","instagram","9","Absolute","//body/div[@id='nt_wrapper']/footer/div[@id='shopify-section-footer_top']/div/div/div[@class='row']/div[1]/aside/div/div/div[@class='social-icons']/ul/li[1]/a/img","Aside","HTML","","",""
"Image","https://offlimits.co.in/pages/return-exchange","https://cdn.shopify.com/s/files/1/0549/2926/0637/files/instagram.svg?v=1634556983","instagram","9","Absolute","//body/div[@id='nt_wrapper']/footer/div[@id='shopify-section-footer_top']/div/div/div[@class='row']/div[1]/aside/div/div/div[@class='social-icons']/ul/li[1]/a/img","Aside","HTML","","",""
"Image","https://offlimits.co.in/collections/white-shoes-for-men","https://cdn.shopify.com/s/files/1/0549/2926/0637/files/instagram.svg?v=1634556983","instagram","9","Absolute","//body/div[@id='nt_wrapper']/footer/div[@id='shopify-section-footer_top']/div/div/div[@class='row']/div[1]/aside/div/div/div[@class='social-icons']/ul/li[1]/a/img","Aside","HTML","","",""
"Image","https://offlimits.co.in/","https://cdn.shopify.com/s/files/1/0549/2926/0637/files/New_Project_12.jpg?v=1741157229","","0","Absolute","//body/div[@id='nt_wrapper']/div[@id='nt_content']/div[@id='shopify-section-custom_html_r9UJAP']/div/div/div/div/a[3]/img","Content","HTML","","",""
"Image","https://offlimits.co.in/","https://cdn.gokwik.co/v4/images/upi-icons.svg","upi icon","8","Absolute","//body/div[@id='shopify-section-cart_widget']/div/form/div[@class='mini_cart_wrap']/div[2]/div[@class='gokwik-checkout']/button/span[@class='pay-opt-icon']/img[1]","Content","HTML","","",""
"Image","https://offlimits.co.in/collections/mens-bestsellers/products/gladiator-off-white-orm-661-02","https://cdn.gokwik.co/v4/images/upi-icons.svg","upi icon","8","Absolute","//body/div[@id='shopify-section-cart_widget']/div/form/div[@class='mini_cart_wrap']/div[2]/div[@class='gokwik-checkout']/button/span[@class='pay-opt-icon']/img[1]","Content","HTML","","",""
"Image","https://offlimits.co.in/collections/men-clothing","https://cdn.gokwik.co/v4/images/upi-icons.svg","upi icon","8","Absolute","//body/div[@id='shopify-section-cart_widget']/div/form/div[@class='mini_cart_wrap']/div[2]/div[@class='gokwik-checkout']/button/span[@class='pay-opt-icon']/img[1]","Content","HTML","","",""
"Image","https://offlimits.co.in/collections/white-sneaker","https://cdn.gokwik.co/v4/images/upi-icons.svg","upi icon","8","Absolute","//body/div[@id='shopify-section-cart_widget']/div/form/div[@class='mini_cart_wrap']/div[2]/div[@class='gokwik-checkout']/button/span[@class='pay-opt-icon']/img[1]","Content","HTML","","",""
"Image","https://offlimits.co.in/collections/women-track-suits","https://cdn.gokwik.co/v4/images/upi-icons.svg","upi icon","8","Absolute","//body/div[@id='shopify-section-cart_widget']/div/form/div[@class='mini_cart_wrap']/div[2]/div[@class='gokwik-checkout']/button/span[@class='pay-opt-icon']/img[1]","Content","HTML","","",""
"Image","https://offlimits.co.in/collections/women-walking","https://cdn.gokwik.co/v4/images/upi-icons.svg","upi icon","8","Absolute","//body/div[@id='shopify-section-cart_widget']/div/form/div[@class='mini_cart_wrap']/div[2]/div[@class='gokwik-checkout']/button/span[@class='pay-opt-icon']/img[1]","Content","HTML","","",""
"Image","https://offlimits.co.in/collections/new-arrivals","https://cdn.gokwik.co/v4/images/upi-icons.svg","upi icon","8","Absolute","//body/div[@id='shopify-section-cart_widget']/div/form/div[@class='mini_cart_wrap']/div[2]/div[@class='gokwik-checkout']/button/span[@class='pay-opt-icon']/img[1]","Content","HTML","","",""
"Image","https://offlimits.co.in/collections/s-w-a-t-men","https://cdn.gokwik.co/v4/images/upi-icons.svg","upi icon","8","Absolute","//body/div[@id='shopify-section-cart_widget']/div/form/div[@class='mini_cart_wrap']/div[2]/div[@class='gokwik-checkout']/button/span[@class='pay-opt-icon']/img[1]","Content","HTML","","",""
"Image","https://offlimits.co.in/collections/mens-bestsellers/products/sparta-pro-blue-orange-orm-795-03","https://cdn.gokwik.co/v4/images/upi-icons.svg","upi icon","8","Absolute","//body/div[@id='shopify-section-cart_widget']/div/form/div[@class='mini_cart_wrap']/div[2]/div[@class='gokwik-checkout']/button/span[@class='pay-opt-icon']/img[1]","Content","HTML","","",""
"Image","https://offlimits.co.in/collections/men-track-suits","https://cdn.gokwik.co/v4/images/upi-icons.svg","upi icon","8","Absolute","//body/div[@id='shopify-section-cart_widget']/div/form/div[@class='mini_cart_wrap']/div[2]/div[@class='gokwik-checkout']/button/span[@class='pay-opt-icon']/img[1]","Content","HTML","","",""
"Image","https://offlimits.co.in/collections/basketball-boots","https://cdn.gokwik.co/v4/images/upi-icons.svg","upi icon","8","Absolute","//body/div[@id='shopify-section-cart_widget']/div/form/div[@class='mini_cart_wrap']/div[2]/div[@class='gokwik-checkout']/button/span[@class='pay-opt-icon']/img[1]","Content","HTML","","",""
"Image","https://offlimits.co.in/collections/men-shorts","https://cdn.gokwik.co/v4/images/upi-icons.svg","upi icon","8","Absolute","//body/div[@id='shopify-section-cart_widget']/div/form/div[@class='mini_cart_wrap']/div[2]/div[@class='gokwik-checkout']/button/span[@class='pay-opt-icon']/img[1]","Content","HTML","","",""
"Image","https://offlimits.co.in/collections/men-sweatshirts","https://cdn.gokwik.co/v4/images/upi-icons.svg","upi icon","8","Absolute","//body/div[@id='shopify-section-cart_widget']/div/form/div[@class='mini_cart_wrap']/div[2]/div[@class='gokwik-checkout']/button/span[@class='pay-opt-icon']/img[1]","Content","HTML","","",""
"Image","https://offlimits.co.in/pages/store-gallery","https://cdn.gokwik.co/v4/images/upi-icons.svg","upi icon","8","Absolute","//body/div[@id='shopify-section-cart_widget']/div/form/div[@class='mini_cart_wrap']/div[2]/div[@class='gokwik-checkout']/button/span[@class='pay-opt-icon']/img[1]","Content","HTML","","",""
"Image","https://offlimits.co.in/pages/sitemap","https://cdn.gokwik.co/v4/images/upi-icons.svg","upi icon","8","Absolute","//body/div[@id='shopify-section-cart_widget']/div/form/div[@class='mini_cart_wrap']/div[2]/div[@class='gokwik-checkout']/button/span[@class='pay-opt-icon']/img[1]","Content","HTML","","",""
"Image","https://offlimits.co.in/collections/casual-shoes-men","https://cdn.gokwik.co/v4/images/upi-icons.svg","upi icon","8","Absolute","//body/div[@id='shopify-section-cart_widget']/div/form/div[@class='mini_cart_wrap']/div[2]/div[@class='gokwik-checkout']/button/span[@class='pay-opt-icon']/img[1]","Content","HTML","","",""
"Image","https://offlimits.co.in/collections/high-top-shoes-for-men","https://cdn.gokwik.co/v4/images/upi-icons.svg","upi icon","8","Absolute","//body/div[@id='shopify-section-cart_widget']/div/form/div[@class='mini_cart_wrap']/div[2]/div[@class='gokwik-checkout']/button/span[@class='pay-opt-icon']/img[1]","Content","HTML","","",""
"Image","https://offlimits.co.in/collections/new-arrivals-2026/products/splash-mode-for-her-white-ocw-926-02","https://cdn.gokwik.co/v4/images/upi-icons.svg","upi icon","8","Absolute","//body/div[@id='shopify-section-cart_widget']/div/form/div[@class='mini_cart_wrap']/div[2]/div[@class='gokwik-checkout']/button/span[@class='pay-opt-icon']/img[1]","Content","HTML","","",""
"Image","https://offlimits.co.in/collections/women-clothing","https://cdn.gokwik.co/v4/images/upi-icons.svg","upi icon","8","Absolute","//body/div[@id='shopify-section-cart_widget']/div/form/div[@class='mini_cart_wrap']/div[2]/div[@class='gokwik-checkout']/button/span[@class='pay-opt-icon']/img[1]","Content","HTML","","",""
"Image","https://offlimits.co.in/pages/privacy-policy","https://cdn.gokwik.co/v4/images/upi-icons.svg","upi icon","8","Absolute","//body/div[@id='shopify-section-cart_widget']/div/form/div[@class='mini_cart_wrap']/div[2]/div[@class='gokwik-checkout']/button/span[@class='pay-opt-icon']/img[1]","Content","HTML","","",""
"Image","https://offlimits.co.in/collections/women","https://cdn.gokwik.co/v4/images/upi-icons.svg","upi icon","8","Absolute","//body/div[@id='shopify-section-cart_widget']/div/form/div[@class='mini_cart_wrap']/div[2]/div[@class='gokwik-checkout']/button/span[@class='pay-opt-icon']/img[1]","Content","HTML","","",""
"Image","https://offlimits.co.in/collections/men-running-shoes","https://cdn.gokwik.co/v4/images/upi-icons.svg","upi icon","8","Absolute","//body/div[@id='shopify-section-cart_widget']/div/form/div[@class='mini_cart_wrap']/div[2]/div[@class='gokwik-checkout']/button/span[@class='pay-opt-icon']/img[1]","Content","HTML","","",""
"Image","https://offlimits.co.in/collections/new-arrivals-2026/products/coast-big-tall-off-white-yellow-purple-ocm-878-02","https://cdn.gokwik.co/v4/images/upi-icons.svg","upi icon","8","Absolute","//body/div[@id='shopify-section-cart_widget']/div/form/div[@class='mini_cart_wrap']/div[2]/div[@class='gokwik-checkout']/button/span[@class='pay-opt-icon']/img[1]","Content","HTML","","",""
"Image","https://offlimits.co.in/collections/women-bestsellers","https://cdn.gokwik.co/v4/images/upi-icons.svg","upi icon","8","Absolute","//body/div[@id='shopify-section-cart_widget']/div/form/div[@class='mini_cart_wrap']/div[2]/div[@class='gokwik-checkout']/button/span[@class='pay-opt-icon']/img[1]","Content","HTML","","",""
"Image","https://offlimits.co.in/collections/new-arrivals-2026/products/roger-select-black-silver-ocm-915-08","https://cdn.gokwik.co/v4/images/upi-icons.svg","upi icon","8","Absolute","//body/div[@id='shopify-section-cart_widget']/div/form/div[@class='mini_cart_wrap']/div[2]/div[@class='gokwik-checkout']/button/span[@class='pay-opt-icon']/img[1]","Content","HTML","","",""
"Image","https://offlimits.co.in/collections/mens-bestsellers/products/baseline-23-milwaukee-bucks-beige-green-ocm-828-06","https://cdn.gokwik.co/v4/images/upi-icons.svg","upi icon","8","Absolute","//body/div[@id='shopify-section-cart_widget']/div/form/div[@class='mini_cart_wrap']/div[2]/div[@class='gokwik-checkout']/button/span[@class='pay-opt-icon']/img[1]","Content","HTML","","",""
"Image","https://offlimits.co.in/collections/men-gym-training","https://cdn.gokwik.co/v4/images/upi-icons.svg","upi icon","8","Absolute","//body/div[@id='shopify-section-cart_widget']/div/form/div[@class='mini_cart_wrap']/div[2]/div[@class='gokwik-checkout']/button/span[@class='pay-opt-icon']/img[1]","Content","HTML","","",""
"Image","https://offlimits.co.in/collections/women-running-gym","https://cdn.gokwik.co/v4/images/upi-icons.svg","upi icon","8","Absolute","//body/div[@id='shopify-section-cart_widget']/div/form/div[@class='mini_cart_wrap']/div[2]/div[@class='gokwik-checkout']/button/span[@class='pay-opt-icon']/img[1]","Content","HTML","","",""
"Image","https://offlimits.co.in/collections/mens-bestsellers/products/unbound-teal-orm-855-06","https://cdn.gokwik.co/v4/images/upi-icons.svg","upi icon","8","Absolute","//body/div[@id='shopify-section-cart_widget']/div/form/div[@class='mini_cart_wrap']/div[2]/div[@class='gokwik-checkout']/button/span[@class='pay-opt-icon']/img[1]","Content","HTML","","",""
"Image","https://offlimits.co.in/pages/return-exchange","https://cdn.gokwik.co/v4/images/upi-icons.svg","upi icon","8","Absolute","//body/div[@id='shopify-section-cart_widget']/div/form/div[@class='mini_cart_wrap']/div[2]/div[@class='gokwik-checkout']/button/span[@class='pay-opt-icon']/img[1]","Content","HTML","","",""
"Image","https://offlimits.co.in/collections/white-shoes-for-men","https://cdn.gokwik.co/v4/images/upi-icons.svg","upi icon","8","Absolute","//body/div[@id='shopify-section-cart_widget']/div/form/div[@class='mini_cart_wrap']/div[2]/div[@class='gokwik-checkout']/button/span[@class='pay-opt-icon']/img[1]","Content","HTML","","",""
"Image","https://offlimits.co.in/","https://cdn.shopify.com/s/files/1/0549/2926/0637/files/Union_8_2x_66a28479-9a4e-4cb2-86ac-8f95d26f7f57.png?v=1714115258","union","5","Absolute","//body/div[@id='nt_wrapper']/footer/div[@id='shopify-section-footer_top']/div/div/div[@class='row']/div[2]/aside/div/form/div[@class='mc4wp-form-fields']/div/div[1]/div/button/span/img","Aside","HTML","","",""
"Image","https://offlimits.co.in/collections/mens-bestsellers/products/gladiator-off-white-orm-661-02","https://cdn.shopify.com/s/files/1/0549/2926/0637/files/Union_8_2x_66a28479-9a4e-4cb2-86ac-8f95d26f7f57.png?v=1714115258","union","5","Absolute","//body/div[@id='nt_wrapper']/footer/div[@id='shopify-section-footer_top']/div/div/div[@class='row']/div[2]/aside/div/form/div[@class='mc4wp-form-fields']/div/div[1]/div/button/span/img","Aside","HTML","","",""
"Image","https://offlimits.co.in/collections/men-clothing","https://cdn.shopify.com/s/files/1/0549/2926/0637/files/Union_8_2x_66a28479-9a4e-4cb2-86ac-8f95d26f7f57.png?v=1714115258","union","5","Absolute","//body/div[@id='nt_wrapper']/footer/div[@id='shopify-section-footer_top']/div/div/div[@class='row']/div[2]/aside/div/form/div[@class='mc4wp-form-fields']/div/div[1]/div/button/span/img","Aside","HTML","","",""
"Image","https://offlimits.co.in/collections/white-sneaker","https://cdn.shopify.com/s/files/1/0549/2926/0637/files/Union_8_2x_66a28479-9a4e-4cb2-86ac-8f95d26f7f57.png?v=1714115258","union","5","Absolute","//body/div[@id='nt_wrapper']/footer/div[@id='shopify-section-footer_top']/div/div/div[@class='row']/div[2]/aside/div/form/div[@class='mc4wp-form-fields']/div/div[1]/div/button/span/img","Aside","HTML","","",""
"Image","https://offlimits.co.in/collections/women-track-suits","https://cdn.shopify.com/s/files/1/0549/2926/0637/files/Union_8_2x_66a28479-9a4e-4cb2-86ac-8f95d26f7f57.png?v=1714115258","union","5","Absolute","//body/div[@id='nt_wrapper']/footer/div[@id='shopify-section-footer_top']/div/div/div[@class='row']/div[2]/aside/div/form/div[@class='mc4wp-form-fields']/div/div[1]/div/button/span/img","Aside","HTML","","",""
"Image","https://offlimits.co.in/collections/women-walking","https://cdn.shopify.com/s/files/1/0549/2926/0637/files/Union_8_2x_66a28479-9a4e-4cb2-86ac-8f95d26f7f57.png?v=1714115258","union","5","Absolute","//body/div[@id='nt_wrapper']/footer/div[@id='shopify-section-footer_top']/div/div/div[@class='row']/div[2]/aside/div/form/div[@class='mc4wp-form-fields']/div/div[1]/div/button/span/img","Aside","HTML","","",""
"Image","https://offlimits.co.in/collections/new-arrivals","https://cdn.shopify.com/s/files/1/0549/2926/0637/files/Union_8_2x_66a28479-9a4e-4cb2-86ac-8f95d26f7f57.png?v=1714115258","union","5","Absolute","//body/div[@id='nt_wrapper']/footer/div[@id='shopify-section-footer_top']/div/div/div[@class='row']/div[2]/aside/div/form/div[@class='mc4wp-form-fields']/div/div[1]/div/button/span/img","Aside","HTML","","",""
"Image","https://offlimits.co.in/collections/s-w-a-t-men","https://cdn.shopify.com/s/files/1/0549/2926/0637/files/Union_8_2x_66a28479-9a4e-4cb2-86ac-8f95d26f7f57.png?v=1714115258","union","5","Absolute","//body/div[@id='nt_wrapper']/footer/div[@id='shopify-section-footer_top']/div/div/div[@class='row']/div[2]/aside/div/form/div[@class='mc4wp-form-fields']/div/div[1]/div/button/span/img","Aside","HTML","","",""
"Image","https://offlimits.co.in/collections/mens-bestsellers/products/sparta-pro-blue-orange-orm-795-03","https://cdn.shopify.com/s/files/1/0549/2926/0637/files/Union_8_2x_66a28479-9a4e-4cb2-86ac-8f95d26f7f57.png?v=1714115258","union","5","Absolute","//body/div[@id='nt_wrapper']/footer/div[@id='shopify-section-footer_top']/div/div/div[@class='row']/div[2]/aside/div/form/div[@class='mc4wp-form-fields']/div/div[1]/div/button/span/img","Aside","HTML","","",""
"Image","https://offlimits.co.in/collections/men-track-suits","https://cdn.shopify.com/s/files/1/0549/2926/0637/files/Union_8_2x_66a28479-9a4e-4cb2-86ac-8f95d26f7f57.png?v=1714115258","union","5","Absolute","//body/div[@id='nt_wrapper']/footer/div[@id='shopify-section-footer_top']/div/div/div[@class='row']/div[2]/aside/div/form/div[@class='mc4wp-form-fields']/div/div[1]/div/button/span/img","Aside","HTML","","",""
"Image","https://offlimits.co.in/collections/basketball-boots","https://cdn.shopify.com/s/files/1/0549/2926/0637/files/Union_8_2x_66a28479-9a4e-4cb2-86ac-8f95d26f7f57.png?v=1714115258","union","5","Absolute","//body/div[@id='nt_wrapper']/footer/div[@id='shopify-section-footer_top']/div/div/div[@class='row']/div[2]/aside/div/form/div[@class='mc4wp-form-fields']/div/div[1]/div/button/span/img","Aside","HTML","","",""
"Image","https://offlimits.co.in/collections/men-shorts","https://cdn.shopify.com/s/files/1/0549/2926/0637/files/Union_8_2x_66a28479-9a4e-4cb2-86ac-8f95d26f7f57.png?v=1714115258","union","5","Absolute","//body/div[@id='nt_wrapper']/footer/div[@id='shopify-section-footer_top']/div/div/div[@class='row']/div[2]/aside/div/form/div[@class='mc4wp-form-fields']/div/div[1]/div/button/span/img","Aside","HTML","","",""
"Image","https://offlimits.co.in/collections/men-sweatshirts","https://cdn.shopify.com/s/files/1/0549/2926/0637/files/Union_8_2x_66a28479-9a4e-4cb2-86ac-8f95d26f7f57.png?v=1714115258","union","5","Absolute","//body/div[@id='nt_wrapper']/footer/div[@id='shopify-section-footer_top']/div/div/div[@class='row']/div[2]/aside/div/form/div[@class='mc4wp-form-fields']/div/div[1]/div/button/span/img","Aside","HTML","","",""
"Image","https://offlimits.co.in/pages/store-gallery","https://cdn.shopify.com/s/files/1/0549/2926/0637/files/Union_8_2x_66a28479-9a4e-4cb2-86ac-8f95d26f7f57.png?v=1714115258","union","5","Absolute","//body/div[@id='nt_wrapper']/footer/div[@id='shopify-section-footer_top']/div/div/div[@class='row']/div[2]/aside/div/form/div[@class='mc4wp-form-fields']/div/div[1]/div/button/span/img","Aside","HTML","","",""
"Image","https://offlimits.co.in/pages/sitemap","https://cdn.shopify.com/s/files/1/0549/2926/0637/files/Union_8_2x_66a28479-9a4e-4cb2-86ac-8f95d26f7f57.png?v=1714115258","union","5","Absolute","//body/div[@id='nt_wrapper']/footer/div[@id='shopify-section-footer_top']/div/div/div[@class='row']/div[2]/aside/div/form/div[@class='mc4wp-form-fields']/div/div[1]/div/button/span/img","Aside","HTML","","",""
"Image","https://offlimits.co.in/collections/casual-shoes-men","https://cdn.shopify.com/s/files/1/0549/2926/0637/files/Union_8_2x_66a28479-9a4e-4cb2-86ac-8f95d26f7f57.png?v=1714115258","union","5","Absolute","//body/div[@id='nt_wrapper']/footer/div[@id='shopify-section-footer_top']/div/div/div[@class='row']/div[2]/aside/div/form/div[@class='mc4wp-form-fields']/div/div[1]/div/button/span/img","Aside","HTML","","",""
"Image","https://offlimits.co.in/collections/high-top-shoes-for-men","https://cdn.shopify.com/s/files/1/0549/2926/0637/files/Union_8_2x_66a28479-9a4e-4cb2-86ac-8f95d26f7f57.png?v=1714115258","union","5","Absolute","//body/div[@id='nt_wrapper']/footer/div[@id='shopify-section-footer_top']/div/div/div[@class='row']/div[2]/aside/div/form/div[@class='mc4wp-form-fields']/div/div[1]/div/button/span/img","Aside","HTML","","",""
"Image","https://offlimits.co.in/collections/new-arrivals-2026/products/splash-mode-for-her-white-ocw-926-02","https://cdn.shopify.com/s/files/1/0549/2926/0637/files/Union_8_2x_66a28479-9a4e-4cb2-86ac-8f95d26f7f57.png?v=1714115258","union","5","Absolute","//body/div[@id='nt_wrapper']/footer/div[@id='shopify-section-footer_top']/div/div/div[@class='row']/div[2]/aside/div/form/div[@class='mc4wp-form-fields']/div/div[1]/div/button/span/img","Aside","HTML","","",""
"Image","https://offlimits.co.in/collections/women-clothing","https://cdn.shopify.com/s/files/1/0549/2926/0637/files/Union_8_2x_66a28479-9a4e-4cb2-86ac-8f95d26f7f57.png?v=1714115258","union","5","Absolute","//body/div[@id='nt_wrapper']/footer/div[@id='shopify-section-footer_top']/div/div/div[@class='row']/div[2]/aside/div/form/div[@class='mc4wp-form-fields']/div/div[1]/div/button/span/img","Aside","HTML","","",""
"Image","https://offlimits.co.in/pages/privacy-policy","https://cdn.shopify.com/s/files/1/0549/2926/0637/files/Union_8_2x_66a28479-9a4e-4cb2-86ac-8f95d26f7f57.png?v=1714115258","union","5","Absolute","//body/div[@id='nt_wrapper']/footer/div[@id='shopify-section-footer_top']/div/div/div[@class='row']/div[2]/aside/div/form/div[@class='mc4wp-form-fields']/div/div[1]/div/button/span/img","Aside","HTML","","",""
"Image","https://offlimits.co.in/collections/women","https://cdn.shopify.com/s/files/1/0549/2926/0637/files/Union_8_2x_66a28479-9a4e-4cb2-86ac-8f95d26f7f57.png?v=1714115258","union","5","Absolute","//body/div[@id='nt_wrapper']/footer/div[@id='shopify-section-footer_top']/div/div/div[@class='row']/div[2]/aside/div/form/div[@class='mc4wp-form-fields']/div/div[1]/div/button/span/img","Aside","HTML","","",""
"Image","https://offlimits.co.in/collections/men-running-shoes","https://cdn.shopify.com/s/files/1/0549/2926/0637/files/Union_8_2x_66a28479-9a4e-4cb2-86ac-8f95d26f7f57.png?v=1714115258","union","5","Absolute","//body/div[@id='nt_wrapper']/footer/div[@id='shopify-section-footer_top']/div/div/div[@class='row']/div[2]/aside/div/form/div[@class='mc4wp-form-fields']/div/div[1]/div/button/span/img","Aside","HTML","","",""
"Image","https://offlimits.co.in/collections/new-arrivals-2026/products/coast-big-tall-off-white-yellow-purple-ocm-878-02","https://cdn.shopify.com/s/files/1/0549/2926/0637/files/Union_8_2x_66a28479-9a4e-4cb2-86ac-8f95d26f7f57.png?v=1714115258","union","5","Absolute","//body/div[@id='nt_wrapper']/footer/div[@id='shopify-section-footer_top']/div/div/div[@class='row']/div[2]/aside/div/form/div[@class='mc4wp-form-fields']/div/div[1]/div/button/span/img","Aside","HTML","","",""
"Image","https://offlimits.co.in/collections/women-bestsellers","https://cdn.shopify.com/s/files/1/0549/2926/0637/files/Union_8_2x_66a28479-9a4e-4cb2-86ac-8f95d26f7f57.png?v=1714115258","union","5","Absolute","//body/div[@id='nt_wrapper']/footer/div[@id='shopify-section-footer_top']/div/div/div[@class='row']/div[2]/aside/div/form/div[@class='mc4wp-form-fields']/div/div[1]/div/button/span/img","Aside","HTML","","",""
"Image","https://offlimits.co.in/collections/new-arrivals-2026/products/roger-select-black-silver-ocm-915-08","https://cdn.shopify.com/s/files/1/0549/2926/0637/files/Union_8_2x_66a28479-9a4e-4cb2-86ac-8f95d26f7f57.png?v=1714115258","union","5","Absolute","//body/div[@id='nt_wrapper']/footer/div[@id='shopify-section-footer_top']/div/div/div[@class='row']/div[2]/aside/div/form/div[@class='mc4wp-form-fields']/div/div[1]/div/button/span/img","Aside","HTML","","",""
"Image","https://offlimits.co.in/collections/mens-bestsellers/products/baseline-23-milwaukee-bucks-beige-green-ocm-828-06","https://cdn.shopify.com/s/files/1/0549/2926/0637/files/Union_8_2x_66a28479-9a4e-4cb2-86ac-8f95d26f7f57.png?v=1714115258","union","5","Absolute","//body/div[@id='nt_wrapper']/footer/div[@id='shopify-section-footer_top']/div/div/div[@class='row']/div[2]/aside/div/form/div[@class='mc4wp-form-fields']/div/div[1]/div/button/span/img","Aside","HTML","","",""
"Image","https://offlimits.co.in/collections/men-gym-training","https://cdn.shopify.com/s/files/1/0549/2926/0637/files/Union_8_2x_66a28479-9a4e-4cb2-86ac-8f95d26f7f57.png?v=1714115258","union","5","Absolute","//body/div[@id='nt_wrapper']/footer/div[@id='shopify-section-footer_top']/div/div/div[@class='row']/div[2]/aside/div/form/div[@class='mc4wp-form-fields']/div/div[1]/div/button/span/img","Aside","HTML","","",""
"Image","https://offlimits.co.in/collections/women-running-gym","https://cdn.shopify.com/s/files/1/0549/2926/0637/files/Union_8_2x_66a28479-9a4e-4cb2-86ac-8f95d26f7f57.png?v=1714115258","union","5","Absolute","//body/div[@id='nt_wrapper']/footer/div[@id='shopify-section-footer_top']/div/div/div[@class='row']/div[2]/aside/div/form/div[@class='mc4wp-form-fields']/div/div[1]/div/button/span/img","Aside","HTML","","",""
"Image","https://offlimits.co.in/collections/mens-bestsellers/products/unbound-teal-orm-855-06","https://cdn.shopify.com/s/files/1/0549/2926/0637/files/Union_8_2x_66a28479-9a4e-4cb2-86ac-8f95d26f7f57.png?v=1714115258","union","5","Absolute","//body/div[@id='nt_wrapper']/footer/div[@id='shopify-section-footer_top']/div/div/div[@class='row']/div[2]/aside/div/form/div[@class='mc4wp-form-fields']/div/div[1]/div/button/span/img","Aside","HTML","","",""
"Image","https://offlimits.co.in/pages/return-exchange","https://cdn.shopify.com/s/files/1/0549/2926/0637/files/Union_8_2x_66a28479-9a4e-4cb2-86ac-8f95d26f7f57.png?v=1714115258","union","5","Absolute","//body/div[@id='nt_wrapper']/footer/div[@id='shopify-section-footer_top']/div/div/div[@class='row']/div[2]/aside/div/form/div[@class='mc4wp-form-fields']/div/div[1]/div/button/span/img","Aside","HTML","","",""
"Image","https://offlimits.co.in/collections/white-shoes-for-men","https://cdn.shopify.com/s/files/1/0549/2926/0637/files/Union_8_2x_66a28479-9a4e-4cb2-86ac-8f95d26f7f57.png?v=1714115258","union","5","Absolute","//body/div[@id='nt_wrapper']/footer/div[@id='shopify-section-footer_top']/div/div/div[@class='row']/div[2]/aside/div/form/div[@class='mc4wp-form-fields']/div/div[1]/div/button/span/img","Aside","HTML","","",""
"Image","https://offlimits.co.in/","https://cdn.shopify.com/s/files/1/0549/2926/0637/files/Group_26_2x_662f72e4-bebb-42fd-b4aa-59ad17a58876.png?v=1714119005","logo","4","Absolute","//body/div[@id='nt_wrapper']/footer/div[@id='shopify-section-footer_top']/div/div/div[@class='row']/div[1]/aside/div/div/div[@class='Footer-top_section_img']/img","Aside","HTML","","",""
"Image","https://offlimits.co.in/collections/mens-bestsellers/products/gladiator-off-white-orm-661-02","https://cdn.shopify.com/s/files/1/0549/2926/0637/files/Group_26_2x_662f72e4-bebb-42fd-b4aa-59ad17a58876.png?v=1714119005","logo","4","Absolute","//body/div[@id='nt_wrapper']/footer/div[@id='shopify-section-footer_top']/div/div/div[@class='row']/div[1]/aside/div/div/div[@class='Footer-top_section_img']/img","Aside","HTML","","",""
"Image","https://offlimits.co.in/collections/men-clothing","https://cdn.shopify.com/s/files/1/0549/2926/0637/files/Group_26_2x_662f72e4-bebb-42fd-b4aa-59ad17a58876.png?v=1714119005","logo","4","Absolute","//body/div[@id='nt_wrapper']/footer/div[@id='shopify-section-footer_top']/div/div/div[@class='row']/div[1]/aside/div/div/div[@class='Footer-top_section_img']/img","Aside","HTML","","",""
"Image","https://offlimits.co.in/collections/white-sneaker","https://cdn.shopify.com/s/files/1/0549/2926/0637/files/Group_26_2x_662f72e4-bebb-42fd-b4aa-59ad17a58876.png?v=1714119005","logo","4","Absolute","//body/div[@id='nt_wrapper']/footer/div[@id='shopify-section-footer_top']/div/div/div[@class='row']/div[1]/aside/div/div/div[@class='Footer-top_section_img']/img","Aside","HTML","","",""
"Image","https://offlimits.co.in/collections/women-track-suits","https://cdn.shopify.com/s/files/1/0549/2926/0637/files/Group_26_2x_662f72e4-bebb-42fd-b4aa-59ad17a58876.png?v=1714119005","logo","4","Absolute","//body/div[@id='nt_wrapper']/footer/div[@id='shopify-section-footer_top']/div/div/div[@class='row']/div[1]/aside/div/div/div[@class='Footer-top_section_img']/img","Aside","HTML","","",""
"Image","https://offlimits.co.in/collections/women-walking","https://cdn.shopify.com/s/files/1/0549/2926/0637/files/Group_26_2x_662f72e4-bebb-42fd-b4aa-59ad17a58876.png?v=1714119005","logo","4","Absolute","//body/div[@id='nt_wrapper']/footer/div[@id='shopify-section-footer_top']/div/div/div[@class='row']/div[1]/aside/div/div/div[@class='Footer-top_section_img']/img","Aside","HTML","","",""
"Image","https://offlimits.co.in/collections/new-arrivals","https://cdn.shopify.com/s/files/1/0549/2926/0637/files/Group_26_2x_662f72e4-bebb-42fd-b4aa-59ad17a58876.png?v=1714119005","logo","4","Absolute","//body/div[@id='nt_wrapper']/footer/div[@id='shopify-section-footer_top']/div/div/div[@class='row']/div[1]/aside/div/div/div[@class='Footer-top_section_img']/img","Aside","HTML","","",""
"Image","https://offlimits.co.in/collections/s-w-a-t-men","https://cdn.shopify.com/s/files/1/0549/2926/0637/files/Group_26_2x_662f72e4-bebb-42fd-b4aa-59ad17a58876.png?v=1714119005","logo","4","Absolute","//body/div[@id='nt_wrapper']/footer/div[@id='shopify-section-footer_top']/div/div/div[@class='row']/div[1]/aside/div/div/div[@class='Footer-top_section_img']/img","Aside","HTML","","",""
"Image","https://offlimits.co.in/collections/mens-bestsellers/products/sparta-pro-blue-orange-orm-795-03","https://cdn.shopify.com/s/files/1/0549/2926/0637/files/Group_26_2x_662f72e4-bebb-42fd-b4aa-59ad17a58876.png?v=1714119005","logo","4","Absolute","//body/div[@id='nt_wrapper']/footer/div[@id='shopify-section-footer_top']/div/div/div[@class='row']/div[1]/aside/div/div/div[@class='Footer-top_section_img']/img","Aside","HTML","","",""
"Image","https://offlimits.co.in/collections/men-track-suits","https://cdn.shopify.com/s/files/1/0549/2926/0637/files/Group_26_2x_662f72e4-bebb-42fd-b4aa-59ad17a58876.png?v=1714119005","logo","4","Absolute","//body/div[@id='nt_wrapper']/footer/div[@id='shopify-section-footer_top']/div/div/div[@class='row']/div[1]/aside/div/div/div[@class='Footer-top_section_img']/img","Aside","HTML","","",""
"Image","https://offlimits.co.in/collections/basketball-boots","https://cdn.shopify.com/s/files/1/0549/2926/0637/files/Group_26_2x_662f72e4-bebb-42fd-b4aa-59ad17a58876.png?v=1714119005","logo","4","Absolute","//body/div[@id='nt_wrapper']/footer/div[@id='shopify-section-footer_top']/div/div/div[@class='row']/div[1]/aside/div/div/div[@class='Footer-top_section_img']/img","Aside","HTML","","",""
"Image","https://offlimits.co.in/collections/men-shorts","https://cdn.shopify.com/s/files/1/0549/2926/0637/files/Group_26_2x_662f72e4-bebb-42fd-b4aa-59ad17a58876.png?v=1714119005","logo","4","Absolute","//body/div[@id='nt_wrapper']/footer/div[@id='shopify-section-footer_top']/div/div/div[@class='row']/div[1]/aside/div/div/div[@class='Footer-top_section_img']/img","Aside","HTML","","",""
"Image","https://offlimits.co.in/collections/men-sweatshirts","https://cdn.shopify.com/s/files/1/0549/2926/0637/files/Group_26_2x_662f72e4-bebb-42fd-b4aa-59ad17a58876.png?v=1714119005","logo","4","Absolute","//body/div[@id='nt_wrapper']/footer/div[@id='shopify-section-footer_top']/div/div/div[@class='row']/div[1]/aside/div/div/div[@class='Footer-top_section_img']/img","Aside","HTML","","",""
"Image","https://offlimits.co.in/pages/store-gallery","https://cdn.shopify.com/s/files/1/0549/2926/0637/files/Group_26_2x_662f72e4-bebb-42fd-b4aa-59ad17a58876.png?v=1714119005","logo","4","Absolute","//body/div[@id='nt_wrapper']/footer/div[@id='shopify-section-footer_top']/div/div/div[@class='row']/div[1]/aside/div/div/div[@class='Footer-top_section_img']/img","Aside","HTML","","",""
"Image","https://offlimits.co.in/pages/sitemap","https://cdn.shopify.com/s/files/1/0549/2926/0637/files/Group_26_2x_662f72e4-bebb-42fd-b4aa-59ad17a58876.png?v=1714119005","logo","4","Absolute","//body/div[@id='nt_wrapper']/footer/div[@id='shopify-section-footer_top']/div/div/div[@class='row']/div[1]/aside/div/div/div[@class='Footer-top_section_img']/img","Aside","HTML","","",""
"Image","https://offlimits.co.in/collections/casual-shoes-men","https://cdn.shopify.com/s/files/1/0549/2926/0637/files/Group_26_2x_662f72e4-bebb-42fd-b4aa-59ad17a58876.png?v=1714119005","logo","4","Absolute","//body/div[@id='nt_wrapper']/footer/div[@id='shopify-section-footer_top']/div/div/div[@class='row']/div[1]/aside/div/div/div[@class='Footer-top_section_img']/img","Aside","HTML","","",""
"Image","https://offlimits.co.in/collections/high-top-shoes-for-men","https://cdn.shopify.com/s/files/1/0549/2926/0637/files/Group_26_2x_662f72e4-bebb-42fd-b4aa-59ad17a58876.png?v=1714119005","logo","4","Absolute","//body/div[@id='nt_wrapper']/footer/div[@id='shopify-section-footer_top']/div/div/div[@class='row']/div[1]/aside/div/div/div[@class='Footer-top_section_img']/img","Aside","HTML","","",""
"Image","https://offlimits.co.in/collections/new-arrivals-2026/products/splash-mode-for-her-white-ocw-926-02","https://cdn.shopify.com/s/files/1/0549/2926/0637/files/Group_26_2x_662f72e4-bebb-42fd-b4aa-59ad17a58876.png?v=1714119005","logo","4","Absolute","//body/div[@id='nt_wrapper']/footer/div[@id='shopify-section-footer_top']/div/div/div[@class='row']/div[1]/aside/div/div/div[@class='Footer-top_section_img']/img","Aside","HTML","","",""
"Image","https://offlimits.co.in/collections/women-clothing","https://cdn.shopify.com/s/files/1/0549/2926/0637/files/Group_26_2x_662f72e4-bebb-42fd-b4aa-59ad17a58876.png?v=1714119005","logo","4","Absolute","//body/div[@id='nt_wrapper']/footer/div[@id='shopify-section-footer_top']/div/div/div[@class='row']/div[1]/aside/div/div/div[@class='Footer-top_section_img']/img","Aside","HTML","","",""
"Image","https://offlimits.co.in/pages/privacy-policy","https://cdn.shopify.com/s/files/1/0549/2926/0637/files/Group_26_2x_662f72e4-bebb-42fd-b4aa-59ad17a58876.png?v=1714119005","logo","4","Absolute","//body/div[@id='nt_wrapper']/footer/div[@id='shopify-section-footer_top']/div/div/div[@class='row']/div[1]/aside/div/div/div[@class='Footer-top_section_img']/img","Aside","HTML","","",""
"Image","https://offlimits.co.in/collections/women","https://cdn.shopify.com/s/files/1/0549/2926/0637/files/Group_26_2x_662f72e4-bebb-42fd-b4aa-59ad17a58876.png?v=1714119005","logo","4","Absolute","//body/div[@id='nt_wrapper']/footer/div[@id='shopify-section-footer_top']/div/div/div[@class='row']/div[1]/aside/div/div/div[@class='Footer-top_section_img']/img","Aside","HTML","","",""
"Image","https://offlimits.co.in/collections/men-running-shoes","https://cdn.shopify.com/s/files/1/0549/2926/0637/files/Group_26_2x_662f72e4-bebb-42fd-b4aa-59ad17a58876.png?v=1714119005","logo","4","Absolute","//body/div[@id='nt_wrapper']/footer/div[@id='shopify-section-footer_top']/div/div/div[@class='row']/div[1]/aside/div/div/div[@class='Footer-top_section_img']/img","Aside","HTML","","",""
"Image","https://offlimits.co.in/collections/new-arrivals-2026/products/coast-big-tall-off-white-yellow-purple-ocm-878-02","https://cdn.shopify.com/s/files/1/0549/2926/0637/files/Group_26_2x_662f72e4-bebb-42fd-b4aa-59ad17a58876.png?v=1714119005","logo","4","Absolute","//body/div[@id='nt_wrapper']/footer/div[@id='shopify-section-footer_top']/div/div/div[@class='row']/div[1]/aside/div/div/div[@class='Footer-top_section_img']/img","Aside","HTML","","",""
"Image","https://offlimits.co.in/collections/women-bestsellers","https://cdn.shopify.com/s/files/1/0549/2926/0637/files/Group_26_2x_662f72e4-bebb-42fd-b4aa-59ad17a58876.png?v=1714119005","logo","4","Absolute","//body/div[@id='nt_wrapper']/footer/div[@id='shopify-section-footer_top']/div/div/div[@class='row']/div[1]/aside/div/div/div[@class='Footer-top_section_img']/img","Aside","HTML","","",""
"Image","https://offlimits.co.in/collections/new-arrivals-2026/products/roger-select-black-silver-ocm-915-08","https://cdn.shopify.com/s/files/1/0549/2926/0637/files/Group_26_2x_662f72e4-bebb-42fd-b4aa-59ad17a58876.png?v=1714119005","logo","4","Absolute","//body/div[@id='nt_wrapper']/footer/div[@id='shopify-section-footer_top']/div/div/div[@class='row']/div[1]/aside/div/div/div[@class='Footer-top_section_img']/img","Aside","HTML","","",""
"Image","https://offlimits.co.in/collections/mens-bestsellers/products/baseline-23-milwaukee-bucks-beige-green-ocm-828-06","https://cdn.shopify.com/s/files/1/0549/2926/0637/files/Group_26_2x_662f72e4-bebb-42fd-b4aa-59ad17a58876.png?v=1714119005","logo","4","Absolute","//body/div[@id='nt_wrapper']/footer/div[@id='shopify-section-footer_top']/div/div/div[@class='row']/div[1]/aside/div/div/div[@class='Footer-top_section_img']/img","Aside","HTML","","",""
"Image","https://offlimits.co.in/collections/men-gym-training","https://cdn.shopify.com/s/files/1/0549/2926/0637/files/Group_26_2x_662f72e4-bebb-42fd-b4aa-59ad17a58876.png?v=1714119005","logo","4","Absolute","//body/div[@id='nt_wrapper']/footer/div[@id='shopify-section-footer_top']/div/div/div[@class='row']/div[1]/aside/div/div/div[@class='Footer-top_section_img']/img","Aside","HTML","","",""
"Image","https://offlimits.co.in/collections/women-running-gym","https://cdn.shopify.com/s/files/1/0549/2926/0637/files/Group_26_2x_662f72e4-bebb-42fd-b4aa-59ad17a58876.png?v=1714119005","logo","4","Absolute","//body/div[@id='nt_wrapper']/footer/div[@id='shopify-section-footer_top']/div/div/div[@class='row']/div[1]/aside/div/div/div[@class='Footer-top_section_img']/img","Aside","HTML","","",""
"Image","https://offlimits.co.in/collections/mens-bestsellers/products/unbound-teal-orm-855-06","https://cdn.shopify.com/s/files/1/0549/2926/0637/files/Group_26_2x_662f72e4-bebb-42fd-b4aa-59ad17a58876.png?v=1714119005","logo","4","Absolute","//body/div[@id='nt_wrapper']/footer/div[@id='shopify-section-footer_top']/div/div/div[@class='row']/div[1]/aside/div/div/div[@class='Footer-top_section_img']/img","Aside","HTML","","",""
"Image","https://offlimits.co.in/pages/return-exchange","https://cdn.shopify.com/s/files/1/0549/2926/0637/files/Group_26_2x_662f72e4-bebb-42fd-b4aa-59ad17a58876.png?v=1714119005","logo","4","Absolute","//body/div[@id='nt_wrapper']/footer/div[@id='shopify-section-footer_top']/div/div/div[@class='row']/div[1]/aside/div/div/div[@class='Footer-top_section_img']/img","Aside","HTML","","",""
"Image","https://offlimits.co.in/collections/white-shoes-for-men","https://cdn.shopify.com/s/files/1/0549/2926/0637/files/Group_26_2x_662f72e4-bebb-42fd-b4aa-59ad17a58876.png?v=1714119005","logo","4","Absolute","//body/div[@id='nt_wrapper']/footer/div[@id='shopify-section-footer_top']/div/div/div[@class='row']/div[1]/aside/div/div/div[@class='Footer-top_section_img']/img","Aside","HTML","","",""
"Image","https://offlimits.co.in/","https://cdn.shopify.com/s/files/1/0549/2926/0637/files/Group_34.svg?v=1714465742","CUTTING-EDGE TECHNOLOGY","23","Absolute","//body/div[@id='nt_wrapper']/div[@id='nt_content']/div[@id='shopify-section-custom_html_x3j4a6']/div/div/marquee/div[@class='slider-marq'][1]/span[1]/span/img","Content","HTML","","",""
"Image","https://offlimits.co.in/","https://cdn.shopify.com/s/files/1/0549/2926/0637/files/Group_34.svg?v=1714465742","CUTTING-EDGE TECHNOLOGY","23","Absolute","//body/div[@id='nt_wrapper']/div[@id='nt_content']/div[@id='shopify-section-custom_html_x3j4a6']/div/div/marquee/div[@class='slider-marq'][2]/span[1]/span/img","Content","HTML","","",""
"Image","https://offlimits.co.in/","https://cdn.shopify.com/s/files/1/0549/2926/0637/files/Group_34.svg?v=1714465742","CUTTING-EDGE TECHNOLOGY","23","Absolute","//body/div[@id='nt_wrapper']/div[@id='nt_content']/div[@id='shopify-section-custom_html_x3j4a6']/div/div/marquee/div[@class='slider-marq'][3]/span[1]/span/img","Content","HTML","","",""
"Image","https://offlimits.co.in/","https://cdn.shopify.com/s/files/1/0549/2926/0637/files/Group_34.svg?v=1714465742","CUTTING-EDGE TECHNOLOGY","23","Absolute","//body/div[@id='nt_wrapper']/div[@id='nt_content']/div[@id='shopify-section-custom_html_x3j4a6']/div/div/marquee/div[@class='slider-marq'][4]/span[1]/span/img","Content","HTML","","",""
"Image","https://offlimits.co.in/","https://cdn.shopify.com/s/files/1/0549/2926/0637/files/Group_34.svg?v=1714465742","CUTTING-EDGE TECHNOLOGY","23","Absolute","//body/div[@id='nt_wrapper']/div[@id='nt_content']/div[@id='shopify-section-custom_html_x3j4a6']/div/div/marquee/div[@class='slider-marq'][5]/span[1]/span/img","Content","HTML","","",""
"Image","https://offlimits.co.in/","https://cdn.shopify.com/s/files/1/0549/2926/0637/files/Group_34.svg?v=1714465742","CUTTING-EDGE TECHNOLOGY","23","Absolute","//body/div[@id='nt_wrapper']/div[@id='nt_content']/div[@id='shopify-section-custom_html_x3j4a6']/div/div/marquee/div[@class='slider-marq'][6]/span[1]/span/img","Content","HTML","","",""
"Image","https://offlimits.co.in/","https://cdn.shopify.com/s/files/1/0549/2926/0637/files/Group_34.svg?v=1714465742","CUTTING-EDGE TECHNOLOGY","23","Absolute","//body/div[@id='nt_wrapper']/div[@id='nt_content']/div[@id='shopify-section-custom_html_x3j4a6']/div/div/marquee/div[@class='slider-marq'][7]/span[1]/span/img","Content","HTML","","",""
"Image","https://offlimits.co.in/","https://cdn.shopify.com/s/files/1/0549/2926/0637/files/Group_34.svg?v=1714465742","CUTTING-EDGE TECHNOLOGY","23","Absolute","//body/div[@id='nt_wrapper']/div[@id='nt_content']/div[@id='shopify-section-custom_html_x3j4a6']/div/div/marquee/div[@class='slider-marq'][8]/span[1]/span/img","Content","HTML","","",""
"Image","https://offlimits.co.in/","https://cdn.shopify.com/s/files/1/0549/2926/0637/files/Group_34.svg?v=1714465742","CUTTING-EDGE TECHNOLOGY","23","Absolute","//body/div[@id='nt_wrapper']/div[@id='nt_content']/div[@id='shopify-section-custom_html_x3j4a6']/div/div/marquee/div[@class='slider-marq'][9]/span[1]/span/img","Content","HTML","","",""
"Image","https://offlimits.co.in/","https://cdn.shopify.com/s/files/1/0549/2926/0637/files/Group_34.svg?v=1714465742","CUTTING-EDGE TECHNOLOGY","23","Absolute","//body/div[@id='nt_wrapper']/div[@id='nt_content']/div[@id='shopify-section-custom_html_x3j4a6']/div/div/marquee/div[@class='slider-marq'][10]/span[1]/span/img","Content","HTML","","",""
"Image","https://offlimits.co.in/","https://cdn.shopify.com/s/files/1/0549/2926/0637/files/Group_85_2x_63ebe7e7-ce79-4eeb-8b6b-75acf9489bdf.png?v=1714394634","UNLOCK YOUR","11","Absolute","//body/div[@id='nt_wrapper']/div[@id='nt_content']/div[@id='shopify-section-custom_html_rdtMER']/div/div/a/div[1]/div[@class='custom_unlock_inner']/div[@class='custom_unlock_image'][2]/img","Content","HTML","","",""
"Image","https://offlimits.co.in/","https://cdn.shopify.com/s/files/1/0549/2926/0637/files/Group_36.svg?v=1714465741","WEATHER-ADAPTIVE DESIGN","23","Absolute","//body/div[@id='nt_wrapper']/div[@id='nt_content']/div[@id='shopify-section-custom_html_x3j4a6']/div/div/marquee/div[@class='slider-marq'][1]/span[3]/span/img","Content","HTML","","",""
"Image","https://offlimits.co.in/","https://cdn.shopify.com/s/files/1/0549/2926/0637/files/Group_36.svg?v=1714465741","WEATHER-ADAPTIVE DESIGN","23","Absolute","//body/div[@id='nt_wrapper']/div[@id='nt_content']/div[@id='shopify-section-custom_html_x3j4a6']/div/div/marquee/div[@class='slider-marq'][2]/span[3]/span/img","Content","HTML","","",""
"Image","https://offlimits.co.in/","https://cdn.shopify.com/s/files/1/0549/2926/0637/files/Group_36.svg?v=1714465741","WEATHER-ADAPTIVE DESIGN","23","Absolute","//body/div[@id='nt_wrapper']/div[@id='nt_content']/div[@id='shopify-section-custom_html_x3j4a6']/div/div/marquee/div[@class='slider-marq'][3]/span[3]/span/img","Content","HTML","","",""
"Image","https://offlimits.co.in/","https://cdn.shopify.com/s/files/1/0549/2926/0637/files/Group_36.svg?v=1714465741","WEATHER-ADAPTIVE DESIGN","23","Absolute","//body/div[@id='nt_wrapper']/div[@id='nt_content']/div[@id='shopify-section-custom_html_x3j4a6']/div/div/marquee/div[@class='slider-marq'][4]/span[3]/span/img","Content","HTML","","",""
"Image","https://offlimits.co.in/","https://cdn.shopify.com/s/files/1/0549/2926/0637/files/Group_36.svg?v=1714465741","WEATHER-ADAPTIVE DESIGN","23","Absolute","//body/div[@id='nt_wrapper']/div[@id='nt_content']/div[@id='shopify-section-custom_html_x3j4a6']/div/div/marquee/div[@class='slider-marq'][5]/span[3]/span/img","Content","HTML","","",""
"Image","https://offlimits.co.in/","https://cdn.shopify.com/s/files/1/0549/2926/0637/files/Group_36.svg?v=1714465741","WEATHER-ADAPTIVE DESIGN","23","Absolute","//body/div[@id='nt_wrapper']/div[@id='nt_content']/div[@id='shopify-section-custom_html_x3j4a6']/div/div/marquee/div[@class='slider-marq'][6]/span[3]/span/img","Content","HTML","","",""
"Image","https://offlimits.co.in/","https://cdn.shopify.com/s/files/1/0549/2926/0637/files/Group_36.svg?v=1714465741","WEATHER-ADAPTIVE DESIGN","23","Absolute","//body/div[@id='nt_wrapper']/div[@id='nt_content']/div[@id='shopify-section-custom_html_x3j4a6']/div/div/marquee/div[@class='slider-marq'][7]/span[3]/span/img","Content","HTML","","",""
"Image","https://offlimits.co.in/","https://cdn.shopify.com/s/files/1/0549/2926/0637/files/Group_36.svg?v=1714465741","WEATHER-ADAPTIVE DESIGN","23","Absolute","//body/div[@id='nt_wrapper']/div[@id='nt_content']/div[@id='shopify-section-custom_html_x3j4a6']/div/div/marquee/div[@class='slider-marq'][8]/span[3]/span/img","Content","HTML","","",""
"Image","https://offlimits.co.in/","https://cdn.shopify.com/s/files/1/0549/2926/0637/files/Group_36.svg?v=1714465741","WEATHER-ADAPTIVE DESIGN","23","Absolute","//body/div[@id='nt_wrapper']/div[@id='nt_content']/div[@id='shopify-section-custom_html_x3j4a6']/div/div/marquee/div[@class='slider-marq'][9]/span[3]/span/img","Content","HTML","","",""
"Image","https://offlimits.co.in/","https://cdn.shopify.com/s/files/1/0549/2926/0637/files/Group_36.svg?v=1714465741","WEATHER-ADAPTIVE DESIGN","23","Absolute","//body/div[@id='nt_wrapper']/div[@id='nt_content']/div[@id='shopify-section-custom_html_x3j4a6']/div/div/marquee/div[@class='slider-marq'][10]/span[3]/span/img","Content","HTML","","",""
"Image","https://offlimits.co.in/","https://cdn.shopify.com/s/files/1/0549/2926/0637/files/New_Project_13.jpg?v=1741157228","","0","Absolute","//body/div[@id='nt_wrapper']/div[@id='nt_content']/div[@id='shopify-section-custom_html_r9UJAP']/div/div/div/div/a[1]/img","Content","HTML","","",""
"Image","https://offlimits.co.in/","https://cdn.shopify.com/s/files/1/0549/2926/0637/files/Group_44.svg?v=1714465742","ASSURED QUALITY","15","Absolute","//body/div[@id='nt_wrapper']/div[@id='nt_content']/div[@id='shopify-section-custom_html_x3j4a6']/div/div/marquee/div[@class='slider-marq'][1]/span[5]/span/img","Content","HTML","","",""
"Image","https://offlimits.co.in/","https://cdn.shopify.com/s/files/1/0549/2926/0637/files/Group_44.svg?v=1714465742","ASSURED QUALITY","15","Absolute","//body/div[@id='nt_wrapper']/div[@id='nt_content']/div[@id='shopify-section-custom_html_x3j4a6']/div/div/marquee/div[@class='slider-marq'][2]/span[5]/span/img","Content","HTML","","",""
"Image","https://offlimits.co.in/","https://cdn.shopify.com/s/files/1/0549/2926/0637/files/Group_44.svg?v=1714465742","ASSURED QUALITY","15","Absolute","//body/div[@id='nt_wrapper']/div[@id='nt_content']/div[@id='shopify-section-custom_html_x3j4a6']/div/div/marquee/div[@class='slider-marq'][3]/span[5]/span/img","Content","HTML","","",""
"Image","https://offlimits.co.in/","https://cdn.shopify.com/s/files/1/0549/2926/0637/files/Group_44.svg?v=1714465742","ASSURED QUALITY","15","Absolute","//body/div[@id='nt_wrapper']/div[@id='nt_content']/div[@id='shopify-section-custom_html_x3j4a6']/div/div/marquee/div[@class='slider-marq'][4]/span[5]/span/img","Content","HTML","","",""
"Image","https://offlimits.co.in/","https://cdn.shopify.com/s/files/1/0549/2926/0637/files/Group_44.svg?v=1714465742","ASSURED QUALITY","15","Absolute","//body/div[@id='nt_wrapper']/div[@id='nt_content']/div[@id='shopify-section-custom_html_x3j4a6']/div/div/marquee/div[@class='slider-marq'][5]/span[5]/span/img","Content","HTML","","",""
"Image","https://offlimits.co.in/","https://cdn.shopify.com/s/files/1/0549/2926/0637/files/Group_44.svg?v=1714465742","ASSURED QUALITY","15","Absolute","//body/div[@id='nt_wrapper']/div[@id='nt_content']/div[@id='shopify-section-custom_html_x3j4a6']/div/div/marquee/div[@class='slider-marq'][6]/span[5]/span/img","Content","HTML","","",""
"Image","https://offlimits.co.in/","https://cdn.shopify.com/s/files/1/0549/2926/0637/files/Group_44.svg?v=1714465742","ASSURED QUALITY","15","Absolute","//body/div[@id='nt_wrapper']/div[@id='nt_content']/div[@id='shopify-section-custom_html_x3j4a6']/div/div/marquee/div[@class='slider-marq'][7]/span[5]/span/img","Content","HTML","","",""
"Image","https://offlimits.co.in/","https://cdn.shopify.com/s/files/1/0549/2926/0637/files/Group_44.svg?v=1714465742","ASSURED QUALITY","15","Absolute","//body/div[@id='nt_wrapper']/div[@id='nt_content']/div[@id='shopify-section-custom_html_x3j4a6']/div/div/marquee/div[@class='slider-marq'][8]/span[5]/span/img","Content","HTML","","",""
"Image","https://offlimits.co.in/","https://cdn.shopify.com/s/files/1/0549/2926/0637/files/Group_44.svg?v=1714465742","ASSURED QUALITY","15","Absolute","//body/div[@id='nt_wrapper']/div[@id='nt_content']/div[@id='shopify-section-custom_html_x3j4a6']/div/div/marquee/div[@class='slider-marq'][9]/span[5]/span/img","Content","HTML","","",""
"Image","https://offlimits.co.in/","https://cdn.shopify.com/s/files/1/0549/2926/0637/files/Group_44.svg?v=1714465742","ASSURED QUALITY","15","Absolute","//body/div[@id='nt_wrapper']/div[@id='nt_content']/div[@id='shopify-section-custom_html_x3j4a6']/div/div/marquee/div[@class='slider-marq'][10]/span[5]/span/img","Content","HTML","","",""
"Image","https://offlimits.co.in/","https://cdn.shopify.com/s/files/1/0549/2926/0637/files/pinterest.svg?v=1634556983","pinterest","9","Absolute","//body/div[@id='nt_wrapper']/footer/div[@id='shopify-section-footer_top']/div/div/div[@class='row']/div[1]/aside/div/div/div[@class='social-icons']/ul/li[4]/a/img","Aside","HTML","","",""
"Image","https://offlimits.co.in/collections/mens-bestsellers/products/gladiator-off-white-orm-661-02","https://cdn.shopify.com/s/files/1/0549/2926/0637/files/pinterest.svg?v=1634556983","pinterest","9","Absolute","//body/div[@id='nt_wrapper']/footer/div[@id='shopify-section-footer_top']/div/div/div[@class='row']/div[1]/aside/div/div/div[@class='social-icons']/ul/li[4]/a/img","Aside","HTML","","",""
"Image","https://offlimits.co.in/collections/men-clothing","https://cdn.shopify.com/s/files/1/0549/2926/0637/files/pinterest.svg?v=1634556983","pinterest","9","Absolute","//body/div[@id='nt_wrapper']/footer/div[@id='shopify-section-footer_top']/div/div/div[@class='row']/div[1]/aside/div/div/div[@class='social-icons']/ul/li[4]/a/img","Aside","HTML","","",""
"Image","https://offlimits.co.in/collections/white-sneaker","https://cdn.shopify.com/s/files/1/0549/2926/0637/files/pinterest.svg?v=1634556983","pinterest","9","Absolute","//body/div[@id='nt_wrapper']/footer/div[@id='shopify-section-footer_top']/div/div/div[@class='row']/div[1]/aside/div/div/div[@class='social-icons']/ul/li[4]/a/img","Aside","HTML","","",""
"Image","https://offlimits.co.in/collections/women-track-suits","https://cdn.shopify.com/s/files/1/0549/2926/0637/files/pinterest.svg?v=1634556983","pinterest","9","Absolute","//body/div[@id='nt_wrapper']/footer/div[@id='shopify-section-footer_top']/div/div/div[@class='row']/div[1]/aside/div/div/div[@class='social-icons']/ul/li[4]/a/img","Aside","HTML","","",""
"Image","https://offlimits.co.in/collections/women-walking","https://cdn.shopify.com/s/files/1/0549/2926/0637/files/pinterest.svg?v=1634556983","pinterest","9","Absolute","//body/div[@id='nt_wrapper']/footer/div[@id='shopify-section-footer_top']/div/div/div[@class='row']/div[1]/aside/div/div/div[@class='social-icons']/ul/li[4]/a/img","Aside","HTML","","",""
"Image","https://offlimits.co.in/collections/new-arrivals","https://cdn.shopify.com/s/files/1/0549/2926/0637/files/pinterest.svg?v=1634556983","pinterest","9","Absolute","//body/div[@id='nt_wrapper']/footer/div[@id='shopify-section-footer_top']/div/div/div[@class='row']/div[1]/aside/div/div/div[@class='social-icons']/ul/li[4]/a/img","Aside","HTML","","",""
"Image","https://offlimits.co.in/collections/s-w-a-t-men","https://cdn.shopify.com/s/files/1/0549/2926/0637/files/pinterest.svg?v=1634556983","pinterest","9","Absolute","//body/div[@id='nt_wrapper']/footer/div[@id='shopify-section-footer_top']/div/div/div[@class='row']/div[1]/aside/div/div/div[@class='social-icons']/ul/li[4]/a/img","Aside","HTML","","",""
"Image","https://offlimits.co.in/collections/mens-bestsellers/products/sparta-pro-blue-orange-orm-795-03","https://cdn.shopify.com/s/files/1/0549/2926/0637/files/pinterest.svg?v=1634556983","pinterest","9","Absolute","//body/div[@id='nt_wrapper']/footer/div[@id='shopify-section-footer_top']/div/div/div[@class='row']/div[1]/aside/div/div/div[@class='social-icons']/ul/li[4]/a/img","Aside","HTML","","",""
"Image","https://offlimits.co.in/collections/men-track-suits","https://cdn.shopify.com/s/files/1/0549/2926/0637/files/pinterest.svg?v=1634556983","pinterest","9","Absolute","//body/div[@id='nt_wrapper']/footer/div[@id='shopify-section-footer_top']/div/div/div[@class='row']/div[1]/aside/div/div/div[@class='social-icons']/ul/li[4]/a/img","Aside","HTML","","",""
"Image","https://offlimits.co.in/collections/basketball-boots","https://cdn.shopify.com/s/files/1/0549/2926/0637/files/pinterest.svg?v=1634556983","pinterest","9","Absolute","//body/div[@id='nt_wrapper']/footer/div[@id='shopify-section-footer_top']/div/div/div[@class='row']/div[1]/aside/div/div/div[@class='social-icons']/ul/li[4]/a/img","Aside","HTML","","",""
"Image","https://offlimits.co.in/collections/men-shorts","https://cdn.shopify.com/s/files/1/0549/2926/0637/files/pinterest.svg?v=1634556983","pinterest","9","Absolute","//body/div[@id='nt_wrapper']/footer/div[@id='shopify-section-footer_top']/div/div/div[@class='row']/div[1]/aside/div/div/div[@class='social-icons']/ul/li[4]/a/img","Aside","HTML","","",""
"Image","https://offlimits.co.in/collections/men-sweatshirts","https://cdn.shopify.com/s/files/1/0549/2926/0637/files/pinterest.svg?v=1634556983","pinterest","9","Absolute","//body/div[@id='nt_wrapper']/footer/div[@id='shopify-section-footer_top']/div/div/div[@class='row']/div[1]/aside/div/div/div[@class='social-icons']/ul/li[4]/a/img","Aside","HTML","","",""
"Image","https://offlimits.co.in/pages/store-gallery","https://cdn.shopify.com/s/files/1/0549/2926/0637/files/pinterest.svg?v=1634556983","pinterest","9","Absolute","//body/div[@id='nt_wrapper']/footer/div[@id='shopify-section-footer_top']/div/div/div[@class='row']/div[1]/aside/div/div/div[@class='social-icons']/ul/li[4]/a/img","Aside","HTML","","",""
"Image","https://offlimits.co.in/pages/sitemap","https://cdn.shopify.com/s/files/1/0549/2926/0637/files/pinterest.svg?v=1634556983","pinterest","9","Absolute","//body/div[@id='nt_wrapper']/footer/div[@id='shopify-section-footer_top']/div/div/div[@class='row']/div[1]/aside/div/div/div[@class='social-icons']/ul/li[4]/a/img","Aside","HTML","","",""
"Image","https://offlimits.co.in/collections/casual-shoes-men","https://cdn.shopify.com/s/files/1/0549/2926/0637/files/pinterest.svg?v=1634556983","pinterest","9","Absolute","//body/div[@id='nt_wrapper']/footer/div[@id='shopify-section-footer_top']/div/div/div[@class='row']/div[1]/aside/div/div/div[@class='social-icons']/ul/li[4]/a/img","Aside","HTML","","",""
"Image","https://offlimits.co.in/collections/high-top-shoes-for-men","https://cdn.shopify.com/s/files/1/0549/2926/0637/files/pinterest.svg?v=1634556983","pinterest","9","Absolute","//body/div[@id='nt_wrapper']/footer/div[@id='shopify-section-footer_top']/div/div/div[@class='row']/div[1]/aside/div/div/div[@class='social-icons']/ul/li[4]/a/img","Aside","HTML","","",""
"Image","https://offlimits.co.in/collections/new-arrivals-2026/products/splash-mode-for-her-white-ocw-926-02","https://cdn.shopify.com/s/files/1/0549/2926/0637/files/pinterest.svg?v=1634556983","pinterest","9","Absolute","//body/div[@id='nt_wrapper']/footer/div[@id='shopify-section-footer_top']/div/div/div[@class='row']/div[1]/aside/div/div/div[@class='social-icons']/ul/li[4]/a/img","Aside","HTML","","",""
"Image","https://offlimits.co.in/collections/women-clothing","https://cdn.shopify.com/s/files/1/0549/2926/0637/files/pinterest.svg?v=1634556983","pinterest","9","Absolute","//body/div[@id='nt_wrapper']/footer/div[@id='shopify-section-footer_top']/div/div/div[@class='row']/div[1]/aside/div/div/div[@class='social-icons']/ul/li[4]/a/img","Aside","HTML","","",""
"Image","https://offlimits.co.in/pages/privacy-policy","https://cdn.shopify.com/s/files/1/0549/2926/0637/files/pinterest.svg?v=1634556983","pinterest","9","Absolute","//body/div[@id='nt_wrapper']/footer/div[@id='shopify-section-footer_top']/div/div/div[@class='row']/div[1]/aside/div/div/div[@class='social-icons']/ul/li[4]/a/img","Aside","HTML","","",""
"Image","https://offlimits.co.in/collections/women","https://cdn.shopify.com/s/files/1/0549/2926/0637/files/pinterest.svg?v=1634556983","pinterest","9","Absolute","//body/div[@id='nt_wrapper']/footer/div[@id='shopify-section-footer_top']/div/div/div[@class='row']/div[1]/aside/div/div/div[@class='social-icons']/ul/li[4]/a/img","Aside","HTML","","",""
"Image","https://offlimits.co.in/collections/men-running-shoes","https://cdn.shopify.com/s/files/1/0549/2926/0637/files/pinterest.svg?v=1634556983","pinterest","9","Absolute","//body/div[@id='nt_wrapper']/footer/div[@id='shopify-section-footer_top']/div/div/div[@class='row']/div[1]/aside/div/div/div[@class='social-icons']/ul/li[4]/a/img","Aside","HTML","","",""
"Image","https://offlimits.co.in/collections/new-arrivals-2026/products/coast-big-tall-off-white-yellow-purple-ocm-878-02","https://cdn.shopify.com/s/files/1/0549/2926/0637/files/pinterest.svg?v=1634556983","pinterest","9","Absolute","//body/div[@id='nt_wrapper']/footer/div[@id='shopify-section-footer_top']/div/div/div[@class='row']/div[1]/aside/div/div/div[@class='social-icons']/ul/li[4]/a/img","Aside","HTML","","",""
"Image","https://offlimits.co.in/collections/women-bestsellers","https://cdn.shopify.com/s/files/1/0549/2926/0637/files/pinterest.svg?v=1634556983","pinterest","9","Absolute","//body/div[@id='nt_wrapper']/footer/div[@id='shopify-section-footer_top']/div/div/div[@class='row']/div[1]/aside/div/div/div[@class='social-icons']/ul/li[4]/a/img","Aside","HTML","","",""
"Image","https://offlimits.co.in/collections/new-arrivals-2026/products/roger-select-black-silver-ocm-915-08","https://cdn.shopify.com/s/files/1/0549/2926/0637/files/pinterest.svg?v=1634556983","pinterest","9","Absolute","//body/div[@id='nt_wrapper']/footer/div[@id='shopify-section-footer_top']/div/div/div[@class='row']/div[1]/aside/div/div/div[@class='social-icons']/ul/li[4]/a/img","Aside","HTML","","",""
"Image","https://offlimits.co.in/collections/mens-bestsellers/products/baseline-23-milwaukee-bucks-beige-green-ocm-828-06","https://cdn.shopify.com/s/files/1/0549/2926/0637/files/pinterest.svg?v=1634556983","pinterest","9","Absolute","//body/div[@id='nt_wrapper']/footer/div[@id='shopify-section-footer_top']/div/div/div[@class='row']/div[1]/aside/div/div/div[@class='social-icons']/ul/li[4]/a/img","Aside","HTML","","",""
"Image","https://offlimits.co.in/collections/men-gym-training","https://cdn.shopify.com/s/files/1/0549/2926/0637/files/pinterest.svg?v=1634556983","pinterest","9","Absolute","//body/div[@id='nt_wrapper']/footer/div[@id='shopify-section-footer_top']/div/div/div[@class='row']/div[1]/aside/div/div/div[@class='social-icons']/ul/li[4]/a/img","Aside","HTML","","",""
"Image","https://offlimits.co.in/collections/women-running-gym","https://cdn.shopify.com/s/files/1/0549/2926/0637/files/pinterest.svg?v=1634556983","pinterest","9","Absolute","//body/div[@id='nt_wrapper']/footer/div[@id='shopify-section-footer_top']/div/div/div[@class='row']/div[1]/aside/div/div/div[@class='social-icons']/ul/li[4]/a/img","Aside","HTML","","",""
"Image","https://offlimits.co.in/collections/mens-bestsellers/products/unbound-teal-orm-855-06","https://cdn.shopify.com/s/files/1/0549/2926/0637/files/pinterest.svg?v=1634556983","pinterest","9","Absolute","//body/div[@id='nt_wrapper']/footer/div[@id='shopify-section-footer_top']/div/div/div[@class='row']/div[1]/aside/div/div/div[@class='social-icons']/ul/li[4]/a/img","Aside","HTML","","",""
"Image","https://offlimits.co.in/pages/return-exchange","https://cdn.shopify.com/s/files/1/0549/2926/0637/files/pinterest.svg?v=1634556983","pinterest","9","Absolute","//body/div[@id='nt_wrapper']/footer/div[@id='shopify-section-footer_top']/div/div/div[@class='row']/div[1]/aside/div/div/div[@class='social-icons']/ul/li[4]/a/img","Aside","HTML","","",""
"Image","https://offlimits.co.in/collections/white-shoes-for-men","https://cdn.shopify.com/s/files/1/0549/2926/0637/files/pinterest.svg?v=1634556983","pinterest","9","Absolute","//body/div[@id='nt_wrapper']/footer/div[@id='shopify-section-footer_top']/div/div/div[@class='row']/div[1]/aside/div/div/div[@class='social-icons']/ul/li[4]/a/img","Aside","HTML","","",""
"Image","https://offlimits.co.in/","https://cdn.shopify.com/s/files/1/0549/2926/0637/files/Group_76_3x_08fc6c44-c6d8-4d00-8ea5-c46ebc8d894e.png?v=1714453961","UNLOCK YOUR","11","Absolute","//body/div[@id='nt_wrapper']/div[@id='nt_content']/div[@id='shopify-section-custom_html_rdtMER']/div/div/a/div[2]/div[@class='custom_unlock_inner']/div[@class='custom_unlock_image']/img","Content","HTML","","",""
"Image","https://offlimits.co.in/","https://cdn.shopify.com/s/files/1/0549/2926/0637/files/Group_70_2x_99e145f2-4ded-4a50-988c-7c4c7ea0d014.png?v=1714382380","Our Story","9","Absolute","//body/div[@id='nt_wrapper']/footer/div[@id='shopify-section-footer_top']/div/div/div[@class='row']/div[6]/aside/div/div[@class='footer-img']/div[@class='footer-img-box'][1]/a/img","Aside","HTML","","",""
"Image","https://offlimits.co.in/collections/mens-bestsellers/products/gladiator-off-white-orm-661-02","https://cdn.shopify.com/s/files/1/0549/2926/0637/files/Group_70_2x_99e145f2-4ded-4a50-988c-7c4c7ea0d014.png?v=1714382380","Our Story","9","Absolute","//body/div[@id='nt_wrapper']/footer/div[@id='shopify-section-footer_top']/div/div/div[@class='row']/div[6]/aside/div/div[@class='footer-img']/div[@class='footer-img-box'][1]/a/img","Aside","HTML","","",""
"Image","https://offlimits.co.in/collections/men-clothing","https://cdn.shopify.com/s/files/1/0549/2926/0637/files/Group_70_2x_99e145f2-4ded-4a50-988c-7c4c7ea0d014.png?v=1714382380","Our Story","9","Absolute","//body/div[@id='nt_wrapper']/footer/div[@id='shopify-section-footer_top']/div/div/div[@class='row']/div[6]/aside/div/div[@class='footer-img']/div[@class='footer-img-box'][1]/a/img","Aside","HTML","","",""
"Image","https://offlimits.co.in/collections/white-sneaker","https://cdn.shopify.com/s/files/1/0549/2926/0637/files/Group_70_2x_99e145f2-4ded-4a50-988c-7c4c7ea0d014.png?v=1714382380","Our Story","9","Absolute","//body/div[@id='nt_wrapper']/footer/div[@id='shopify-section-footer_top']/div/div/div[@class='row']/div[6]/aside/div/div[@class='footer-img']/div[@class='footer-img-box'][1]/a/img","Aside","HTML","","",""
"Image","https://offlimits.co.in/collections/women-track-suits","https://cdn.shopify.com/s/files/1/0549/2926/0637/files/Group_70_2x_99e145f2-4ded-4a50-988c-7c4c7ea0d014.png?v=1714382380","Our Story","9","Absolute","//body/div[@id='nt_wrapper']/footer/div[@id='shopify-section-footer_top']/div/div/div[@class='row']/div[6]/aside/div/div[@class='footer-img']/div[@class='footer-img-box'][1]/a/img","Aside","HTML","","",""
"Image","https://offlimits.co.in/collections/women-walking","https://cdn.shopify.com/s/files/1/0549/2926/0637/files/Group_70_2x_99e145f2-4ded-4a50-988c-7c4c7ea0d014.png?v=1714382380","Our Story","9","Absolute","//body/div[@id='nt_wrapper']/footer/div[@id='shopify-section-footer_top']/div/div/div[@class='row']/div[6]/aside/div/div[@class='footer-img']/div[@class='footer-img-box'][1]/a/img","Aside","HTML","","",""
"Image","https://offlimits.co.in/collections/new-arrivals","https://cdn.shopify.com/s/files/1/0549/2926/0637/files/Group_70_2x_99e145f2-4ded-4a50-988c-7c4c7ea0d014.png?v=1714382380","Our Story","9","Absolute","//body/div[@id='nt_wrapper']/footer/div[@id='shopify-section-footer_top']/div/div/div[@class='row']/div[6]/aside/div/div[@class='footer-img']/div[@class='footer-img-box'][1]/a/img","Aside","HTML","","",""
"Image","https://offlimits.co.in/collections/s-w-a-t-men","https://cdn.shopify.com/s/files/1/0549/2926/0637/files/Group_70_2x_99e145f2-4ded-4a50-988c-7c4c7ea0d014.png?v=1714382380","Our Story","9","Absolute","//body/div[@id='nt_wrapper']/footer/div[@id='shopify-section-footer_top']/div/div/div[@class='row']/div[6]/aside/div/div[@class='footer-img']/div[@class='footer-img-box'][1]/a/img","Aside","HTML","","",""
"Image","https://offlimits.co.in/collections/mens-bestsellers/products/sparta-pro-blue-orange-orm-795-03","https://cdn.shopify.com/s/files/1/0549/2926/0637/files/Group_70_2x_99e145f2-4ded-4a50-988c-7c4c7ea0d014.png?v=1714382380","Our Story","9","Absolute","//body/div[@id='nt_wrapper']/footer/div[@id='shopify-section-footer_top']/div/div/div[@class='row']/div[6]/aside/div/div[@class='footer-img']/div[@class='footer-img-box'][1]/a/img","Aside","HTML","","",""
"Image","https://offlimits.co.in/collections/men-track-suits","https://cdn.shopify.com/s/files/1/0549/2926/0637/files/Group_70_2x_99e145f2-4ded-4a50-988c-7c4c7ea0d014.png?v=1714382380","Our Story","9","Absolute","//body/div[@id='nt_wrapper']/footer/div[@id='shopify-section-footer_top']/div/div/div[@class='row']/div[6]/aside/div/div[@class='footer-img']/div[@class='footer-img-box'][1]/a/img","Aside","HTML","","",""
"Image","https://offlimits.co.in/collections/basketball-boots","https://cdn.shopify.com/s/files/1/0549/2926/0637/files/Group_70_2x_99e145f2-4ded-4a50-988c-7c4c7ea0d014.png?v=1714382380","Our Story","9","Absolute","//body/div[@id='nt_wrapper']/footer/div[@id='shopify-section-footer_top']/div/div/div[@class='row']/div[6]/aside/div/div[@class='footer-img']/div[@class='footer-img-box'][1]/a/img","Aside","HTML","","",""
"Image","https://offlimits.co.in/collections/men-shorts","https://cdn.shopify.com/s/files/1/0549/2926/0637/files/Group_70_2x_99e145f2-4ded-4a50-988c-7c4c7ea0d014.png?v=1714382380","Our Story","9","Absolute","//body/div[@id='nt_wrapper']/footer/div[@id='shopify-section-footer_top']/div/div/div[@class='row']/div[6]/aside/div/div[@class='footer-img']/div[@class='footer-img-box'][1]/a/img","Aside","HTML","","",""
"Image","https://offlimits.co.in/collections/men-sweatshirts","https://cdn.shopify.com/s/files/1/0549/2926/0637/files/Group_70_2x_99e145f2-4ded-4a50-988c-7c4c7ea0d014.png?v=1714382380","Our Story","9","Absolute","//body/div[@id='nt_wrapper']/footer/div[@id='shopify-section-footer_top']/div/div/div[@class='row']/div[6]/aside/div/div[@class='footer-img']/div[@class='footer-img-box'][1]/a/img","Aside","HTML","","",""
"Image","https://offlimits.co.in/pages/store-gallery","https://cdn.shopify.com/s/files/1/0549/2926/0637/files/Group_70_2x_99e145f2-4ded-4a50-988c-7c4c7ea0d014.png?v=1714382380","Our Story","9","Absolute","//body/div[@id='nt_wrapper']/footer/div[@id='shopify-section-footer_top']/div/div/div[@class='row']/div[6]/aside/div/div[@class='footer-img']/div[@class='footer-img-box'][1]/a/img","Aside","HTML","","",""
"Image","https://offlimits.co.in/pages/sitemap","https://cdn.shopify.com/s/files/1/0549/2926/0637/files/Group_70_2x_99e145f2-4ded-4a50-988c-7c4c7ea0d014.png?v=1714382380","Our Story","9","Absolute","//body/div[@id='nt_wrapper']/footer/div[@id='shopify-section-footer_top']/div/div/div[@class='row']/div[6]/aside/div/div[@class='footer-img']/div[@class='footer-img-box'][1]/a/img","Aside","HTML","","",""
"Image","https://offlimits.co.in/collections/casual-shoes-men","https://cdn.shopify.com/s/files/1/0549/2926/0637/files/Group_70_2x_99e145f2-4ded-4a50-988c-7c4c7ea0d014.png?v=1714382380","Our Story","9","Absolute","//body/div[@id='nt_wrapper']/footer/div[@id='shopify-section-footer_top']/div/div/div[@class='row']/div[6]/aside/div/div[@class='footer-img']/div[@class='footer-img-box'][1]/a/img","Aside","HTML","","",""
"Image","https://offlimits.co.in/collections/high-top-shoes-for-men","https://cdn.shopify.com/s/files/1/0549/2926/0637/files/Group_70_2x_99e145f2-4ded-4a50-988c-7c4c7ea0d014.png?v=1714382380","Our Story","9","Absolute","//body/div[@id='nt_wrapper']/footer/div[@id='shopify-section-footer_top']/div/div/div[@class='row']/div[6]/aside/div/div[@class='footer-img']/div[@class='footer-img-box'][1]/a/img","Aside","HTML","","",""
"Image","https://offlimits.co.in/collections/new-arrivals-2026/products/splash-mode-for-her-white-ocw-926-02","https://cdn.shopify.com/s/files/1/0549/2926/0637/files/Group_70_2x_99e145f2-4ded-4a50-988c-7c4c7ea0d014.png?v=1714382380","Our Story","9","Absolute","//body/div[@id='nt_wrapper']/footer/div[@id='shopify-section-footer_top']/div/div/div[@class='row']/div[6]/aside/div/div[@class='footer-img']/div[@class='footer-img-box'][1]/a/img","Aside","HTML","","",""
"Image","https://offlimits.co.in/collections/women-clothing","https://cdn.shopify.com/s/files/1/0549/2926/0637/files/Group_70_2x_99e145f2-4ded-4a50-988c-7c4c7ea0d014.png?v=1714382380","Our Story","9","Absolute","//body/div[@id='nt_wrapper']/footer/div[@id='shopify-section-footer_top']/div/div/div[@class='row']/div[6]/aside/div/div[@class='footer-img']/div[@class='footer-img-box'][1]/a/img","Aside","HTML","","",""
"Image","https://offlimits.co.in/pages/privacy-policy","https://cdn.shopify.com/s/files/1/0549/2926/0637/files/Group_70_2x_99e145f2-4ded-4a50-988c-7c4c7ea0d014.png?v=1714382380","Our Story","9","Absolute","//body/div[@id='nt_wrapper']/footer/div[@id='shopify-section-footer_top']/div/div/div[@class='row']/div[6]/aside/div/div[@class='footer-img']/div[@class='footer-img-box'][1]/a/img","Aside","HTML","","",""
"Image","https://offlimits.co.in/collections/women","https://cdn.shopify.com/s/files/1/0549/2926/0637/files/Group_70_2x_99e145f2-4ded-4a50-988c-7c4c7ea0d014.png?v=1714382380","Our Story","9","Absolute","//body/div[@id='nt_wrapper']/footer/div[@id='shopify-section-footer_top']/div/div/div[@class='row']/div[6]/aside/div/div[@class='footer-img']/div[@class='footer-img-box'][1]/a/img","Aside","HTML","","",""
"Image","https://offlimits.co.in/collections/men-running-shoes","https://cdn.shopify.com/s/files/1/0549/2926/0637/files/Group_70_2x_99e145f2-4ded-4a50-988c-7c4c7ea0d014.png?v=1714382380","Our Story","9","Absolute","//body/div[@id='nt_wrapper']/footer/div[@id='shopify-section-footer_top']/div/div/div[@class='row']/div[6]/aside/div/div[@class='footer-img']/div[@class='footer-img-box'][1]/a/img","Aside","HTML","","",""
"Image","https://offlimits.co.in/collections/new-arrivals-2026/products/coast-big-tall-off-white-yellow-purple-ocm-878-02","https://cdn.shopify.com/s/files/1/0549/2926/0637/files/Group_70_2x_99e145f2-4ded-4a50-988c-7c4c7ea0d014.png?v=1714382380","Our Story","9","Absolute","//body/div[@id='nt_wrapper']/footer/div[@id='shopify-section-footer_top']/div/div/div[@class='row']/div[6]/aside/div/div[@class='footer-img']/div[@class='footer-img-box'][1]/a/img","Aside","HTML","","",""
"Image","https://offlimits.co.in/collections/women-bestsellers","https://cdn.shopify.com/s/files/1/0549/2926/0637/files/Group_70_2x_99e145f2-4ded-4a50-988c-7c4c7ea0d014.png?v=1714382380","Our Story","9","Absolute","//body/div[@id='nt_wrapper']/footer/div[@id='shopify-section-footer_top']/div/div/div[@class='row']/div[6]/aside/div/div[@class='footer-img']/div[@class='footer-img-box'][1]/a/img","Aside","HTML","","",""
"Image","https://offlimits.co.in/collections/new-arrivals-2026/products/roger-select-black-silver-ocm-915-08","https://cdn.shopify.com/s/files/1/0549/2926/0637/files/Group_70_2x_99e145f2-4ded-4a50-988c-7c4c7ea0d014.png?v=1714382380","Our Story","9","Absolute","//body/div[@id='nt_wrapper']/footer/div[@id='shopify-section-footer_top']/div/div/div[@class='row']/div[6]/aside/div/div[@class='footer-img']/div[@class='footer-img-box'][1]/a/img","Aside","HTML","","",""
"Image","https://offlimits.co.in/collections/mens-bestsellers/products/baseline-23-milwaukee-bucks-beige-green-ocm-828-06","https://cdn.shopify.com/s/files/1/0549/2926/0637/files/Group_70_2x_99e145f2-4ded-4a50-988c-7c4c7ea0d014.png?v=1714382380","Our Story","9","Absolute","//body/div[@id='nt_wrapper']/footer/div[@id='shopify-section-footer_top']/div/div/div[@class='row']/div[6]/aside/div/div[@class='footer-img']/div[@class='footer-img-box'][1]/a/img","Aside","HTML","","",""
"Image","https://offlimits.co.in/collections/men-gym-training","https://cdn.shopify.com/s/files/1/0549/2926/0637/files/Group_70_2x_99e145f2-4ded-4a50-988c-7c4c7ea0d014.png?v=1714382380","Our Story","9","Absolute","//body/div[@id='nt_wrapper']/footer/div[@id='shopify-section-footer_top']/div/div/div[@class='row']/div[6]/aside/div/div[@class='footer-img']/div[@class='footer-img-box'][1]/a/img","Aside","HTML","","",""
"Image","https://offlimits.co.in/collections/women-running-gym","https://cdn.shopify.com/s/files/1/0549/2926/0637/files/Group_70_2x_99e145f2-4ded-4a50-988c-7c4c7ea0d014.png?v=1714382380","Our Story","9","Absolute","//body/div[@id='nt_wrapper']/footer/div[@id='shopify-section-footer_top']/div/div/div[@class='row']/div[6]/aside/div/div[@class='footer-img']/div[@class='footer-img-box'][1]/a/img","Aside","HTML","","",""
"Image","https://offlimits.co.in/collections/mens-bestsellers/products/unbound-teal-orm-855-06","https://cdn.shopify.com/s/files/1/0549/2926/0637/files/Group_70_2x_99e145f2-4ded-4a50-988c-7c4c7ea0d014.png?v=1714382380","Our Story","9","Absolute","//body/div[@id='nt_wrapper']/footer/div[@id='shopify-section-footer_top']/div/div/div[@class='row']/div[6]/aside/div/div[@class='footer-img']/div[@class='footer-img-box'][1]/a/img","Aside","HTML","","",""
"Image","https://offlimits.co.in/pages/return-exchange","https://cdn.shopify.com/s/files/1/0549/2926/0637/files/Group_70_2x_99e145f2-4ded-4a50-988c-7c4c7ea0d014.png?v=1714382380","Our Story","9","Absolute","//body/div[@id='nt_wrapper']/footer/div[@id='shopify-section-footer_top']/div/div/div[@class='row']/div[6]/aside/div/div[@class='footer-img']/div[@class='footer-img-box'][1]/a/img","Aside","HTML","","",""
"Image","https://offlimits.co.in/collections/white-shoes-for-men","https://cdn.shopify.com/s/files/1/0549/2926/0637/files/Group_70_2x_99e145f2-4ded-4a50-988c-7c4c7ea0d014.png?v=1714382380","Our Story","9","Absolute","//body/div[@id='nt_wrapper']/footer/div[@id='shopify-section-footer_top']/div/div/div[@class='row']/div[6]/aside/div/div[@class='footer-img']/div[@class='footer-img-box'][1]/a/img","Aside","HTML","","",""
"Image","https://offlimits.co.in/","https://cdn.gokwik.co/v4/images/right-arrow.svg","Right Arrow","11","Absolute","//body/div[@id='shopify-section-cart_widget']/div/form/div[@class='mini_cart_wrap']/div[2]/div[@class='gokwik-checkout']/button/span[@class='pay-opt-icon']/img[2]","Content","HTML","","",""
"Image","https://offlimits.co.in/collections/mens-bestsellers/products/gladiator-off-white-orm-661-02","https://cdn.gokwik.co/v4/images/right-arrow.svg","Right Arrow","11","Absolute","//body/div[@id='shopify-section-cart_widget']/div/form/div[@class='mini_cart_wrap']/div[2]/div[@class='gokwik-checkout']/button/span[@class='pay-opt-icon']/img[2]","Content","HTML","","",""
"Image","https://offlimits.co.in/collections/men-clothing","https://cdn.gokwik.co/v4/images/right-arrow.svg","Right Arrow","11","Absolute","//body/div[@id='shopify-section-cart_widget']/div/form/div[@class='mini_cart_wrap']/div[2]/div[@class='gokwik-checkout']/button/span[@class='pay-opt-icon']/img[2]","Content","HTML","","",""
"Image","https://offlimits.co.in/collections/white-sneaker","https://cdn.gokwik.co/v4/images/right-arrow.svg","Right Arrow","11","Absolute","//body/div[@id='shopify-section-cart_widget']/div/form/div[@class='mini_cart_wrap']/div[2]/div[@class='gokwik-checkout']/button/span[@class='pay-opt-icon']/img[2]","Content","HTML","","",""
"Image","https://offlimits.co.in/collections/women-track-suits","https://cdn.gokwik.co/v4/images/right-arrow.svg","Right Arrow","11","Absolute","//body/div[@id='shopify-section-cart_widget']/div/form/div[@class='mini_cart_wrap']/div[2]/div[@class='gokwik-checkout']/button/span[@class='pay-opt-icon']/img[2]","Content","HTML","","",""
"Image","https://offlimits.co.in/collections/women-walking","https://cdn.gokwik.co/v4/images/right-arrow.svg","Right Arrow","11","Absolute","//body/div[@id='shopify-section-cart_widget']/div/form/div[@class='mini_cart_wrap']/div[2]/div[@class='gokwik-checkout']/button/span[@class='pay-opt-icon']/img[2]","Content","HTML","","",""
"Image","https://offlimits.co.in/collections/new-arrivals","https://cdn.gokwik.co/v4/images/right-arrow.svg","Right Arrow","11","Absolute","//body/div[@id='shopify-section-cart_widget']/div/form/div[@class='mini_cart_wrap']/div[2]/div[@class='gokwik-checkout']/button/span[@class='pay-opt-icon']/img[2]","Content","HTML","","",""
"Image","https://offlimits.co.in/collections/s-w-a-t-men","https://cdn.gokwik.co/v4/images/right-arrow.svg","Right Arrow","11","Absolute","//body/div[@id='shopify-section-cart_widget']/div/form/div[@class='mini_cart_wrap']/div[2]/div[@class='gokwik-checkout']/button/span[@class='pay-opt-icon']/img[2]","Content","HTML","","",""
"Image","https://offlimits.co.in/collections/mens-bestsellers/products/sparta-pro-blue-orange-orm-795-03","https://cdn.gokwik.co/v4/images/right-arrow.svg","Right Arrow","11","Absolute","//body/div[@id='shopify-section-cart_widget']/div/form/div[@class='mini_cart_wrap']/div[2]/div[@class='gokwik-checkout']/button/span[@class='pay-opt-icon']/img[2]","Content","HTML","","",""
"Image","https://offlimits.co.in/collections/men-track-suits","https://cdn.gokwik.co/v4/images/right-arrow.svg","Right Arrow","11","Absolute","//body/div[@id='shopify-section-cart_widget']/div/form/div[@class='mini_cart_wrap']/div[2]/div[@class='gokwik-checkout']/button/span[@class='pay-opt-icon']/img[2]","Content","HTML","","",""
"Image","https://offlimits.co.in/collections/basketball-boots","https://cdn.gokwik.co/v4/images/right-arrow.svg","Right Arrow","11","Absolute","//body/div[@id='shopify-section-cart_widget']/div/form/div[@class='mini_cart_wrap']/div[2]/div[@class='gokwik-checkout']/button/span[@class='pay-opt-icon']/img[2]","Content","HTML","","",""
"Image","https://offlimits.co.in/collections/men-shorts","https://cdn.gokwik.co/v4/images/right-arrow.svg","Right Arrow","11","Absolute","//body/div[@id='shopify-section-cart_widget']/div/form/div[@class='mini_cart_wrap']/div[2]/div[@class='gokwik-checkout']/button/span[@class='pay-opt-icon']/img[2]","Content","HTML","","",""
"Image","https://offlimits.co.in/collections/men-sweatshirts","https://cdn.gokwik.co/v4/images/right-arrow.svg","Right Arrow","11","Absolute","//body/div[@id='shopify-section-cart_widget']/div/form/div[@class='mini_cart_wrap']/div[2]/div[@class='gokwik-checkout']/button/span[@class='pay-opt-icon']/img[2]","Content","HTML","","",""
"Image","https://offlimits.co.in/pages/store-gallery","https://cdn.gokwik.co/v4/images/right-arrow.svg","Right Arrow","11","Absolute","//body/div[@id='shopify-section-cart_widget']/div/form/div[@class='mini_cart_wrap']/div[2]/div[@class='gokwik-checkout']/button/span[@class='pay-opt-icon']/img[2]","Content","HTML","","",""
"Image","https://offlimits.co.in/pages/sitemap","https://cdn.gokwik.co/v4/images/right-arrow.svg","Right Arrow","11","Absolute","//body/div[@id='shopify-section-cart_widget']/div/form/div[@class='mini_cart_wrap']/div[2]/div[@class='gokwik-checkout']/button/span[@class='pay-opt-icon']/img[2]","Content","HTML","","",""
"Image","https://offlimits.co.in/collections/casual-shoes-men","https://cdn.gokwik.co/v4/images/right-arrow.svg","Right Arrow","11","Absolute","//body/div[@id='shopify-section-cart_widget']/div/form/div[@class='mini_cart_wrap']/div[2]/div[@class='gokwik-checkout']/button/span[@class='pay-opt-icon']/img[2]","Content","HTML","","",""
"Image","https://offlimits.co.in/collections/high-top-shoes-for-men","https://cdn.gokwik.co/v4/images/right-arrow.svg","Right Arrow","11","Absolute","//body/div[@id='shopify-section-cart_widget']/div/form/div[@class='mini_cart_wrap']/div[2]/div[@class='gokwik-checkout']/button/span[@class='pay-opt-icon']/img[2]","Content","HTML","","",""
"Image","https://offlimits.co.in/collections/new-arrivals-2026/products/splash-mode-for-her-white-ocw-926-02","https://cdn.gokwik.co/v4/images/right-arrow.svg","Right Arrow","11","Absolute","//body/div[@id='shopify-section-cart_widget']/div/form/div[@class='mini_cart_wrap']/div[2]/div[@class='gokwik-checkout']/button/span[@class='pay-opt-icon']/img[2]","Content","HTML","","",""
"Image","https://offlimits.co.in/collections/women-clothing","https://cdn.gokwik.co/v4/images/right-arrow.svg","Right Arrow","11","Absolute","//body/div[@id='shopify-section-cart_widget']/div/form/div[@class='mini_cart_wrap']/div[2]/div[@class='gokwik-checkout']/button/span[@class='pay-opt-icon']/img[2]","Content","HTML","","",""
"Image","https://offlimits.co.in/pages/privacy-policy","https://cdn.gokwik.co/v4/images/right-arrow.svg","Right Arrow","11","Absolute","//body/div[@id='shopify-section-cart_widget']/div/form/div[@class='mini_cart_wrap']/div[2]/div[@class='gokwik-checkout']/button/span[@class='pay-opt-icon']/img[2]","Content","HTML","","",""
"Image","https://offlimits.co.in/collections/women","https://cdn.gokwik.co/v4/images/right-arrow.svg","Right Arrow","11","Absolute","//body/div[@id='shopify-section-cart_widget']/div/form/div[@class='mini_cart_wrap']/div[2]/div[@class='gokwik-checkout']/button/span[@class='pay-opt-icon']/img[2]","Content","HTML","","",""
"Image","https://offlimits.co.in/collections/men-running-shoes","https://cdn.gokwik.co/v4/images/right-arrow.svg","Right Arrow","11","Absolute","//body/div[@id='shopify-section-cart_widget']/div/form/div[@class='mini_cart_wrap']/div[2]/div[@class='gokwik-checkout']/button/span[@class='pay-opt-icon']/img[2]","Content","HTML","","",""
"Image","https://offlimits.co.in/collections/new-arrivals-2026/products/coast-big-tall-off-white-yellow-purple-ocm-878-02","https://cdn.gokwik.co/v4/images/right-arrow.svg","Right Arrow","11","Absolute","//body/div[@id='shopify-section-cart_widget']/div/form/div[@class='mini_cart_wrap']/div[2]/div[@class='gokwik-checkout']/button/span[@class='pay-opt-icon']/img[2]","Content","HTML","","",""
"Image","https://offlimits.co.in/collections/women-bestsellers","https://cdn.gokwik.co/v4/images/right-arrow.svg","Right Arrow","11","Absolute","//body/div[@id='shopify-section-cart_widget']/div/form/div[@class='mini_cart_wrap']/div[2]/div[@class='gokwik-checkout']/button/span[@class='pay-opt-icon']/img[2]","Content","HTML","","",""
"Image","https://offlimits.co.in/collections/new-arrivals-2026/products/roger-select-black-silver-ocm-915-08","https://cdn.gokwik.co/v4/images/right-arrow.svg","Right Arrow","11","Absolute","//body/div[@id='shopify-section-cart_widget']/div/form/div[@class='mini_cart_wrap']/div[2]/div[@class='gokwik-checkout']/button/span[@class='pay-opt-icon']/img[2]","Content","HTML","","",""
"Image","https://offlimits.co.in/collections/mens-bestsellers/products/baseline-23-milwaukee-bucks-beige-green-ocm-828-06","https://cdn.gokwik.co/v4/images/right-arrow.svg","Right Arrow","11","Absolute","//body/div[@id='shopify-section-cart_widget']/div/form/div[@class='mini_cart_wrap']/div[2]/div[@class='gokwik-checkout']/button/span[@class='pay-opt-icon']/img[2]","Content","HTML","","",""
"Image","https://offlimits.co.in/collections/men-gym-training","https://cdn.gokwik.co/v4/images/right-arrow.svg","Right Arrow","11","Absolute","//body/div[@id='shopify-section-cart_widget']/div/form/div[@class='mini_cart_wrap']/div[2]/div[@class='gokwik-checkout']/button/span[@class='pay-opt-icon']/img[2]","Content","HTML","","",""
"Image","https://offlimits.co.in/collections/women-running-gym","https://cdn.gokwik.co/v4/images/right-arrow.svg","Right Arrow","11","Absolute","//body/div[@id='shopify-section-cart_widget']/div/form/div[@class='mini_cart_wrap']/div[2]/div[@class='gokwik-checkout']/button/span[@class='pay-opt-icon']/img[2]","Content","HTML","","",""
"Image","https://offlimits.co.in/collections/mens-bestsellers/products/unbound-teal-orm-855-06","https://cdn.gokwik.co/v4/images/right-arrow.svg","Right Arrow","11","Absolute","//body/div[@id='shopify-section-cart_widget']/div/form/div[@class='mini_cart_wrap']/div[2]/div[@class='gokwik-checkout']/button/span[@class='pay-opt-icon']/img[2]","Content","HTML","","",""
"Image","https://offlimits.co.in/pages/return-exchange","https://cdn.gokwik.co/v4/images/right-arrow.svg","Right Arrow","11","Absolute","//body/div[@id='shopify-section-cart_widget']/div/form/div[@class='mini_cart_wrap']/div[2]/div[@class='gokwik-checkout']/button/span[@class='pay-opt-icon']/img[2]","Content","HTML","","",""
"Image","https://offlimits.co.in/collections/white-shoes-for-men","https://cdn.gokwik.co/v4/images/right-arrow.svg","Right Arrow","11","Absolute","//body/div[@id='shopify-section-cart_widget']/div/form/div[@class='mini_cart_wrap']/div[2]/div[@class='gokwik-checkout']/button/span[@class='pay-opt-icon']/img[2]","Content","HTML","","",""
"Image","https://offlimits.co.in/","https://cdn.shopify.com/s/files/1/0549/2926/0637/files/Group_71_2x_487cc3c6-d1f0-4288-9e22-e6172d49ce00.png?v=1714382372","Technology","10","Absolute","//body/div[@id='nt_wrapper']/footer/div[@id='shopify-section-footer_top']/div/div/div[@class='row']/div[6]/aside/div/div[@class='footer-img']/div[@class='footer-img-box'][3]/a/img","Aside","HTML","","",""
"Image","https://offlimits.co.in/collections/mens-bestsellers/products/gladiator-off-white-orm-661-02","https://cdn.shopify.com/s/files/1/0549/2926/0637/files/Group_71_2x_487cc3c6-d1f0-4288-9e22-e6172d49ce00.png?v=1714382372","Technology","10","Absolute","//body/div[@id='nt_wrapper']/footer/div[@id='shopify-section-footer_top']/div/div/div[@class='row']/div[6]/aside/div/div[@class='footer-img']/div[@class='footer-img-box'][3]/a/img","Aside","HTML","","",""
"Image","https://offlimits.co.in/collections/men-clothing","https://cdn.shopify.com/s/files/1/0549/2926/0637/files/Group_71_2x_487cc3c6-d1f0-4288-9e22-e6172d49ce00.png?v=1714382372","Technology","10","Absolute","//body/div[@id='nt_wrapper']/footer/div[@id='shopify-section-footer_top']/div/div/div[@class='row']/div[6]/aside/div/div[@class='footer-img']/div[@class='footer-img-box'][3]/a/img","Aside","HTML","","",""
"Image","https://offlimits.co.in/collections/white-sneaker","https://cdn.shopify.com/s/files/1/0549/2926/0637/files/Group_71_2x_487cc3c6-d1f0-4288-9e22-e6172d49ce00.png?v=1714382372","Technology","10","Absolute","//body/div[@id='nt_wrapper']/footer/div[@id='shopify-section-footer_top']/div/div/div[@class='row']/div[6]/aside/div/div[@class='footer-img']/div[@class='footer-img-box'][3]/a/img","Aside","HTML","","",""
"Image","https://offlimits.co.in/collections/women-track-suits","https://cdn.shopify.com/s/files/1/0549/2926/0637/files/Group_71_2x_487cc3c6-d1f0-4288-9e22-e6172d49ce00.png?v=1714382372","Technology","10","Absolute","//body/div[@id='nt_wrapper']/footer/div[@id='shopify-section-footer_top']/div/div/div[@class='row']/div[6]/aside/div/div[@class='footer-img']/div[@class='footer-img-box'][3]/a/img","Aside","HTML","","",""
"Image","https://offlimits.co.in/collections/women-walking","https://cdn.shopify.com/s/files/1/0549/2926/0637/files/Group_71_2x_487cc3c6-d1f0-4288-9e22-e6172d49ce00.png?v=1714382372","Technology","10","Absolute","//body/div[@id='nt_wrapper']/footer/div[@id='shopify-section-footer_top']/div/div/div[@class='row']/div[6]/aside/div/div[@class='footer-img']/div[@class='footer-img-box'][3]/a/img","Aside","HTML","","",""
"Image","https://offlimits.co.in/collections/new-arrivals","https://cdn.shopify.com/s/files/1/0549/2926/0637/files/Group_71_2x_487cc3c6-d1f0-4288-9e22-e6172d49ce00.png?v=1714382372","Technology","10","Absolute","//body/div[@id='nt_wrapper']/footer/div[@id='shopify-section-footer_top']/div/div/div[@class='row']/div[6]/aside/div/div[@class='footer-img']/div[@class='footer-img-box'][3]/a/img","Aside","HTML","","",""
"Image","https://offlimits.co.in/collections/s-w-a-t-men","https://cdn.shopify.com/s/files/1/0549/2926/0637/files/Group_71_2x_487cc3c6-d1f0-4288-9e22-e6172d49ce00.png?v=1714382372","Technology","10","Absolute","//body/div[@id='nt_wrapper']/footer/div[@id='shopify-section-footer_top']/div/div/div[@class='row']/div[6]/aside/div/div[@class='footer-img']/div[@class='footer-img-box'][3]/a/img","Aside","HTML","","",""
"Image","https://offlimits.co.in/collections/mens-bestsellers/products/sparta-pro-blue-orange-orm-795-03","https://cdn.shopify.com/s/files/1/0549/2926/0637/files/Group_71_2x_487cc3c6-d1f0-4288-9e22-e6172d49ce00.png?v=1714382372","Technology","10","Absolute","//body/div[@id='nt_wrapper']/footer/div[@id='shopify-section-footer_top']/div/div/div[@class='row']/div[6]/aside/div/div[@class='footer-img']/div[@class='footer-img-box'][3]/a/img","Aside","HTML","","",""
"Image","https://offlimits.co.in/collections/men-track-suits","https://cdn.shopify.com/s/files/1/0549/2926/0637/files/Group_71_2x_487cc3c6-d1f0-4288-9e22-e6172d49ce00.png?v=1714382372","Technology","10","Absolute","//body/div[@id='nt_wrapper']/footer/div[@id='shopify-section-footer_top']/div/div/div[@class='row']/div[6]/aside/div/div[@class='footer-img']/div[@class='footer-img-box'][3]/a/img","Aside","HTML","","",""
"Image","https://offlimits.co.in/collections/basketball-boots","https://cdn.shopify.com/s/files/1/0549/2926/0637/files/Group_71_2x_487cc3c6-d1f0-4288-9e22-e6172d49ce00.png?v=1714382372","Technology","10","Absolute","//body/div[@id='nt_wrapper']/footer/div[@id='shopify-section-footer_top']/div/div/div[@class='row']/div[6]/aside/div/div[@class='footer-img']/div[@class='footer-img-box'][3]/a/img","Aside","HTML","","",""
"Image","https://offlimits.co.in/collections/men-shorts","https://cdn.shopify.com/s/files/1/0549/2926/0637/files/Group_71_2x_487cc3c6-d1f0-4288-9e22-e6172d49ce00.png?v=1714382372","Technology","10","Absolute","//body/div[@id='nt_wrapper']/footer/div[@id='shopify-section-footer_top']/div/div/div[@class='row']/div[6]/aside/div/div[@class='footer-img']/div[@class='footer-img-box'][3]/a/img","Aside","HTML","","",""
"Image","https://offlimits.co.in/collections/men-sweatshirts","https://cdn.shopify.com/s/files/1/0549/2926/0637/files/Group_71_2x_487cc3c6-d1f0-4288-9e22-e6172d49ce00.png?v=1714382372","Technology","10","Absolute","//body/div[@id='nt_wrapper']/footer/div[@id='shopify-section-footer_top']/div/div/div[@class='row']/div[6]/aside/div/div[@class='footer-img']/div[@class='footer-img-box'][3]/a/img","Aside","HTML","","",""
"Image","https://offlimits.co.in/pages/store-gallery","https://cdn.shopify.com/s/files/1/0549/2926/0637/files/Group_71_2x_487cc3c6-d1f0-4288-9e22-e6172d49ce00.png?v=1714382372","Technology","10","Absolute","//body/div[@id='nt_wrapper']/footer/div[@id='shopify-section-footer_top']/div/div/div[@class='row']/div[6]/aside/div/div[@class='footer-img']/div[@class='footer-img-box'][3]/a/img","Aside","HTML","","",""
"Image","https://offlimits.co.in/pages/sitemap","https://cdn.shopify.com/s/files/1/0549/2926/0637/files/Group_71_2x_487cc3c6-d1f0-4288-9e22-e6172d49ce00.png?v=1714382372","Technology","10","Absolute","//body/div[@id='nt_wrapper']/footer/div[@id='shopify-section-footer_top']/div/div/div[@class='row']/div[6]/aside/div/div[@class='footer-img']/div[@class='footer-img-box'][3]/a/img","Aside","HTML","","",""
"Image","https://offlimits.co.in/collections/casual-shoes-men","https://cdn.shopify.com/s/files/1/0549/2926/0637/files/Group_71_2x_487cc3c6-d1f0-4288-9e22-e6172d49ce00.png?v=1714382372","Technology","10","Absolute","//body/div[@id='nt_wrapper']/footer/div[@id='shopify-section-footer_top']/div/div/div[@class='row']/div[6]/aside/div/div[@class='footer-img']/div[@class='footer-img-box'][3]/a/img","Aside","HTML","","",""
"Image","https://offlimits.co.in/collections/high-top-shoes-for-men","https://cdn.shopify.com/s/files/1/0549/2926/0637/files/Group_71_2x_487cc3c6-d1f0-4288-9e22-e6172d49ce00.png?v=1714382372","Technology","10","Absolute","//body/div[@id='nt_wrapper']/footer/div[@id='shopify-section-footer_top']/div/div/div[@class='row']/div[6]/aside/div/div[@class='footer-img']/div[@class='footer-img-box'][3]/a/img","Aside","HTML","","",""
"Image","https://offlimits.co.in/collections/new-arrivals-2026/products/splash-mode-for-her-white-ocw-926-02","https://cdn.shopify.com/s/files/1/0549/2926/0637/files/Group_71_2x_487cc3c6-d1f0-4288-9e22-e6172d49ce00.png?v=1714382372","Technology","10","Absolute","//body/div[@id='nt_wrapper']/footer/div[@id='shopify-section-footer_top']/div/div/div[@class='row']/div[6]/aside/div/div[@class='footer-img']/div[@class='footer-img-box'][3]/a/img","Aside","HTML","","",""
"Image","https://offlimits.co.in/collections/women-clothing","https://cdn.shopify.com/s/files/1/0549/2926/0637/files/Group_71_2x_487cc3c6-d1f0-4288-9e22-e6172d49ce00.png?v=1714382372","Technology","10","Absolute","//body/div[@id='nt_wrapper']/footer/div[@id='shopify-section-footer_top']/div/div/div[@class='row']/div[6]/aside/div/div[@class='footer-img']/div[@class='footer-img-box'][3]/a/img","Aside","HTML","","",""
"Image","https://offlimits.co.in/pages/privacy-policy","https://cdn.shopify.com/s/files/1/0549/2926/0637/files/Group_71_2x_487cc3c6-d1f0-4288-9e22-e6172d49ce00.png?v=1714382372","Technology","10","Absolute","//body/div[@id='nt_wrapper']/footer/div[@id='shopify-section-footer_top']/div/div/div[@class='row']/div[6]/aside/div/div[@class='footer-img']/div[@class='footer-img-box'][3]/a/img","Aside","HTML","","",""
"Image","https://offlimits.co.in/collections/women","https://cdn.shopify.com/s/files/1/0549/2926/0637/files/Group_71_2x_487cc3c6-d1f0-4288-9e22-e6172d49ce00.png?v=1714382372","Technology","10","Absolute","//body/div[@id='nt_wrapper']/footer/div[@id='shopify-section-footer_top']/div/div/div[@class='row']/div[6]/aside/div/div[@class='footer-img']/div[@class='footer-img-box'][3]/a/img","Aside","HTML","","",""
"Image","https://offlimits.co.in/collections/men-running-shoes","https://cdn.shopify.com/s/files/1/0549/2926/0637/files/Group_71_2x_487cc3c6-d1f0-4288-9e22-e6172d49ce00.png?v=1714382372","Technology","10","Absolute","//body/div[@id='nt_wrapper']/footer/div[@id='shopify-section-footer_top']/div/div/div[@class='row']/div[6]/aside/div/div[@class='footer-img']/div[@class='footer-img-box'][3]/a/img","Aside","HTML","","",""
"Image","https://offlimits.co.in/collections/new-arrivals-2026/products/coast-big-tall-off-white-yellow-purple-ocm-878-02","https://cdn.shopify.com/s/files/1/0549/2926/0637/files/Group_71_2x_487cc3c6-d1f0-4288-9e22-e6172d49ce00.png?v=1714382372","Technology","10","Absolute","//body/div[@id='nt_wrapper']/footer/div[@id='shopify-section-footer_top']/div/div/div[@class='row']/div[6]/aside/div/div[@class='footer-img']/div[@class='footer-img-box'][3]/a/img","Aside","HTML","","",""
"Image","https://offlimits.co.in/collections/women-bestsellers","https://cdn.shopify.com/s/files/1/0549/2926/0637/files/Group_71_2x_487cc3c6-d1f0-4288-9e22-e6172d49ce00.png?v=1714382372","Technology","10","Absolute","//body/div[@id='nt_wrapper']/footer/div[@id='shopify-section-footer_top']/div/div/div[@class='row']/div[6]/aside/div/div[@class='footer-img']/div[@class='footer-img-box'][3]/a/img","Aside","HTML","","",""
"Image","https://offlimits.co.in/collections/new-arrivals-2026/products/roger-select-black-silver-ocm-915-08","https://cdn.shopify.com/s/files/1/0549/2926/0637/files/Group_71_2x_487cc3c6-d1f0-4288-9e22-e6172d49ce00.png?v=1714382372","Technology","10","Absolute","//body/div[@id='nt_wrapper']/footer/div[@id='shopify-section-footer_top']/div/div/div[@class='row']/div[6]/aside/div/div[@class='footer-img']/div[@class='footer-img-box'][3]/a/img","Aside","HTML","","",""
"Image","https://offlimits.co.in/collections/mens-bestsellers/products/baseline-23-milwaukee-bucks-beige-green-ocm-828-06","https://cdn.shopify.com/s/files/1/0549/2926/0637/files/Group_71_2x_487cc3c6-d1f0-4288-9e22-e6172d49ce00.png?v=1714382372","Technology","10","Absolute","//body/div[@id='nt_wrapper']/footer/div[@id='shopify-section-footer_top']/div/div/div[@class='row']/div[6]/aside/div/div[@class='footer-img']/div[@class='footer-img-box'][3]/a/img","Aside","HTML","","",""
"Image","https://offlimits.co.in/collections/men-gym-training","https://cdn.shopify.com/s/files/1/0549/2926/0637/files/Group_71_2x_487cc3c6-d1f0-4288-9e22-e6172d49ce00.png?v=1714382372","Technology","10","Absolute","//body/div[@id='nt_wrapper']/footer/div[@id='shopify-section-footer_top']/div/div/div[@class='row']/div[6]/aside/div/div[@class='footer-img']/div[@class='footer-img-box'][3]/a/img","Aside","HTML","","",""
"Image","https://offlimits.co.in/collections/women-running-gym","https://cdn.shopify.com/s/files/1/0549/2926/0637/files/Group_71_2x_487cc3c6-d1f0-4288-9e22-e6172d49ce00.png?v=1714382372","Technology","10","Absolute","//body/div[@id='nt_wrapper']/footer/div[@id='shopify-section-footer_top']/div/div/div[@class='row']/div[6]/aside/div/div[@class='footer-img']/div[@class='footer-img-box'][3]/a/img","Aside","HTML","","",""
"Image","https://offlimits.co.in/collections/mens-bestsellers/products/unbound-teal-orm-855-06","https://cdn.shopify.com/s/files/1/0549/2926/0637/files/Group_71_2x_487cc3c6-d1f0-4288-9e22-e6172d49ce00.png?v=1714382372","Technology","10","Absolute","//body/div[@id='nt_wrapper']/footer/div[@id='shopify-section-footer_top']/div/div/div[@class='row']/div[6]/aside/div/div[@class='footer-img']/div[@class='footer-img-box'][3]/a/img","Aside","HTML","","",""
"Image","https://offlimits.co.in/pages/return-exchange","https://cdn.shopify.com/s/files/1/0549/2926/0637/files/Group_71_2x_487cc3c6-d1f0-4288-9e22-e6172d49ce00.png?v=1714382372","Technology","10","Absolute","//body/div[@id='nt_wrapper']/footer/div[@id='shopify-section-footer_top']/div/div/div[@class='row']/div[6]/aside/div/div[@class='footer-img']/div[@class='footer-img-box'][3]/a/img","Aside","HTML","","",""
"Image","https://offlimits.co.in/collections/white-shoes-for-men","https://cdn.shopify.com/s/files/1/0549/2926/0637/files/Group_71_2x_487cc3c6-d1f0-4288-9e22-e6172d49ce00.png?v=1714382372","Technology","10","Absolute","//body/div[@id='nt_wrapper']/footer/div[@id='shopify-section-footer_top']/div/div/div[@class='row']/div[6]/aside/div/div[@class='footer-img']/div[@class='footer-img-box'][3]/a/img","Aside","HTML","","",""
"Image","https://offlimits.co.in/","https://cdn.shopify.com/s/files/1/0549/2926/0637/files/facebook.svg?v=1634562685","facebook","8","Absolute","//body/div[@id='nt_wrapper']/footer/div[@id='shopify-section-footer_top']/div/div/div[@class='row']/div[1]/aside/div/div/div[@class='social-icons']/ul/li[3]/a/img","Aside","HTML","","",""
"Image","https://offlimits.co.in/collections/mens-bestsellers/products/gladiator-off-white-orm-661-02","https://cdn.shopify.com/s/files/1/0549/2926/0637/files/facebook.svg?v=1634562685","facebook","8","Absolute","//body/div[@id='nt_wrapper']/footer/div[@id='shopify-section-footer_top']/div/div/div[@class='row']/div[1]/aside/div/div/div[@class='social-icons']/ul/li[3]/a/img","Aside","HTML","","",""
"Image","https://offlimits.co.in/collections/men-clothing","https://cdn.shopify.com/s/files/1/0549/2926/0637/files/facebook.svg?v=1634562685","facebook","8","Absolute","//body/div[@id='nt_wrapper']/footer/div[@id='shopify-section-footer_top']/div/div/div[@class='row']/div[1]/aside/div/div/div[@class='social-icons']/ul/li[3]/a/img","Aside","HTML","","",""
"Image","https://offlimits.co.in/collections/white-sneaker","https://cdn.shopify.com/s/files/1/0549/2926/0637/files/facebook.svg?v=1634562685","facebook","8","Absolute","//body/div[@id='nt_wrapper']/footer/div[@id='shopify-section-footer_top']/div/div/div[@class='row']/div[1]/aside/div/div/div[@class='social-icons']/ul/li[3]/a/img","Aside","HTML","","",""
"Image","https://offlimits.co.in/collections/women-track-suits","https://cdn.shopify.com/s/files/1/0549/2926/0637/files/facebook.svg?v=1634562685","facebook","8","Absolute","//body/div[@id='nt_wrapper']/footer/div[@id='shopify-section-footer_top']/div/div/div[@class='row']/div[1]/aside/div/div/div[@class='social-icons']/ul/li[3]/a/img","Aside","HTML","","",""
"Image","https://offlimits.co.in/collections/women-walking","https://cdn.shopify.com/s/files/1/0549/2926/0637/files/facebook.svg?v=1634562685","facebook","8","Absolute","//body/div[@id='nt_wrapper']/footer/div[@id='shopify-section-footer_top']/div/div/div[@class='row']/div[1]/aside/div/div/div[@class='social-icons']/ul/li[3]/a/img","Aside","HTML","","",""
"Image","https://offlimits.co.in/collections/new-arrivals","https://cdn.shopify.com/s/files/1/0549/2926/0637/files/facebook.svg?v=1634562685","facebook","8","Absolute","//body/div[@id='nt_wrapper']/footer/div[@id='shopify-section-footer_top']/div/div/div[@class='row']/div[1]/aside/div/div/div[@class='social-icons']/ul/li[3]/a/img","Aside","HTML","","",""
"Image","https://offlimits.co.in/collections/s-w-a-t-men","https://cdn.shopify.com/s/files/1/0549/2926/0637/files/facebook.svg?v=1634562685","facebook","8","Absolute","//body/div[@id='nt_wrapper']/footer/div[@id='shopify-section-footer_top']/div/div/div[@class='row']/div[1]/aside/div/div/div[@class='social-icons']/ul/li[3]/a/img","Aside","HTML","","",""
"Image","https://offlimits.co.in/collections/mens-bestsellers/products/sparta-pro-blue-orange-orm-795-03","https://cdn.shopify.com/s/files/1/0549/2926/0637/files/facebook.svg?v=1634562685","facebook","8","Absolute","//body/div[@id='nt_wrapper']/footer/div[@id='shopify-section-footer_top']/div/div/div[@class='row']/div[1]/aside/div/div/div[@class='social-icons']/ul/li[3]/a/img","Aside","HTML","","",""
"Image","https://offlimits.co.in/collections/men-track-suits","https://cdn.shopify.com/s/files/1/0549/2926/0637/files/facebook.svg?v=1634562685","facebook","8","Absolute","//body/div[@id='nt_wrapper']/footer/div[@id='shopify-section-footer_top']/div/div/div[@class='row']/div[1]/aside/div/div/div[@class='social-icons']/ul/li[3]/a/img","Aside","HTML","","",""
"Image","https://offlimits.co.in/collections/basketball-boots","https://cdn.shopify.com/s/files/1/0549/2926/0637/files/facebook.svg?v=1634562685","facebook","8","Absolute","//body/div[@id='nt_wrapper']/footer/div[@id='shopify-section-footer_top']/div/div/div[@class='row']/div[1]/aside/div/div/div[@class='social-icons']/ul/li[3]/a/img","Aside","HTML","","",""
"Image","https://offlimits.co.in/collections/men-shorts","https://cdn.shopify.com/s/files/1/0549/2926/0637/files/facebook.svg?v=1634562685","facebook","8","Absolute","//body/div[@id='nt_wrapper']/footer/div[@id='shopify-section-footer_top']/div/div/div[@class='row']/div[1]/aside/div/div/div[@class='social-icons']/ul/li[3]/a/img","Aside","HTML","","",""
"Image","https://offlimits.co.in/collections/men-sweatshirts","https://cdn.shopify.com/s/files/1/0549/2926/0637/files/facebook.svg?v=1634562685","facebook","8","Absolute","//body/div[@id='nt_wrapper']/footer/div[@id='shopify-section-footer_top']/div/div/div[@class='row']/div[1]/aside/div/div/div[@class='social-icons']/ul/li[3]/a/img","Aside","HTML","","",""
"Image","https://offlimits.co.in/pages/store-gallery","https://cdn.shopify.com/s/files/1/0549/2926/0637/files/facebook.svg?v=1634562685","facebook","8","Absolute","//body/div[@id='nt_wrapper']/footer/div[@id='shopify-section-footer_top']/div/div/div[@class='row']/div[1]/aside/div/div/div[@class='social-icons']/ul/li[3]/a/img","Aside","HTML","","",""
"Image","https://offlimits.co.in/pages/sitemap","https://cdn.shopify.com/s/files/1/0549/2926/0637/files/facebook.svg?v=1634562685","facebook","8","Absolute","//body/div[@id='nt_wrapper']/footer/div[@id='shopify-section-footer_top']/div/div/div[@class='row']/div[1]/aside/div/div/div[@class='social-icons']/ul/li[3]/a/img","Aside","HTML","","",""
"Image","https://offlimits.co.in/collections/casual-shoes-men","https://cdn.shopify.com/s/files/1/0549/2926/0637/files/facebook.svg?v=1634562685","facebook","8","Absolute","//body/div[@id='nt_wrapper']/footer/div[@id='shopify-section-footer_top']/div/div/div[@class='row']/div[1]/aside/div/div/div[@class='social-icons']/ul/li[3]/a/img","Aside","HTML","","",""
"Image","https://offlimits.co.in/collections/high-top-shoes-for-men","https://cdn.shopify.com/s/files/1/0549/2926/0637/files/facebook.svg?v=1634562685","facebook","8","Absolute","//body/div[@id='nt_wrapper']/footer/div[@id='shopify-section-footer_top']/div/div/div[@class='row']/div[1]/aside/div/div/div[@class='social-icons']/ul/li[3]/a/img","Aside","HTML","","",""
"Image","https://offlimits.co.in/collections/new-arrivals-2026/products/splash-mode-for-her-white-ocw-926-02","https://cdn.shopify.com/s/files/1/0549/2926/0637/files/facebook.svg?v=1634562685","facebook","8","Absolute","//body/div[@id='nt_wrapper']/footer/div[@id='shopify-section-footer_top']/div/div/div[@class='row']/div[1]/aside/div/div/div[@class='social-icons']/ul/li[3]/a/img","Aside","HTML","","",""
"Image","https://offlimits.co.in/collections/women-clothing","https://cdn.shopify.com/s/files/1/0549/2926/0637/files/facebook.svg?v=1634562685","facebook","8","Absolute","//body/div[@id='nt_wrapper']/footer/div[@id='shopify-section-footer_top']/div/div/div[@class='row']/div[1]/aside/div/div/div[@class='social-icons']/ul/li[3]/a/img","Aside","HTML","","",""
"Image","https://offlimits.co.in/pages/privacy-policy","https://cdn.shopify.com/s/files/1/0549/2926/0637/files/facebook.svg?v=1634562685","facebook","8","Absolute","//body/div[@id='nt_wrapper']/footer/div[@id='shopify-section-footer_top']/div/div/div[@class='row']/div[1]/aside/div/div/div[@class='social-icons']/ul/li[3]/a/img","Aside","HTML","","",""
"Image","https://offlimits.co.in/collections/women","https://cdn.shopify.com/s/files/1/0549/2926/0637/files/facebook.svg?v=1634562685","facebook","8","Absolute","//body/div[@id='nt_wrapper']/footer/div[@id='shopify-section-footer_top']/div/div/div[@class='row']/div[1]/aside/div/div/div[@class='social-icons']/ul/li[3]/a/img","Aside","HTML","","",""
"Image","https://offlimits.co.in/collections/men-running-shoes","https://cdn.shopify.com/s/files/1/0549/2926/0637/files/facebook.svg?v=1634562685","facebook","8","Absolute","//body/div[@id='nt_wrapper']/footer/div[@id='shopify-section-footer_top']/div/div/div[@class='row']/div[1]/aside/div/div/div[@class='social-icons']/ul/li[3]/a/img","Aside","HTML","","",""
"Image","https://offlimits.co.in/collections/new-arrivals-2026/products/coast-big-tall-off-white-yellow-purple-ocm-878-02","https://cdn.shopify.com/s/files/1/0549/2926/0637/files/facebook.svg?v=1634562685","facebook","8","Absolute","//body/div[@id='nt_wrapper']/footer/div[@id='shopify-section-footer_top']/div/div/div[@class='row']/div[1]/aside/div/div/div[@class='social-icons']/ul/li[3]/a/img","Aside","HTML","","",""
"Image","https://offlimits.co.in/collections/women-bestsellers","https://cdn.shopify.com/s/files/1/0549/2926/0637/files/facebook.svg?v=1634562685","facebook","8","Absolute","//body/div[@id='nt_wrapper']/footer/div[@id='shopify-section-footer_top']/div/div/div[@class='row']/div[1]/aside/div/div/div[@class='social-icons']/ul/li[3]/a/img","Aside","HTML","","",""
"Image","https://offlimits.co.in/collections/new-arrivals-2026/products/roger-select-black-silver-ocm-915-08","https://cdn.shopify.com/s/files/1/0549/2926/0637/files/facebook.svg?v=1634562685","facebook","8","Absolute","//body/div[@id='nt_wrapper']/footer/div[@id='shopify-section-footer_top']/div/div/div[@class='row']/div[1]/aside/div/div/div[@class='social-icons']/ul/li[3]/a/img","Aside","HTML","","",""
"Image","https://offlimits.co.in/collections/mens-bestsellers/products/baseline-23-milwaukee-bucks-beige-green-ocm-828-06","https://cdn.shopify.com/s/files/1/0549/2926/0637/files/facebook.svg?v=1634562685","facebook","8","Absolute","//body/div[@id='nt_wrapper']/footer/div[@id='shopify-section-footer_top']/div/div/div[@class='row']/div[1]/aside/div/div/div[@class='social-icons']/ul/li[3]/a/img","Aside","HTML","","",""
"Image","https://offlimits.co.in/collections/men-gym-training","https://cdn.shopify.com/s/files/1/0549/2926/0637/files/facebook.svg?v=1634562685","facebook","8","Absolute","//body/div[@id='nt_wrapper']/footer/div[@id='shopify-section-footer_top']/div/div/div[@class='row']/div[1]/aside/div/div/div[@class='social-icons']/ul/li[3]/a/img","Aside","HTML","","",""
"Image","https://offlimits.co.in/collections/women-running-gym","https://cdn.shopify.com/s/files/1/0549/2926/0637/files/facebook.svg?v=1634562685","facebook","8","Absolute","//body/div[@id='nt_wrapper']/footer/div[@id='shopify-section-footer_top']/div/div/div[@class='row']/div[1]/aside/div/div/div[@class='social-icons']/ul/li[3]/a/img","Aside","HTML","","",""
"Image","https://offlimits.co.in/collections/mens-bestsellers/products/unbound-teal-orm-855-06","https://cdn.shopify.com/s/files/1/0549/2926/0637/files/facebook.svg?v=1634562685","facebook","8","Absolute","//body/div[@id='nt_wrapper']/footer/div[@id='shopify-section-footer_top']/div/div/div[@class='row']/div[1]/aside/div/div/div[@class='social-icons']/ul/li[3]/a/img","Aside","HTML","","",""
"Image","https://offlimits.co.in/pages/return-exchange","https://cdn.shopify.com/s/files/1/0549/2926/0637/files/facebook.svg?v=1634562685","facebook","8","Absolute","//body/div[@id='nt_wrapper']/footer/div[@id='shopify-section-footer_top']/div/div/div[@class='row']/div[1]/aside/div/div/div[@class='social-icons']/ul/li[3]/a/img","Aside","HTML","","",""
"Image","https://offlimits.co.in/collections/white-shoes-for-men","https://cdn.shopify.com/s/files/1/0549/2926/0637/files/facebook.svg?v=1634562685","facebook","8","Absolute","//body/div[@id='nt_wrapper']/footer/div[@id='shopify-section-footer_top']/div/div/div[@class='row']/div[1]/aside/div/div/div[@class='social-icons']/ul/li[3]/a/img","Aside","HTML","","",""
"Image","https://offlimits.co.in/","https://offlimits.co.in/cdn/shop/files/White_bd587976-9bc5-4d9c-a498-1b213db7403d_170x.svg?v=1717740426","OFFLIMITS","9","Protocol-Relative","//body/div[@id='nt_wrapper']/header/div/div/div/div/div/div[3]/div/a/img[3]","Header","HTML","","",""
"Image","https://offlimits.co.in/","https://cdn.shopify.com/s/files/1/0549/2926/0637/files/New_Project_11_3dbf9b4d-d5c4-44ef-b8dd-4fff04038664.jpg?v=1741157228","","0","Absolute","//body/div[@id='nt_wrapper']/div[@id='nt_content']/div[@id='shopify-section-custom_html_r9UJAP']/div/div/div/div/a[2]/img","Content","HTML","","",""
"Image","https://offlimits.co.in/","https://offlimits.co.in/cdn/shop/files/White_fe958b6c-a1f4-4a0e-8833-a8ed184f503d_170x.svg?v=1717740409","OFFLIMITS","9","Protocol-Relative","//body/div[@id='nt_wrapper']/header/div/div/div/div/div/div[3]/div/a/img[1]","Header","HTML","","",""
"Image","https://offlimits.co.in/","https://offlimits.co.in/cdn/shop/files/White_fe958b6c-a1f4-4a0e-8833-a8ed184f503d_170x.svg?v=1717740409","OFFLIMITS","9","Protocol-Relative","//body/div[@id='nt_wrapper']/header/div/div/div/div/div/div[3]/div/a/img[2]","Header","HTML","","",""
"Image","https://offlimits.co.in/collections/mens-bestsellers/products/gladiator-off-white-orm-661-02","https://cdn.shopify.com/s/files/1/0549/2926/0637/files/A_2.png?width=800","aplus_img3","10","Absolute","//body/div[@id='nt_wrapper']/div[@id='nt_content']/div/div[1]/div[@class='a_plus_wrapper']/div[@class='aplus-sctn'][3]/div[@class='img-sctn']/img","Content","HTML","","",""
"Image","https://offlimits.co.in/collections/mens-bestsellers/products/sparta-pro-blue-orange-orm-795-03","https://cdn.shopify.com/s/files/1/0549/2926/0637/files/A_2.png?width=800","aplus_img3","10","Absolute","//body/div[@id='nt_wrapper']/div[@id='nt_content']/div/div[1]/div[@class='a_plus_wrapper']/div[@class='aplus-sctn'][3]/div[@class='img-sctn']/img","Content","HTML","","",""
"Image","https://offlimits.co.in/collections/new-arrivals-2026/products/splash-mode-for-her-white-ocw-926-02","https://cdn.shopify.com/s/files/1/0549/2926/0637/files/A_2.png?width=800","aplus_img3","10","Absolute","//body/div[@id='nt_wrapper']/div[@id='nt_content']/div/div[1]/div[@class='a_plus_wrapper']/div[@class='aplus-sctn'][3]/div[@class='img-sctn']/img","Content","HTML","","",""
"Image","https://offlimits.co.in/collections/new-arrivals-2026/products/coast-big-tall-off-white-yellow-purple-ocm-878-02","https://cdn.shopify.com/s/files/1/0549/2926/0637/files/A_2.png?width=800","aplus_img3","10","Absolute","//body/div[@id='nt_wrapper']/div[@id='nt_content']/div/div[1]/div[@class='a_plus_wrapper']/div[@class='aplus-sctn'][3]/div[@class='img-sctn']/img","Content","HTML","","",""
"Image","https://offlimits.co.in/collections/new-arrivals-2026/products/roger-select-black-silver-ocm-915-08","https://cdn.shopify.com/s/files/1/0549/2926/0637/files/A_2.png?width=800","aplus_img3","10","Absolute","//body/div[@id='nt_wrapper']/div[@id='nt_content']/div/div[1]/div[@class='a_plus_wrapper']/div[@class='aplus-sctn'][3]/div[@class='img-sctn']/img","Content","HTML","","",""
"Image","https://offlimits.co.in/collections/mens-bestsellers/products/baseline-23-milwaukee-bucks-beige-green-ocm-828-06","https://cdn.shopify.com/s/files/1/0549/2926/0637/files/A_2.png?width=800","aplus_img3","10","Absolute","//body/div[@id='nt_wrapper']/div[@id='nt_content']/div/div[1]/div[@class='a_plus_wrapper']/div[@class='aplus-sctn'][3]/div[@class='img-sctn']/img","Content","HTML","","",""
"Image","https://offlimits.co.in/collections/mens-bestsellers/products/unbound-teal-orm-855-06","https://cdn.shopify.com/s/files/1/0549/2926/0637/files/A_2.png?width=800","aplus_img3","10","Absolute","//body/div[@id='nt_wrapper']/div[@id='nt_content']/div/div[1]/div[@class='a_plus_wrapper']/div[@class='aplus-sctn'][3]/div[@class='img-sctn']/img","Content","HTML","","",""
"Image","https://offlimits.co.in/collections/mens-bestsellers/products/gladiator-off-white-orm-661-02","https://cdn.shopify.com/s/files/1/0549/2926/0637/files/WhatsApp_Image_2025-03-28_at_6.02.22_PM.jpg?width=800","aplus_img4","10","Absolute","//body/div[@id='nt_wrapper']/div[@id='nt_content']/div/div[1]/div[@class='a_plus_wrapper']/div[@class='aplus-sctn'][4]/div[@class='img-sctn']/img","Content","HTML","","",""
"Image","https://offlimits.co.in/collections/mens-bestsellers/products/sparta-pro-blue-orange-orm-795-03","https://cdn.shopify.com/s/files/1/0549/2926/0637/files/WhatsApp_Image_2025-03-28_at_6.02.22_PM.jpg?width=800","aplus_img4","10","Absolute","//body/div[@id='nt_wrapper']/div[@id='nt_content']/div/div[1]/div[@class='a_plus_wrapper']/div[@class='aplus-sctn'][4]/div[@class='img-sctn']/img","Content","HTML","","",""
"Image","https://offlimits.co.in/collections/new-arrivals-2026/products/splash-mode-for-her-white-ocw-926-02","https://cdn.shopify.com/s/files/1/0549/2926/0637/files/WhatsApp_Image_2025-03-28_at_6.02.22_PM.jpg?width=800","aplus_img4","10","Absolute","//body/div[@id='nt_wrapper']/div[@id='nt_content']/div/div[1]/div[@class='a_plus_wrapper']/div[@class='aplus-sctn'][4]/div[@class='img-sctn']/img","Content","HTML","","",""
"Image","https://offlimits.co.in/collections/new-arrivals-2026/products/coast-big-tall-off-white-yellow-purple-ocm-878-02","https://cdn.shopify.com/s/files/1/0549/2926/0637/files/WhatsApp_Image_2025-03-28_at_6.02.22_PM.jpg?width=800","aplus_img4","10","Absolute","//body/div[@id='nt_wrapper']/div[@id='nt_content']/div/div[1]/div[@class='a_plus_wrapper']/div[@class='aplus-sctn'][4]/div[@class='img-sctn']/img","Content","HTML","","",""
"Image","https://offlimits.co.in/collections/new-arrivals-2026/products/roger-select-black-silver-ocm-915-08","https://cdn.shopify.com/s/files/1/0549/2926/0637/files/WhatsApp_Image_2025-03-28_at_6.02.22_PM.jpg?width=800","aplus_img4","10","Absolute","//body/div[@id='nt_wrapper']/div[@id='nt_content']/div/div[1]/div[@class='a_plus_wrapper']/div[@class='aplus-sctn'][4]/div[@class='img-sctn']/img","Content","HTML","","",""
"Image","https://offlimits.co.in/collections/mens-bestsellers/products/baseline-23-milwaukee-bucks-beige-green-ocm-828-06","https://cdn.shopify.com/s/files/1/0549/2926/0637/files/WhatsApp_Image_2025-03-28_at_6.02.22_PM.jpg?width=800","aplus_img4","10","Absolute","//body/div[@id='nt_wrapper']/div[@id='nt_content']/div/div[1]/div[@class='a_plus_wrapper']/div[@class='aplus-sctn'][4]/div[@class='img-sctn']/img","Content","HTML","","",""
"Image","https://offlimits.co.in/collections/mens-bestsellers/products/unbound-teal-orm-855-06","https://cdn.shopify.com/s/files/1/0549/2926/0637/files/WhatsApp_Image_2025-03-28_at_6.02.22_PM.jpg?width=800","aplus_img4","10","Absolute","//body/div[@id='nt_wrapper']/div[@id='nt_content']/div/div[1]/div[@class='a_plus_wrapper']/div[@class='aplus-sctn'][4]/div[@class='img-sctn']/img","Content","HTML","","",""
"Image","https://offlimits.co.in/collections/mens-bestsellers/products/gladiator-off-white-orm-661-02","https://offlimits.co.in/cdn/shop/files/preview_images/85ce94207ac54e9ca4f744165e5bba28.thumbnail.0000000000_1024x1024.jpg?v=1755940375","","0","Protocol-Relative","//body/div[@id='nt_wrapper']/div[@id='nt_content']/div/div[1]/div[@id='product-7653984043101']/div/div/div[1]/div/div/div[1]/div[9]/div/video/img","Content","HTML","","",""
"Image","https://offlimits.co.in/collections/mens-bestsellers/products/gladiator-off-white-orm-661-02","https://cdn.shopify.com/s/files/1/0549/2926/0637/files/A_3.png?width=800","aplus_img2","10","Absolute","//body/div[@id='nt_wrapper']/div[@id='nt_content']/div/div[1]/div[@class='a_plus_wrapper']/div[@class='aplus-sctn'][2]/div[@class='img-sctn']/img","Content","HTML","","",""
"Image","https://offlimits.co.in/collections/mens-bestsellers/products/sparta-pro-blue-orange-orm-795-03","https://cdn.shopify.com/s/files/1/0549/2926/0637/files/A_3.png?width=800","aplus_img2","10","Absolute","//body/div[@id='nt_wrapper']/div[@id='nt_content']/div/div[1]/div[@class='a_plus_wrapper']/div[@class='aplus-sctn'][2]/div[@class='img-sctn']/img","Content","HTML","","",""
"Image","https://offlimits.co.in/collections/new-arrivals-2026/products/splash-mode-for-her-white-ocw-926-02","https://cdn.shopify.com/s/files/1/0549/2926/0637/files/A_3.png?width=800","aplus_img2","10","Absolute","//body/div[@id='nt_wrapper']/div[@id='nt_content']/div/div[1]/div[@class='a_plus_wrapper']/div[@class='aplus-sctn'][2]/div[@class='img-sctn']/img","Content","HTML","","",""
"Image","https://offlimits.co.in/collections/new-arrivals-2026/products/coast-big-tall-off-white-yellow-purple-ocm-878-02","https://cdn.shopify.com/s/files/1/0549/2926/0637/files/A_3.png?width=800","aplus_img2","10","Absolute","//body/div[@id='nt_wrapper']/div[@id='nt_content']/div/div[1]/div[@class='a_plus_wrapper']/div[@class='aplus-sctn'][2]/div[@class='img-sctn']/img","Content","HTML","","",""
"Image","https://offlimits.co.in/collections/new-arrivals-2026/products/roger-select-black-silver-ocm-915-08","https://cdn.shopify.com/s/files/1/0549/2926/0637/files/A_3.png?width=800","aplus_img2","10","Absolute","//body/div[@id='nt_wrapper']/div[@id='nt_content']/div/div[1]/div[@class='a_plus_wrapper']/div[@class='aplus-sctn'][2]/div[@class='img-sctn']/img","Content","HTML","","",""
"Image","https://offlimits.co.in/collections/mens-bestsellers/products/baseline-23-milwaukee-bucks-beige-green-ocm-828-06","https://cdn.shopify.com/s/files/1/0549/2926/0637/files/A_3.png?width=800","aplus_img2","10","Absolute","//body/div[@id='nt_wrapper']/div[@id='nt_content']/div/div[1]/div[@class='a_plus_wrapper']/div[@class='aplus-sctn'][2]/div[@class='img-sctn']/img","Content","HTML","","",""
"Image","https://offlimits.co.in/collections/mens-bestsellers/products/unbound-teal-orm-855-06","https://cdn.shopify.com/s/files/1/0549/2926/0637/files/A_3.png?width=800","aplus_img2","10","Absolute","//body/div[@id='nt_wrapper']/div[@id='nt_content']/div/div[1]/div[@class='a_plus_wrapper']/div[@class='aplus-sctn'][2]/div[@class='img-sctn']/img","Content","HTML","","",""
"Image","https://offlimits.co.in/collections/mens-bestsellers/products/gladiator-off-white-orm-661-02","https://cdn.shopify.com/s/files/1/0549/2926/0637/files/Component_4_1.svg?v=1693812107","free_shipping","13","Absolute","//body/div[@id='nt_wrapper']/div[@id='nt_content']/div/div[1]/div[@id='product-7653984043101']/div/div/div[2]/div/div[@id='shopify-section-pr_summary']/div[3]/div/form/div[4]/div[6]/div[2]/div/img","Content","HTML","","",""
"Image","https://offlimits.co.in/collections/mens-bestsellers/products/sparta-pro-blue-orange-orm-795-03","https://cdn.shopify.com/s/files/1/0549/2926/0637/files/Component_4_1.svg?v=1693812107","free_shipping","13","Absolute","//body/div[@id='nt_wrapper']/div[@id='nt_content']/div/div[1]/div[@id='product-8129014792285']/div/div/div[2]/div/div[@id='shopify-section-pr_summary']/div[3]/div/form/div[4]/div[6]/div[2]/div/img","Content","HTML","","",""
"Image","https://offlimits.co.in/collections/new-arrivals-2026/products/splash-mode-for-her-white-ocw-926-02","https://cdn.shopify.com/s/files/1/0549/2926/0637/files/Component_4_1.svg?v=1693812107","free_shipping","13","Absolute","//body/div[@id='nt_wrapper']/div[@id='nt_content']/div/div[1]/div[@id='product-8151397269597']/div/div/div[2]/div/div[@id='shopify-section-pr_summary']/div[3]/div/form/div[4]/div[6]/div[2]/div/img","Content","HTML","","",""
"Image","https://offlimits.co.in/collections/new-arrivals-2026/products/coast-big-tall-off-white-yellow-purple-ocm-878-02","https://cdn.shopify.com/s/files/1/0549/2926/0637/files/Component_4_1.svg?v=1693812107","free_shipping","13","Absolute","//body/div[@id='nt_wrapper']/div[@id='nt_content']/div/div[1]/div[@id='product-8185248022621']/div/div/div[2]/div/div[@id='shopify-section-pr_summary']/div[3]/div/form/div[4]/div[6]/div[2]/div/img","Content","HTML","","",""
"Image","https://offlimits.co.in/collections/new-arrivals-2026/products/roger-select-black-silver-ocm-915-08","https://cdn.shopify.com/s/files/1/0549/2926/0637/files/Component_4_1.svg?v=1693812107","free_shipping","13","Absolute","//body/div[@id='nt_wrapper']/div[@id='nt_content']/div/div[1]/div[@id='product-8169024028765']/div/div/div[2]/div/div[@id='shopify-section-pr_summary']/div[3]/div/form/div[4]/div[6]/div[2]/div/img","Content","HTML","","",""
"Image","https://offlimits.co.in/collections/mens-bestsellers/products/baseline-23-milwaukee-bucks-beige-green-ocm-828-06","https://cdn.shopify.com/s/files/1/0549/2926/0637/files/Component_4_1.svg?v=1693812107","free_shipping","13","Absolute","//body/div[@id='nt_wrapper']/div[@id='nt_content']/div/div[1]/div[@id='product-8143136686173']/div/div/div[2]/div/div[@id='shopify-section-pr_summary']/div[3]/div/form/div[4]/div[6]/div[2]/div/img","Content","HTML","","",""
"Image","https://offlimits.co.in/collections/mens-bestsellers/products/unbound-teal-orm-855-06","https://cdn.shopify.com/s/files/1/0549/2926/0637/files/Component_4_1.svg?v=1693812107","free_shipping","13","Absolute","//body/div[@id='nt_wrapper']/div[@id='nt_content']/div/div[1]/div[@id='product-8079113388125']/div/div/div[2]/div/div[@id='shopify-section-pr_summary']/div[3]/div/form/div[4]/div[6]/div[2]/div/img","Content","HTML","","",""
"Image","https://offlimits.co.in/collections/mens-bestsellers/products/gladiator-off-white-orm-661-02","https://offlimits.co.in/cdn/shop/files/ORM-66102_6.jpg?v=1772535918","GLADIATOR - OFF WHITE","21","Protocol-Relative","//body/div[@id='nt_wrapper']/div[@id='nt_content']/div/div[1]/div[@id='product-7653984043101']/div/div/div[1]/div/div/div[1]/div[6]/div/noscript/img","Content","HTML","","",""
"Image","https://offlimits.co.in/collections/mens-bestsellers/products/gladiator-off-white-orm-661-02","https://offlimits.co.in/cdn/shop/files/14_1_f780662b-3786-4e56-ac0f-ab28adfef02c.jpg?v=1772536168","GLADIATOR - OFF WHITE","21","Protocol-Relative","//body/div[@id='nt_wrapper']/div[@id='nt_content']/div/div[1]/div[@id='product-7653984043101']/div/div/div[1]/div/div/div[1]/div[8]/div/noscript/img","Content","HTML","","",""
"Image","https://offlimits.co.in/collections/mens-bestsellers/products/gladiator-off-white-orm-661-02","https://offlimits.co.in/cdn/shop/files/ORM-66102_2.jpg?v=1721987884","GLADIATOR - OFF WHITE","21","Protocol-Relative","//body/div[@id='nt_wrapper']/div[@id='nt_content']/div/div[1]/div[@id='product-7653984043101']/div/div/div[1]/div/div/div[1]/div[2]/div/noscript/img","Content","HTML","","",""
"Image","https://offlimits.co.in/collections/mens-bestsellers/products/gladiator-off-white-orm-661-02","https://offlimits.co.in/cdn/shop/files/s2s_a3650d04-1563-4c46-b062-fdbfdc8697be.png?v=1775135200","GLADIATOR - OFF WHITE","21","Protocol-Relative","//body/div[@id='nt_wrapper']/div[@id='nt_content']/div/div[1]/div[@id='product-7653984043101']/div/div/div[1]/div/div/div[1]/div[11]/div/noscript/img","Content","HTML","","",""
"Image","https://offlimits.co.in/collections/mens-bestsellers/products/gladiator-off-white-orm-661-02","https://cdn.shopify.com/s/files/1/0549/2926/0637/files/Component_6_1.svg?v=1693811938","easy_return","11","Absolute","//body/div[@id='nt_wrapper']/div[@id='nt_content']/div/div[1]/div[@id='product-7653984043101']/div/div/div[2]/div/div[@id='shopify-section-pr_summary']/div[3]/div/form/div[4]/div[6]/div[1]/div/img","Content","HTML","","",""
"Image","https://offlimits.co.in/collections/mens-bestsellers/products/sparta-pro-blue-orange-orm-795-03","https://cdn.shopify.com/s/files/1/0549/2926/0637/files/Component_6_1.svg?v=1693811938","easy_return","11","Absolute","//body/div[@id='nt_wrapper']/div[@id='nt_content']/div/div[1]/div[@id='product-8129014792285']/div/div/div[2]/div/div[@id='shopify-section-pr_summary']/div[3]/div/form/div[4]/div[6]/div[1]/div/img","Content","HTML","","",""
"Image","https://offlimits.co.in/collections/new-arrivals-2026/products/splash-mode-for-her-white-ocw-926-02","https://cdn.shopify.com/s/files/1/0549/2926/0637/files/Component_6_1.svg?v=1693811938","easy_return","11","Absolute","//body/div[@id='nt_wrapper']/div[@id='nt_content']/div/div[1]/div[@id='product-8151397269597']/div/div/div[2]/div/div[@id='shopify-section-pr_summary']/div[3]/div/form/div[4]/div[6]/div[1]/div/img","Content","HTML","","",""
"Image","https://offlimits.co.in/collections/new-arrivals-2026/products/coast-big-tall-off-white-yellow-purple-ocm-878-02","https://cdn.shopify.com/s/files/1/0549/2926/0637/files/Component_6_1.svg?v=1693811938","easy_return","11","Absolute","//body/div[@id='nt_wrapper']/div[@id='nt_content']/div/div[1]/div[@id='product-8185248022621']/div/div/div[2]/div/div[@id='shopify-section-pr_summary']/div[3]/div/form/div[4]/div[6]/div[1]/div/img","Content","HTML","","",""
"Image","https://offlimits.co.in/collections/new-arrivals-2026/products/roger-select-black-silver-ocm-915-08","https://cdn.shopify.com/s/files/1/0549/2926/0637/files/Component_6_1.svg?v=1693811938","easy_return","11","Absolute","//body/div[@id='nt_wrapper']/div[@id='nt_content']/div/div[1]/div[@id='product-8169024028765']/div/div/div[2]/div/div[@id='shopify-section-pr_summary']/div[3]/div/form/div[4]/div[6]/div[1]/div/img","Content","HTML","","",""
"Image","https://offlimits.co.in/collections/mens-bestsellers/products/baseline-23-milwaukee-bucks-beige-green-ocm-828-06","https://cdn.shopify.com/s/files/1/0549/2926/0637/files/Component_6_1.svg?v=1693811938","easy_return","11","Absolute","//body/div[@id='nt_wrapper']/div[@id='nt_content']/div/div[1]/div[@id='product-8143136686173']/div/div/div[2]/div/div[@id='shopify-section-pr_summary']/div[3]/div/form/div[4]/div[6]/div[1]/div/img","Content","HTML","","",""
"Image","https://offlimits.co.in/collections/mens-bestsellers/products/unbound-teal-orm-855-06","https://cdn.shopify.com/s/files/1/0549/2926/0637/files/Component_6_1.svg?v=1693811938","easy_return","11","Absolute","//body/div[@id='nt_wrapper']/div[@id='nt_content']/div/div[1]/div[@id='product-8079113388125']/div/div/div[2]/div/div[@id='shopify-section-pr_summary']/div[3]/div/form/div[4]/div[6]/div[1]/div/img","Content","HTML","","",""
"Image","https://offlimits.co.in/collections/mens-bestsellers/products/gladiator-off-white-orm-661-02","https://offlimits.co.in/cdn/shop/files/ORM-66102_4.jpg?v=1772535918","GLADIATOR - OFF WHITE","21","Protocol-Relative","//body/div[@id='nt_wrapper']/div[@id='nt_content']/div/div[1]/div[@id='product-7653984043101']/div/div/div[1]/div/div/div[1]/div[4]/div/noscript/img","Content","HTML","","",""
"Image","https://offlimits.co.in/collections/mens-bestsellers/products/gladiator-off-white-orm-661-02","https://cdn.shopify.com/s/files/1/0549/2926/0637/files/A_1.png?width=800","aplus_img1","10","Absolute","//body/div[@id='nt_wrapper']/div[@id='nt_content']/div/div[1]/div[@class='a_plus_wrapper']/div[@class='aplus-sctn'][1]/div[@class='img-sctn']/img","Content","HTML","","",""
"Image","https://offlimits.co.in/collections/mens-bestsellers/products/sparta-pro-blue-orange-orm-795-03","https://cdn.shopify.com/s/files/1/0549/2926/0637/files/A_1.png?width=800","aplus_img1","10","Absolute","//body/div[@id='nt_wrapper']/div[@id='nt_content']/div/div[1]/div[@class='a_plus_wrapper']/div[@class='aplus-sctn'][1]/div[@class='img-sctn']/img","Content","HTML","","",""
"Image","https://offlimits.co.in/collections/new-arrivals-2026/products/splash-mode-for-her-white-ocw-926-02","https://cdn.shopify.com/s/files/1/0549/2926/0637/files/A_1.png?width=800","aplus_img1","10","Absolute","//body/div[@id='nt_wrapper']/div[@id='nt_content']/div/div[1]/div[@class='a_plus_wrapper']/div[@class='aplus-sctn'][1]/div[@class='img-sctn']/img","Content","HTML","","",""
"Image","https://offlimits.co.in/collections/new-arrivals-2026/products/coast-big-tall-off-white-yellow-purple-ocm-878-02","https://cdn.shopify.com/s/files/1/0549/2926/0637/files/A_1.png?width=800","aplus_img1","10","Absolute","//body/div[@id='nt_wrapper']/div[@id='nt_content']/div/div[1]/div[@class='a_plus_wrapper']/div[@class='aplus-sctn'][1]/div[@class='img-sctn']/img","Content","HTML","","",""
"Image","https://offlimits.co.in/collections/new-arrivals-2026/products/roger-select-black-silver-ocm-915-08","https://cdn.shopify.com/s/files/1/0549/2926/0637/files/A_1.png?width=800","aplus_img1","10","Absolute","//body/div[@id='nt_wrapper']/div[@id='nt_content']/div/div[1]/div[@class='a_plus_wrapper']/div[@class='aplus-sctn'][1]/div[@class='img-sctn']/img","Content","HTML","","",""
"Image","https://offlimits.co.in/collections/mens-bestsellers/products/baseline-23-milwaukee-bucks-beige-green-ocm-828-06","https://cdn.shopify.com/s/files/1/0549/2926/0637/files/A_1.png?width=800","aplus_img1","10","Absolute","//body/div[@id='nt_wrapper']/div[@id='nt_content']/div/div[1]/div[@class='a_plus_wrapper']/div[@class='aplus-sctn'][1]/div[@class='img-sctn']/img","Content","HTML","","",""
"Image","https://offlimits.co.in/collections/mens-bestsellers/products/unbound-teal-orm-855-06","https://cdn.shopify.com/s/files/1/0549/2926/0637/files/A_1.png?width=800","aplus_img1","10","Absolute","//body/div[@id='nt_wrapper']/div[@id='nt_content']/div/div[1]/div[@class='a_plus_wrapper']/div[@class='aplus-sctn'][1]/div[@class='img-sctn']/img","Content","HTML","","",""
"Image","https://offlimits.co.in/collections/mens-bestsellers/products/gladiator-off-white-orm-661-02","https://offlimits.co.in/cdn/shop/files/ORM-66102_8.jpg?v=1772535918","GLADIATOR - OFF WHITE","21","Protocol-Relative","//body/div[@id='nt_wrapper']/div[@id='nt_content']/div/div[1]/div[@id='product-7653984043101']/div/div/div[1]/div/div/div[1]/div[7]/div/noscript/img","Content","HTML","","",""
"Image","https://offlimits.co.in/collections/mens-bestsellers/products/gladiator-off-white-orm-661-02","https://offlimits.co.in/cdn/shop/files/ORM-66102_3.jpg?v=1772535918","GLADIATOR - OFF WHITE","21","Protocol-Relative","//body/div[@id='nt_wrapper']/div[@id='nt_content']/div/div[1]/div[@id='product-7653984043101']/div/div/div[1]/div/div/div[1]/div[3]/div/noscript/img","Content","HTML","","",""
"Image","https://offlimits.co.in/collections/mens-bestsellers/products/gladiator-off-white-orm-661-02","https://offlimits.co.in/cdn/shop/files/ORM-66102_1.jpg?v=1721987884","GLADIATOR - OFF WHITE","21","Protocol-Relative","//body/div[@id='nt_wrapper']/div[@id='nt_content']/div/div[1]/div[@id='product-7653984043101']/div/div/div[1]/div/div/div[1]/div[1]/div/noscript/img","Content","HTML","","",""
"Image","https://offlimits.co.in/collections/mens-bestsellers/products/gladiator-off-white-orm-661-02","https://offlimits.co.in/cdn/shop/files/OLMenssizechart_af4bb732-6982-48cb-967e-8f2f4649cb5c.jpg?v=1774436088","GLADIATOR - OFF WHITE","21","Protocol-Relative","//body/div[@id='nt_wrapper']/div[@id='nt_content']/div/div[1]/div[@id='product-7653984043101']/div/div/div[1]/div/div/div[1]/div[10]/div/noscript/img","Content","HTML","","",""
"Image","https://offlimits.co.in/collections/mens-bestsellers/products/gladiator-off-white-orm-661-02","https://offlimits.co.in/cdn/shop/files/ORM-66102_5.jpg?v=1772535918","GLADIATOR - OFF WHITE","21","Protocol-Relative","//body/div[@id='nt_wrapper']/div[@id='nt_content']/div/div[1]/div[@id='product-7653984043101']/div/div/div[1]/div/div/div[1]/div[5]/div/noscript/img","Content","HTML","","",""
"Image","https://offlimits.co.in/collections/mens-bestsellers/products/sparta-pro-blue-orange-orm-795-03","https://offlimits.co.in/cdn/shop/files/ORM-79503_1.jpg?v=1777890237","SPARTA PRO - BLUE/ORANGE","24","Protocol-Relative","//body/div[@id='nt_wrapper']/div[@id='nt_content']/div/div[1]/div[@id='product-8129014792285']/div/div/div[1]/div/div/div[1]/div[1]/div/noscript/img","Content","HTML","","",""
"Image","https://offlimits.co.in/collections/mens-bestsellers/products/sparta-pro-blue-orange-orm-795-03","https://offlimits.co.in/cdn/shop/files/STSIMAGE_8d849c74-1ab5-49f8-b263-98c8fa265ed1.png?v=1777890237","SPARTA PRO - BLUE/ORANGE","24","Protocol-Relative","//body/div[@id='nt_wrapper']/div[@id='nt_content']/div/div[1]/div[@id='product-8129014792285']/div/div/div[1]/div/div/div[1]/div[9]/div/noscript/img","Content","HTML","","",""
"Image","https://offlimits.co.in/collections/mens-bestsellers/products/sparta-pro-blue-orange-orm-795-03","https://offlimits.co.in/cdn/shop/files/ORM-79503_7.jpg?v=1777890237","SPARTA PRO - BLUE/ORANGE","24","Protocol-Relative","//body/div[@id='nt_wrapper']/div[@id='nt_content']/div/div[1]/div[@id='product-8129014792285']/div/div/div[1]/div/div/div[1]/div[7]/div/noscript/img","Content","HTML","","",""
"Image","https://offlimits.co.in/collections/mens-bestsellers/products/sparta-pro-blue-orange-orm-795-03","https://offlimits.co.in/cdn/shop/files/ORM-79503_6.jpg?v=1777890236","SPARTA PRO - BLUE/ORANGE","24","Protocol-Relative","//body/div[@id='nt_wrapper']/div[@id='nt_content']/div/div[1]/div[@id='product-8129014792285']/div/div/div[1]/div/div/div[1]/div[6]/div/noscript/img","Content","HTML","","",""
"Image","https://offlimits.co.in/collections/mens-bestsellers/products/sparta-pro-blue-orange-orm-795-03","https://offlimits.co.in/cdn/shop/files/OL_Mens_size_chart_c19e3b39-9661-4284-b199-1f5da9904f41.jpg?v=1777890327","SPARTA PRO - BLUE/ORANGE","24","Protocol-Relative","//body/div[@id='nt_wrapper']/div[@id='nt_content']/div/div[1]/div[@id='product-8129014792285']/div/div/div[1]/div/div/div[1]/div[10]/div/noscript/img","Content","HTML","","",""
"Image","https://offlimits.co.in/collections/new-arrivals-2026/products/roger-select-black-silver-ocm-915-08","https://offlimits.co.in/cdn/shop/files/OL_Mens_size_chart_c19e3b39-9661-4284-b199-1f5da9904f41.jpg?v=1777890327","ROGER SELECT - BLACK/SILVER","27","Protocol-Relative","//body/div[@id='nt_wrapper']/div[@id='nt_content']/div/div[1]/div[@id='product-8169024028765']/div/div/div[1]/div/div/div[1]/div[9]/div/noscript/img","Content","HTML","","",""
"Image","https://offlimits.co.in/collections/mens-bestsellers/products/sparta-pro-blue-orange-orm-795-03","https://offlimits.co.in/cdn/shop/files/ORM-79503_2.jpg?v=1777890236","SPARTA PRO - BLUE/ORANGE","24","Protocol-Relative","//body/div[@id='nt_wrapper']/div[@id='nt_content']/div/div[1]/div[@id='product-8129014792285']/div/div/div[1]/div/div/div[1]/div[2]/div/noscript/img","Content","HTML","","",""
"Image","https://offlimits.co.in/collections/mens-bestsellers/products/sparta-pro-blue-orange-orm-795-03","https://offlimits.co.in/cdn/shop/files/ORM-79503_3.jpg?v=1777890237","SPARTA PRO - BLUE/ORANGE","24","Protocol-Relative","//body/div[@id='nt_wrapper']/div[@id='nt_content']/div/div[1]/div[@id='product-8129014792285']/div/div/div[1]/div/div/div[1]/div[3]/div/noscript/img","Content","HTML","","",""
"Image","https://offlimits.co.in/collections/mens-bestsellers/products/sparta-pro-blue-orange-orm-795-03","https://offlimits.co.in/cdn/shop/files/ORM-79503_5.jpg?v=1777890237","SPARTA PRO - BLUE/ORANGE","24","Protocol-Relative","//body/div[@id='nt_wrapper']/div[@id='nt_content']/div/div[1]/div[@id='product-8129014792285']/div/div/div[1]/div/div/div[1]/div[5]/div/noscript/img","Content","HTML","","",""
"Image","https://offlimits.co.in/collections/mens-bestsellers/products/sparta-pro-blue-orange-orm-795-03","https://offlimits.co.in/cdn/shop/files/ORM-79503_4.jpg?v=1777890237","SPARTA PRO - BLUE/ORANGE","24","Protocol-Relative","//body/div[@id='nt_wrapper']/div[@id='nt_content']/div/div[1]/div[@id='product-8129014792285']/div/div/div[1]/div/div/div[1]/div[4]/div/noscript/img","Content","HTML","","",""
"Image","https://offlimits.co.in/collections/mens-bestsellers/products/sparta-pro-blue-orange-orm-795-03","https://offlimits.co.in/cdn/shop/files/ORM-79503_8.jpg?v=1777890237","SPARTA PRO - BLUE/ORANGE","24","Protocol-Relative","//body/div[@id='nt_wrapper']/div[@id='nt_content']/div/div[1]/div[@id='product-8129014792285']/div/div/div[1]/div/div/div[1]/div[8]/div/noscript/img","Content","HTML","","",""
"Image","https://offlimits.co.in/pages/store-gallery","https://cdn.shopify.com/s/files/1/0549/2926/0637/files/gallery-img4.jpg?v=1634564549","Guwahati","8","Absolute","//body/div[@id='nt_wrapper']/div[@id='nt_content']/main/div[2]/div/div[@class='gallery-cont'][4]/img","Content","HTML","","",""
"Image","https://offlimits.co.in/pages/store-gallery","https://cdn.shopify.com/s/files/1/0549/2926/0637/files/gallery-img3.jpg?v=1634564549","Ludhiana","8","Absolute","//body/div[@id='nt_wrapper']/div[@id='nt_content']/main/div[2]/div/div[@class='gallery-cont'][3]/img","Content","HTML","","",""
"Image","https://offlimits.co.in/pages/store-gallery","https://cdn.shopify.com/s/files/1/0549/2926/0637/files/gallery-img1.jpg?v=1634564549","Sonipat","7","Absolute","//body/div[@id='nt_wrapper']/div[@id='nt_content']/main/div[2]/div/div[@class='gallery-cont'][1]/img","Content","HTML","","",""
"Image","https://offlimits.co.in/pages/store-gallery","https://cdn.shopify.com/s/files/1/0549/2926/0637/files/gallery-img5.jpg?v=1634564549","Jalandhar","9","Absolute","//body/div[@id='nt_wrapper']/div[@id='nt_content']/main/div[2]/div/div[@class='gallery-cont'][5]/img","Content","HTML","","",""
"Image","https://offlimits.co.in/pages/store-gallery","https://cdn.shopify.com/s/files/1/0549/2926/0637/files/gallery-img2.jpg?v=1634564549","Jaggi Mall","10","Absolute","//body/div[@id='nt_wrapper']/div[@id='nt_content']/main/div[2]/div/div[@class='gallery-cont'][2]/img","Content","HTML","","",""
"Image","https://offlimits.co.in/collections/new-arrivals-2026/products/splash-mode-for-her-white-ocw-926-02","https://offlimits.co.in/cdn/shop/files/OCW-92602_4.jpg?v=1781088785","SPLASH MODE FOR HER - WHITE","27","Protocol-Relative","//body/div[@id='nt_wrapper']/div[@id='nt_content']/div/div[1]/div[@id='product-8151397269597']/div/div/div[1]/div/div/div[1]/div[4]/div/noscript/img","Content","HTML","","",""
"Image","https://offlimits.co.in/collections/new-arrivals-2026/products/splash-mode-for-her-white-ocw-926-02","https://offlimits.co.in/cdn/shop/files/0U8A1088.jpg?v=1781088785","SPLASH MODE FOR HER - WHITE","27","Protocol-Relative","//body/div[@id='nt_wrapper']/div[@id='nt_content']/div/div[1]/div[@id='product-8151397269597']/div/div/div[1]/div/div/div[1]/div[6]/div/noscript/img","Content","HTML","","",""
"Image","https://offlimits.co.in/collections/new-arrivals-2026/products/splash-mode-for-her-white-ocw-926-02","https://offlimits.co.in/cdn/shop/files/OCW-92602_8.jpg?v=1781088785","SPLASH MODE FOR HER - WHITE","27","Protocol-Relative","//body/div[@id='nt_wrapper']/div[@id='nt_content']/div/div[1]/div[@id='product-8151397269597']/div/div/div[1]/div/div/div[1]/div[8]/div/noscript/img","Content","HTML","","",""
"Image","https://offlimits.co.in/collections/new-arrivals-2026/products/splash-mode-for-her-white-ocw-926-02","https://offlimits.co.in/cdn/shop/files/OCW-92602_6.jpg?v=1781088785","SPLASH MODE FOR HER - WHITE","27","Protocol-Relative","//body/div[@id='nt_wrapper']/div[@id='nt_content']/div/div[1]/div[@id='product-8151397269597']/div/div/div[1]/div/div/div[1]/div[7]/div/noscript/img","Content","HTML","","",""
"Image","https://offlimits.co.in/collections/new-arrivals-2026/products/splash-mode-for-her-white-ocw-926-02","https://offlimits.co.in/cdn/shop/files/OL_Womens_size_chart_bba04b6f-e746-479d-b4a6-0bcb920f911d.jpg?v=1781087933","SPLASH MODE FOR HER - WHITE","27","Protocol-Relative","//body/div[@id='nt_wrapper']/div[@id='nt_content']/div/div[1]/div[@id='product-8151397269597']/div/div/div[1]/div/div/div[1]/div[11]/div/noscript/img","Content","HTML","","",""
"Image","https://offlimits.co.in/collections/new-arrivals-2026/products/splash-mode-for-her-white-ocw-926-02","https://offlimits.co.in/cdn/shop/files/s2s_2_f05b96ab-122f-44ff-ba62-bfe298217871.png?v=1781087935","SPLASH MODE FOR HER - WHITE","27","Protocol-Relative","//body/div[@id='nt_wrapper']/div[@id='nt_content']/div/div[1]/div[@id='product-8151397269597']/div/div/div[1]/div/div/div[1]/div[12]/div/noscript/img","Content","HTML","","",""
"Image","https://offlimits.co.in/collections/new-arrivals-2026/products/splash-mode-for-her-white-ocw-926-02","https://offlimits.co.in/cdn/shop/files/OCW-92602_2.jpg?v=1781088785","SPLASH MODE FOR HER - WHITE","27","Protocol-Relative","//body/div[@id='nt_wrapper']/div[@id='nt_content']/div/div[1]/div[@id='product-8151397269597']/div/div/div[1]/div/div/div[1]/div[1]/div/noscript/img","Content","HTML","","",""
"Image","https://offlimits.co.in/collections/new-arrivals-2026/products/splash-mode-for-her-white-ocw-926-02","https://offlimits.co.in/cdn/shop/files/OCW-92602_7.jpg?v=1781088785","SPLASH MODE FOR HER - WHITE","27","Protocol-Relative","//body/div[@id='nt_wrapper']/div[@id='nt_content']/div/div[1]/div[@id='product-8151397269597']/div/div/div[1]/div/div/div[1]/div[9]/div/noscript/img","Content","HTML","","",""
"Image","https://offlimits.co.in/collections/new-arrivals-2026/products/splash-mode-for-her-white-ocw-926-02","https://offlimits.co.in/cdn/shop/files/OCW-92602_9.jpg?v=1781088785","SPLASH MODE FOR HER - WHITE","27","Protocol-Relative","//body/div[@id='nt_wrapper']/div[@id='nt_content']/div/div[1]/div[@id='product-8151397269597']/div/div/div[1]/div/div/div[1]/div[10]/div/noscript/img","Content","HTML","","",""
"Image","https://offlimits.co.in/collections/new-arrivals-2026/products/splash-mode-for-her-white-ocw-926-02","https://offlimits.co.in/cdn/shop/files/OCW-92602_3.jpg?v=1781088785","SPLASH MODE FOR HER - WHITE","27","Protocol-Relative","//body/div[@id='nt_wrapper']/div[@id='nt_content']/div/div[1]/div[@id='product-8151397269597']/div/div/div[1]/div/div/div[1]/div[2]/div/noscript/img","Content","HTML","","",""
"Image","https://offlimits.co.in/collections/new-arrivals-2026/products/splash-mode-for-her-white-ocw-926-02","https://offlimits.co.in/cdn/shop/files/OCW-92602_5.jpg?v=1781088785","SPLASH MODE FOR HER - WHITE","27","Protocol-Relative","//body/div[@id='nt_wrapper']/div[@id='nt_content']/div/div[1]/div[@id='product-8151397269597']/div/div/div[1]/div/div/div[1]/div[5]/div/noscript/img","Content","HTML","","",""
"Image","https://offlimits.co.in/collections/new-arrivals-2026/products/splash-mode-for-her-white-ocw-926-02","https://offlimits.co.in/cdn/shop/files/OCW-92602_1.jpg?v=1781088785","SPLASH MODE FOR HER - WHITE","27","Protocol-Relative","//body/div[@id='nt_wrapper']/div[@id='nt_content']/div/div[1]/div[@id='product-8151397269597']/div/div/div[1]/div/div/div[1]/div[3]/div/noscript/img","Content","HTML","","",""
"Image","https://offlimits.co.in/collections/mens-bestsellers/products/unbound-teal-orm-855-06","https://offlimits.co.in/cdn/shop/files/s2s_2_6d671855-d5b2-4185-900c-a9d3b24fd79b.png?v=1771492986","UNBOUND - TEAL","14","Protocol-Relative","//body/div[@id='nt_wrapper']/div[@id='nt_content']/div/div[1]/div[@id='product-8079113388125']/div/div/div[1]/div/div/div[1]/div[10]/div/noscript/img","Content","HTML","","",""
"Image","https://offlimits.co.in/collections/mens-bestsellers/products/unbound-teal-orm-855-06","https://offlimits.co.in/cdn/shop/files/DSC_4470_2.jpg?v=1771495337","UNBOUND - TEAL","14","Protocol-Relative","//body/div[@id='nt_wrapper']/div[@id='nt_content']/div/div[1]/div[@id='product-8079113388125']/div/div/div[1]/div/div/div[1]/div[1]/div/noscript/img","Content","HTML","","",""
"Image","https://offlimits.co.in/collections/mens-bestsellers/products/unbound-teal-orm-855-06","https://offlimits.co.in/cdn/shop/files/DSC_4472.jpg?v=1771495493","UNBOUND - TEAL","14","Protocol-Relative","//body/div[@id='nt_wrapper']/div[@id='nt_content']/div/div[1]/div[@id='product-8079113388125']/div/div/div[1]/div/div/div[1]/div[4]/div/noscript/img","Content","HTML","","",""
"Image","https://offlimits.co.in/collections/mens-bestsellers/products/unbound-teal-orm-855-06","https://offlimits.co.in/cdn/shop/files/OL_Mens_size_chart_db2ea9e8-ee00-41b1-8d27-a7b366f2d22e.jpg?v=1771492985","UNBOUND - TEAL","14","Protocol-Relative","//body/div[@id='nt_wrapper']/div[@id='nt_content']/div/div[1]/div[@id='product-8079113388125']/div/div/div[1]/div/div/div[1]/div[9]/div/noscript/img","Content","HTML","","",""
"Image","https://offlimits.co.in/collections/mens-bestsellers/products/unbound-teal-orm-855-06","https://offlimits.co.in/cdn/shop/files/DSC_4470.jpg?v=1771495493","UNBOUND - TEAL","14","Protocol-Relative","//body/div[@id='nt_wrapper']/div[@id='nt_content']/div/div[1]/div[@id='product-8079113388125']/div/div/div[1]/div/div/div[1]/div[8]/div/noscript/img","Content","HTML","","",""
"Image","https://offlimits.co.in/collections/mens-bestsellers/products/unbound-teal-orm-855-06","https://offlimits.co.in/cdn/shop/files/DSC_4471.jpg?v=1771495493","UNBOUND - TEAL","14","Protocol-Relative","//body/div[@id='nt_wrapper']/div[@id='nt_content']/div/div[1]/div[@id='product-8079113388125']/div/div/div[1]/div/div/div[1]/div[2]/div/noscript/img","Content","HTML","","",""
"Image","https://offlimits.co.in/collections/mens-bestsellers/products/unbound-teal-orm-855-06","https://offlimits.co.in/cdn/shop/files/DSC_4471_2.jpg?v=1771495493","UNBOUND - TEAL","14","Protocol-Relative","//body/div[@id='nt_wrapper']/div[@id='nt_content']/div/div[1]/div[@id='product-8079113388125']/div/div/div[1]/div/div/div[1]/div[3]/div/noscript/img","Content","HTML","","",""
"Image","https://offlimits.co.in/collections/mens-bestsellers/products/unbound-teal-orm-855-06","https://offlimits.co.in/cdn/shop/files/DSC_4474.jpg?v=1771495493","UNBOUND - TEAL","14","Protocol-Relative","//body/div[@id='nt_wrapper']/div[@id='nt_content']/div/div[1]/div[@id='product-8079113388125']/div/div/div[1]/div/div/div[1]/div[6]/div/noscript/img","Content","HTML","","",""
"Image","https://offlimits.co.in/collections/mens-bestsellers/products/unbound-teal-orm-855-06","https://offlimits.co.in/cdn/shop/files/DSC_4475.jpg?v=1771495493","UNBOUND - TEAL","14","Protocol-Relative","//body/div[@id='nt_wrapper']/div[@id='nt_content']/div/div[1]/div[@id='product-8079113388125']/div/div/div[1]/div/div/div[1]/div[7]/div/noscript/img","Content","HTML","","",""
"Image","https://offlimits.co.in/collections/mens-bestsellers/products/unbound-teal-orm-855-06","https://offlimits.co.in/cdn/shop/files/DSC_4473.jpg?v=1771495493","UNBOUND - TEAL","14","Protocol-Relative","//body/div[@id='nt_wrapper']/div[@id='nt_content']/div/div[1]/div[@id='product-8079113388125']/div/div/div[1]/div/div/div[1]/div[5]/div/noscript/img","Content","HTML","","",""
"Image","https://offlimits.co.in/collections/mens-bestsellers/products/baseline-23-milwaukee-bucks-beige-green-ocm-828-06","https://offlimits.co.in/cdn/shop/files/OCM-82806_2.jpg?v=1770113499","BASELINE 23 - MILWAUKEE BUCKS (BEIGE/GREEN)","43","Protocol-Relative","//body/div[@id='nt_wrapper']/div[@id='nt_content']/div/div[1]/div[@id='product-8143136686173']/div/div/div[1]/div/div/div[1]/div[2]/div/noscript/img","Content","HTML","","",""
"Image","https://offlimits.co.in/collections/mens-bestsellers/products/baseline-23-milwaukee-bucks-beige-green-ocm-828-06","https://offlimits.co.in/cdn/shop/files/OCM-82806_5.jpg?v=1770113499","BASELINE 23 - MILWAUKEE BUCKS (BEIGE/GREEN)","43","Protocol-Relative","//body/div[@id='nt_wrapper']/div[@id='nt_content']/div/div[1]/div[@id='product-8143136686173']/div/div/div[1]/div/div/div[1]/div[5]/div/noscript/img","Content","HTML","","",""
"Image","https://offlimits.co.in/collections/mens-bestsellers/products/baseline-23-milwaukee-bucks-beige-green-ocm-828-06","https://offlimits.co.in/cdn/shop/files/OCM-82806_7.jpg?v=1770113499","BASELINE 23 - MILWAUKEE BUCKS (BEIGE/GREEN)","43","Protocol-Relative","//body/div[@id='nt_wrapper']/div[@id='nt_content']/div/div[1]/div[@id='product-8143136686173']/div/div/div[1]/div/div/div[1]/div[7]/div/noscript/img","Content","HTML","","",""
"Image","https://offlimits.co.in/collections/mens-bestsellers/products/baseline-23-milwaukee-bucks-beige-green-ocm-828-06","https://offlimits.co.in/cdn/shop/files/s2s_2_fafc05c8-4934-4700-aba0-a38f54d305e1.png?v=1770113829","BASELINE 23 - MILWAUKEE BUCKS (BEIGE/GREEN)","43","Protocol-Relative","//body/div[@id='nt_wrapper']/div[@id='nt_content']/div/div[1]/div[@id='product-8143136686173']/div/div/div[1]/div/div/div[1]/div[10]/div/noscript/img","Content","HTML","","",""
"Image","https://offlimits.co.in/collections/mens-bestsellers/products/baseline-23-milwaukee-bucks-beige-green-ocm-828-06","https://offlimits.co.in/cdn/shop/files/OCM-82806_6.jpg?v=1770113499","BASELINE 23 - MILWAUKEE BUCKS (BEIGE/GREEN)","43","Protocol-Relative","//body/div[@id='nt_wrapper']/div[@id='nt_content']/div/div[1]/div[@id='product-8143136686173']/div/div/div[1]/div/div/div[1]/div[6]/div/noscript/img","Content","HTML","","",""
"Image","https://offlimits.co.in/collections/mens-bestsellers/products/baseline-23-milwaukee-bucks-beige-green-ocm-828-06","https://offlimits.co.in/cdn/shop/files/OL_Mens_size_chart_3efbb5e9-7ca0-4a3e-b086-e74ca6bf174b.jpg?v=1770102962","BASELINE 23 - MILWAUKEE BUCKS (BEIGE/GREEN)","43","Protocol-Relative","//body/div[@id='nt_wrapper']/div[@id='nt_content']/div/div[1]/div[@id='product-8143136686173']/div/div/div[1]/div/div/div[1]/div[9]/div/noscript/img","Content","HTML","","",""
"Image","https://offlimits.co.in/collections/mens-bestsellers/products/baseline-23-milwaukee-bucks-beige-green-ocm-828-06","https://offlimits.co.in/cdn/shop/files/DSC_9668b.jpg?v=1770113500","BASELINE 23 - MILWAUKEE BUCKS (BEIGE/GREEN)","43","Protocol-Relative","//body/div[@id='nt_wrapper']/div[@id='nt_content']/div/div[1]/div[@id='product-8143136686173']/div/div/div[1]/div/div/div[1]/div[1]/div/noscript/img","Content","HTML","","",""
"Image","https://offlimits.co.in/collections/mens-bestsellers/products/baseline-23-milwaukee-bucks-beige-green-ocm-828-06","https://offlimits.co.in/cdn/shop/files/OCM-82806_8.jpg?v=1770113499","BASELINE 23 - MILWAUKEE BUCKS (BEIGE/GREEN)","43","Protocol-Relative","//body/div[@id='nt_wrapper']/div[@id='nt_content']/div/div[1]/div[@id='product-8143136686173']/div/div/div[1]/div/div/div[1]/div[8]/div/noscript/img","Content","HTML","","",""
"Image","https://offlimits.co.in/collections/mens-bestsellers/products/baseline-23-milwaukee-bucks-beige-green-ocm-828-06","https://offlimits.co.in/cdn/shop/files/OCM-82806_4.jpg?v=1770113500","BASELINE 23 - MILWAUKEE BUCKS (BEIGE/GREEN)","43","Protocol-Relative","//body/div[@id='nt_wrapper']/div[@id='nt_content']/div/div[1]/div[@id='product-8143136686173']/div/div/div[1]/div/div/div[1]/div[4]/div/noscript/img","Content","HTML","","",""
"Image","https://offlimits.co.in/collections/mens-bestsellers/products/baseline-23-milwaukee-bucks-beige-green-ocm-828-06","https://offlimits.co.in/cdn/shop/files/OCM-82806_3.jpg?v=1770113499","BASELINE 23 - MILWAUKEE BUCKS (BEIGE/GREEN)","43","Protocol-Relative","//body/div[@id='nt_wrapper']/div[@id='nt_content']/div/div[1]/div[@id='product-8143136686173']/div/div/div[1]/div/div/div[1]/div[3]/div/noscript/img","Content","HTML","","",""
"Image","https://offlimits.co.in/collections/new-arrivals-2026/products/roger-select-black-silver-ocm-915-08","https://offlimits.co.in/cdn/shop/files/DSC_8968_7bb51ccd-19fb-4e87-95d6-287b03192b3a.jpg?v=1783424807","ROGER SELECT - BLACK/SILVER","27","Protocol-Relative","//body/div[@id='nt_wrapper']/div[@id='nt_content']/div/div[1]/div[@id='product-8169024028765']/div/div/div[1]/div/div/div[1]/div[7]/div/noscript/img","Content","HTML","","",""
"Image","https://offlimits.co.in/collections/new-arrivals-2026/products/roger-select-black-silver-ocm-915-08","https://offlimits.co.in/cdn/shop/files/DSC_8965_744b743f-5345-4ff4-8f1d-6b7f9e500319.jpg?v=1783424807","ROGER SELECT - BLACK/SILVER","27","Protocol-Relative","//body/div[@id='nt_wrapper']/div[@id='nt_content']/div/div[1]/div[@id='product-8169024028765']/div/div/div[1]/div/div/div[1]/div[2]/div/noscript/img","Content","HTML","","",""
"Image","https://offlimits.co.in/collections/new-arrivals-2026/products/roger-select-black-silver-ocm-915-08","https://offlimits.co.in/cdn/shop/files/DSC_8967_74596983-ad46-4fdc-b969-9232d64289a5.jpg?v=1783424807","ROGER SELECT - BLACK/SILVER","27","Protocol-Relative","//body/div[@id='nt_wrapper']/div[@id='nt_content']/div/div[1]/div[@id='product-8169024028765']/div/div/div[1]/div/div/div[1]/div[6]/div/noscript/img","Content","HTML","","",""
"Image","https://offlimits.co.in/collections/new-arrivals-2026/products/roger-select-black-silver-ocm-915-08","https://offlimits.co.in/cdn/shop/files/DSC_8965_2_c1110fa2-b844-4389-aadf-b98ad576417b.jpg?v=1783424807","ROGER SELECT - BLACK/SILVER","27","Protocol-Relative","//body/div[@id='nt_wrapper']/div[@id='nt_content']/div/div[1]/div[@id='product-8169024028765']/div/div/div[1]/div/div/div[1]/div[3]/div/noscript/img","Content","HTML","","",""
"Image","https://offlimits.co.in/collections/new-arrivals-2026/products/roger-select-black-silver-ocm-915-08","https://offlimits.co.in/cdn/shop/files/DSC_8964_2.jpg?v=1783424808","ROGER SELECT - BLACK/SILVER","27","Protocol-Relative","//body/div[@id='nt_wrapper']/div[@id='nt_content']/div/div[1]/div[@id='product-8169024028765']/div/div/div[1]/div/div/div[1]/div[1]/div/noscript/img","Content","HTML","","",""
"Image","https://offlimits.co.in/collections/new-arrivals-2026/products/roger-select-black-silver-ocm-915-08","https://offlimits.co.in/cdn/shop/files/s2s_2_68f5af36-3e91-4b29-8ba7-7e9c233ed98d.png?v=1781346233","ROGER SELECT - BLACK/SILVER","27","Protocol-Relative","//body/div[@id='nt_wrapper']/div[@id='nt_content']/div/div[1]/div[@id='product-8169024028765']/div/div/div[1]/div/div/div[1]/div[10]/div/noscript/img","Content","HTML","","",""
"Image","https://offlimits.co.in/collections/new-arrivals-2026/products/roger-select-black-silver-ocm-915-08","https://offlimits.co.in/cdn/shop/files/DSC_8964.jpg?v=1783424808","ROGER SELECT - BLACK/SILVER","27","Protocol-Relative","//body/div[@id='nt_wrapper']/div[@id='nt_content']/div/div[1]/div[@id='product-8169024028765']/div/div/div[1]/div/div/div[1]/div[5]/div/noscript/img","Content","HTML","","",""
"Image","https://offlimits.co.in/collections/new-arrivals-2026/products/roger-select-black-silver-ocm-915-08","https://offlimits.co.in/cdn/shop/files/DSC_8969_4ca3149b-7992-4917-ac54-4ad44d1a213e.jpg?v=1783424807","ROGER SELECT - BLACK/SILVER","27","Protocol-Relative","//body/div[@id='nt_wrapper']/div[@id='nt_content']/div/div[1]/div[@id='product-8169024028765']/div/div/div[1]/div/div/div[1]/div[8]/div/noscript/img","Content","HTML","","",""
"Image","https://offlimits.co.in/collections/new-arrivals-2026/products/roger-select-black-silver-ocm-915-08","https://offlimits.co.in/cdn/shop/files/DSC_8966_5f1407d1-5471-4a45-9938-db8cd59b43d7.jpg?v=1783424807","ROGER SELECT - BLACK/SILVER","27","Protocol-Relative","//body/div[@id='nt_wrapper']/div[@id='nt_content']/div/div[1]/div[@id='product-8169024028765']/div/div/div[1]/div/div/div[1]/div[4]/div/noscript/img","Content","HTML","","",""
"Image","https://offlimits.co.in/collections/new-arrivals-2026/products/coast-big-tall-off-white-yellow-purple-ocm-878-02","https://offlimits.co.in/cdn/shop/files/OCM-87803_5_11605c68-5d45-4cf2-a688-592c7f715e5d.jpg?v=1784625440","COAST (BIG & TALL) - OFF WHITE/YELLOW/PURPLE","44","Protocol-Relative","//body/div[@id='nt_wrapper']/div[@id='nt_content']/div/div[1]/div[@id='product-8185248022621']/div/div/div[1]/div/div/div[1]/div[5]/div/noscript/img","Content","HTML","","",""
"Image","https://offlimits.co.in/collections/new-arrivals-2026/products/coast-big-tall-off-white-yellow-purple-ocm-878-02","https://offlimits.co.in/cdn/shop/files/OCM-87803_8_40ab088b-ebe5-4b5f-bf28-9d459b9a7dde.jpg?v=1784625440","COAST (BIG & TALL) - OFF WHITE/YELLOW/PURPLE","44","Protocol-Relative","//body/div[@id='nt_wrapper']/div[@id='nt_content']/div/div[1]/div[@id='product-8185248022621']/div/div/div[1]/div/div/div[1]/div[8]/div/noscript/img","Content","HTML","","",""
"Image","https://offlimits.co.in/collections/new-arrivals-2026/products/coast-big-tall-off-white-yellow-purple-ocm-878-02","https://offlimits.co.in/cdn/shop/files/OCM-87803_1_d7cb16f9-ef8b-4ed0-8a03-c4abcfa388df.jpg?v=1784625440","COAST (BIG & TALL) - OFF WHITE/YELLOW/PURPLE","44","Protocol-Relative","//body/div[@id='nt_wrapper']/div[@id='nt_content']/div/div[1]/div[@id='product-8185248022621']/div/div/div[1]/div/div/div[1]/div[1]/div/noscript/img","Content","HTML","","",""
"Image","https://offlimits.co.in/collections/new-arrivals-2026/products/coast-big-tall-off-white-yellow-purple-ocm-878-02","https://offlimits.co.in/cdn/shop/files/OCM-87803_3_7a747234-9352-40f2-89aa-1699db5fd516.jpg?v=1784625440","COAST (BIG & TALL) - OFF WHITE/YELLOW/PURPLE","44","Protocol-Relative","//body/div[@id='nt_wrapper']/div[@id='nt_content']/div/div[1]/div[@id='product-8185248022621']/div/div/div[1]/div/div/div[1]/div[3]/div/noscript/img","Content","HTML","","",""
"Image","https://offlimits.co.in/collections/new-arrivals-2026/products/coast-big-tall-off-white-yellow-purple-ocm-878-02","https://offlimits.co.in/cdn/shop/files/OCM-87803_2_32d04945-c8d0-4bb5-bb0e-57aecb87d04d.jpg?v=1784625440","COAST (BIG & TALL) - OFF WHITE/YELLOW/PURPLE","44","Protocol-Relative","//body/div[@id='nt_wrapper']/div[@id='nt_content']/div/div[1]/div[@id='product-8185248022621']/div/div/div[1]/div/div/div[1]/div[2]/div/noscript/img","Content","HTML","","",""
"Image","https://offlimits.co.in/collections/new-arrivals-2026/products/coast-big-tall-off-white-yellow-purple-ocm-878-02","https://offlimits.co.in/cdn/shop/files/OCM-87803_4_dda2b03e-de8d-44cf-86c0-3861ee29cc9c.jpg?v=1784625440","COAST (BIG & TALL) - OFF WHITE/YELLOW/PURPLE","44","Protocol-Relative","//body/div[@id='nt_wrapper']/div[@id='nt_content']/div/div[1]/div[@id='product-8185248022621']/div/div/div[1]/div/div/div[1]/div[4]/div/noscript/img","Content","HTML","","",""
"Image","https://offlimits.co.in/collections/new-arrivals-2026/products/coast-big-tall-off-white-yellow-purple-ocm-878-02","https://offlimits.co.in/cdn/shop/files/OCM-87803_7_d131587c-d5ae-4d28-8db1-ca4e549b0b18.jpg?v=1784625440","COAST (BIG & TALL) - OFF WHITE/YELLOW/PURPLE","44","Protocol-Relative","//body/div[@id='nt_wrapper']/div[@id='nt_content']/div/div[1]/div[@id='product-8185248022621']/div/div/div[1]/div/div/div[1]/div[7]/div/noscript/img","Content","HTML","","",""
"Image","https://offlimits.co.in/collections/new-arrivals-2026/products/coast-big-tall-off-white-yellow-purple-ocm-878-02","https://offlimits.co.in/cdn/shop/files/OCM-87803_6_e135386a-5bb0-4419-a9db-9fe15cb5bc48.jpg?v=1784625440","COAST (BIG & TALL) - OFF WHITE/YELLOW/PURPLE","44","Protocol-Relative","//body/div[@id='nt_wrapper']/div[@id='nt_content']/div/div[1]/div[@id='product-8185248022621']/div/div/div[1]/div/div/div[1]/div[6]/div/noscript/img","Content","HTML","","",""
"Image","https://offlimits.co.in/collections/new-arrivals-2026/products/coast-big-tall-off-white-yellow-purple-ocm-878-02","https://offlimits.co.in/cdn/shop/files/s2s_2_161ecf49-e386-4fc3-b36b-ec2c40794f0f.png?v=1784625635","COAST (BIG & TALL) - OFF WHITE/YELLOW/PURPLE","44","Protocol-Relative","//body/div[@id='nt_wrapper']/div[@id='nt_content']/div/div[1]/div[@id='product-8185248022621']/div/div/div[1]/div/div/div[1]/div[9]/div/noscript/img","Content","HTML","","",""
