"Type","Source","Destination","Size (Bytes)","Alt Text","Anchor","Status Code","Status","Crawlability","Follow","Target","Rel","Path Type","Link Path","Link Position","Link Origin"
"Hyperlink","https://offlimits.co.in/","https://offlimits.co.in/search/?view=wish","0","","","0","Blocked by robots.txt","Crawlable","true","","","Root-Relative","//body/div[@id='nt_wrapper']/header/div/div/div/div/div/div[1]/div/div/a[2]","Header","HTML"
"Hyperlink","https://offlimits.co.in/","https://offlimits.co.in/search/?view=wish","0","","","0","Blocked by robots.txt","Crawlable","true","","","Root-Relative","//body/div[@id='nt_wrapper']/header/div/div/div/div/div/div[4]/div/a[2]","Header","HTML"
"Hyperlink","https://offlimits.co.in/","https://offlimits.co.in/search/?view=wish","0","","Add to WishlistBrowse WishlistRemove Wishlist","0","Blocked by robots.txt","Crawlable","false","","nofollow","Root-Relative","//body/a[@id='wis_ntjs']","Content","HTML"
"Hyperlink","https://offlimits.co.in/collections/mens-bestsellers/products/gladiator-off-white-orm-661-02","https://offlimits.co.in/search/?view=wish","0","","","0","Blocked by robots.txt","Crawlable","true","","","Root-Relative","//body/div[@id='nt_wrapper']/header/div/div/div/div/div/div[1]/div/div/a[2]","Header","HTML"
"Hyperlink","https://offlimits.co.in/collections/mens-bestsellers/products/gladiator-off-white-orm-661-02","https://offlimits.co.in/search/?view=wish","0","","","0","Blocked by robots.txt","Crawlable","true","","","Root-Relative","//body/div[@id='nt_wrapper']/header/div/div/div/div/div/div[4]/div/a[2]","Header","HTML"
"Hyperlink","https://offlimits.co.in/collections/mens-bestsellers/products/gladiator-off-white-orm-661-02","https://offlimits.co.in/search/?view=wish","0","","Add to WishlistBrowse WishlistRemove Wishlist","0","Blocked by robots.txt","Crawlable","false","","nofollow","Root-Relative","//body/a[@id='wis_ntjs']","Content","HTML"
"Hyperlink","https://offlimits.co.in/collections/men-clothing","https://offlimits.co.in/search/?view=wish","0","","","0","Blocked by robots.txt","Crawlable","true","","","Root-Relative","//body/div[@id='nt_wrapper']/header/div/div/div/div/div/div[1]/div/div/a[2]","Header","HTML"
"Hyperlink","https://offlimits.co.in/collections/men-clothing","https://offlimits.co.in/search/?view=wish","0","","","0","Blocked by robots.txt","Crawlable","true","","","Root-Relative","//body/div[@id='nt_wrapper']/header/div/div/div/div/div/div[4]/div/a[2]","Header","HTML"
"Hyperlink","https://offlimits.co.in/collections/men-clothing","https://offlimits.co.in/search/?view=wish","0","","Add to WishlistBrowse WishlistRemove Wishlist","0","Blocked by robots.txt","Crawlable","false","","nofollow","Root-Relative","//body/a[@id='wis_ntjs']","Content","HTML"
"Hyperlink","https://offlimits.co.in/collections/white-sneaker","https://offlimits.co.in/search/?view=wish","0","","","0","Blocked by robots.txt","Crawlable","true","","","Root-Relative","//body/div[@id='nt_wrapper']/header/div/div/div/div/div/div[1]/div/div/a[2]","Header","HTML"
"Hyperlink","https://offlimits.co.in/collections/white-sneaker","https://offlimits.co.in/search/?view=wish","0","","","0","Blocked by robots.txt","Crawlable","true","","","Root-Relative","//body/div[@id='nt_wrapper']/header/div/div/div/div/div/div[4]/div/a[2]","Header","HTML"
"Hyperlink","https://offlimits.co.in/collections/white-sneaker","https://offlimits.co.in/search/?view=wish","0","","Add to WishlistBrowse WishlistRemove Wishlist","0","Blocked by robots.txt","Crawlable","false","","nofollow","Root-Relative","//body/a[@id='wis_ntjs']","Content","HTML"
"Hyperlink","https://offlimits.co.in/collections/women-track-suits","https://offlimits.co.in/search/?view=wish","0","","","0","Blocked by robots.txt","Crawlable","true","","","Root-Relative","//body/div[@id='nt_wrapper']/header/div/div/div/div/div/div[1]/div/div/a[2]","Header","HTML"
"Hyperlink","https://offlimits.co.in/collections/women-track-suits","https://offlimits.co.in/search/?view=wish","0","","","0","Blocked by robots.txt","Crawlable","true","","","Root-Relative","//body/div[@id='nt_wrapper']/header/div/div/div/div/div/div[4]/div/a[2]","Header","HTML"
"Hyperlink","https://offlimits.co.in/collections/women-track-suits","https://offlimits.co.in/search/?view=wish","0","","Add to WishlistBrowse WishlistRemove Wishlist","0","Blocked by robots.txt","Crawlable","false","","nofollow","Root-Relative","//body/a[@id='wis_ntjs']","Content","HTML"
"Hyperlink","https://offlimits.co.in/collections/women-walking","https://offlimits.co.in/search/?view=wish","0","","","0","Blocked by robots.txt","Crawlable","true","","","Root-Relative","//body/div[@id='nt_wrapper']/header/div/div/div/div/div/div[1]/div/div/a[2]","Header","HTML"
"Hyperlink","https://offlimits.co.in/collections/women-walking","https://offlimits.co.in/search/?view=wish","0","","","0","Blocked by robots.txt","Crawlable","true","","","Root-Relative","//body/div[@id='nt_wrapper']/header/div/div/div/div/div/div[4]/div/a[2]","Header","HTML"
"Hyperlink","https://offlimits.co.in/collections/women-walking","https://offlimits.co.in/search/?view=wish","0","","Add to WishlistBrowse WishlistRemove Wishlist","0","Blocked by robots.txt","Crawlable","false","","nofollow","Root-Relative","//body/a[@id='wis_ntjs']","Content","HTML"
"Hyperlink","https://offlimits.co.in/collections/new-arrivals","https://offlimits.co.in/search/?view=wish","0","","","0","Blocked by robots.txt","Crawlable","true","","","Root-Relative","//body/div[@id='nt_wrapper']/header/div/div/div/div/div/div[1]/div/div/a[2]","Header","HTML"
"Hyperlink","https://offlimits.co.in/collections/new-arrivals","https://offlimits.co.in/search/?view=wish","0","","","0","Blocked by robots.txt","Crawlable","true","","","Root-Relative","//body/div[@id='nt_wrapper']/header/div/div/div/div/div/div[4]/div/a[2]","Header","HTML"
"Hyperlink","https://offlimits.co.in/collections/new-arrivals","https://offlimits.co.in/search/?view=wish","0","","Add to WishlistBrowse WishlistRemove Wishlist","0","Blocked by robots.txt","Crawlable","false","","nofollow","Root-Relative","//body/a[@id='wis_ntjs']","Content","HTML"
"Hyperlink","https://offlimits.co.in/collections/s-w-a-t-men","https://offlimits.co.in/search/?view=wish","0","","","0","Blocked by robots.txt","Crawlable","true","","","Root-Relative","//body/div[@id='nt_wrapper']/header/div/div/div/div/div/div[1]/div/div/a[2]","Header","HTML"
"Hyperlink","https://offlimits.co.in/collections/s-w-a-t-men","https://offlimits.co.in/search/?view=wish","0","","","0","Blocked by robots.txt","Crawlable","true","","","Root-Relative","//body/div[@id='nt_wrapper']/header/div/div/div/div/div/div[4]/div/a[2]","Header","HTML"
"Hyperlink","https://offlimits.co.in/collections/s-w-a-t-men","https://offlimits.co.in/search/?view=wish","0","","Add to WishlistBrowse WishlistRemove Wishlist","0","Blocked by robots.txt","Crawlable","false","","nofollow","Root-Relative","//body/a[@id='wis_ntjs']","Content","HTML"
"Hyperlink","https://offlimits.co.in/collections/mens-bestsellers/products/sparta-pro-blue-orange-orm-795-03","https://offlimits.co.in/search/?view=wish","0","","","0","Blocked by robots.txt","Crawlable","true","","","Root-Relative","//body/div[@id='nt_wrapper']/header/div/div/div/div/div/div[1]/div/div/a[2]","Header","HTML"
"Hyperlink","https://offlimits.co.in/collections/mens-bestsellers/products/sparta-pro-blue-orange-orm-795-03","https://offlimits.co.in/search/?view=wish","0","","","0","Blocked by robots.txt","Crawlable","true","","","Root-Relative","//body/div[@id='nt_wrapper']/header/div/div/div/div/div/div[4]/div/a[2]","Header","HTML"
"Hyperlink","https://offlimits.co.in/collections/mens-bestsellers/products/sparta-pro-blue-orange-orm-795-03","https://offlimits.co.in/search/?view=wish","0","","Add to WishlistBrowse WishlistRemove Wishlist","0","Blocked by robots.txt","Crawlable","false","","nofollow","Root-Relative","//body/a[@id='wis_ntjs']","Content","HTML"
"Hyperlink","https://offlimits.co.in/collections/men-track-suits","https://offlimits.co.in/search/?view=wish","0","","","0","Blocked by robots.txt","Crawlable","true","","","Root-Relative","//body/div[@id='nt_wrapper']/header/div/div/div/div/div/div[1]/div/div/a[2]","Header","HTML"
"Hyperlink","https://offlimits.co.in/collections/men-track-suits","https://offlimits.co.in/search/?view=wish","0","","","0","Blocked by robots.txt","Crawlable","true","","","Root-Relative","//body/div[@id='nt_wrapper']/header/div/div/div/div/div/div[4]/div/a[2]","Header","HTML"
"Hyperlink","https://offlimits.co.in/collections/men-track-suits","https://offlimits.co.in/search/?view=wish","0","","Add to WishlistBrowse WishlistRemove Wishlist","0","Blocked by robots.txt","Crawlable","false","","nofollow","Root-Relative","//body/a[@id='wis_ntjs']","Content","HTML"
"Hyperlink","https://offlimits.co.in/collections/basketball-boots","https://offlimits.co.in/search/?view=wish","0","","","0","Blocked by robots.txt","Crawlable","true","","","Root-Relative","//body/div[@id='nt_wrapper']/header/div/div/div/div/div/div[1]/div/div/a[2]","Header","HTML"
"Hyperlink","https://offlimits.co.in/collections/basketball-boots","https://offlimits.co.in/search/?view=wish","0","","","0","Blocked by robots.txt","Crawlable","true","","","Root-Relative","//body/div[@id='nt_wrapper']/header/div/div/div/div/div/div[4]/div/a[2]","Header","HTML"
"Hyperlink","https://offlimits.co.in/collections/basketball-boots","https://offlimits.co.in/search/?view=wish","0","","Add to WishlistBrowse WishlistRemove Wishlist","0","Blocked by robots.txt","Crawlable","false","","nofollow","Root-Relative","//body/a[@id='wis_ntjs']","Content","HTML"
"Hyperlink","https://offlimits.co.in/collections/men-shorts","https://offlimits.co.in/search/?view=wish","0","","","0","Blocked by robots.txt","Crawlable","true","","","Root-Relative","//body/div[@id='nt_wrapper']/header/div/div/div/div/div/div[1]/div/div/a[2]","Header","HTML"
"Hyperlink","https://offlimits.co.in/collections/men-shorts","https://offlimits.co.in/search/?view=wish","0","","","0","Blocked by robots.txt","Crawlable","true","","","Root-Relative","//body/div[@id='nt_wrapper']/header/div/div/div/div/div/div[4]/div/a[2]","Header","HTML"
"Hyperlink","https://offlimits.co.in/collections/men-shorts","https://offlimits.co.in/search/?view=wish","0","","Add to WishlistBrowse WishlistRemove Wishlist","0","Blocked by robots.txt","Crawlable","false","","nofollow","Root-Relative","//body/a[@id='wis_ntjs']","Content","HTML"
"Hyperlink","https://offlimits.co.in/collections/men-sweatshirts","https://offlimits.co.in/search/?view=wish","0","","","0","Blocked by robots.txt","Crawlable","true","","","Root-Relative","//body/div[@id='nt_wrapper']/header/div/div/div/div/div/div[1]/div/div/a[2]","Header","HTML"
"Hyperlink","https://offlimits.co.in/collections/men-sweatshirts","https://offlimits.co.in/search/?view=wish","0","","","0","Blocked by robots.txt","Crawlable","true","","","Root-Relative","//body/div[@id='nt_wrapper']/header/div/div/div/div/div/div[4]/div/a[2]","Header","HTML"
"Hyperlink","https://offlimits.co.in/collections/men-sweatshirts","https://offlimits.co.in/search/?view=wish","0","","Add to WishlistBrowse WishlistRemove Wishlist","0","Blocked by robots.txt","Crawlable","false","","nofollow","Root-Relative","//body/a[@id='wis_ntjs']","Content","HTML"
"Hyperlink","https://offlimits.co.in/pages/store-gallery","https://offlimits.co.in/search/?view=wish","0","","","0","Blocked by robots.txt","Crawlable","true","","","Root-Relative","//body/div[@id='nt_wrapper']/header/div/div/div/div/div/div[1]/div/div/a[2]","Header","HTML"
"Hyperlink","https://offlimits.co.in/pages/store-gallery","https://offlimits.co.in/search/?view=wish","0","","","0","Blocked by robots.txt","Crawlable","true","","","Root-Relative","//body/div[@id='nt_wrapper']/header/div/div/div/div/div/div[4]/div/a[2]","Header","HTML"
"Hyperlink","https://offlimits.co.in/pages/store-gallery","https://offlimits.co.in/search/?view=wish","0","","Add to WishlistBrowse WishlistRemove Wishlist","0","Blocked by robots.txt","Crawlable","false","","nofollow","Root-Relative","//body/a[@id='wis_ntjs']","Content","HTML"
"Hyperlink","https://offlimits.co.in/pages/sitemap","https://offlimits.co.in/search/?view=wish","0","","","0","Blocked by robots.txt","Crawlable","true","","","Root-Relative","//body/div[@id='nt_wrapper']/header/div/div/div/div/div/div[1]/div/div/a[2]","Header","HTML"
"Hyperlink","https://offlimits.co.in/pages/sitemap","https://offlimits.co.in/search/?view=wish","0","","","0","Blocked by robots.txt","Crawlable","true","","","Root-Relative","//body/div[@id='nt_wrapper']/header/div/div/div/div/div/div[4]/div/a[2]","Header","HTML"
"Hyperlink","https://offlimits.co.in/pages/sitemap","https://offlimits.co.in/search/?view=wish","0","","Add to WishlistBrowse WishlistRemove Wishlist","0","Blocked by robots.txt","Crawlable","false","","nofollow","Root-Relative","//body/a[@id='wis_ntjs']","Content","HTML"
"Hyperlink","https://offlimits.co.in/collections/casual-shoes-men","https://offlimits.co.in/search/?view=wish","0","","","0","Blocked by robots.txt","Crawlable","true","","","Root-Relative","//body/div[@id='nt_wrapper']/header/div/div/div/div/div/div[1]/div/div/a[2]","Header","HTML"
"Hyperlink","https://offlimits.co.in/collections/casual-shoes-men","https://offlimits.co.in/search/?view=wish","0","","","0","Blocked by robots.txt","Crawlable","true","","","Root-Relative","//body/div[@id='nt_wrapper']/header/div/div/div/div/div/div[4]/div/a[2]","Header","HTML"
"Hyperlink","https://offlimits.co.in/collections/casual-shoes-men","https://offlimits.co.in/search/?view=wish","0","","Add to WishlistBrowse WishlistRemove Wishlist","0","Blocked by robots.txt","Crawlable","false","","nofollow","Root-Relative","//body/a[@id='wis_ntjs']","Content","HTML"
"Hyperlink","https://offlimits.co.in/collections/high-top-shoes-for-men","https://offlimits.co.in/search/?view=wish","0","","","0","Blocked by robots.txt","Crawlable","true","","","Root-Relative","//body/div[@id='nt_wrapper']/header/div/div/div/div/div/div[1]/div/div/a[2]","Header","HTML"
"Hyperlink","https://offlimits.co.in/collections/high-top-shoes-for-men","https://offlimits.co.in/search/?view=wish","0","","","0","Blocked by robots.txt","Crawlable","true","","","Root-Relative","//body/div[@id='nt_wrapper']/header/div/div/div/div/div/div[4]/div/a[2]","Header","HTML"
"Hyperlink","https://offlimits.co.in/collections/high-top-shoes-for-men","https://offlimits.co.in/search/?view=wish","0","","Add to WishlistBrowse WishlistRemove Wishlist","0","Blocked by robots.txt","Crawlable","false","","nofollow","Root-Relative","//body/a[@id='wis_ntjs']","Content","HTML"
"Hyperlink","https://offlimits.co.in/collections/new-arrivals-2026/products/splash-mode-for-her-white-ocw-926-02","https://offlimits.co.in/search/?view=wish","0","","","0","Blocked by robots.txt","Crawlable","true","","","Root-Relative","//body/div[@id='nt_wrapper']/header/div/div/div/div/div/div[1]/div/div/a[2]","Header","HTML"
"Hyperlink","https://offlimits.co.in/collections/new-arrivals-2026/products/splash-mode-for-her-white-ocw-926-02","https://offlimits.co.in/search/?view=wish","0","","","0","Blocked by robots.txt","Crawlable","true","","","Root-Relative","//body/div[@id='nt_wrapper']/header/div/div/div/div/div/div[4]/div/a[2]","Header","HTML"
"Hyperlink","https://offlimits.co.in/collections/new-arrivals-2026/products/splash-mode-for-her-white-ocw-926-02","https://offlimits.co.in/search/?view=wish","0","","Add to WishlistBrowse WishlistRemove Wishlist","0","Blocked by robots.txt","Crawlable","false","","nofollow","Root-Relative","//body/a[@id='wis_ntjs']","Content","HTML"
"Hyperlink","https://offlimits.co.in/collections/women-clothing","https://offlimits.co.in/search/?view=wish","0","","","0","Blocked by robots.txt","Crawlable","true","","","Root-Relative","//body/div[@id='nt_wrapper']/header/div/div/div/div/div/div[1]/div/div/a[2]","Header","HTML"
"Hyperlink","https://offlimits.co.in/collections/women-clothing","https://offlimits.co.in/search/?view=wish","0","","","0","Blocked by robots.txt","Crawlable","true","","","Root-Relative","//body/div[@id='nt_wrapper']/header/div/div/div/div/div/div[4]/div/a[2]","Header","HTML"
"Hyperlink","https://offlimits.co.in/collections/women-clothing","https://offlimits.co.in/search/?view=wish","0","","Add to WishlistBrowse WishlistRemove Wishlist","0","Blocked by robots.txt","Crawlable","false","","nofollow","Root-Relative","//body/a[@id='wis_ntjs']","Content","HTML"
"Hyperlink","https://offlimits.co.in/pages/privacy-policy","https://offlimits.co.in/search/?view=wish","0","","","0","Blocked by robots.txt","Crawlable","true","","","Root-Relative","//body/div[@id='nt_wrapper']/header/div/div/div/div/div/div[1]/div/div/a[2]","Header","HTML"
"Hyperlink","https://offlimits.co.in/pages/privacy-policy","https://offlimits.co.in/search/?view=wish","0","","","0","Blocked by robots.txt","Crawlable","true","","","Root-Relative","//body/div[@id='nt_wrapper']/header/div/div/div/div/div/div[4]/div/a[2]","Header","HTML"
"Hyperlink","https://offlimits.co.in/pages/privacy-policy","https://offlimits.co.in/search/?view=wish","0","","Add to WishlistBrowse WishlistRemove Wishlist","0","Blocked by robots.txt","Crawlable","false","","nofollow","Root-Relative","//body/a[@id='wis_ntjs']","Content","HTML"
"Hyperlink","https://offlimits.co.in/collections/women","https://offlimits.co.in/search/?view=wish","0","","","0","Blocked by robots.txt","Crawlable","true","","","Root-Relative","//body/div[@id='nt_wrapper']/header/div/div/div/div/div/div[1]/div/div/a[2]","Header","HTML"
"Hyperlink","https://offlimits.co.in/collections/women","https://offlimits.co.in/search/?view=wish","0","","","0","Blocked by robots.txt","Crawlable","true","","","Root-Relative","//body/div[@id='nt_wrapper']/header/div/div/div/div/div/div[4]/div/a[2]","Header","HTML"
"Hyperlink","https://offlimits.co.in/collections/women","https://offlimits.co.in/search/?view=wish","0","","Add to WishlistBrowse WishlistRemove Wishlist","0","Blocked by robots.txt","Crawlable","false","","nofollow","Root-Relative","//body/a[@id='wis_ntjs']","Content","HTML"
"Hyperlink","https://offlimits.co.in/collections/men-running-shoes","https://offlimits.co.in/search/?view=wish","0","","","0","Blocked by robots.txt","Crawlable","true","","","Root-Relative","//body/div[@id='nt_wrapper']/header/div/div/div/div/div/div[1]/div/div/a[2]","Header","HTML"
"Hyperlink","https://offlimits.co.in/collections/men-running-shoes","https://offlimits.co.in/search/?view=wish","0","","","0","Blocked by robots.txt","Crawlable","true","","","Root-Relative","//body/div[@id='nt_wrapper']/header/div/div/div/div/div/div[4]/div/a[2]","Header","HTML"
"Hyperlink","https://offlimits.co.in/collections/men-running-shoes","https://offlimits.co.in/search/?view=wish","0","","Add to WishlistBrowse WishlistRemove Wishlist","0","Blocked by robots.txt","Crawlable","false","","nofollow","Root-Relative","//body/a[@id='wis_ntjs']","Content","HTML"
"Hyperlink","https://offlimits.co.in/collections/new-arrivals-2026/products/coast-big-tall-off-white-yellow-purple-ocm-878-02","https://offlimits.co.in/search/?view=wish","0","","","0","Blocked by robots.txt","Crawlable","true","","","Root-Relative","//body/div[@id='nt_wrapper']/header/div/div/div/div/div/div[1]/div/div/a[2]","Header","HTML"
"Hyperlink","https://offlimits.co.in/collections/new-arrivals-2026/products/coast-big-tall-off-white-yellow-purple-ocm-878-02","https://offlimits.co.in/search/?view=wish","0","","","0","Blocked by robots.txt","Crawlable","true","","","Root-Relative","//body/div[@id='nt_wrapper']/header/div/div/div/div/div/div[4]/div/a[2]","Header","HTML"
"Hyperlink","https://offlimits.co.in/collections/new-arrivals-2026/products/coast-big-tall-off-white-yellow-purple-ocm-878-02","https://offlimits.co.in/search/?view=wish","0","","Add to WishlistBrowse WishlistRemove Wishlist","0","Blocked by robots.txt","Crawlable","false","","nofollow","Root-Relative","//body/a[@id='wis_ntjs']","Content","HTML"
"Hyperlink","https://offlimits.co.in/collections/women-bestsellers","https://offlimits.co.in/search/?view=wish","0","","","0","Blocked by robots.txt","Crawlable","true","","","Root-Relative","//body/div[@id='nt_wrapper']/header/div/div/div/div/div/div[1]/div/div/a[2]","Header","HTML"
"Hyperlink","https://offlimits.co.in/collections/women-bestsellers","https://offlimits.co.in/search/?view=wish","0","","","0","Blocked by robots.txt","Crawlable","true","","","Root-Relative","//body/div[@id='nt_wrapper']/header/div/div/div/div/div/div[4]/div/a[2]","Header","HTML"
"Hyperlink","https://offlimits.co.in/collections/women-bestsellers","https://offlimits.co.in/search/?view=wish","0","","Add to WishlistBrowse WishlistRemove Wishlist","0","Blocked by robots.txt","Crawlable","false","","nofollow","Root-Relative","//body/a[@id='wis_ntjs']","Content","HTML"
"Hyperlink","https://offlimits.co.in/collections/new-arrivals-2026/products/roger-select-black-silver-ocm-915-08","https://offlimits.co.in/search/?view=wish","0","","","0","Blocked by robots.txt","Crawlable","true","","","Root-Relative","//body/div[@id='nt_wrapper']/header/div/div/div/div/div/div[1]/div/div/a[2]","Header","HTML"
"Hyperlink","https://offlimits.co.in/collections/new-arrivals-2026/products/roger-select-black-silver-ocm-915-08","https://offlimits.co.in/search/?view=wish","0","","","0","Blocked by robots.txt","Crawlable","true","","","Root-Relative","//body/div[@id='nt_wrapper']/header/div/div/div/div/div/div[4]/div/a[2]","Header","HTML"
"Hyperlink","https://offlimits.co.in/collections/new-arrivals-2026/products/roger-select-black-silver-ocm-915-08","https://offlimits.co.in/search/?view=wish","0","","Add to WishlistBrowse WishlistRemove Wishlist","0","Blocked by robots.txt","Crawlable","false","","nofollow","Root-Relative","//body/a[@id='wis_ntjs']","Content","HTML"
"Hyperlink","https://offlimits.co.in/collections/mens-bestsellers/products/baseline-23-milwaukee-bucks-beige-green-ocm-828-06","https://offlimits.co.in/search/?view=wish","0","","","0","Blocked by robots.txt","Crawlable","true","","","Root-Relative","//body/div[@id='nt_wrapper']/header/div/div/div/div/div/div[1]/div/div/a[2]","Header","HTML"
"Hyperlink","https://offlimits.co.in/collections/mens-bestsellers/products/baseline-23-milwaukee-bucks-beige-green-ocm-828-06","https://offlimits.co.in/search/?view=wish","0","","","0","Blocked by robots.txt","Crawlable","true","","","Root-Relative","//body/div[@id='nt_wrapper']/header/div/div/div/div/div/div[4]/div/a[2]","Header","HTML"
"Hyperlink","https://offlimits.co.in/collections/mens-bestsellers/products/baseline-23-milwaukee-bucks-beige-green-ocm-828-06","https://offlimits.co.in/search/?view=wish","0","","Add to WishlistBrowse WishlistRemove Wishlist","0","Blocked by robots.txt","Crawlable","false","","nofollow","Root-Relative","//body/a[@id='wis_ntjs']","Content","HTML"
"Hyperlink","https://offlimits.co.in/collections/men-gym-training","https://offlimits.co.in/search/?view=wish","0","","","0","Blocked by robots.txt","Crawlable","true","","","Root-Relative","//body/div[@id='nt_wrapper']/header/div/div/div/div/div/div[1]/div/div/a[2]","Header","HTML"
"Hyperlink","https://offlimits.co.in/collections/men-gym-training","https://offlimits.co.in/search/?view=wish","0","","","0","Blocked by robots.txt","Crawlable","true","","","Root-Relative","//body/div[@id='nt_wrapper']/header/div/div/div/div/div/div[4]/div/a[2]","Header","HTML"
"Hyperlink","https://offlimits.co.in/collections/men-gym-training","https://offlimits.co.in/search/?view=wish","0","","Add to WishlistBrowse WishlistRemove Wishlist","0","Blocked by robots.txt","Crawlable","false","","nofollow","Root-Relative","//body/a[@id='wis_ntjs']","Content","HTML"
"Hyperlink","https://offlimits.co.in/collections/women-running-gym","https://offlimits.co.in/search/?view=wish","0","","","0","Blocked by robots.txt","Crawlable","true","","","Root-Relative","//body/div[@id='nt_wrapper']/header/div/div/div/div/div/div[1]/div/div/a[2]","Header","HTML"
"Hyperlink","https://offlimits.co.in/collections/women-running-gym","https://offlimits.co.in/search/?view=wish","0","","","0","Blocked by robots.txt","Crawlable","true","","","Root-Relative","//body/div[@id='nt_wrapper']/header/div/div/div/div/div/div[4]/div/a[2]","Header","HTML"
"Hyperlink","https://offlimits.co.in/collections/women-running-gym","https://offlimits.co.in/search/?view=wish","0","","Add to WishlistBrowse WishlistRemove Wishlist","0","Blocked by robots.txt","Crawlable","false","","nofollow","Root-Relative","//body/a[@id='wis_ntjs']","Content","HTML"
"Hyperlink","https://offlimits.co.in/collections/mens-bestsellers/products/unbound-teal-orm-855-06","https://offlimits.co.in/search/?view=wish","0","","","0","Blocked by robots.txt","Crawlable","true","","","Root-Relative","//body/div[@id='nt_wrapper']/header/div/div/div/div/div/div[1]/div/div/a[2]","Header","HTML"
"Hyperlink","https://offlimits.co.in/collections/mens-bestsellers/products/unbound-teal-orm-855-06","https://offlimits.co.in/search/?view=wish","0","","","0","Blocked by robots.txt","Crawlable","true","","","Root-Relative","//body/div[@id='nt_wrapper']/header/div/div/div/div/div/div[4]/div/a[2]","Header","HTML"
"Hyperlink","https://offlimits.co.in/collections/mens-bestsellers/products/unbound-teal-orm-855-06","https://offlimits.co.in/search/?view=wish","0","","Add to WishlistBrowse WishlistRemove Wishlist","0","Blocked by robots.txt","Crawlable","false","","nofollow","Root-Relative","//body/a[@id='wis_ntjs']","Content","HTML"
"Hyperlink","https://offlimits.co.in/pages/return-exchange","https://offlimits.co.in/search/?view=wish","0","","","0","Blocked by robots.txt","Crawlable","true","","","Root-Relative","//body/div[@id='nt_wrapper']/header/div/div/div/div/div/div[1]/div/div/a[2]","Header","HTML"
"Hyperlink","https://offlimits.co.in/pages/return-exchange","https://offlimits.co.in/search/?view=wish","0","","","0","Blocked by robots.txt","Crawlable","true","","","Root-Relative","//body/div[@id='nt_wrapper']/header/div/div/div/div/div/div[4]/div/a[2]","Header","HTML"
"Hyperlink","https://offlimits.co.in/pages/return-exchange","https://offlimits.co.in/search/?view=wish","0","","Add to WishlistBrowse WishlistRemove Wishlist","0","Blocked by robots.txt","Crawlable","false","","nofollow","Root-Relative","//body/a[@id='wis_ntjs']","Content","HTML"
"Hyperlink","https://offlimits.co.in/collections/white-shoes-for-men","https://offlimits.co.in/search/?view=wish","0","","","0","Blocked by robots.txt","Crawlable","true","","","Root-Relative","//body/div[@id='nt_wrapper']/header/div/div/div/div/div/div[1]/div/div/a[2]","Header","HTML"
"Hyperlink","https://offlimits.co.in/collections/white-shoes-for-men","https://offlimits.co.in/search/?view=wish","0","","","0","Blocked by robots.txt","Crawlable","true","","","Root-Relative","//body/div[@id='nt_wrapper']/header/div/div/div/div/div/div[4]/div/a[2]","Header","HTML"
"Hyperlink","https://offlimits.co.in/collections/white-shoes-for-men","https://offlimits.co.in/search/?view=wish","0","","Add to WishlistBrowse WishlistRemove Wishlist","0","Blocked by robots.txt","Crawlable","false","","nofollow","Root-Relative","//body/a[@id='wis_ntjs']","Content","HTML"
"Hyperlink","https://offlimits.co.in/","https://offlimits.co.in/cart","0","","0","0","Blocked by robots.txt","Crawlable","true","","","Root-Relative","//body/div[@id='nt_wrapper']/header/div/div/div/div/div/div[1]/div/div/div[2]/a","Header","HTML"
"Hyperlink","https://offlimits.co.in/","https://offlimits.co.in/cart","0","","0","0","Blocked by robots.txt","Crawlable","true","","","Root-Relative","//body/div[@id='nt_wrapper']/header/div/div/div/div/div/div[4]/div/div[2]/a","Header","HTML"
"Hyperlink","https://offlimits.co.in/","https://offlimits.co.in/cart","0","","View cart","0","Blocked by robots.txt","Crawlable","true","","","Root-Relative","//body/div[@id='shopify-section-cart_widget']/div/form/div[@class='mini_cart_wrap']/div[2]/a","Content","HTML"
"Hyperlink","https://offlimits.co.in/collections/mens-bestsellers/products/gladiator-off-white-orm-661-02","https://offlimits.co.in/cart","0","","0","0","Blocked by robots.txt","Crawlable","true","","","Root-Relative","//body/div[@id='nt_wrapper']/header/div/div/div/div/div/div[1]/div/div/div[2]/a","Header","HTML"
"Hyperlink","https://offlimits.co.in/collections/mens-bestsellers/products/gladiator-off-white-orm-661-02","https://offlimits.co.in/cart","0","","0","0","Blocked by robots.txt","Crawlable","true","","","Root-Relative","//body/div[@id='nt_wrapper']/header/div/div/div/div/div/div[4]/div/div[2]/a","Header","HTML"
"Hyperlink","https://offlimits.co.in/collections/mens-bestsellers/products/gladiator-off-white-orm-661-02","https://offlimits.co.in/cart","0","","View cart","0","Blocked by robots.txt","Crawlable","true","","","Root-Relative","//body/div[@id='shopify-section-cart_widget']/div/form/div[@class='mini_cart_wrap']/div[2]/a","Content","HTML"
"Hyperlink","https://offlimits.co.in/collections/men-clothing","https://offlimits.co.in/cart","0","","0","0","Blocked by robots.txt","Crawlable","true","","","Root-Relative","//body/div[@id='nt_wrapper']/header/div/div/div/div/div/div[1]/div/div/div[2]/a","Header","HTML"
"Hyperlink","https://offlimits.co.in/collections/men-clothing","https://offlimits.co.in/cart","0","","0","0","Blocked by robots.txt","Crawlable","true","","","Root-Relative","//body/div[@id='nt_wrapper']/header/div/div/div/div/div/div[4]/div/div[2]/a","Header","HTML"
"Hyperlink","https://offlimits.co.in/collections/men-clothing","https://offlimits.co.in/cart","0","","View cart","0","Blocked by robots.txt","Crawlable","true","","","Root-Relative","//body/div[@id='shopify-section-cart_widget']/div/form/div[@class='mini_cart_wrap']/div[2]/a","Content","HTML"
"Hyperlink","https://offlimits.co.in/collections/white-sneaker","https://offlimits.co.in/cart","0","","0","0","Blocked by robots.txt","Crawlable","true","","","Root-Relative","//body/div[@id='nt_wrapper']/header/div/div/div/div/div/div[1]/div/div/div[2]/a","Header","HTML"
"Hyperlink","https://offlimits.co.in/collections/white-sneaker","https://offlimits.co.in/cart","0","","0","0","Blocked by robots.txt","Crawlable","true","","","Root-Relative","//body/div[@id='nt_wrapper']/header/div/div/div/div/div/div[4]/div/div[2]/a","Header","HTML"
"Hyperlink","https://offlimits.co.in/collections/white-sneaker","https://offlimits.co.in/cart","0","","View cart","0","Blocked by robots.txt","Crawlable","true","","","Root-Relative","//body/div[@id='shopify-section-cart_widget']/div/form/div[@class='mini_cart_wrap']/div[2]/a","Content","HTML"
"Hyperlink","https://offlimits.co.in/collections/women-track-suits","https://offlimits.co.in/cart","0","","0","0","Blocked by robots.txt","Crawlable","true","","","Root-Relative","//body/div[@id='nt_wrapper']/header/div/div/div/div/div/div[1]/div/div/div[2]/a","Header","HTML"
"Hyperlink","https://offlimits.co.in/collections/women-track-suits","https://offlimits.co.in/cart","0","","0","0","Blocked by robots.txt","Crawlable","true","","","Root-Relative","//body/div[@id='nt_wrapper']/header/div/div/div/div/div/div[4]/div/div[2]/a","Header","HTML"
"Hyperlink","https://offlimits.co.in/collections/women-track-suits","https://offlimits.co.in/cart","0","","View cart","0","Blocked by robots.txt","Crawlable","true","","","Root-Relative","//body/div[@id='shopify-section-cart_widget']/div/form/div[@class='mini_cart_wrap']/div[2]/a","Content","HTML"
"Hyperlink","https://offlimits.co.in/collections/women-walking","https://offlimits.co.in/cart","0","","0","0","Blocked by robots.txt","Crawlable","true","","","Root-Relative","//body/div[@id='nt_wrapper']/header/div/div/div/div/div/div[1]/div/div/div[2]/a","Header","HTML"
"Hyperlink","https://offlimits.co.in/collections/women-walking","https://offlimits.co.in/cart","0","","0","0","Blocked by robots.txt","Crawlable","true","","","Root-Relative","//body/div[@id='nt_wrapper']/header/div/div/div/div/div/div[4]/div/div[2]/a","Header","HTML"
"Hyperlink","https://offlimits.co.in/collections/women-walking","https://offlimits.co.in/cart","0","","View cart","0","Blocked by robots.txt","Crawlable","true","","","Root-Relative","//body/div[@id='shopify-section-cart_widget']/div/form/div[@class='mini_cart_wrap']/div[2]/a","Content","HTML"
"Hyperlink","https://offlimits.co.in/collections/new-arrivals","https://offlimits.co.in/cart","0","","0","0","Blocked by robots.txt","Crawlable","true","","","Root-Relative","//body/div[@id='nt_wrapper']/header/div/div/div/div/div/div[1]/div/div/div[2]/a","Header","HTML"
"Hyperlink","https://offlimits.co.in/collections/new-arrivals","https://offlimits.co.in/cart","0","","0","0","Blocked by robots.txt","Crawlable","true","","","Root-Relative","//body/div[@id='nt_wrapper']/header/div/div/div/div/div/div[4]/div/div[2]/a","Header","HTML"
"Hyperlink","https://offlimits.co.in/collections/new-arrivals","https://offlimits.co.in/cart","0","","View cart","0","Blocked by robots.txt","Crawlable","true","","","Root-Relative","//body/div[@id='shopify-section-cart_widget']/div/form/div[@class='mini_cart_wrap']/div[2]/a","Content","HTML"
"Hyperlink","https://offlimits.co.in/collections/s-w-a-t-men","https://offlimits.co.in/cart","0","","0","0","Blocked by robots.txt","Crawlable","true","","","Root-Relative","//body/div[@id='nt_wrapper']/header/div/div/div/div/div/div[1]/div/div/div[2]/a","Header","HTML"
"Hyperlink","https://offlimits.co.in/collections/s-w-a-t-men","https://offlimits.co.in/cart","0","","0","0","Blocked by robots.txt","Crawlable","true","","","Root-Relative","//body/div[@id='nt_wrapper']/header/div/div/div/div/div/div[4]/div/div[2]/a","Header","HTML"
"Hyperlink","https://offlimits.co.in/collections/s-w-a-t-men","https://offlimits.co.in/cart","0","","View cart","0","Blocked by robots.txt","Crawlable","true","","","Root-Relative","//body/div[@id='shopify-section-cart_widget']/div/form/div[@class='mini_cart_wrap']/div[2]/a","Content","HTML"
"Hyperlink","https://offlimits.co.in/collections/mens-bestsellers/products/sparta-pro-blue-orange-orm-795-03","https://offlimits.co.in/cart","0","","0","0","Blocked by robots.txt","Crawlable","true","","","Root-Relative","//body/div[@id='nt_wrapper']/header/div/div/div/div/div/div[1]/div/div/div[2]/a","Header","HTML"
"Hyperlink","https://offlimits.co.in/collections/mens-bestsellers/products/sparta-pro-blue-orange-orm-795-03","https://offlimits.co.in/cart","0","","0","0","Blocked by robots.txt","Crawlable","true","","","Root-Relative","//body/div[@id='nt_wrapper']/header/div/div/div/div/div/div[4]/div/div[2]/a","Header","HTML"
"Hyperlink","https://offlimits.co.in/collections/mens-bestsellers/products/sparta-pro-blue-orange-orm-795-03","https://offlimits.co.in/cart","0","","View cart","0","Blocked by robots.txt","Crawlable","true","","","Root-Relative","//body/div[@id='shopify-section-cart_widget']/div/form/div[@class='mini_cart_wrap']/div[2]/a","Content","HTML"
"Hyperlink","https://offlimits.co.in/collections/men-track-suits","https://offlimits.co.in/cart","0","","0","0","Blocked by robots.txt","Crawlable","true","","","Root-Relative","//body/div[@id='nt_wrapper']/header/div/div/div/div/div/div[1]/div/div/div[2]/a","Header","HTML"
"Hyperlink","https://offlimits.co.in/collections/men-track-suits","https://offlimits.co.in/cart","0","","0","0","Blocked by robots.txt","Crawlable","true","","","Root-Relative","//body/div[@id='nt_wrapper']/header/div/div/div/div/div/div[4]/div/div[2]/a","Header","HTML"
"Hyperlink","https://offlimits.co.in/collections/men-track-suits","https://offlimits.co.in/cart","0","","View cart","0","Blocked by robots.txt","Crawlable","true","","","Root-Relative","//body/div[@id='shopify-section-cart_widget']/div/form/div[@class='mini_cart_wrap']/div[2]/a","Content","HTML"
"Hyperlink","https://offlimits.co.in/collections/basketball-boots","https://offlimits.co.in/cart","0","","0","0","Blocked by robots.txt","Crawlable","true","","","Root-Relative","//body/div[@id='nt_wrapper']/header/div/div/div/div/div/div[1]/div/div/div[2]/a","Header","HTML"
"Hyperlink","https://offlimits.co.in/collections/basketball-boots","https://offlimits.co.in/cart","0","","0","0","Blocked by robots.txt","Crawlable","true","","","Root-Relative","//body/div[@id='nt_wrapper']/header/div/div/div/div/div/div[4]/div/div[2]/a","Header","HTML"
"Hyperlink","https://offlimits.co.in/collections/basketball-boots","https://offlimits.co.in/cart","0","","View cart","0","Blocked by robots.txt","Crawlable","true","","","Root-Relative","//body/div[@id='shopify-section-cart_widget']/div/form/div[@class='mini_cart_wrap']/div[2]/a","Content","HTML"
"Hyperlink","https://offlimits.co.in/collections/men-shorts","https://offlimits.co.in/cart","0","","0","0","Blocked by robots.txt","Crawlable","true","","","Root-Relative","//body/div[@id='nt_wrapper']/header/div/div/div/div/div/div[1]/div/div/div[2]/a","Header","HTML"
"Hyperlink","https://offlimits.co.in/collections/men-shorts","https://offlimits.co.in/cart","0","","0","0","Blocked by robots.txt","Crawlable","true","","","Root-Relative","//body/div[@id='nt_wrapper']/header/div/div/div/div/div/div[4]/div/div[2]/a","Header","HTML"
"Hyperlink","https://offlimits.co.in/collections/men-shorts","https://offlimits.co.in/cart","0","","View cart","0","Blocked by robots.txt","Crawlable","true","","","Root-Relative","//body/div[@id='shopify-section-cart_widget']/div/form/div[@class='mini_cart_wrap']/div[2]/a","Content","HTML"
"Hyperlink","https://offlimits.co.in/collections/men-sweatshirts","https://offlimits.co.in/cart","0","","0","0","Blocked by robots.txt","Crawlable","true","","","Root-Relative","//body/div[@id='nt_wrapper']/header/div/div/div/div/div/div[1]/div/div/div[2]/a","Header","HTML"
"Hyperlink","https://offlimits.co.in/collections/men-sweatshirts","https://offlimits.co.in/cart","0","","0","0","Blocked by robots.txt","Crawlable","true","","","Root-Relative","//body/div[@id='nt_wrapper']/header/div/div/div/div/div/div[4]/div/div[2]/a","Header","HTML"
"Hyperlink","https://offlimits.co.in/collections/men-sweatshirts","https://offlimits.co.in/cart","0","","View cart","0","Blocked by robots.txt","Crawlable","true","","","Root-Relative","//body/div[@id='shopify-section-cart_widget']/div/form/div[@class='mini_cart_wrap']/div[2]/a","Content","HTML"
"Hyperlink","https://offlimits.co.in/pages/store-gallery","https://offlimits.co.in/cart","0","","0","0","Blocked by robots.txt","Crawlable","true","","","Root-Relative","//body/div[@id='nt_wrapper']/header/div/div/div/div/div/div[1]/div/div/div[2]/a","Header","HTML"
"Hyperlink","https://offlimits.co.in/pages/store-gallery","https://offlimits.co.in/cart","0","","0","0","Blocked by robots.txt","Crawlable","true","","","Root-Relative","//body/div[@id='nt_wrapper']/header/div/div/div/div/div/div[4]/div/div[2]/a","Header","HTML"
"Hyperlink","https://offlimits.co.in/pages/store-gallery","https://offlimits.co.in/cart","0","","View cart","0","Blocked by robots.txt","Crawlable","true","","","Root-Relative","//body/div[@id='shopify-section-cart_widget']/div/form/div[@class='mini_cart_wrap']/div[2]/a","Content","HTML"
"Hyperlink","https://offlimits.co.in/pages/sitemap","https://offlimits.co.in/cart","0","","0","0","Blocked by robots.txt","Crawlable","true","","","Root-Relative","//body/div[@id='nt_wrapper']/header/div/div/div/div/div/div[1]/div/div/div[2]/a","Header","HTML"
"Hyperlink","https://offlimits.co.in/pages/sitemap","https://offlimits.co.in/cart","0","","0","0","Blocked by robots.txt","Crawlable","true","","","Root-Relative","//body/div[@id='nt_wrapper']/header/div/div/div/div/div/div[4]/div/div[2]/a","Header","HTML"
"Hyperlink","https://offlimits.co.in/pages/sitemap","https://offlimits.co.in/cart","0","","View cart","0","Blocked by robots.txt","Crawlable","true","","","Root-Relative","//body/div[@id='shopify-section-cart_widget']/div/form/div[@class='mini_cart_wrap']/div[2]/a","Content","HTML"
"Hyperlink","https://offlimits.co.in/collections/casual-shoes-men","https://offlimits.co.in/cart","0","","0","0","Blocked by robots.txt","Crawlable","true","","","Root-Relative","//body/div[@id='nt_wrapper']/header/div/div/div/div/div/div[1]/div/div/div[2]/a","Header","HTML"
"Hyperlink","https://offlimits.co.in/collections/casual-shoes-men","https://offlimits.co.in/cart","0","","0","0","Blocked by robots.txt","Crawlable","true","","","Root-Relative","//body/div[@id='nt_wrapper']/header/div/div/div/div/div/div[4]/div/div[2]/a","Header","HTML"
"Hyperlink","https://offlimits.co.in/collections/casual-shoes-men","https://offlimits.co.in/cart","0","","View cart","0","Blocked by robots.txt","Crawlable","true","","","Root-Relative","//body/div[@id='shopify-section-cart_widget']/div/form/div[@class='mini_cart_wrap']/div[2]/a","Content","HTML"
"Hyperlink","https://offlimits.co.in/collections/high-top-shoes-for-men","https://offlimits.co.in/cart","0","","0","0","Blocked by robots.txt","Crawlable","true","","","Root-Relative","//body/div[@id='nt_wrapper']/header/div/div/div/div/div/div[1]/div/div/div[2]/a","Header","HTML"
"Hyperlink","https://offlimits.co.in/collections/high-top-shoes-for-men","https://offlimits.co.in/cart","0","","0","0","Blocked by robots.txt","Crawlable","true","","","Root-Relative","//body/div[@id='nt_wrapper']/header/div/div/div/div/div/div[4]/div/div[2]/a","Header","HTML"
"Hyperlink","https://offlimits.co.in/collections/high-top-shoes-for-men","https://offlimits.co.in/cart","0","","View cart","0","Blocked by robots.txt","Crawlable","true","","","Root-Relative","//body/div[@id='shopify-section-cart_widget']/div/form/div[@class='mini_cart_wrap']/div[2]/a","Content","HTML"
"Hyperlink","https://offlimits.co.in/collections/new-arrivals-2026/products/splash-mode-for-her-white-ocw-926-02","https://offlimits.co.in/cart","0","","0","0","Blocked by robots.txt","Crawlable","true","","","Root-Relative","//body/div[@id='nt_wrapper']/header/div/div/div/div/div/div[1]/div/div/div[2]/a","Header","HTML"
"Hyperlink","https://offlimits.co.in/collections/new-arrivals-2026/products/splash-mode-for-her-white-ocw-926-02","https://offlimits.co.in/cart","0","","0","0","Blocked by robots.txt","Crawlable","true","","","Root-Relative","//body/div[@id='nt_wrapper']/header/div/div/div/div/div/div[4]/div/div[2]/a","Header","HTML"
"Hyperlink","https://offlimits.co.in/collections/new-arrivals-2026/products/splash-mode-for-her-white-ocw-926-02","https://offlimits.co.in/cart","0","","View cart","0","Blocked by robots.txt","Crawlable","true","","","Root-Relative","//body/div[@id='shopify-section-cart_widget']/div/form/div[@class='mini_cart_wrap']/div[2]/a","Content","HTML"
"Hyperlink","https://offlimits.co.in/collections/women-clothing","https://offlimits.co.in/cart","0","","0","0","Blocked by robots.txt","Crawlable","true","","","Root-Relative","//body/div[@id='nt_wrapper']/header/div/div/div/div/div/div[1]/div/div/div[2]/a","Header","HTML"
"Hyperlink","https://offlimits.co.in/collections/women-clothing","https://offlimits.co.in/cart","0","","0","0","Blocked by robots.txt","Crawlable","true","","","Root-Relative","//body/div[@id='nt_wrapper']/header/div/div/div/div/div/div[4]/div/div[2]/a","Header","HTML"
"Hyperlink","https://offlimits.co.in/collections/women-clothing","https://offlimits.co.in/cart","0","","View cart","0","Blocked by robots.txt","Crawlable","true","","","Root-Relative","//body/div[@id='shopify-section-cart_widget']/div/form/div[@class='mini_cart_wrap']/div[2]/a","Content","HTML"
"Hyperlink","https://offlimits.co.in/pages/privacy-policy","https://offlimits.co.in/cart","0","","0","0","Blocked by robots.txt","Crawlable","true","","","Root-Relative","//body/div[@id='nt_wrapper']/header/div/div/div/div/div/div[1]/div/div/div[2]/a","Header","HTML"
"Hyperlink","https://offlimits.co.in/pages/privacy-policy","https://offlimits.co.in/cart","0","","0","0","Blocked by robots.txt","Crawlable","true","","","Root-Relative","//body/div[@id='nt_wrapper']/header/div/div/div/div/div/div[4]/div/div[2]/a","Header","HTML"
"Hyperlink","https://offlimits.co.in/pages/privacy-policy","https://offlimits.co.in/cart","0","","View cart","0","Blocked by robots.txt","Crawlable","true","","","Root-Relative","//body/div[@id='shopify-section-cart_widget']/div/form/div[@class='mini_cart_wrap']/div[2]/a","Content","HTML"
"Hyperlink","https://offlimits.co.in/collections/women","https://offlimits.co.in/cart","0","","0","0","Blocked by robots.txt","Crawlable","true","","","Root-Relative","//body/div[@id='nt_wrapper']/header/div/div/div/div/div/div[1]/div/div/div[2]/a","Header","HTML"
"Hyperlink","https://offlimits.co.in/collections/women","https://offlimits.co.in/cart","0","","0","0","Blocked by robots.txt","Crawlable","true","","","Root-Relative","//body/div[@id='nt_wrapper']/header/div/div/div/div/div/div[4]/div/div[2]/a","Header","HTML"
"Hyperlink","https://offlimits.co.in/collections/women","https://offlimits.co.in/cart","0","","View cart","0","Blocked by robots.txt","Crawlable","true","","","Root-Relative","//body/div[@id='shopify-section-cart_widget']/div/form/div[@class='mini_cart_wrap']/div[2]/a","Content","HTML"
"Hyperlink","https://offlimits.co.in/collections/men-running-shoes","https://offlimits.co.in/cart","0","","0","0","Blocked by robots.txt","Crawlable","true","","","Root-Relative","//body/div[@id='nt_wrapper']/header/div/div/div/div/div/div[1]/div/div/div[2]/a","Header","HTML"
"Hyperlink","https://offlimits.co.in/collections/men-running-shoes","https://offlimits.co.in/cart","0","","0","0","Blocked by robots.txt","Crawlable","true","","","Root-Relative","//body/div[@id='nt_wrapper']/header/div/div/div/div/div/div[4]/div/div[2]/a","Header","HTML"
"Hyperlink","https://offlimits.co.in/collections/men-running-shoes","https://offlimits.co.in/cart","0","","View cart","0","Blocked by robots.txt","Crawlable","true","","","Root-Relative","//body/div[@id='shopify-section-cart_widget']/div/form/div[@class='mini_cart_wrap']/div[2]/a","Content","HTML"
"Hyperlink","https://offlimits.co.in/collections/new-arrivals-2026/products/coast-big-tall-off-white-yellow-purple-ocm-878-02","https://offlimits.co.in/cart","0","","0","0","Blocked by robots.txt","Crawlable","true","","","Root-Relative","//body/div[@id='nt_wrapper']/header/div/div/div/div/div/div[1]/div/div/div[2]/a","Header","HTML"
"Hyperlink","https://offlimits.co.in/collections/new-arrivals-2026/products/coast-big-tall-off-white-yellow-purple-ocm-878-02","https://offlimits.co.in/cart","0","","0","0","Blocked by robots.txt","Crawlable","true","","","Root-Relative","//body/div[@id='nt_wrapper']/header/div/div/div/div/div/div[4]/div/div[2]/a","Header","HTML"
"Hyperlink","https://offlimits.co.in/collections/new-arrivals-2026/products/coast-big-tall-off-white-yellow-purple-ocm-878-02","https://offlimits.co.in/cart","0","","View cart","0","Blocked by robots.txt","Crawlable","true","","","Root-Relative","//body/div[@id='shopify-section-cart_widget']/div/form/div[@class='mini_cart_wrap']/div[2]/a","Content","HTML"
"Hyperlink","https://offlimits.co.in/collections/women-bestsellers","https://offlimits.co.in/cart","0","","0","0","Blocked by robots.txt","Crawlable","true","","","Root-Relative","//body/div[@id='nt_wrapper']/header/div/div/div/div/div/div[1]/div/div/div[2]/a","Header","HTML"
"Hyperlink","https://offlimits.co.in/collections/women-bestsellers","https://offlimits.co.in/cart","0","","0","0","Blocked by robots.txt","Crawlable","true","","","Root-Relative","//body/div[@id='nt_wrapper']/header/div/div/div/div/div/div[4]/div/div[2]/a","Header","HTML"
"Hyperlink","https://offlimits.co.in/collections/women-bestsellers","https://offlimits.co.in/cart","0","","View cart","0","Blocked by robots.txt","Crawlable","true","","","Root-Relative","//body/div[@id='shopify-section-cart_widget']/div/form/div[@class='mini_cart_wrap']/div[2]/a","Content","HTML"
"Hyperlink","https://offlimits.co.in/collections/new-arrivals-2026/products/roger-select-black-silver-ocm-915-08","https://offlimits.co.in/cart","0","","0","0","Blocked by robots.txt","Crawlable","true","","","Root-Relative","//body/div[@id='nt_wrapper']/header/div/div/div/div/div/div[1]/div/div/div[2]/a","Header","HTML"
"Hyperlink","https://offlimits.co.in/collections/new-arrivals-2026/products/roger-select-black-silver-ocm-915-08","https://offlimits.co.in/cart","0","","0","0","Blocked by robots.txt","Crawlable","true","","","Root-Relative","//body/div[@id='nt_wrapper']/header/div/div/div/div/div/div[4]/div/div[2]/a","Header","HTML"
"Hyperlink","https://offlimits.co.in/collections/new-arrivals-2026/products/roger-select-black-silver-ocm-915-08","https://offlimits.co.in/cart","0","","View cart","0","Blocked by robots.txt","Crawlable","true","","","Root-Relative","//body/div[@id='shopify-section-cart_widget']/div/form/div[@class='mini_cart_wrap']/div[2]/a","Content","HTML"
"Hyperlink","https://offlimits.co.in/collections/mens-bestsellers/products/baseline-23-milwaukee-bucks-beige-green-ocm-828-06","https://offlimits.co.in/cart","0","","0","0","Blocked by robots.txt","Crawlable","true","","","Root-Relative","//body/div[@id='nt_wrapper']/header/div/div/div/div/div/div[1]/div/div/div[2]/a","Header","HTML"
"Hyperlink","https://offlimits.co.in/collections/mens-bestsellers/products/baseline-23-milwaukee-bucks-beige-green-ocm-828-06","https://offlimits.co.in/cart","0","","0","0","Blocked by robots.txt","Crawlable","true","","","Root-Relative","//body/div[@id='nt_wrapper']/header/div/div/div/div/div/div[4]/div/div[2]/a","Header","HTML"
"Hyperlink","https://offlimits.co.in/collections/mens-bestsellers/products/baseline-23-milwaukee-bucks-beige-green-ocm-828-06","https://offlimits.co.in/cart","0","","View cart","0","Blocked by robots.txt","Crawlable","true","","","Root-Relative","//body/div[@id='shopify-section-cart_widget']/div/form/div[@class='mini_cart_wrap']/div[2]/a","Content","HTML"
"Hyperlink","https://offlimits.co.in/collections/men-gym-training","https://offlimits.co.in/cart","0","","0","0","Blocked by robots.txt","Crawlable","true","","","Root-Relative","//body/div[@id='nt_wrapper']/header/div/div/div/div/div/div[1]/div/div/div[2]/a","Header","HTML"
"Hyperlink","https://offlimits.co.in/collections/men-gym-training","https://offlimits.co.in/cart","0","","0","0","Blocked by robots.txt","Crawlable","true","","","Root-Relative","//body/div[@id='nt_wrapper']/header/div/div/div/div/div/div[4]/div/div[2]/a","Header","HTML"
"Hyperlink","https://offlimits.co.in/collections/men-gym-training","https://offlimits.co.in/cart","0","","View cart","0","Blocked by robots.txt","Crawlable","true","","","Root-Relative","//body/div[@id='shopify-section-cart_widget']/div/form/div[@class='mini_cart_wrap']/div[2]/a","Content","HTML"
"Hyperlink","https://offlimits.co.in/collections/women-running-gym","https://offlimits.co.in/cart","0","","0","0","Blocked by robots.txt","Crawlable","true","","","Root-Relative","//body/div[@id='nt_wrapper']/header/div/div/div/div/div/div[1]/div/div/div[2]/a","Header","HTML"
"Hyperlink","https://offlimits.co.in/collections/women-running-gym","https://offlimits.co.in/cart","0","","0","0","Blocked by robots.txt","Crawlable","true","","","Root-Relative","//body/div[@id='nt_wrapper']/header/div/div/div/div/div/div[4]/div/div[2]/a","Header","HTML"
"Hyperlink","https://offlimits.co.in/collections/women-running-gym","https://offlimits.co.in/cart","0","","View cart","0","Blocked by robots.txt","Crawlable","true","","","Root-Relative","//body/div[@id='shopify-section-cart_widget']/div/form/div[@class='mini_cart_wrap']/div[2]/a","Content","HTML"
"Hyperlink","https://offlimits.co.in/collections/mens-bestsellers/products/unbound-teal-orm-855-06","https://offlimits.co.in/cart","0","","0","0","Blocked by robots.txt","Crawlable","true","","","Root-Relative","//body/div[@id='nt_wrapper']/header/div/div/div/div/div/div[1]/div/div/div[2]/a","Header","HTML"
"Hyperlink","https://offlimits.co.in/collections/mens-bestsellers/products/unbound-teal-orm-855-06","https://offlimits.co.in/cart","0","","0","0","Blocked by robots.txt","Crawlable","true","","","Root-Relative","//body/div[@id='nt_wrapper']/header/div/div/div/div/div/div[4]/div/div[2]/a","Header","HTML"
"Hyperlink","https://offlimits.co.in/collections/mens-bestsellers/products/unbound-teal-orm-855-06","https://offlimits.co.in/cart","0","","View cart","0","Blocked by robots.txt","Crawlable","true","","","Root-Relative","//body/div[@id='shopify-section-cart_widget']/div/form/div[@class='mini_cart_wrap']/div[2]/a","Content","HTML"
"Hyperlink","https://offlimits.co.in/pages/return-exchange","https://offlimits.co.in/cart","0","","0","0","Blocked by robots.txt","Crawlable","true","","","Root-Relative","//body/div[@id='nt_wrapper']/header/div/div/div/div/div/div[1]/div/div/div[2]/a","Header","HTML"
"Hyperlink","https://offlimits.co.in/pages/return-exchange","https://offlimits.co.in/cart","0","","0","0","Blocked by robots.txt","Crawlable","true","","","Root-Relative","//body/div[@id='nt_wrapper']/header/div/div/div/div/div/div[4]/div/div[2]/a","Header","HTML"
"Hyperlink","https://offlimits.co.in/pages/return-exchange","https://offlimits.co.in/cart","0","","View cart","0","Blocked by robots.txt","Crawlable","true","","","Root-Relative","//body/div[@id='shopify-section-cart_widget']/div/form/div[@class='mini_cart_wrap']/div[2]/a","Content","HTML"
"Hyperlink","https://offlimits.co.in/collections/white-shoes-for-men","https://offlimits.co.in/cart","0","","0","0","Blocked by robots.txt","Crawlable","true","","","Root-Relative","//body/div[@id='nt_wrapper']/header/div/div/div/div/div/div[1]/div/div/div[2]/a","Header","HTML"
"Hyperlink","https://offlimits.co.in/collections/white-shoes-for-men","https://offlimits.co.in/cart","0","","0","0","Blocked by robots.txt","Crawlable","true","","","Root-Relative","//body/div[@id='nt_wrapper']/header/div/div/div/div/div/div[4]/div/div[2]/a","Header","HTML"
"Hyperlink","https://offlimits.co.in/collections/white-shoes-for-men","https://offlimits.co.in/cart","0","","View cart","0","Blocked by robots.txt","Crawlable","true","","","Root-Relative","//body/div[@id='shopify-section-cart_widget']/div/form/div[@class='mini_cart_wrap']/div[2]/a","Content","HTML"
"Hyperlink","https://offlimits.co.in/","https://offlimits.co.in/policies/terms-of-service","0","","Terms of Service","0","Blocked by robots.txt","Crawlable","true","","","Root-Relative","//body/div[@id='nt_wrapper']/footer/div[@id='shopify-section-footer_bot']/div/div/div/div[2]/ul/li[@class='menu-item'][1]/a","Footer","HTML"
"Hyperlink","https://offlimits.co.in/collections/mens-bestsellers/products/gladiator-off-white-orm-661-02","https://offlimits.co.in/policies/terms-of-service","0","","Terms of Service","0","Blocked by robots.txt","Crawlable","true","","","Root-Relative","//body/div[@id='nt_wrapper']/footer/div[@id='shopify-section-footer_bot']/div/div/div/div[2]/ul/li[@class='menu-item'][1]/a","Footer","HTML"
"Hyperlink","https://offlimits.co.in/collections/men-clothing","https://offlimits.co.in/policies/terms-of-service","0","","Terms of Service","0","Blocked by robots.txt","Crawlable","true","","","Root-Relative","//body/div[@id='nt_wrapper']/footer/div[@id='shopify-section-footer_bot']/div/div/div/div[2]/ul/li[@class='menu-item'][1]/a","Footer","HTML"
"Hyperlink","https://offlimits.co.in/collections/white-sneaker","https://offlimits.co.in/policies/terms-of-service","0","","Terms of Service","0","Blocked by robots.txt","Crawlable","true","","","Root-Relative","//body/div[@id='nt_wrapper']/footer/div[@id='shopify-section-footer_bot']/div/div/div/div[2]/ul/li[@class='menu-item'][1]/a","Footer","HTML"
"Hyperlink","https://offlimits.co.in/collections/women-track-suits","https://offlimits.co.in/policies/terms-of-service","0","","Terms of Service","0","Blocked by robots.txt","Crawlable","true","","","Root-Relative","//body/div[@id='nt_wrapper']/footer/div[@id='shopify-section-footer_bot']/div/div/div/div[2]/ul/li[@class='menu-item'][1]/a","Footer","HTML"
"Hyperlink","https://offlimits.co.in/collections/women-walking","https://offlimits.co.in/policies/terms-of-service","0","","Terms of Service","0","Blocked by robots.txt","Crawlable","true","","","Root-Relative","//body/div[@id='nt_wrapper']/footer/div[@id='shopify-section-footer_bot']/div/div/div/div[2]/ul/li[@class='menu-item'][1]/a","Footer","HTML"
"Hyperlink","https://offlimits.co.in/collections/new-arrivals","https://offlimits.co.in/policies/terms-of-service","0","","Terms of Service","0","Blocked by robots.txt","Crawlable","true","","","Root-Relative","//body/div[@id='nt_wrapper']/footer/div[@id='shopify-section-footer_bot']/div/div/div/div[2]/ul/li[@class='menu-item'][1]/a","Footer","HTML"
"Hyperlink","https://offlimits.co.in/collections/s-w-a-t-men","https://offlimits.co.in/policies/terms-of-service","0","","Terms of Service","0","Blocked by robots.txt","Crawlable","true","","","Root-Relative","//body/div[@id='nt_wrapper']/footer/div[@id='shopify-section-footer_bot']/div/div/div/div[2]/ul/li[@class='menu-item'][1]/a","Footer","HTML"
"Hyperlink","https://offlimits.co.in/collections/mens-bestsellers/products/sparta-pro-blue-orange-orm-795-03","https://offlimits.co.in/policies/terms-of-service","0","","Terms of Service","0","Blocked by robots.txt","Crawlable","true","","","Root-Relative","//body/div[@id='nt_wrapper']/footer/div[@id='shopify-section-footer_bot']/div/div/div/div[2]/ul/li[@class='menu-item'][1]/a","Footer","HTML"
"Hyperlink","https://offlimits.co.in/collections/men-track-suits","https://offlimits.co.in/policies/terms-of-service","0","","Terms of Service","0","Blocked by robots.txt","Crawlable","true","","","Root-Relative","//body/div[@id='nt_wrapper']/footer/div[@id='shopify-section-footer_bot']/div/div/div/div[2]/ul/li[@class='menu-item'][1]/a","Footer","HTML"
"Hyperlink","https://offlimits.co.in/collections/basketball-boots","https://offlimits.co.in/policies/terms-of-service","0","","Terms of Service","0","Blocked by robots.txt","Crawlable","true","","","Root-Relative","//body/div[@id='nt_wrapper']/footer/div[@id='shopify-section-footer_bot']/div/div/div/div[2]/ul/li[@class='menu-item'][1]/a","Footer","HTML"
"Hyperlink","https://offlimits.co.in/collections/men-shorts","https://offlimits.co.in/policies/terms-of-service","0","","Terms of Service","0","Blocked by robots.txt","Crawlable","true","","","Root-Relative","//body/div[@id='nt_wrapper']/footer/div[@id='shopify-section-footer_bot']/div/div/div/div[2]/ul/li[@class='menu-item'][1]/a","Footer","HTML"
"Hyperlink","https://offlimits.co.in/collections/men-sweatshirts","https://offlimits.co.in/policies/terms-of-service","0","","Terms of Service","0","Blocked by robots.txt","Crawlable","true","","","Root-Relative","//body/div[@id='nt_wrapper']/footer/div[@id='shopify-section-footer_bot']/div/div/div/div[2]/ul/li[@class='menu-item'][1]/a","Footer","HTML"
"Hyperlink","https://offlimits.co.in/pages/store-gallery","https://offlimits.co.in/policies/terms-of-service","0","","Terms of Service","0","Blocked by robots.txt","Crawlable","true","","","Root-Relative","//body/div[@id='nt_wrapper']/footer/div[@id='shopify-section-footer_bot']/div/div/div/div[2]/ul/li[@class='menu-item'][1]/a","Footer","HTML"
"Hyperlink","https://offlimits.co.in/pages/sitemap","https://offlimits.co.in/policies/terms-of-service","0","","Terms of Service","0","Blocked by robots.txt","Crawlable","true","","","Root-Relative","//body/div[@id='nt_wrapper']/footer/div[@id='shopify-section-footer_bot']/div/div/div/div[2]/ul/li[@class='menu-item'][1]/a","Footer","HTML"
"Hyperlink","https://offlimits.co.in/collections/casual-shoes-men","https://offlimits.co.in/policies/terms-of-service","0","","Terms of Service","0","Blocked by robots.txt","Crawlable","true","","","Root-Relative","//body/div[@id='nt_wrapper']/footer/div[@id='shopify-section-footer_bot']/div/div/div/div[2]/ul/li[@class='menu-item'][1]/a","Footer","HTML"
"Hyperlink","https://offlimits.co.in/collections/high-top-shoes-for-men","https://offlimits.co.in/policies/terms-of-service","0","","Terms of Service","0","Blocked by robots.txt","Crawlable","true","","","Root-Relative","//body/div[@id='nt_wrapper']/footer/div[@id='shopify-section-footer_bot']/div/div/div/div[2]/ul/li[@class='menu-item'][1]/a","Footer","HTML"
"Hyperlink","https://offlimits.co.in/collections/new-arrivals-2026/products/splash-mode-for-her-white-ocw-926-02","https://offlimits.co.in/policies/terms-of-service","0","","Terms of Service","0","Blocked by robots.txt","Crawlable","true","","","Root-Relative","//body/div[@id='nt_wrapper']/footer/div[@id='shopify-section-footer_bot']/div/div/div/div[2]/ul/li[@class='menu-item'][1]/a","Footer","HTML"
"Hyperlink","https://offlimits.co.in/collections/women-clothing","https://offlimits.co.in/policies/terms-of-service","0","","Terms of Service","0","Blocked by robots.txt","Crawlable","true","","","Root-Relative","//body/div[@id='nt_wrapper']/footer/div[@id='shopify-section-footer_bot']/div/div/div/div[2]/ul/li[@class='menu-item'][1]/a","Footer","HTML"
"Hyperlink","https://offlimits.co.in/pages/privacy-policy","https://offlimits.co.in/policies/terms-of-service","0","","Terms of Service","0","Blocked by robots.txt","Crawlable","true","","","Root-Relative","//body/div[@id='nt_wrapper']/footer/div[@id='shopify-section-footer_bot']/div/div/div/div[2]/ul/li[@class='menu-item'][1]/a","Footer","HTML"
"Hyperlink","https://offlimits.co.in/collections/women","https://offlimits.co.in/policies/terms-of-service","0","","Terms of Service","0","Blocked by robots.txt","Crawlable","true","","","Root-Relative","//body/div[@id='nt_wrapper']/footer/div[@id='shopify-section-footer_bot']/div/div/div/div[2]/ul/li[@class='menu-item'][1]/a","Footer","HTML"
"Hyperlink","https://offlimits.co.in/collections/men-running-shoes","https://offlimits.co.in/policies/terms-of-service","0","","Terms of Service","0","Blocked by robots.txt","Crawlable","true","","","Root-Relative","//body/div[@id='nt_wrapper']/footer/div[@id='shopify-section-footer_bot']/div/div/div/div[2]/ul/li[@class='menu-item'][1]/a","Footer","HTML"
"Hyperlink","https://offlimits.co.in/collections/new-arrivals-2026/products/coast-big-tall-off-white-yellow-purple-ocm-878-02","https://offlimits.co.in/policies/terms-of-service","0","","Terms of Service","0","Blocked by robots.txt","Crawlable","true","","","Root-Relative","//body/div[@id='nt_wrapper']/footer/div[@id='shopify-section-footer_bot']/div/div/div/div[2]/ul/li[@class='menu-item'][1]/a","Footer","HTML"
"Hyperlink","https://offlimits.co.in/collections/women-bestsellers","https://offlimits.co.in/policies/terms-of-service","0","","Terms of Service","0","Blocked by robots.txt","Crawlable","true","","","Root-Relative","//body/div[@id='nt_wrapper']/footer/div[@id='shopify-section-footer_bot']/div/div/div/div[2]/ul/li[@class='menu-item'][1]/a","Footer","HTML"
"Hyperlink","https://offlimits.co.in/collections/new-arrivals-2026/products/roger-select-black-silver-ocm-915-08","https://offlimits.co.in/policies/terms-of-service","0","","Terms of Service","0","Blocked by robots.txt","Crawlable","true","","","Root-Relative","//body/div[@id='nt_wrapper']/footer/div[@id='shopify-section-footer_bot']/div/div/div/div[2]/ul/li[@class='menu-item'][1]/a","Footer","HTML"
"Hyperlink","https://offlimits.co.in/collections/mens-bestsellers/products/baseline-23-milwaukee-bucks-beige-green-ocm-828-06","https://offlimits.co.in/policies/terms-of-service","0","","Terms of Service","0","Blocked by robots.txt","Crawlable","true","","","Root-Relative","//body/div[@id='nt_wrapper']/footer/div[@id='shopify-section-footer_bot']/div/div/div/div[2]/ul/li[@class='menu-item'][1]/a","Footer","HTML"
"Hyperlink","https://offlimits.co.in/collections/men-gym-training","https://offlimits.co.in/policies/terms-of-service","0","","Terms of Service","0","Blocked by robots.txt","Crawlable","true","","","Root-Relative","//body/div[@id='nt_wrapper']/footer/div[@id='shopify-section-footer_bot']/div/div/div/div[2]/ul/li[@class='menu-item'][1]/a","Footer","HTML"
"Hyperlink","https://offlimits.co.in/collections/women-running-gym","https://offlimits.co.in/policies/terms-of-service","0","","Terms of Service","0","Blocked by robots.txt","Crawlable","true","","","Root-Relative","//body/div[@id='nt_wrapper']/footer/div[@id='shopify-section-footer_bot']/div/div/div/div[2]/ul/li[@class='menu-item'][1]/a","Footer","HTML"
"Hyperlink","https://offlimits.co.in/collections/mens-bestsellers/products/unbound-teal-orm-855-06","https://offlimits.co.in/policies/terms-of-service","0","","Terms of Service","0","Blocked by robots.txt","Crawlable","true","","","Root-Relative","//body/div[@id='nt_wrapper']/footer/div[@id='shopify-section-footer_bot']/div/div/div/div[2]/ul/li[@class='menu-item'][1]/a","Footer","HTML"
"Hyperlink","https://offlimits.co.in/pages/return-exchange","https://offlimits.co.in/policies/terms-of-service","0","","Terms of Service","0","Blocked by robots.txt","Crawlable","true","","","Root-Relative","//body/div[@id='nt_wrapper']/footer/div[@id='shopify-section-footer_bot']/div/div/div/div[2]/ul/li[@class='menu-item'][1]/a","Footer","HTML"
"Hyperlink","https://offlimits.co.in/collections/white-shoes-for-men","https://offlimits.co.in/policies/terms-of-service","0","","Terms of Service","0","Blocked by robots.txt","Crawlable","true","","","Root-Relative","//body/div[@id='nt_wrapper']/footer/div[@id='shopify-section-footer_bot']/div/div/div/div[2]/ul/li[@class='menu-item'][1]/a","Footer","HTML"
"Hyperlink","https://offlimits.co.in/","https://offlimits.co.in/account","0","","","0","Blocked by robots.txt","Crawlable","true","","","Root-Relative","//body/div[@id='nt_wrapper']/header/div/div/div/div/div/div[1]/div/div/div[1]/a","Header","HTML"
"Hyperlink","https://offlimits.co.in/","https://offlimits.co.in/account","0","","","0","Blocked by robots.txt","Crawlable","true","","","Root-Relative","//body/div[@id='nt_wrapper']/header/div/div/div/div/div/div[4]/div/div[1]/a","Header","HTML"
"Hyperlink","https://offlimits.co.in/collections/mens-bestsellers/products/gladiator-off-white-orm-661-02","https://offlimits.co.in/account","0","","","0","Blocked by robots.txt","Crawlable","true","","","Root-Relative","//body/div[@id='nt_wrapper']/header/div/div/div/div/div/div[1]/div/div/div[1]/a","Header","HTML"
"Hyperlink","https://offlimits.co.in/collections/mens-bestsellers/products/gladiator-off-white-orm-661-02","https://offlimits.co.in/account","0","","","0","Blocked by robots.txt","Crawlable","true","","","Root-Relative","//body/div[@id='nt_wrapper']/header/div/div/div/div/div/div[4]/div/div[1]/a","Header","HTML"
"Hyperlink","https://offlimits.co.in/collections/men-clothing","https://offlimits.co.in/account","0","","","0","Blocked by robots.txt","Crawlable","true","","","Root-Relative","//body/div[@id='nt_wrapper']/header/div/div/div/div/div/div[1]/div/div/div[1]/a","Header","HTML"
"Hyperlink","https://offlimits.co.in/collections/men-clothing","https://offlimits.co.in/account","0","","","0","Blocked by robots.txt","Crawlable","true","","","Root-Relative","//body/div[@id='nt_wrapper']/header/div/div/div/div/div/div[4]/div/div[1]/a","Header","HTML"
"Hyperlink","https://offlimits.co.in/collections/white-sneaker","https://offlimits.co.in/account","0","","","0","Blocked by robots.txt","Crawlable","true","","","Root-Relative","//body/div[@id='nt_wrapper']/header/div/div/div/div/div/div[1]/div/div/div[1]/a","Header","HTML"
"Hyperlink","https://offlimits.co.in/collections/white-sneaker","https://offlimits.co.in/account","0","","","0","Blocked by robots.txt","Crawlable","true","","","Root-Relative","//body/div[@id='nt_wrapper']/header/div/div/div/div/div/div[4]/div/div[1]/a","Header","HTML"
"Hyperlink","https://offlimits.co.in/collections/women-track-suits","https://offlimits.co.in/account","0","","","0","Blocked by robots.txt","Crawlable","true","","","Root-Relative","//body/div[@id='nt_wrapper']/header/div/div/div/div/div/div[1]/div/div/div[1]/a","Header","HTML"
"Hyperlink","https://offlimits.co.in/collections/women-track-suits","https://offlimits.co.in/account","0","","","0","Blocked by robots.txt","Crawlable","true","","","Root-Relative","//body/div[@id='nt_wrapper']/header/div/div/div/div/div/div[4]/div/div[1]/a","Header","HTML"
"Hyperlink","https://offlimits.co.in/collections/women-walking","https://offlimits.co.in/account","0","","","0","Blocked by robots.txt","Crawlable","true","","","Root-Relative","//body/div[@id='nt_wrapper']/header/div/div/div/div/div/div[1]/div/div/div[1]/a","Header","HTML"
"Hyperlink","https://offlimits.co.in/collections/women-walking","https://offlimits.co.in/account","0","","","0","Blocked by robots.txt","Crawlable","true","","","Root-Relative","//body/div[@id='nt_wrapper']/header/div/div/div/div/div/div[4]/div/div[1]/a","Header","HTML"
"Hyperlink","https://offlimits.co.in/collections/new-arrivals","https://offlimits.co.in/account","0","","","0","Blocked by robots.txt","Crawlable","true","","","Root-Relative","//body/div[@id='nt_wrapper']/header/div/div/div/div/div/div[1]/div/div/div[1]/a","Header","HTML"
"Hyperlink","https://offlimits.co.in/collections/new-arrivals","https://offlimits.co.in/account","0","","","0","Blocked by robots.txt","Crawlable","true","","","Root-Relative","//body/div[@id='nt_wrapper']/header/div/div/div/div/div/div[4]/div/div[1]/a","Header","HTML"
"Hyperlink","https://offlimits.co.in/collections/s-w-a-t-men","https://offlimits.co.in/account","0","","","0","Blocked by robots.txt","Crawlable","true","","","Root-Relative","//body/div[@id='nt_wrapper']/header/div/div/div/div/div/div[1]/div/div/div[1]/a","Header","HTML"
"Hyperlink","https://offlimits.co.in/collections/s-w-a-t-men","https://offlimits.co.in/account","0","","","0","Blocked by robots.txt","Crawlable","true","","","Root-Relative","//body/div[@id='nt_wrapper']/header/div/div/div/div/div/div[4]/div/div[1]/a","Header","HTML"
"Hyperlink","https://offlimits.co.in/collections/mens-bestsellers/products/sparta-pro-blue-orange-orm-795-03","https://offlimits.co.in/account","0","","","0","Blocked by robots.txt","Crawlable","true","","","Root-Relative","//body/div[@id='nt_wrapper']/header/div/div/div/div/div/div[1]/div/div/div[1]/a","Header","HTML"
"Hyperlink","https://offlimits.co.in/collections/mens-bestsellers/products/sparta-pro-blue-orange-orm-795-03","https://offlimits.co.in/account","0","","","0","Blocked by robots.txt","Crawlable","true","","","Root-Relative","//body/div[@id='nt_wrapper']/header/div/div/div/div/div/div[4]/div/div[1]/a","Header","HTML"
"Hyperlink","https://offlimits.co.in/collections/men-track-suits","https://offlimits.co.in/account","0","","","0","Blocked by robots.txt","Crawlable","true","","","Root-Relative","//body/div[@id='nt_wrapper']/header/div/div/div/div/div/div[1]/div/div/div[1]/a","Header","HTML"
"Hyperlink","https://offlimits.co.in/collections/men-track-suits","https://offlimits.co.in/account","0","","","0","Blocked by robots.txt","Crawlable","true","","","Root-Relative","//body/div[@id='nt_wrapper']/header/div/div/div/div/div/div[4]/div/div[1]/a","Header","HTML"
"Hyperlink","https://offlimits.co.in/collections/basketball-boots","https://offlimits.co.in/account","0","","","0","Blocked by robots.txt","Crawlable","true","","","Root-Relative","//body/div[@id='nt_wrapper']/header/div/div/div/div/div/div[1]/div/div/div[1]/a","Header","HTML"
"Hyperlink","https://offlimits.co.in/collections/basketball-boots","https://offlimits.co.in/account","0","","","0","Blocked by robots.txt","Crawlable","true","","","Root-Relative","//body/div[@id='nt_wrapper']/header/div/div/div/div/div/div[4]/div/div[1]/a","Header","HTML"
"Hyperlink","https://offlimits.co.in/collections/men-shorts","https://offlimits.co.in/account","0","","","0","Blocked by robots.txt","Crawlable","true","","","Root-Relative","//body/div[@id='nt_wrapper']/header/div/div/div/div/div/div[1]/div/div/div[1]/a","Header","HTML"
"Hyperlink","https://offlimits.co.in/collections/men-shorts","https://offlimits.co.in/account","0","","","0","Blocked by robots.txt","Crawlable","true","","","Root-Relative","//body/div[@id='nt_wrapper']/header/div/div/div/div/div/div[4]/div/div[1]/a","Header","HTML"
"Hyperlink","https://offlimits.co.in/collections/men-sweatshirts","https://offlimits.co.in/account","0","","","0","Blocked by robots.txt","Crawlable","true","","","Root-Relative","//body/div[@id='nt_wrapper']/header/div/div/div/div/div/div[1]/div/div/div[1]/a","Header","HTML"
"Hyperlink","https://offlimits.co.in/collections/men-sweatshirts","https://offlimits.co.in/account","0","","","0","Blocked by robots.txt","Crawlable","true","","","Root-Relative","//body/div[@id='nt_wrapper']/header/div/div/div/div/div/div[4]/div/div[1]/a","Header","HTML"
"Hyperlink","https://offlimits.co.in/pages/store-gallery","https://offlimits.co.in/account","0","","","0","Blocked by robots.txt","Crawlable","true","","","Root-Relative","//body/div[@id='nt_wrapper']/header/div/div/div/div/div/div[1]/div/div/div[1]/a","Header","HTML"
"Hyperlink","https://offlimits.co.in/pages/store-gallery","https://offlimits.co.in/account","0","","","0","Blocked by robots.txt","Crawlable","true","","","Root-Relative","//body/div[@id='nt_wrapper']/header/div/div/div/div/div/div[4]/div/div[1]/a","Header","HTML"
"Hyperlink","https://offlimits.co.in/pages/sitemap","https://offlimits.co.in/account","0","","","0","Blocked by robots.txt","Crawlable","true","","","Root-Relative","//body/div[@id='nt_wrapper']/header/div/div/div/div/div/div[1]/div/div/div[1]/a","Header","HTML"
"Hyperlink","https://offlimits.co.in/pages/sitemap","https://offlimits.co.in/account","0","","","0","Blocked by robots.txt","Crawlable","true","","","Root-Relative","//body/div[@id='nt_wrapper']/header/div/div/div/div/div/div[4]/div/div[1]/a","Header","HTML"
"Hyperlink","https://offlimits.co.in/collections/casual-shoes-men","https://offlimits.co.in/account","0","","","0","Blocked by robots.txt","Crawlable","true","","","Root-Relative","//body/div[@id='nt_wrapper']/header/div/div/div/div/div/div[1]/div/div/div[1]/a","Header","HTML"
"Hyperlink","https://offlimits.co.in/collections/casual-shoes-men","https://offlimits.co.in/account","0","","","0","Blocked by robots.txt","Crawlable","true","","","Root-Relative","//body/div[@id='nt_wrapper']/header/div/div/div/div/div/div[4]/div/div[1]/a","Header","HTML"
"Hyperlink","https://offlimits.co.in/collections/high-top-shoes-for-men","https://offlimits.co.in/account","0","","","0","Blocked by robots.txt","Crawlable","true","","","Root-Relative","//body/div[@id='nt_wrapper']/header/div/div/div/div/div/div[1]/div/div/div[1]/a","Header","HTML"
"Hyperlink","https://offlimits.co.in/collections/high-top-shoes-for-men","https://offlimits.co.in/account","0","","","0","Blocked by robots.txt","Crawlable","true","","","Root-Relative","//body/div[@id='nt_wrapper']/header/div/div/div/div/div/div[4]/div/div[1]/a","Header","HTML"
"Hyperlink","https://offlimits.co.in/collections/new-arrivals-2026/products/splash-mode-for-her-white-ocw-926-02","https://offlimits.co.in/account","0","","","0","Blocked by robots.txt","Crawlable","true","","","Root-Relative","//body/div[@id='nt_wrapper']/header/div/div/div/div/div/div[1]/div/div/div[1]/a","Header","HTML"
"Hyperlink","https://offlimits.co.in/collections/new-arrivals-2026/products/splash-mode-for-her-white-ocw-926-02","https://offlimits.co.in/account","0","","","0","Blocked by robots.txt","Crawlable","true","","","Root-Relative","//body/div[@id='nt_wrapper']/header/div/div/div/div/div/div[4]/div/div[1]/a","Header","HTML"
"Hyperlink","https://offlimits.co.in/collections/women-clothing","https://offlimits.co.in/account","0","","","0","Blocked by robots.txt","Crawlable","true","","","Root-Relative","//body/div[@id='nt_wrapper']/header/div/div/div/div/div/div[1]/div/div/div[1]/a","Header","HTML"
"Hyperlink","https://offlimits.co.in/collections/women-clothing","https://offlimits.co.in/account","0","","","0","Blocked by robots.txt","Crawlable","true","","","Root-Relative","//body/div[@id='nt_wrapper']/header/div/div/div/div/div/div[4]/div/div[1]/a","Header","HTML"
"Hyperlink","https://offlimits.co.in/pages/privacy-policy","https://offlimits.co.in/account","0","","","0","Blocked by robots.txt","Crawlable","true","","","Root-Relative","//body/div[@id='nt_wrapper']/header/div/div/div/div/div/div[1]/div/div/div[1]/a","Header","HTML"
"Hyperlink","https://offlimits.co.in/pages/privacy-policy","https://offlimits.co.in/account","0","","","0","Blocked by robots.txt","Crawlable","true","","","Root-Relative","//body/div[@id='nt_wrapper']/header/div/div/div/div/div/div[4]/div/div[1]/a","Header","HTML"
"Hyperlink","https://offlimits.co.in/collections/women","https://offlimits.co.in/account","0","","","0","Blocked by robots.txt","Crawlable","true","","","Root-Relative","//body/div[@id='nt_wrapper']/header/div/div/div/div/div/div[1]/div/div/div[1]/a","Header","HTML"
"Hyperlink","https://offlimits.co.in/collections/women","https://offlimits.co.in/account","0","","","0","Blocked by robots.txt","Crawlable","true","","","Root-Relative","//body/div[@id='nt_wrapper']/header/div/div/div/div/div/div[4]/div/div[1]/a","Header","HTML"
"Hyperlink","https://offlimits.co.in/collections/men-running-shoes","https://offlimits.co.in/account","0","","","0","Blocked by robots.txt","Crawlable","true","","","Root-Relative","//body/div[@id='nt_wrapper']/header/div/div/div/div/div/div[1]/div/div/div[1]/a","Header","HTML"
"Hyperlink","https://offlimits.co.in/collections/men-running-shoes","https://offlimits.co.in/account","0","","","0","Blocked by robots.txt","Crawlable","true","","","Root-Relative","//body/div[@id='nt_wrapper']/header/div/div/div/div/div/div[4]/div/div[1]/a","Header","HTML"
"Hyperlink","https://offlimits.co.in/collections/new-arrivals-2026/products/coast-big-tall-off-white-yellow-purple-ocm-878-02","https://offlimits.co.in/account","0","","","0","Blocked by robots.txt","Crawlable","true","","","Root-Relative","//body/div[@id='nt_wrapper']/header/div/div/div/div/div/div[1]/div/div/div[1]/a","Header","HTML"
"Hyperlink","https://offlimits.co.in/collections/new-arrivals-2026/products/coast-big-tall-off-white-yellow-purple-ocm-878-02","https://offlimits.co.in/account","0","","","0","Blocked by robots.txt","Crawlable","true","","","Root-Relative","//body/div[@id='nt_wrapper']/header/div/div/div/div/div/div[4]/div/div[1]/a","Header","HTML"
"Hyperlink","https://offlimits.co.in/collections/women-bestsellers","https://offlimits.co.in/account","0","","","0","Blocked by robots.txt","Crawlable","true","","","Root-Relative","//body/div[@id='nt_wrapper']/header/div/div/div/div/div/div[1]/div/div/div[1]/a","Header","HTML"
"Hyperlink","https://offlimits.co.in/collections/women-bestsellers","https://offlimits.co.in/account","0","","","0","Blocked by robots.txt","Crawlable","true","","","Root-Relative","//body/div[@id='nt_wrapper']/header/div/div/div/div/div/div[4]/div/div[1]/a","Header","HTML"
"Hyperlink","https://offlimits.co.in/collections/new-arrivals-2026/products/roger-select-black-silver-ocm-915-08","https://offlimits.co.in/account","0","","","0","Blocked by robots.txt","Crawlable","true","","","Root-Relative","//body/div[@id='nt_wrapper']/header/div/div/div/div/div/div[1]/div/div/div[1]/a","Header","HTML"
"Hyperlink","https://offlimits.co.in/collections/new-arrivals-2026/products/roger-select-black-silver-ocm-915-08","https://offlimits.co.in/account","0","","","0","Blocked by robots.txt","Crawlable","true","","","Root-Relative","//body/div[@id='nt_wrapper']/header/div/div/div/div/div/div[4]/div/div[1]/a","Header","HTML"
"Hyperlink","https://offlimits.co.in/collections/mens-bestsellers/products/baseline-23-milwaukee-bucks-beige-green-ocm-828-06","https://offlimits.co.in/account","0","","","0","Blocked by robots.txt","Crawlable","true","","","Root-Relative","//body/div[@id='nt_wrapper']/header/div/div/div/div/div/div[1]/div/div/div[1]/a","Header","HTML"
"Hyperlink","https://offlimits.co.in/collections/mens-bestsellers/products/baseline-23-milwaukee-bucks-beige-green-ocm-828-06","https://offlimits.co.in/account","0","","","0","Blocked by robots.txt","Crawlable","true","","","Root-Relative","//body/div[@id='nt_wrapper']/header/div/div/div/div/div/div[4]/div/div[1]/a","Header","HTML"
"Hyperlink","https://offlimits.co.in/collections/men-gym-training","https://offlimits.co.in/account","0","","","0","Blocked by robots.txt","Crawlable","true","","","Root-Relative","//body/div[@id='nt_wrapper']/header/div/div/div/div/div/div[1]/div/div/div[1]/a","Header","HTML"
"Hyperlink","https://offlimits.co.in/collections/men-gym-training","https://offlimits.co.in/account","0","","","0","Blocked by robots.txt","Crawlable","true","","","Root-Relative","//body/div[@id='nt_wrapper']/header/div/div/div/div/div/div[4]/div/div[1]/a","Header","HTML"
"Hyperlink","https://offlimits.co.in/collections/women-running-gym","https://offlimits.co.in/account","0","","","0","Blocked by robots.txt","Crawlable","true","","","Root-Relative","//body/div[@id='nt_wrapper']/header/div/div/div/div/div/div[1]/div/div/div[1]/a","Header","HTML"
"Hyperlink","https://offlimits.co.in/collections/women-running-gym","https://offlimits.co.in/account","0","","","0","Blocked by robots.txt","Crawlable","true","","","Root-Relative","//body/div[@id='nt_wrapper']/header/div/div/div/div/div/div[4]/div/div[1]/a","Header","HTML"
"Hyperlink","https://offlimits.co.in/collections/mens-bestsellers/products/unbound-teal-orm-855-06","https://offlimits.co.in/account","0","","","0","Blocked by robots.txt","Crawlable","true","","","Root-Relative","//body/div[@id='nt_wrapper']/header/div/div/div/div/div/div[1]/div/div/div[1]/a","Header","HTML"
"Hyperlink","https://offlimits.co.in/collections/mens-bestsellers/products/unbound-teal-orm-855-06","https://offlimits.co.in/account","0","","","0","Blocked by robots.txt","Crawlable","true","","","Root-Relative","//body/div[@id='nt_wrapper']/header/div/div/div/div/div/div[4]/div/div[1]/a","Header","HTML"
"Hyperlink","https://offlimits.co.in/pages/return-exchange","https://offlimits.co.in/account","0","","","0","Blocked by robots.txt","Crawlable","true","","","Root-Relative","//body/div[@id='nt_wrapper']/header/div/div/div/div/div/div[1]/div/div/div[1]/a","Header","HTML"
"Hyperlink","https://offlimits.co.in/pages/return-exchange","https://offlimits.co.in/account","0","","","0","Blocked by robots.txt","Crawlable","true","","","Root-Relative","//body/div[@id='nt_wrapper']/header/div/div/div/div/div/div[4]/div/div[1]/a","Header","HTML"
"Hyperlink","https://offlimits.co.in/collections/white-shoes-for-men","https://offlimits.co.in/account","0","","","0","Blocked by robots.txt","Crawlable","true","","","Root-Relative","//body/div[@id='nt_wrapper']/header/div/div/div/div/div/div[1]/div/div/div[1]/a","Header","HTML"
"Hyperlink","https://offlimits.co.in/collections/white-shoes-for-men","https://offlimits.co.in/account","0","","","0","Blocked by robots.txt","Crawlable","true","","","Root-Relative","//body/div[@id='nt_wrapper']/header/div/div/div/div/div/div[4]/div/div[1]/a","Header","HTML"
"Hyperlink","https://offlimits.co.in/","https://offlimits.co.in/policies/refund-policy","0","","Refund policy","0","Blocked by robots.txt","Crawlable","true","","","Root-Relative","//body/div[@id='nt_wrapper']/footer/div[@id='shopify-section-footer_bot']/div/div/div/div[2]/ul/li[@class='menu-item'][2]/a","Footer","HTML"
"Hyperlink","https://offlimits.co.in/collections/mens-bestsellers/products/gladiator-off-white-orm-661-02","https://offlimits.co.in/policies/refund-policy","0","","Refund policy","0","Blocked by robots.txt","Crawlable","true","","","Root-Relative","//body/div[@id='nt_wrapper']/footer/div[@id='shopify-section-footer_bot']/div/div/div/div[2]/ul/li[@class='menu-item'][2]/a","Footer","HTML"
"Hyperlink","https://offlimits.co.in/collections/men-clothing","https://offlimits.co.in/policies/refund-policy","0","","Refund policy","0","Blocked by robots.txt","Crawlable","true","","","Root-Relative","//body/div[@id='nt_wrapper']/footer/div[@id='shopify-section-footer_bot']/div/div/div/div[2]/ul/li[@class='menu-item'][2]/a","Footer","HTML"
"Hyperlink","https://offlimits.co.in/collections/white-sneaker","https://offlimits.co.in/policies/refund-policy","0","","Refund policy","0","Blocked by robots.txt","Crawlable","true","","","Root-Relative","//body/div[@id='nt_wrapper']/footer/div[@id='shopify-section-footer_bot']/div/div/div/div[2]/ul/li[@class='menu-item'][2]/a","Footer","HTML"
"Hyperlink","https://offlimits.co.in/collections/women-track-suits","https://offlimits.co.in/policies/refund-policy","0","","Refund policy","0","Blocked by robots.txt","Crawlable","true","","","Root-Relative","//body/div[@id='nt_wrapper']/footer/div[@id='shopify-section-footer_bot']/div/div/div/div[2]/ul/li[@class='menu-item'][2]/a","Footer","HTML"
"Hyperlink","https://offlimits.co.in/collections/women-walking","https://offlimits.co.in/policies/refund-policy","0","","Refund policy","0","Blocked by robots.txt","Crawlable","true","","","Root-Relative","//body/div[@id='nt_wrapper']/footer/div[@id='shopify-section-footer_bot']/div/div/div/div[2]/ul/li[@class='menu-item'][2]/a","Footer","HTML"
"Hyperlink","https://offlimits.co.in/collections/new-arrivals","https://offlimits.co.in/policies/refund-policy","0","","Refund policy","0","Blocked by robots.txt","Crawlable","true","","","Root-Relative","//body/div[@id='nt_wrapper']/footer/div[@id='shopify-section-footer_bot']/div/div/div/div[2]/ul/li[@class='menu-item'][2]/a","Footer","HTML"
"Hyperlink","https://offlimits.co.in/collections/s-w-a-t-men","https://offlimits.co.in/policies/refund-policy","0","","Refund policy","0","Blocked by robots.txt","Crawlable","true","","","Root-Relative","//body/div[@id='nt_wrapper']/footer/div[@id='shopify-section-footer_bot']/div/div/div/div[2]/ul/li[@class='menu-item'][2]/a","Footer","HTML"
"Hyperlink","https://offlimits.co.in/collections/mens-bestsellers/products/sparta-pro-blue-orange-orm-795-03","https://offlimits.co.in/policies/refund-policy","0","","Refund policy","0","Blocked by robots.txt","Crawlable","true","","","Root-Relative","//body/div[@id='nt_wrapper']/footer/div[@id='shopify-section-footer_bot']/div/div/div/div[2]/ul/li[@class='menu-item'][2]/a","Footer","HTML"
"Hyperlink","https://offlimits.co.in/collections/men-track-suits","https://offlimits.co.in/policies/refund-policy","0","","Refund policy","0","Blocked by robots.txt","Crawlable","true","","","Root-Relative","//body/div[@id='nt_wrapper']/footer/div[@id='shopify-section-footer_bot']/div/div/div/div[2]/ul/li[@class='menu-item'][2]/a","Footer","HTML"
"Hyperlink","https://offlimits.co.in/collections/basketball-boots","https://offlimits.co.in/policies/refund-policy","0","","Refund policy","0","Blocked by robots.txt","Crawlable","true","","","Root-Relative","//body/div[@id='nt_wrapper']/footer/div[@id='shopify-section-footer_bot']/div/div/div/div[2]/ul/li[@class='menu-item'][2]/a","Footer","HTML"
"Hyperlink","https://offlimits.co.in/collections/men-shorts","https://offlimits.co.in/policies/refund-policy","0","","Refund policy","0","Blocked by robots.txt","Crawlable","true","","","Root-Relative","//body/div[@id='nt_wrapper']/footer/div[@id='shopify-section-footer_bot']/div/div/div/div[2]/ul/li[@class='menu-item'][2]/a","Footer","HTML"
"Hyperlink","https://offlimits.co.in/collections/men-sweatshirts","https://offlimits.co.in/policies/refund-policy","0","","Refund policy","0","Blocked by robots.txt","Crawlable","true","","","Root-Relative","//body/div[@id='nt_wrapper']/footer/div[@id='shopify-section-footer_bot']/div/div/div/div[2]/ul/li[@class='menu-item'][2]/a","Footer","HTML"
"Hyperlink","https://offlimits.co.in/pages/store-gallery","https://offlimits.co.in/policies/refund-policy","0","","Refund policy","0","Blocked by robots.txt","Crawlable","true","","","Root-Relative","//body/div[@id='nt_wrapper']/footer/div[@id='shopify-section-footer_bot']/div/div/div/div[2]/ul/li[@class='menu-item'][2]/a","Footer","HTML"
"Hyperlink","https://offlimits.co.in/pages/sitemap","https://offlimits.co.in/policies/refund-policy","0","","Refund policy","0","Blocked by robots.txt","Crawlable","true","","","Root-Relative","//body/div[@id='nt_wrapper']/footer/div[@id='shopify-section-footer_bot']/div/div/div/div[2]/ul/li[@class='menu-item'][2]/a","Footer","HTML"
"Hyperlink","https://offlimits.co.in/collections/casual-shoes-men","https://offlimits.co.in/policies/refund-policy","0","","Refund policy","0","Blocked by robots.txt","Crawlable","true","","","Root-Relative","//body/div[@id='nt_wrapper']/footer/div[@id='shopify-section-footer_bot']/div/div/div/div[2]/ul/li[@class='menu-item'][2]/a","Footer","HTML"
"Hyperlink","https://offlimits.co.in/collections/high-top-shoes-for-men","https://offlimits.co.in/policies/refund-policy","0","","Refund policy","0","Blocked by robots.txt","Crawlable","true","","","Root-Relative","//body/div[@id='nt_wrapper']/footer/div[@id='shopify-section-footer_bot']/div/div/div/div[2]/ul/li[@class='menu-item'][2]/a","Footer","HTML"
"Hyperlink","https://offlimits.co.in/collections/new-arrivals-2026/products/splash-mode-for-her-white-ocw-926-02","https://offlimits.co.in/policies/refund-policy","0","","Refund policy","0","Blocked by robots.txt","Crawlable","true","","","Root-Relative","//body/div[@id='nt_wrapper']/footer/div[@id='shopify-section-footer_bot']/div/div/div/div[2]/ul/li[@class='menu-item'][2]/a","Footer","HTML"
"Hyperlink","https://offlimits.co.in/collections/women-clothing","https://offlimits.co.in/policies/refund-policy","0","","Refund policy","0","Blocked by robots.txt","Crawlable","true","","","Root-Relative","//body/div[@id='nt_wrapper']/footer/div[@id='shopify-section-footer_bot']/div/div/div/div[2]/ul/li[@class='menu-item'][2]/a","Footer","HTML"
"Hyperlink","https://offlimits.co.in/pages/privacy-policy","https://offlimits.co.in/policies/refund-policy","0","","Refund policy","0","Blocked by robots.txt","Crawlable","true","","","Root-Relative","//body/div[@id='nt_wrapper']/footer/div[@id='shopify-section-footer_bot']/div/div/div/div[2]/ul/li[@class='menu-item'][2]/a","Footer","HTML"
"Hyperlink","https://offlimits.co.in/collections/women","https://offlimits.co.in/policies/refund-policy","0","","Refund policy","0","Blocked by robots.txt","Crawlable","true","","","Root-Relative","//body/div[@id='nt_wrapper']/footer/div[@id='shopify-section-footer_bot']/div/div/div/div[2]/ul/li[@class='menu-item'][2]/a","Footer","HTML"
"Hyperlink","https://offlimits.co.in/collections/men-running-shoes","https://offlimits.co.in/policies/refund-policy","0","","Refund policy","0","Blocked by robots.txt","Crawlable","true","","","Root-Relative","//body/div[@id='nt_wrapper']/footer/div[@id='shopify-section-footer_bot']/div/div/div/div[2]/ul/li[@class='menu-item'][2]/a","Footer","HTML"
"Hyperlink","https://offlimits.co.in/collections/new-arrivals-2026/products/coast-big-tall-off-white-yellow-purple-ocm-878-02","https://offlimits.co.in/policies/refund-policy","0","","Refund policy","0","Blocked by robots.txt","Crawlable","true","","","Root-Relative","//body/div[@id='nt_wrapper']/footer/div[@id='shopify-section-footer_bot']/div/div/div/div[2]/ul/li[@class='menu-item'][2]/a","Footer","HTML"
"Hyperlink","https://offlimits.co.in/collections/women-bestsellers","https://offlimits.co.in/policies/refund-policy","0","","Refund policy","0","Blocked by robots.txt","Crawlable","true","","","Root-Relative","//body/div[@id='nt_wrapper']/footer/div[@id='shopify-section-footer_bot']/div/div/div/div[2]/ul/li[@class='menu-item'][2]/a","Footer","HTML"
"Hyperlink","https://offlimits.co.in/collections/new-arrivals-2026/products/roger-select-black-silver-ocm-915-08","https://offlimits.co.in/policies/refund-policy","0","","Refund policy","0","Blocked by robots.txt","Crawlable","true","","","Root-Relative","//body/div[@id='nt_wrapper']/footer/div[@id='shopify-section-footer_bot']/div/div/div/div[2]/ul/li[@class='menu-item'][2]/a","Footer","HTML"
"Hyperlink","https://offlimits.co.in/collections/mens-bestsellers/products/baseline-23-milwaukee-bucks-beige-green-ocm-828-06","https://offlimits.co.in/policies/refund-policy","0","","Refund policy","0","Blocked by robots.txt","Crawlable","true","","","Root-Relative","//body/div[@id='nt_wrapper']/footer/div[@id='shopify-section-footer_bot']/div/div/div/div[2]/ul/li[@class='menu-item'][2]/a","Footer","HTML"
"Hyperlink","https://offlimits.co.in/collections/men-gym-training","https://offlimits.co.in/policies/refund-policy","0","","Refund policy","0","Blocked by robots.txt","Crawlable","true","","","Root-Relative","//body/div[@id='nt_wrapper']/footer/div[@id='shopify-section-footer_bot']/div/div/div/div[2]/ul/li[@class='menu-item'][2]/a","Footer","HTML"
"Hyperlink","https://offlimits.co.in/collections/women-running-gym","https://offlimits.co.in/policies/refund-policy","0","","Refund policy","0","Blocked by robots.txt","Crawlable","true","","","Root-Relative","//body/div[@id='nt_wrapper']/footer/div[@id='shopify-section-footer_bot']/div/div/div/div[2]/ul/li[@class='menu-item'][2]/a","Footer","HTML"
"Hyperlink","https://offlimits.co.in/collections/mens-bestsellers/products/unbound-teal-orm-855-06","https://offlimits.co.in/policies/refund-policy","0","","Refund policy","0","Blocked by robots.txt","Crawlable","true","","","Root-Relative","//body/div[@id='nt_wrapper']/footer/div[@id='shopify-section-footer_bot']/div/div/div/div[2]/ul/li[@class='menu-item'][2]/a","Footer","HTML"
"Hyperlink","https://offlimits.co.in/pages/return-exchange","https://offlimits.co.in/policies/refund-policy","0","","Refund policy","0","Blocked by robots.txt","Crawlable","true","","","Root-Relative","//body/div[@id='nt_wrapper']/footer/div[@id='shopify-section-footer_bot']/div/div/div/div[2]/ul/li[@class='menu-item'][2]/a","Footer","HTML"
"Hyperlink","https://offlimits.co.in/collections/white-shoes-for-men","https://offlimits.co.in/policies/refund-policy","0","","Refund policy","0","Blocked by robots.txt","Crawlable","true","","","Root-Relative","//body/div[@id='nt_wrapper']/footer/div[@id='shopify-section-footer_bot']/div/div/div/div[2]/ul/li[@class='menu-item'][2]/a","Footer","HTML"
"Hyperlink","https://offlimits.co.in/","https://offlimits.co.in/search","0","","","0","Blocked by robots.txt","Crawlable","true","","","Root-Relative","//body/div[@id='nt_wrapper']/header/div/div/div/div/div/div[1]/div/div/a[1]","Header","HTML"
"Hyperlink","https://offlimits.co.in/","https://offlimits.co.in/search","0","","","0","Blocked by robots.txt","Crawlable","true","","","Root-Relative","//body/div[@id='nt_wrapper']/header/div/div/div/div/div/div[4]/div/a[1]","Header","HTML"
"Hyperlink","https://offlimits.co.in/collections/mens-bestsellers/products/gladiator-off-white-orm-661-02","https://offlimits.co.in/search","0","","","0","Blocked by robots.txt","Crawlable","true","","","Root-Relative","//body/div[@id='nt_wrapper']/header/div/div/div/div/div/div[1]/div/div/a[1]","Header","HTML"
"Hyperlink","https://offlimits.co.in/collections/mens-bestsellers/products/gladiator-off-white-orm-661-02","https://offlimits.co.in/search","0","","","0","Blocked by robots.txt","Crawlable","true","","","Root-Relative","//body/div[@id='nt_wrapper']/header/div/div/div/div/div/div[4]/div/a[1]","Header","HTML"
"Hyperlink","https://offlimits.co.in/collections/men-clothing","https://offlimits.co.in/search","0","","","0","Blocked by robots.txt","Crawlable","true","","","Root-Relative","//body/div[@id='nt_wrapper']/header/div/div/div/div/div/div[1]/div/div/a[1]","Header","HTML"
"Hyperlink","https://offlimits.co.in/collections/men-clothing","https://offlimits.co.in/search","0","","","0","Blocked by robots.txt","Crawlable","true","","","Root-Relative","//body/div[@id='nt_wrapper']/header/div/div/div/div/div/div[4]/div/a[1]","Header","HTML"
"Hyperlink","https://offlimits.co.in/collections/white-sneaker","https://offlimits.co.in/search","0","","","0","Blocked by robots.txt","Crawlable","true","","","Root-Relative","//body/div[@id='nt_wrapper']/header/div/div/div/div/div/div[1]/div/div/a[1]","Header","HTML"
"Hyperlink","https://offlimits.co.in/collections/white-sneaker","https://offlimits.co.in/search","0","","","0","Blocked by robots.txt","Crawlable","true","","","Root-Relative","//body/div[@id='nt_wrapper']/header/div/div/div/div/div/div[4]/div/a[1]","Header","HTML"
"Hyperlink","https://offlimits.co.in/collections/women-track-suits","https://offlimits.co.in/search","0","","","0","Blocked by robots.txt","Crawlable","true","","","Root-Relative","//body/div[@id='nt_wrapper']/header/div/div/div/div/div/div[1]/div/div/a[1]","Header","HTML"
"Hyperlink","https://offlimits.co.in/collections/women-track-suits","https://offlimits.co.in/search","0","","","0","Blocked by robots.txt","Crawlable","true","","","Root-Relative","//body/div[@id='nt_wrapper']/header/div/div/div/div/div/div[4]/div/a[1]","Header","HTML"
"Hyperlink","https://offlimits.co.in/collections/women-walking","https://offlimits.co.in/search","0","","","0","Blocked by robots.txt","Crawlable","true","","","Root-Relative","//body/div[@id='nt_wrapper']/header/div/div/div/div/div/div[1]/div/div/a[1]","Header","HTML"
"Hyperlink","https://offlimits.co.in/collections/women-walking","https://offlimits.co.in/search","0","","","0","Blocked by robots.txt","Crawlable","true","","","Root-Relative","//body/div[@id='nt_wrapper']/header/div/div/div/div/div/div[4]/div/a[1]","Header","HTML"
"Hyperlink","https://offlimits.co.in/collections/new-arrivals","https://offlimits.co.in/search","0","","","0","Blocked by robots.txt","Crawlable","true","","","Root-Relative","//body/div[@id='nt_wrapper']/header/div/div/div/div/div/div[1]/div/div/a[1]","Header","HTML"
"Hyperlink","https://offlimits.co.in/collections/new-arrivals","https://offlimits.co.in/search","0","","","0","Blocked by robots.txt","Crawlable","true","","","Root-Relative","//body/div[@id='nt_wrapper']/header/div/div/div/div/div/div[4]/div/a[1]","Header","HTML"
"Hyperlink","https://offlimits.co.in/collections/s-w-a-t-men","https://offlimits.co.in/search","0","","","0","Blocked by robots.txt","Crawlable","true","","","Root-Relative","//body/div[@id='nt_wrapper']/header/div/div/div/div/div/div[1]/div/div/a[1]","Header","HTML"
"Hyperlink","https://offlimits.co.in/collections/s-w-a-t-men","https://offlimits.co.in/search","0","","","0","Blocked by robots.txt","Crawlable","true","","","Root-Relative","//body/div[@id='nt_wrapper']/header/div/div/div/div/div/div[4]/div/a[1]","Header","HTML"
"Hyperlink","https://offlimits.co.in/collections/mens-bestsellers/products/sparta-pro-blue-orange-orm-795-03","https://offlimits.co.in/search","0","","","0","Blocked by robots.txt","Crawlable","true","","","Root-Relative","//body/div[@id='nt_wrapper']/header/div/div/div/div/div/div[1]/div/div/a[1]","Header","HTML"
"Hyperlink","https://offlimits.co.in/collections/mens-bestsellers/products/sparta-pro-blue-orange-orm-795-03","https://offlimits.co.in/search","0","","","0","Blocked by robots.txt","Crawlable","true","","","Root-Relative","//body/div[@id='nt_wrapper']/header/div/div/div/div/div/div[4]/div/a[1]","Header","HTML"
"Hyperlink","https://offlimits.co.in/collections/men-track-suits","https://offlimits.co.in/search","0","","","0","Blocked by robots.txt","Crawlable","true","","","Root-Relative","//body/div[@id='nt_wrapper']/header/div/div/div/div/div/div[1]/div/div/a[1]","Header","HTML"
"Hyperlink","https://offlimits.co.in/collections/men-track-suits","https://offlimits.co.in/search","0","","","0","Blocked by robots.txt","Crawlable","true","","","Root-Relative","//body/div[@id='nt_wrapper']/header/div/div/div/div/div/div[4]/div/a[1]","Header","HTML"
"Hyperlink","https://offlimits.co.in/collections/basketball-boots","https://offlimits.co.in/search","0","","","0","Blocked by robots.txt","Crawlable","true","","","Root-Relative","//body/div[@id='nt_wrapper']/header/div/div/div/div/div/div[1]/div/div/a[1]","Header","HTML"
"Hyperlink","https://offlimits.co.in/collections/basketball-boots","https://offlimits.co.in/search","0","","","0","Blocked by robots.txt","Crawlable","true","","","Root-Relative","//body/div[@id='nt_wrapper']/header/div/div/div/div/div/div[4]/div/a[1]","Header","HTML"
"Hyperlink","https://offlimits.co.in/collections/men-shorts","https://offlimits.co.in/search","0","","","0","Blocked by robots.txt","Crawlable","true","","","Root-Relative","//body/div[@id='nt_wrapper']/header/div/div/div/div/div/div[1]/div/div/a[1]","Header","HTML"
"Hyperlink","https://offlimits.co.in/collections/men-shorts","https://offlimits.co.in/search","0","","","0","Blocked by robots.txt","Crawlable","true","","","Root-Relative","//body/div[@id='nt_wrapper']/header/div/div/div/div/div/div[4]/div/a[1]","Header","HTML"
"Hyperlink","https://offlimits.co.in/collections/men-sweatshirts","https://offlimits.co.in/search","0","","","0","Blocked by robots.txt","Crawlable","true","","","Root-Relative","//body/div[@id='nt_wrapper']/header/div/div/div/div/div/div[1]/div/div/a[1]","Header","HTML"
"Hyperlink","https://offlimits.co.in/collections/men-sweatshirts","https://offlimits.co.in/search","0","","","0","Blocked by robots.txt","Crawlable","true","","","Root-Relative","//body/div[@id='nt_wrapper']/header/div/div/div/div/div/div[4]/div/a[1]","Header","HTML"
"Hyperlink","https://offlimits.co.in/pages/store-gallery","https://offlimits.co.in/search","0","","","0","Blocked by robots.txt","Crawlable","true","","","Root-Relative","//body/div[@id='nt_wrapper']/header/div/div/div/div/div/div[1]/div/div/a[1]","Header","HTML"
"Hyperlink","https://offlimits.co.in/pages/store-gallery","https://offlimits.co.in/search","0","","","0","Blocked by robots.txt","Crawlable","true","","","Root-Relative","//body/div[@id='nt_wrapper']/header/div/div/div/div/div/div[4]/div/a[1]","Header","HTML"
"Hyperlink","https://offlimits.co.in/pages/sitemap","https://offlimits.co.in/search","0","","","0","Blocked by robots.txt","Crawlable","true","","","Root-Relative","//body/div[@id='nt_wrapper']/header/div/div/div/div/div/div[1]/div/div/a[1]","Header","HTML"
"Hyperlink","https://offlimits.co.in/pages/sitemap","https://offlimits.co.in/search","0","","","0","Blocked by robots.txt","Crawlable","true","","","Root-Relative","//body/div[@id='nt_wrapper']/header/div/div/div/div/div/div[4]/div/a[1]","Header","HTML"
"Hyperlink","https://offlimits.co.in/collections/casual-shoes-men","https://offlimits.co.in/search","0","","","0","Blocked by robots.txt","Crawlable","true","","","Root-Relative","//body/div[@id='nt_wrapper']/header/div/div/div/div/div/div[1]/div/div/a[1]","Header","HTML"
"Hyperlink","https://offlimits.co.in/collections/casual-shoes-men","https://offlimits.co.in/search","0","","","0","Blocked by robots.txt","Crawlable","true","","","Root-Relative","//body/div[@id='nt_wrapper']/header/div/div/div/div/div/div[4]/div/a[1]","Header","HTML"
"Hyperlink","https://offlimits.co.in/collections/high-top-shoes-for-men","https://offlimits.co.in/search","0","","","0","Blocked by robots.txt","Crawlable","true","","","Root-Relative","//body/div[@id='nt_wrapper']/header/div/div/div/div/div/div[1]/div/div/a[1]","Header","HTML"
"Hyperlink","https://offlimits.co.in/collections/high-top-shoes-for-men","https://offlimits.co.in/search","0","","","0","Blocked by robots.txt","Crawlable","true","","","Root-Relative","//body/div[@id='nt_wrapper']/header/div/div/div/div/div/div[4]/div/a[1]","Header","HTML"
"Hyperlink","https://offlimits.co.in/collections/new-arrivals-2026/products/splash-mode-for-her-white-ocw-926-02","https://offlimits.co.in/search","0","","","0","Blocked by robots.txt","Crawlable","true","","","Root-Relative","//body/div[@id='nt_wrapper']/header/div/div/div/div/div/div[1]/div/div/a[1]","Header","HTML"
"Hyperlink","https://offlimits.co.in/collections/new-arrivals-2026/products/splash-mode-for-her-white-ocw-926-02","https://offlimits.co.in/search","0","","","0","Blocked by robots.txt","Crawlable","true","","","Root-Relative","//body/div[@id='nt_wrapper']/header/div/div/div/div/div/div[4]/div/a[1]","Header","HTML"
"Hyperlink","https://offlimits.co.in/collections/women-clothing","https://offlimits.co.in/search","0","","","0","Blocked by robots.txt","Crawlable","true","","","Root-Relative","//body/div[@id='nt_wrapper']/header/div/div/div/div/div/div[1]/div/div/a[1]","Header","HTML"
"Hyperlink","https://offlimits.co.in/collections/women-clothing","https://offlimits.co.in/search","0","","","0","Blocked by robots.txt","Crawlable","true","","","Root-Relative","//body/div[@id='nt_wrapper']/header/div/div/div/div/div/div[4]/div/a[1]","Header","HTML"
"Hyperlink","https://offlimits.co.in/pages/privacy-policy","https://offlimits.co.in/search","0","","","0","Blocked by robots.txt","Crawlable","true","","","Root-Relative","//body/div[@id='nt_wrapper']/header/div/div/div/div/div/div[1]/div/div/a[1]","Header","HTML"
"Hyperlink","https://offlimits.co.in/pages/privacy-policy","https://offlimits.co.in/search","0","","","0","Blocked by robots.txt","Crawlable","true","","","Root-Relative","//body/div[@id='nt_wrapper']/header/div/div/div/div/div/div[4]/div/a[1]","Header","HTML"
"Hyperlink","https://offlimits.co.in/collections/women","https://offlimits.co.in/search","0","","","0","Blocked by robots.txt","Crawlable","true","","","Root-Relative","//body/div[@id='nt_wrapper']/header/div/div/div/div/div/div[1]/div/div/a[1]","Header","HTML"
"Hyperlink","https://offlimits.co.in/collections/women","https://offlimits.co.in/search","0","","","0","Blocked by robots.txt","Crawlable","true","","","Root-Relative","//body/div[@id='nt_wrapper']/header/div/div/div/div/div/div[4]/div/a[1]","Header","HTML"
"Hyperlink","https://offlimits.co.in/collections/men-running-shoes","https://offlimits.co.in/search","0","","","0","Blocked by robots.txt","Crawlable","true","","","Root-Relative","//body/div[@id='nt_wrapper']/header/div/div/div/div/div/div[1]/div/div/a[1]","Header","HTML"
"Hyperlink","https://offlimits.co.in/collections/men-running-shoes","https://offlimits.co.in/search","0","","","0","Blocked by robots.txt","Crawlable","true","","","Root-Relative","//body/div[@id='nt_wrapper']/header/div/div/div/div/div/div[4]/div/a[1]","Header","HTML"
"Hyperlink","https://offlimits.co.in/collections/new-arrivals-2026/products/coast-big-tall-off-white-yellow-purple-ocm-878-02","https://offlimits.co.in/search","0","","","0","Blocked by robots.txt","Crawlable","true","","","Root-Relative","//body/div[@id='nt_wrapper']/header/div/div/div/div/div/div[1]/div/div/a[1]","Header","HTML"
"Hyperlink","https://offlimits.co.in/collections/new-arrivals-2026/products/coast-big-tall-off-white-yellow-purple-ocm-878-02","https://offlimits.co.in/search","0","","","0","Blocked by robots.txt","Crawlable","true","","","Root-Relative","//body/div[@id='nt_wrapper']/header/div/div/div/div/div/div[4]/div/a[1]","Header","HTML"
"Hyperlink","https://offlimits.co.in/collections/women-bestsellers","https://offlimits.co.in/search","0","","","0","Blocked by robots.txt","Crawlable","true","","","Root-Relative","//body/div[@id='nt_wrapper']/header/div/div/div/div/div/div[1]/div/div/a[1]","Header","HTML"
"Hyperlink","https://offlimits.co.in/collections/women-bestsellers","https://offlimits.co.in/search","0","","","0","Blocked by robots.txt","Crawlable","true","","","Root-Relative","//body/div[@id='nt_wrapper']/header/div/div/div/div/div/div[4]/div/a[1]","Header","HTML"
"Hyperlink","https://offlimits.co.in/collections/new-arrivals-2026/products/roger-select-black-silver-ocm-915-08","https://offlimits.co.in/search","0","","","0","Blocked by robots.txt","Crawlable","true","","","Root-Relative","//body/div[@id='nt_wrapper']/header/div/div/div/div/div/div[1]/div/div/a[1]","Header","HTML"
"Hyperlink","https://offlimits.co.in/collections/new-arrivals-2026/products/roger-select-black-silver-ocm-915-08","https://offlimits.co.in/search","0","","","0","Blocked by robots.txt","Crawlable","true","","","Root-Relative","//body/div[@id='nt_wrapper']/header/div/div/div/div/div/div[4]/div/a[1]","Header","HTML"
"Hyperlink","https://offlimits.co.in/collections/mens-bestsellers/products/baseline-23-milwaukee-bucks-beige-green-ocm-828-06","https://offlimits.co.in/search","0","","","0","Blocked by robots.txt","Crawlable","true","","","Root-Relative","//body/div[@id='nt_wrapper']/header/div/div/div/div/div/div[1]/div/div/a[1]","Header","HTML"
"Hyperlink","https://offlimits.co.in/collections/mens-bestsellers/products/baseline-23-milwaukee-bucks-beige-green-ocm-828-06","https://offlimits.co.in/search","0","","","0","Blocked by robots.txt","Crawlable","true","","","Root-Relative","//body/div[@id='nt_wrapper']/header/div/div/div/div/div/div[4]/div/a[1]","Header","HTML"
"Hyperlink","https://offlimits.co.in/collections/men-gym-training","https://offlimits.co.in/search","0","","","0","Blocked by robots.txt","Crawlable","true","","","Root-Relative","//body/div[@id='nt_wrapper']/header/div/div/div/div/div/div[1]/div/div/a[1]","Header","HTML"
"Hyperlink","https://offlimits.co.in/collections/men-gym-training","https://offlimits.co.in/search","0","","","0","Blocked by robots.txt","Crawlable","true","","","Root-Relative","//body/div[@id='nt_wrapper']/header/div/div/div/div/div/div[4]/div/a[1]","Header","HTML"
"Hyperlink","https://offlimits.co.in/collections/women-running-gym","https://offlimits.co.in/search","0","","","0","Blocked by robots.txt","Crawlable","true","","","Root-Relative","//body/div[@id='nt_wrapper']/header/div/div/div/div/div/div[1]/div/div/a[1]","Header","HTML"
"Hyperlink","https://offlimits.co.in/collections/women-running-gym","https://offlimits.co.in/search","0","","","0","Blocked by robots.txt","Crawlable","true","","","Root-Relative","//body/div[@id='nt_wrapper']/header/div/div/div/div/div/div[4]/div/a[1]","Header","HTML"
"Hyperlink","https://offlimits.co.in/collections/mens-bestsellers/products/unbound-teal-orm-855-06","https://offlimits.co.in/search","0","","","0","Blocked by robots.txt","Crawlable","true","","","Root-Relative","//body/div[@id='nt_wrapper']/header/div/div/div/div/div/div[1]/div/div/a[1]","Header","HTML"
"Hyperlink","https://offlimits.co.in/collections/mens-bestsellers/products/unbound-teal-orm-855-06","https://offlimits.co.in/search","0","","","0","Blocked by robots.txt","Crawlable","true","","","Root-Relative","//body/div[@id='nt_wrapper']/header/div/div/div/div/div/div[4]/div/a[1]","Header","HTML"
"Hyperlink","https://offlimits.co.in/pages/return-exchange","https://offlimits.co.in/search","0","","","0","Blocked by robots.txt","Crawlable","true","","","Root-Relative","//body/div[@id='nt_wrapper']/header/div/div/div/div/div/div[1]/div/div/a[1]","Header","HTML"
"Hyperlink","https://offlimits.co.in/pages/return-exchange","https://offlimits.co.in/search","0","","","0","Blocked by robots.txt","Crawlable","true","","","Root-Relative","//body/div[@id='nt_wrapper']/header/div/div/div/div/div/div[4]/div/a[1]","Header","HTML"
"Hyperlink","https://offlimits.co.in/collections/white-shoes-for-men","https://offlimits.co.in/search","0","","","0","Blocked by robots.txt","Crawlable","true","","","Root-Relative","//body/div[@id='nt_wrapper']/header/div/div/div/div/div/div[1]/div/div/a[1]","Header","HTML"
"Hyperlink","https://offlimits.co.in/collections/white-shoes-for-men","https://offlimits.co.in/search","0","","","0","Blocked by robots.txt","Crawlable","true","","","Root-Relative","//body/div[@id='nt_wrapper']/header/div/div/div/div/div/div[4]/div/a[1]","Header","HTML"
"Hyperlink","https://offlimits.co.in/collections/mens-bestsellers/products/gladiator-off-white-orm-661-02","https://offlimits.co.in/policies/shipping-policy","0","","Shipping","0","Blocked by robots.txt","Crawlable","true","","","Root-Relative","//body/div[@id='nt_wrapper']/div[@id='nt_content']/div/div[1]/div[@id='product-7653984043101']/div/div/div[2]/div/div[@id='shopify-section-pr_summary']/div[2]/a","Content","HTML"
"Hyperlink","https://offlimits.co.in/collections/mens-bestsellers/products/sparta-pro-blue-orange-orm-795-03","https://offlimits.co.in/policies/shipping-policy","0","","Shipping","0","Blocked by robots.txt","Crawlable","true","","","Root-Relative","//body/div[@id='nt_wrapper']/div[@id='nt_content']/div/div[1]/div[@id='product-8129014792285']/div/div/div[2]/div/div[@id='shopify-section-pr_summary']/div[2]/a","Content","HTML"
"Hyperlink","https://offlimits.co.in/collections/new-arrivals-2026/products/splash-mode-for-her-white-ocw-926-02","https://offlimits.co.in/policies/shipping-policy","0","","Shipping","0","Blocked by robots.txt","Crawlable","true","","","Root-Relative","//body/div[@id='nt_wrapper']/div[@id='nt_content']/div/div[1]/div[@id='product-8151397269597']/div/div/div[2]/div/div[@id='shopify-section-pr_summary']/div[2]/a","Content","HTML"
"Hyperlink","https://offlimits.co.in/collections/new-arrivals-2026/products/coast-big-tall-off-white-yellow-purple-ocm-878-02","https://offlimits.co.in/policies/shipping-policy","0","","Shipping","0","Blocked by robots.txt","Crawlable","true","","","Root-Relative","//body/div[@id='nt_wrapper']/div[@id='nt_content']/div/div[1]/div[@id='product-8185248022621']/div/div/div[2]/div/div[@id='shopify-section-pr_summary']/div[2]/a","Content","HTML"
"Hyperlink","https://offlimits.co.in/collections/new-arrivals-2026/products/roger-select-black-silver-ocm-915-08","https://offlimits.co.in/policies/shipping-policy","0","","Shipping","0","Blocked by robots.txt","Crawlable","true","","","Root-Relative","//body/div[@id='nt_wrapper']/div[@id='nt_content']/div/div[1]/div[@id='product-8169024028765']/div/div/div[2]/div/div[@id='shopify-section-pr_summary']/div[2]/a","Content","HTML"
"Hyperlink","https://offlimits.co.in/collections/mens-bestsellers/products/baseline-23-milwaukee-bucks-beige-green-ocm-828-06","https://offlimits.co.in/policies/shipping-policy","0","","Shipping","0","Blocked by robots.txt","Crawlable","true","","","Root-Relative","//body/div[@id='nt_wrapper']/div[@id='nt_content']/div/div[1]/div[@id='product-8143136686173']/div/div/div[2]/div/div[@id='shopify-section-pr_summary']/div[2]/a","Content","HTML"
"Hyperlink","https://offlimits.co.in/collections/mens-bestsellers/products/unbound-teal-orm-855-06","https://offlimits.co.in/policies/shipping-policy","0","","Shipping","0","Blocked by robots.txt","Crawlable","true","","","Root-Relative","//body/div[@id='nt_wrapper']/div[@id='nt_content']/div/div[1]/div[@id='product-8079113388125']/div/div/div[2]/div/div[@id='shopify-section-pr_summary']/div[2]/a","Content","HTML"
"Hyperlink","https://offlimits.co.in/collections/men-clothing","https://offlimits.co.in/collections/men-clothing?sort_by=price-descending","0","","Price, High to Low","0","Blocked by robots.txt","Crawlable","true","","","Absolute","//body/div[@id='nt_wrapper']/div[@id='nt_content']/div[3]/div[1]/div[3]/div[2]/div/div[2]/a[@class='truncate'][3]","Content","HTML"
"Hyperlink","https://offlimits.co.in/collections/men-clothing","https://offlimits.co.in/collections/men-clothing?sort_by=price-ascending","0","","Price, Low to High","0","Blocked by robots.txt","Crawlable","true","","","Absolute","//body/div[@id='nt_wrapper']/div[@id='nt_content']/div[3]/div[1]/div[3]/div[2]/div/div[2]/a[@class='truncate'][4]","Content","HTML"
"Hyperlink","https://offlimits.co.in/collections/men-clothing","https://offlimits.co.in/collections/men-clothing?sort_by=best-selling","0","","Best Sellers","0","Blocked by robots.txt","Crawlable","true","","","Absolute","//body/div[@id='nt_wrapper']/div[@id='nt_content']/div[3]/div[1]/div[3]/div[2]/div/div[2]/a[@class='truncate'][2]","Content","HTML"
"Hyperlink","https://offlimits.co.in/collections/white-sneaker","https://offlimits.co.in/collections/white-sneaker?sort_by=price-descending","0","","Price, High to Low","0","Blocked by robots.txt","Crawlable","true","","","Absolute","//body/div[@id='nt_wrapper']/div[@id='nt_content']/div[3]/div[1]/div[3]/div[2]/div/div[2]/a[@class='truncate'][3]","Content","HTML"
"Hyperlink","https://offlimits.co.in/collections/white-sneaker","https://offlimits.co.in/collections/white-sneaker?sort_by=price-ascending","0","","Price, Low to High","0","Blocked by robots.txt","Crawlable","true","","","Absolute","//body/div[@id='nt_wrapper']/div[@id='nt_content']/div[3]/div[1]/div[3]/div[2]/div/div[2]/a[@class='truncate'][4]","Content","HTML"
"Hyperlink","https://offlimits.co.in/collections/white-sneaker","https://offlimits.co.in/collections/white-sneaker?sort_by=best-selling","0","","Best Sellers","0","Blocked by robots.txt","Crawlable","true","","","Absolute","//body/div[@id='nt_wrapper']/div[@id='nt_content']/div[3]/div[1]/div[3]/div[2]/div/div[2]/a[@class='truncate'][2]","Content","HTML"
"Hyperlink","https://offlimits.co.in/collections/women-track-suits","https://offlimits.co.in/collections/women-track-suits?sort_by=price-ascending","0","","Price, Low to High","0","Blocked by robots.txt","Crawlable","true","","","Absolute","//body/div[@id='nt_wrapper']/div[@id='nt_content']/div[3]/div[1]/div[3]/div[2]/div/div[2]/a[@class='truncate'][4]","Content","HTML"
"Hyperlink","https://offlimits.co.in/collections/women-track-suits","https://offlimits.co.in/collections/women-track-suits?sort_by=price-descending","0","","Price, High to Low","0","Blocked by robots.txt","Crawlable","true","","","Absolute","//body/div[@id='nt_wrapper']/div[@id='nt_content']/div[3]/div[1]/div[3]/div[2]/div/div[2]/a[@class='truncate'][3]","Content","HTML"
"Hyperlink","https://offlimits.co.in/collections/women-track-suits","https://offlimits.co.in/collections/women-track-suits?sort_by=best-selling","0","","Best Sellers","0","Blocked by robots.txt","Crawlable","true","","","Absolute","//body/div[@id='nt_wrapper']/div[@id='nt_content']/div[3]/div[1]/div[3]/div[2]/div/div[2]/a[@class='truncate'][2]","Content","HTML"
"Hyperlink","https://offlimits.co.in/collections/women-walking","https://offlimits.co.in/collections/women-walking?sort_by=price-ascending","0","","Price, Low to High","0","Blocked by robots.txt","Crawlable","true","","","Absolute","//body/div[@id='nt_wrapper']/div[@id='nt_content']/div[3]/div[1]/div[3]/div[2]/div/div[2]/a[@class='truncate'][4]","Content","HTML"
"Hyperlink","https://offlimits.co.in/collections/women-walking","https://offlimits.co.in/collections/women-walking?sort_by=best-selling","0","","Best Sellers","0","Blocked by robots.txt","Crawlable","true","","","Absolute","//body/div[@id='nt_wrapper']/div[@id='nt_content']/div[3]/div[1]/div[3]/div[2]/div/div[2]/a[@class='truncate'][2]","Content","HTML"
"Hyperlink","https://offlimits.co.in/collections/women-walking","https://offlimits.co.in/collections/women-walking?sort_by=price-descending","0","","Price, High to Low","0","Blocked by robots.txt","Crawlable","true","","","Absolute","//body/div[@id='nt_wrapper']/div[@id='nt_content']/div[3]/div[1]/div[3]/div[2]/div/div[2]/a[@class='truncate'][3]","Content","HTML"
"Hyperlink","https://offlimits.co.in/collections/new-arrivals","https://offlimits.co.in/collections/new-arrivals?sort_by=best-selling","0","","Best Sellers","0","Blocked by robots.txt","Crawlable","true","","","Absolute","//body/div[@id='nt_wrapper']/div[@id='nt_content']/div[3]/div[1]/div[3]/div[2]/div/div[2]/a[@class='truncate'][2]","Content","HTML"
"Hyperlink","https://offlimits.co.in/collections/new-arrivals","https://offlimits.co.in/collections/new-arrivals?sort_by=price-ascending","0","","Price, Low to High","0","Blocked by robots.txt","Crawlable","true","","","Absolute","//body/div[@id='nt_wrapper']/div[@id='nt_content']/div[3]/div[1]/div[3]/div[2]/div/div[2]/a[@class='truncate'][4]","Content","HTML"
"Hyperlink","https://offlimits.co.in/collections/new-arrivals","https://offlimits.co.in/collections/new-arrivals?sort_by=price-descending","0","","Price, High to Low","0","Blocked by robots.txt","Crawlable","true","","","Absolute","//body/div[@id='nt_wrapper']/div[@id='nt_content']/div[3]/div[1]/div[3]/div[2]/div/div[2]/a[@class='truncate'][3]","Content","HTML"
"Hyperlink","https://offlimits.co.in/collections/s-w-a-t-men","https://offlimits.co.in/collections/s-w-a-t-men?sort_by=price-descending","0","","Price, High to Low","0","Blocked by robots.txt","Crawlable","true","","","Absolute","//body/div[@id='nt_wrapper']/div[@id='nt_content']/div[3]/div[1]/div[3]/div[2]/div/div[2]/a[@class='truncate'][3]","Content","HTML"
"Hyperlink","https://offlimits.co.in/collections/s-w-a-t-men","https://offlimits.co.in/collections/s-w-a-t-men?sort_by=best-selling","0","","Best Sellers","0","Blocked by robots.txt","Crawlable","true","","","Absolute","//body/div[@id='nt_wrapper']/div[@id='nt_content']/div[3]/div[1]/div[3]/div[2]/div/div[2]/a[@class='truncate'][2]","Content","HTML"
"Hyperlink","https://offlimits.co.in/collections/s-w-a-t-men","https://offlimits.co.in/collections/s-w-a-t-men?sort_by=price-ascending","0","","Price, Low to High","0","Blocked by robots.txt","Crawlable","true","","","Absolute","//body/div[@id='nt_wrapper']/div[@id='nt_content']/div[3]/div[1]/div[3]/div[2]/div/div[2]/a[@class='truncate'][4]","Content","HTML"
"Hyperlink","https://offlimits.co.in/collections/men-track-suits","https://offlimits.co.in/collections/men-track-suits?sort_by=price-ascending","0","","Price, Low to High","0","Blocked by robots.txt","Crawlable","true","","","Absolute","//body/div[@id='nt_wrapper']/div[@id='nt_content']/div[3]/div[1]/div[3]/div[2]/div/div[2]/a[@class='truncate'][4]","Content","HTML"
"Hyperlink","https://offlimits.co.in/collections/men-track-suits","https://offlimits.co.in/collections/men-track-suits?sort_by=price-descending","0","","Price, High to Low","0","Blocked by robots.txt","Crawlable","true","","","Absolute","//body/div[@id='nt_wrapper']/div[@id='nt_content']/div[3]/div[1]/div[3]/div[2]/div/div[2]/a[@class='truncate'][3]","Content","HTML"
"Hyperlink","https://offlimits.co.in/collections/men-track-suits","https://offlimits.co.in/collections/men-track-suits?sort_by=best-selling","0","","Best Sellers","0","Blocked by robots.txt","Crawlable","true","","","Absolute","//body/div[@id='nt_wrapper']/div[@id='nt_content']/div[3]/div[1]/div[3]/div[2]/div/div[2]/a[@class='truncate'][2]","Content","HTML"
"Hyperlink","https://offlimits.co.in/collections/basketball-boots","https://offlimits.co.in/collections/basketball-boots?sort_by=price-descending","0","","Price, High to Low","0","Blocked by robots.txt","Crawlable","true","","","Absolute","//body/div[@id='nt_wrapper']/div[@id='nt_content']/div[3]/div[1]/div[3]/div[2]/div/div[2]/a[@class='truncate'][3]","Content","HTML"
"Hyperlink","https://offlimits.co.in/collections/basketball-boots","https://offlimits.co.in/collections/basketball-boots?sort_by=price-ascending","0","","Price, Low to High","0","Blocked by robots.txt","Crawlable","true","","","Absolute","//body/div[@id='nt_wrapper']/div[@id='nt_content']/div[3]/div[1]/div[3]/div[2]/div/div[2]/a[@class='truncate'][4]","Content","HTML"
"Hyperlink","https://offlimits.co.in/collections/basketball-boots","https://offlimits.co.in/collections/basketball-boots?sort_by=best-selling","0","","Best Sellers","0","Blocked by robots.txt","Crawlable","true","","","Absolute","//body/div[@id='nt_wrapper']/div[@id='nt_content']/div[3]/div[1]/div[3]/div[2]/div/div[2]/a[@class='truncate'][2]","Content","HTML"
"Hyperlink","https://offlimits.co.in/collections/men-shorts","https://offlimits.co.in/collections/men-shorts?sort_by=best-selling","0","","Best Sellers","0","Blocked by robots.txt","Crawlable","true","","","Absolute","//body/div[@id='nt_wrapper']/div[@id='nt_content']/div[3]/div[1]/div[3]/div[2]/div/div[2]/a[@class='truncate'][2]","Content","HTML"
"Hyperlink","https://offlimits.co.in/collections/men-shorts","https://offlimits.co.in/collections/men-shorts?sort_by=price-ascending","0","","Price, Low to High","0","Blocked by robots.txt","Crawlable","true","","","Absolute","//body/div[@id='nt_wrapper']/div[@id='nt_content']/div[3]/div[1]/div[3]/div[2]/div/div[2]/a[@class='truncate'][4]","Content","HTML"
"Hyperlink","https://offlimits.co.in/collections/men-shorts","https://offlimits.co.in/collections/men-shorts?sort_by=price-descending","0","","Price, High to Low","0","Blocked by robots.txt","Crawlable","true","","","Absolute","//body/div[@id='nt_wrapper']/div[@id='nt_content']/div[3]/div[1]/div[3]/div[2]/div/div[2]/a[@class='truncate'][3]","Content","HTML"
"Hyperlink","https://offlimits.co.in/collections/men-sweatshirts","https://offlimits.co.in/collections/men-sweatshirts?sort_by=best-selling","0","","Best Sellers","0","Blocked by robots.txt","Crawlable","true","","","Absolute","//body/div[@id='nt_wrapper']/div[@id='nt_content']/div[3]/div[1]/div[3]/div[2]/div/div[2]/a[@class='truncate'][2]","Content","HTML"
"Hyperlink","https://offlimits.co.in/collections/men-sweatshirts","https://offlimits.co.in/collections/men-sweatshirts?sort_by=price-ascending","0","","Price, Low to High","0","Blocked by robots.txt","Crawlable","true","","","Absolute","//body/div[@id='nt_wrapper']/div[@id='nt_content']/div[3]/div[1]/div[3]/div[2]/div/div[2]/a[@class='truncate'][4]","Content","HTML"
"Hyperlink","https://offlimits.co.in/collections/men-sweatshirts","https://offlimits.co.in/collections/men-sweatshirts?sort_by=price-descending","0","","Price, High to Low","0","Blocked by robots.txt","Crawlable","true","","","Absolute","//body/div[@id='nt_wrapper']/div[@id='nt_content']/div[3]/div[1]/div[3]/div[2]/div/div[2]/a[@class='truncate'][3]","Content","HTML"
"Hyperlink","https://offlimits.co.in/collections/casual-shoes-men","https://offlimits.co.in/collections/casual-shoes-men?sort_by=price-ascending","0","","Price, Low to High","0","Blocked by robots.txt","Crawlable","true","","","Absolute","//body/div[@id='nt_wrapper']/div[@id='nt_content']/div[3]/div[1]/div[3]/div[2]/div/div[2]/a[@class='truncate'][4]","Content","HTML"
"Hyperlink","https://offlimits.co.in/collections/casual-shoes-men","https://offlimits.co.in/collections/casual-shoes-men?sort_by=best-selling","0","","Best Sellers","0","Blocked by robots.txt","Crawlable","true","","","Absolute","//body/div[@id='nt_wrapper']/div[@id='nt_content']/div[3]/div[1]/div[3]/div[2]/div/div[2]/a[@class='truncate'][2]","Content","HTML"
"Hyperlink","https://offlimits.co.in/collections/casual-shoes-men","https://offlimits.co.in/collections/casual-shoes-men?sort_by=price-descending","0","","Price, High to Low","0","Blocked by robots.txt","Crawlable","true","","","Absolute","//body/div[@id='nt_wrapper']/div[@id='nt_content']/div[3]/div[1]/div[3]/div[2]/div/div[2]/a[@class='truncate'][3]","Content","HTML"
"Hyperlink","https://offlimits.co.in/collections/high-top-shoes-for-men","https://offlimits.co.in/collections/high-top-shoes-for-men?sort_by=price-ascending","0","","Price, Low to High","0","Blocked by robots.txt","Crawlable","true","","","Absolute","//body/div[@id='nt_wrapper']/div[@id='nt_content']/div[3]/div[1]/div[3]/div[2]/div/div[2]/a[4]","Content","HTML"
"Hyperlink","https://offlimits.co.in/collections/high-top-shoes-for-men","https://offlimits.co.in/collections/high-top-shoes-for-men?sort_by=best-selling","0","","Best Sellers","0","Blocked by robots.txt","Crawlable","true","","","Absolute","//body/div[@id='nt_wrapper']/div[@id='nt_content']/div[3]/div[1]/div[3]/div[2]/div/div[2]/a[2]","Content","HTML"
"Hyperlink","https://offlimits.co.in/collections/high-top-shoes-for-men","https://offlimits.co.in/collections/high-top-shoes-for-men?sort_by=price-descending","0","","Price, High to Low","0","Blocked by robots.txt","Crawlable","true","","","Absolute","//body/div[@id='nt_wrapper']/div[@id='nt_content']/div[3]/div[1]/div[3]/div[2]/div/div[2]/a[3]","Content","HTML"
"Hyperlink","https://offlimits.co.in/collections/women-clothing","https://offlimits.co.in/collections/women-clothing?sort_by=price-ascending","0","","Price, Low to High","0","Blocked by robots.txt","Crawlable","true","","","Absolute","//body/div[@id='nt_wrapper']/div[@id='nt_content']/div[3]/div[1]/div[3]/div[2]/div/div[2]/a[@class='truncate'][4]","Content","HTML"
"Hyperlink","https://offlimits.co.in/collections/women-clothing","https://offlimits.co.in/collections/women-clothing?sort_by=best-selling","0","","Best Sellers","0","Blocked by robots.txt","Crawlable","true","","","Absolute","//body/div[@id='nt_wrapper']/div[@id='nt_content']/div[3]/div[1]/div[3]/div[2]/div/div[2]/a[@class='truncate'][2]","Content","HTML"
"Hyperlink","https://offlimits.co.in/collections/women-clothing","https://offlimits.co.in/collections/women-clothing?sort_by=price-descending","0","","Price, High to Low","0","Blocked by robots.txt","Crawlable","true","","","Absolute","//body/div[@id='nt_wrapper']/div[@id='nt_content']/div[3]/div[1]/div[3]/div[2]/div/div[2]/a[@class='truncate'][3]","Content","HTML"
"Hyperlink","https://offlimits.co.in/collections/women","https://offlimits.co.in/collections/women?sort_by=price-descending","0","","Price, High to Low","0","Blocked by robots.txt","Crawlable","true","","","Absolute","//body/div[@id='nt_wrapper']/div[@id='nt_content']/div[3]/div[1]/div[3]/div[2]/div/div[2]/a[@class='truncate'][3]","Content","HTML"
"Hyperlink","https://offlimits.co.in/collections/women","https://offlimits.co.in/collections/women?sort_by=best-selling","0","","Best Sellers","0","Blocked by robots.txt","Crawlable","true","","","Absolute","//body/div[@id='nt_wrapper']/div[@id='nt_content']/div[3]/div[1]/div[3]/div[2]/div/div[2]/a[@class='truncate'][2]","Content","HTML"
"Hyperlink","https://offlimits.co.in/collections/women","https://offlimits.co.in/collections/women?sort_by=price-ascending","0","","Price, Low to High","0","Blocked by robots.txt","Crawlable","true","","","Absolute","//body/div[@id='nt_wrapper']/div[@id='nt_content']/div[3]/div[1]/div[3]/div[2]/div/div[2]/a[@class='truncate'][4]","Content","HTML"
"Hyperlink","https://offlimits.co.in/collections/men-running-shoes","https://offlimits.co.in/collections/men-running-shoes?sort_by=price-ascending","0","","Price, Low to High","0","Blocked by robots.txt","Crawlable","true","","","Absolute","//body/div[@id='nt_wrapper']/div[@id='nt_content']/div[3]/div[1]/div[3]/div[2]/div/div[2]/a[@class='truncate'][4]","Content","HTML"
"Hyperlink","https://offlimits.co.in/collections/men-running-shoes","https://offlimits.co.in/collections/men-running-shoes?sort_by=best-selling","0","","Best Sellers","0","Blocked by robots.txt","Crawlable","true","","","Absolute","//body/div[@id='nt_wrapper']/div[@id='nt_content']/div[3]/div[1]/div[3]/div[2]/div/div[2]/a[@class='truncate'][2]","Content","HTML"
"Hyperlink","https://offlimits.co.in/collections/men-running-shoes","https://offlimits.co.in/collections/men-running-shoes?sort_by=price-descending","0","","Price, High to Low","0","Blocked by robots.txt","Crawlable","true","","","Absolute","//body/div[@id='nt_wrapper']/div[@id='nt_content']/div[3]/div[1]/div[3]/div[2]/div/div[2]/a[@class='truncate'][3]","Content","HTML"
"Hyperlink","https://offlimits.co.in/collections/white-shoes-for-men","https://offlimits.co.in/collections/white-shoes-for-men?sort_by=price-ascending","0","","Price, Low to High","0","Blocked by robots.txt","Crawlable","true","","","Absolute","//body/div[@id='nt_wrapper']/div[@id='nt_content']/div[3]/div[1]/div[3]/div[2]/div/div[2]/a[@class='truncate'][4]","Content","HTML"
"Hyperlink","https://offlimits.co.in/collections/white-shoes-for-men","https://offlimits.co.in/collections/white-shoes-for-men?sort_by=price-descending","0","","Price, High to Low","0","Blocked by robots.txt","Crawlable","true","","","Absolute","//body/div[@id='nt_wrapper']/div[@id='nt_content']/div[3]/div[1]/div[3]/div[2]/div/div[2]/a[@class='truncate'][3]","Content","HTML"
"Hyperlink","https://offlimits.co.in/collections/white-shoes-for-men","https://offlimits.co.in/collections/white-shoes-for-men?sort_by=best-selling","0","","Best Sellers","0","Blocked by robots.txt","Crawlable","true","","","Absolute","//body/div[@id='nt_wrapper']/div[@id='nt_content']/div[3]/div[1]/div[3]/div[2]/div/div[2]/a[@class='truncate'][2]","Content","HTML"
"Hyperlink","https://offlimits.co.in/collections/women-running-gym","https://offlimits.co.in/collections/women-running-gym?sort_by=price-descending","0","","Price, High to Low","0","Blocked by robots.txt","Crawlable","true","","","Absolute","//body/div[@id='nt_wrapper']/div[@id='nt_content']/div[3]/div[1]/div[3]/div[2]/div/div[2]/a[@class='truncate'][3]","Content","HTML"
"Hyperlink","https://offlimits.co.in/collections/women-running-gym","https://offlimits.co.in/collections/women-running-gym?sort_by=price-ascending","0","","Price, Low to High","0","Blocked by robots.txt","Crawlable","true","","","Absolute","//body/div[@id='nt_wrapper']/div[@id='nt_content']/div[3]/div[1]/div[3]/div[2]/div/div[2]/a[@class='truncate'][4]","Content","HTML"
"Hyperlink","https://offlimits.co.in/collections/women-running-gym","https://offlimits.co.in/collections/women-running-gym?sort_by=best-selling","0","","Best Sellers","0","Blocked by robots.txt","Crawlable","true","","","Absolute","//body/div[@id='nt_wrapper']/div[@id='nt_content']/div[3]/div[1]/div[3]/div[2]/div/div[2]/a[@class='truncate'][2]","Content","HTML"
"Hyperlink","https://offlimits.co.in/collections/men-gym-training","https://offlimits.co.in/collections/men-gym-training?sort_by=price-ascending","0","","Price, Low to High","0","Blocked by robots.txt","Crawlable","true","","","Absolute","//body/div[@id='nt_wrapper']/div[@id='nt_content']/div[3]/div[1]/div[3]/div[2]/div/div[2]/a[@class='truncate'][4]","Content","HTML"
"Hyperlink","https://offlimits.co.in/collections/men-gym-training","https://offlimits.co.in/collections/men-gym-training?sort_by=best-selling","0","","Best Sellers","0","Blocked by robots.txt","Crawlable","true","","","Absolute","//body/div[@id='nt_wrapper']/div[@id='nt_content']/div[3]/div[1]/div[3]/div[2]/div/div[2]/a[@class='truncate'][2]","Content","HTML"
"Hyperlink","https://offlimits.co.in/collections/men-gym-training","https://offlimits.co.in/collections/men-gym-training?sort_by=price-descending","0","","Price, High to Low","0","Blocked by robots.txt","Crawlable","true","","","Absolute","//body/div[@id='nt_wrapper']/div[@id='nt_content']/div[3]/div[1]/div[3]/div[2]/div/div[2]/a[@class='truncate'][3]","Content","HTML"
"Hyperlink","https://offlimits.co.in/collections/women-bestsellers","https://offlimits.co.in/collections/women-bestsellers?sort_by=price-descending","0","","Price, High to Low","0","Blocked by robots.txt","Crawlable","true","","","Absolute","//body/div[@id='nt_wrapper']/div[@id='nt_content']/div[3]/div[1]/div[3]/div[2]/div/div[2]/a[@class='truncate'][3]","Content","HTML"
"Hyperlink","https://offlimits.co.in/collections/women-bestsellers","https://offlimits.co.in/collections/women-bestsellers?sort_by=price-ascending","0","","Price, Low to High","0","Blocked by robots.txt","Crawlable","true","","","Absolute","//body/div[@id='nt_wrapper']/div[@id='nt_content']/div[3]/div[1]/div[3]/div[2]/div/div[2]/a[@class='truncate'][4]","Content","HTML"
"Hyperlink","https://offlimits.co.in/collections/women-bestsellers","https://offlimits.co.in/collections/women-bestsellers?sort_by=best-selling","0","","Best Sellers","0","Blocked by robots.txt","Crawlable","true","","","Absolute","//body/div[@id='nt_wrapper']/div[@id='nt_content']/div[3]/div[1]/div[3]/div[2]/div/div[2]/a[@class='truncate'][2]","Content","HTML"
