"Type","Source","Destination","Size (Bytes)","Alt Text","Anchor","Status Code","Status","Crawlability","Follow","Target","Rel","Path Type","Link Path","Link Position","Link Origin"
"Hyperlink","https://offlimits.co.in/","https://offlimits.co.in/collections/mens-bestsellers/products/gladiator-off-white-orm-661-02","856944","","GLADIATOR - OFF WHITE","200","OK","Crawlable","true","","","Root-Relative","//body/div[@id='nt_wrapper']/div[@id='nt_content']/div[@id='shopify-section-tab_collection_owl_yhHhAD']/div/div[@class='tab_se_wrap']/div[@class='tab_se_content']/div[@id='collection_WRXAw6'][1]/div/div[6]/div/div[2]/h3/a","Content","HTML"
"Hyperlink","https://offlimits.co.in/collections/mens-bestsellers/products/gladiator-off-white-orm-661-02","https://offlimits.co.in/collections/mens-bestsellers/products/gladiator-off-white-orm-661-02","856944","","Skip to content","200","OK","Crawlable","true","","","Path-Relative","//body/a[1]","Content","HTML"
"Hyperlink","https://offlimits.co.in/collections/mens-bestsellers/products/gladiator-off-white-orm-661-02","https://offlimits.co.in/collections/mens-bestsellers/products/gladiator-off-white-orm-661-02","856944","","FEATURED","200","OK","Crawlable","true","_self","","Path-Relative","//body/div[@id='nt_wrapper']/header/div/div/div/div/div/div[2]/nav/ul/li[@id='item_mega_MT7BMb']/div/div/div/div[@id='bk_link_rBEA6m']/a","Navigation","HTML"
"Hyperlink","https://offlimits.co.in/collections/mens-bestsellers/products/gladiator-off-white-orm-661-02","https://offlimits.co.in/collections/mens-bestsellers/products/gladiator-off-white-orm-661-02","856944","","Shop by category","200","OK","Crawlable","true","_self","","Path-Relative","//body/div[@id='nt_wrapper']/header/div/div/div/div/div/div[2]/nav/ul/li[@id='item_mega_MT7BMb']/div/div/div/div[@id='bk_link_7z3ewM']/a","Navigation","HTML"
"Hyperlink","https://offlimits.co.in/collections/mens-bestsellers/products/gladiator-off-white-orm-661-02","https://offlimits.co.in/collections/mens-bestsellers/products/gladiator-off-white-orm-661-02","856944","","Shop by Collection","200","OK","Crawlable","true","_self","","Path-Relative","//body/div[@id='nt_wrapper']/header/div/div/div/div/div/div[2]/nav/ul/li[@id='item_mega_MT7BMb']/div/div/div/div[@id='bk_link_DmVDRK']/a","Navigation","HTML"
"Hyperlink","https://offlimits.co.in/collections/mens-bestsellers/products/gladiator-off-white-orm-661-02","https://offlimits.co.in/collections/mens-bestsellers/products/gladiator-off-white-orm-661-02","856944","","All Clothing","200","OK","Crawlable","true","_self","","Path-Relative","//body/div[@id='nt_wrapper']/header/div/div/div/div/div/div[2]/nav/ul/li[@id='item_mega_MT7BMb']/div/div/div/div[@id='bk_link_EMEyAE']/a","Navigation","HTML"
"Hyperlink","https://offlimits.co.in/collections/mens-bestsellers/products/gladiator-off-white-orm-661-02","https://offlimits.co.in/collections/mens-bestsellers/products/gladiator-off-white-orm-661-02","856944","","Featured","200","OK","Crawlable","true","_self","","Path-Relative","//body/div[@id='nt_wrapper']/header/div/div/div/div/div/div[2]/nav/ul/li[@id='item_mega_EbVAiN']/div/div/div/div[@id='bk_link_DwDfUa']/a","Navigation","HTML"
"Hyperlink","https://offlimits.co.in/collections/mens-bestsellers/products/gladiator-off-white-orm-661-02","https://offlimits.co.in/collections/mens-bestsellers/products/gladiator-off-white-orm-661-02","856944","","Shop by category","200","OK","Crawlable","true","_self","","Path-Relative","//body/div[@id='nt_wrapper']/header/div/div/div/div/div/div[2]/nav/ul/li[@id='item_mega_EbVAiN']/div/div/div/div[@id='bk_link_QRmtMT']/a","Navigation","HTML"
"Hyperlink","https://offlimits.co.in/collections/mens-bestsellers/products/gladiator-off-white-orm-661-02","https://offlimits.co.in/collections/mens-bestsellers/products/gladiator-off-white-orm-661-02","856944","","Shop by Collection","200","OK","Crawlable","true","_self","","Path-Relative","//body/div[@id='nt_wrapper']/header/div/div/div/div/div/div[2]/nav/ul/li[@id='item_mega_EbVAiN']/div/div/div/div[@id='bk_link_W4LcJA']/a","Navigation","HTML"
"Hyperlink","https://offlimits.co.in/collections/mens-bestsellers/products/gladiator-off-white-orm-661-02","https://offlimits.co.in/collections/mens-bestsellers/products/gladiator-off-white-orm-661-02","856944","","All Clothing","200","OK","Crawlable","true","_self","","Path-Relative","//body/div[@id='nt_wrapper']/header/div/div/div/div/div/div[2]/nav/ul/li[@id='item_mega_EbVAiN']/div/div/div/div[@id='bk_link_KL8kyk']/a","Navigation","HTML"
"Hyperlink","https://offlimits.co.in/collections/mens-bestsellers/products/gladiator-off-white-orm-661-02","https://offlimits.co.in/collections/mens-bestsellers/products/gladiator-off-white-orm-661-02","856944","","Out of stock","200","OK","Crawlable","false","","nofollow","Path-Relative","//body/div[@id='nt_wrapper']/div[@id='nt_content']/div/div[1]/div[@id='product-7653984043101']/div/div/div[2]/div/div[@id='shopify-section-pr_summary']/div[3]/div/form/div[4]/div[1]/a[@id='out_stock_ppr']","Content","HTML"
"Hyperlink","https://offlimits.co.in/collections/mens-bestsellers/products/gladiator-off-white-orm-661-02","https://offlimits.co.in/collections/mens-bestsellers/products/gladiator-off-white-orm-661-02","856944","","PRODUCT DETAILS","200","OK","Crawlable","true","","","Path-Relative","//body/div[@id='nt_wrapper']/div[@id='nt_content']/div/div[1]/div[@id='product-7653984043101']/div/div/div[2]/div/div[@id='shopify-section-pr_description']/ul/li[1]/a","Content","HTML"
"Hyperlink","https://offlimits.co.in/collections/mens-bestsellers/products/gladiator-off-white-orm-661-02","https://offlimits.co.in/collections/mens-bestsellers/products/gladiator-off-white-orm-661-02","856944","","MANUFACTURER DETAILS","200","OK","Crawlable","true","","","Path-Relative","//body/div[@id='nt_wrapper']/div[@id='nt_content']/div/div[1]/div[@id='product-7653984043101']/div/div/div[2]/div/div[@id='shopify-section-pr_description']/ul/li[2]/a","Content","HTML"
"Hyperlink","https://offlimits.co.in/collections/mens-bestsellers/products/gladiator-off-white-orm-661-02","https://offlimits.co.in/collections/mens-bestsellers/products/gladiator-off-white-orm-661-02","856944","","PRODUCT DETAILS","200","OK","Crawlable","true","","","Path-Relative","//body/div[@id='nt_wrapper']/div[@id='nt_content']/div/div[1]/div[@id='product-7653984043101']/div/div/div[2]/div/div[@id='shopify-section-pr_description']/div[@id='tab_pr_deskl']/div[2]/a","Content","HTML"
"Hyperlink","https://offlimits.co.in/collections/mens-bestsellers/products/gladiator-off-white-orm-661-02","https://offlimits.co.in/collections/mens-bestsellers/products/gladiator-off-white-orm-661-02","856944","","MANUFACTURER DETAILS","200","OK","Crawlable","true","","","Path-Relative","//body/div[@id='nt_wrapper']/div[@id='nt_content']/div/div[1]/div[@id='product-7653984043101']/div/div/div[2]/div/div[@id='shopify-section-pr_description']/div[@id='tab_manufacturer_details']/div[2]/a","Content","HTML"
"Hyperlink","https://offlimits.co.in/collections/mens-bestsellers/products/gladiator-off-white-orm-661-02","https://offlimits.co.in/collections/mens-bestsellers/products/gladiator-off-white-orm-661-02","856944","","Write a review","200","OK","Crawlable","true","","","Path-Relative","//body/div[@id='nt_wrapper']/div[@id='nt_content']/div/div[1]/div[@id='judgeme_product_reviews']/div/div[@class='jdgm-rev-widg__header']/a","Header","HTML"
"Hyperlink","https://offlimits.co.in/collections/mens-bestsellers/products/gladiator-off-white-orm-661-02","https://offlimits.co.in/collections/mens-bestsellers/products/gladiator-off-white-orm-661-02","856944","","Store Locator","200","OK","Crawlable","true","","","Path-Relative","//body/div[@id='nt_wrapper']/footer/div[@id='shopify-section-footer_top']/div/div/div[@class='row']/div[5]/aside/div/ul/li[@class='menu-item'][2]/a","Aside","HTML"
"Hyperlink","https://offlimits.co.in/collections/mens-bestsellers/products/gladiator-off-white-orm-661-02","https://offlimits.co.in/collections/mens-bestsellers/products/gladiator-off-white-orm-661-02","856944","","","200","OK","Crawlable","false","","nofollow","Path-Relative","//body/div[@id='shopify-section-sticky_atc']/div/div/div/div[2]/div[3]/div/a[1]","Content","HTML"
"Hyperlink","https://offlimits.co.in/collections/mens-bestsellers/products/gladiator-off-white-orm-661-02","https://offlimits.co.in/collections/mens-bestsellers/products/gladiator-off-white-orm-661-02","856944","","","200","OK","Crawlable","false","","nofollow","Path-Relative","//body/div[@id='shopify-section-sticky_atc']/div/div/div/div[2]/div[3]/div/a[2]","Content","HTML"
"Image","https://offlimits.co.in/collections/mens-bestsellers/products/gladiator-off-white-orm-661-02","https://offlimits.co.in/collections/mens-bestsellers/products/gladiator-off-white-orm-661-02","856944","","","200","OK","Crawlable","true","","","Path-Relative","//body/div[@id='pr_grid_atc_popup']/div/div[@class='pr-grid-atc-popup__img-wrap']/img","Content","HTML"
"JavaScript","https://offlimits.co.in/collections/mens-bestsellers/products/gladiator-off-white-orm-661-02","https://offlimits.co.in/collections/mens-bestsellers/products/gladiator-off-white-orm-661-02","856944","","","200","OK","Crawlable","true","","","Path-Relative","//body/div[@id='nt_wrapper']/div[@id='nt_content']/script[2]","Content","HTML"
"Hyperlink","https://offlimits.co.in/","https://offlimits.co.in/collections/mens-bestsellers/products/swat-orm-600-03","845992","","S.W.A.T. - WHITE","200","OK","Crawlable","true","","","Root-Relative","//body/div[@id='nt_wrapper']/div[@id='nt_content']/div[@id='shopify-section-tab_collection_owl_yhHhAD']/div/div[@class='tab_se_wrap']/div[@class='tab_se_content']/div[@id='collection_WRXAw6'][1]/div/div[8]/div/div[2]/h3/a","Content","HTML"
"Hyperlink","https://offlimits.co.in/collections/mens-bestsellers/products/swat-orm-600-03","https://offlimits.co.in/collections/mens-bestsellers/products/swat-orm-600-03","845992","","Skip to content","200","OK","Crawlable","true","","","Path-Relative","//body/a[1]","Content","HTML"
"Hyperlink","https://offlimits.co.in/collections/mens-bestsellers/products/swat-orm-600-03","https://offlimits.co.in/collections/mens-bestsellers/products/swat-orm-600-03","845992","","FEATURED","200","OK","Crawlable","true","_self","","Path-Relative","//body/div[@id='nt_wrapper']/header/div/div/div/div/div/div[2]/nav/ul/li[@id='item_mega_MT7BMb']/div/div/div/div[@id='bk_link_rBEA6m']/a","Navigation","HTML"
"Hyperlink","https://offlimits.co.in/collections/mens-bestsellers/products/swat-orm-600-03","https://offlimits.co.in/collections/mens-bestsellers/products/swat-orm-600-03","845992","","Shop by category","200","OK","Crawlable","true","_self","","Path-Relative","//body/div[@id='nt_wrapper']/header/div/div/div/div/div/div[2]/nav/ul/li[@id='item_mega_MT7BMb']/div/div/div/div[@id='bk_link_7z3ewM']/a","Navigation","HTML"
"Hyperlink","https://offlimits.co.in/collections/mens-bestsellers/products/swat-orm-600-03","https://offlimits.co.in/collections/mens-bestsellers/products/swat-orm-600-03","845992","","Shop by Collection","200","OK","Crawlable","true","_self","","Path-Relative","//body/div[@id='nt_wrapper']/header/div/div/div/div/div/div[2]/nav/ul/li[@id='item_mega_MT7BMb']/div/div/div/div[@id='bk_link_DmVDRK']/a","Navigation","HTML"
"Hyperlink","https://offlimits.co.in/collections/mens-bestsellers/products/swat-orm-600-03","https://offlimits.co.in/collections/mens-bestsellers/products/swat-orm-600-03","845992","","All Clothing","200","OK","Crawlable","true","_self","","Path-Relative","//body/div[@id='nt_wrapper']/header/div/div/div/div/div/div[2]/nav/ul/li[@id='item_mega_MT7BMb']/div/div/div/div[@id='bk_link_EMEyAE']/a","Navigation","HTML"
"Hyperlink","https://offlimits.co.in/collections/mens-bestsellers/products/swat-orm-600-03","https://offlimits.co.in/collections/mens-bestsellers/products/swat-orm-600-03","845992","","Featured","200","OK","Crawlable","true","_self","","Path-Relative","//body/div[@id='nt_wrapper']/header/div/div/div/div/div/div[2]/nav/ul/li[@id='item_mega_EbVAiN']/div/div/div/div[@id='bk_link_DwDfUa']/a","Navigation","HTML"
"Hyperlink","https://offlimits.co.in/collections/mens-bestsellers/products/swat-orm-600-03","https://offlimits.co.in/collections/mens-bestsellers/products/swat-orm-600-03","845992","","Shop by category","200","OK","Crawlable","true","_self","","Path-Relative","//body/div[@id='nt_wrapper']/header/div/div/div/div/div/div[2]/nav/ul/li[@id='item_mega_EbVAiN']/div/div/div/div[@id='bk_link_QRmtMT']/a","Navigation","HTML"
"Hyperlink","https://offlimits.co.in/collections/mens-bestsellers/products/swat-orm-600-03","https://offlimits.co.in/collections/mens-bestsellers/products/swat-orm-600-03","845992","","Shop by Collection","200","OK","Crawlable","true","_self","","Path-Relative","//body/div[@id='nt_wrapper']/header/div/div/div/div/div/div[2]/nav/ul/li[@id='item_mega_EbVAiN']/div/div/div/div[@id='bk_link_W4LcJA']/a","Navigation","HTML"
"Hyperlink","https://offlimits.co.in/collections/mens-bestsellers/products/swat-orm-600-03","https://offlimits.co.in/collections/mens-bestsellers/products/swat-orm-600-03","845992","","All Clothing","200","OK","Crawlable","true","_self","","Path-Relative","//body/div[@id='nt_wrapper']/header/div/div/div/div/div/div[2]/nav/ul/li[@id='item_mega_EbVAiN']/div/div/div/div[@id='bk_link_KL8kyk']/a","Navigation","HTML"
"Hyperlink","https://offlimits.co.in/collections/mens-bestsellers/products/swat-orm-600-03","https://offlimits.co.in/collections/mens-bestsellers/products/swat-orm-600-03","845992","","Out of stock","200","OK","Crawlable","false","","nofollow","Path-Relative","//body/div[@id='nt_wrapper']/div[@id='nt_content']/div/div[1]/div[@id='product-7147066753117']/div/div/div[2]/div/div[@id='shopify-section-pr_summary']/div[3]/div/form/div[4]/div[1]/a[@id='out_stock_ppr']","Content","HTML"
"Hyperlink","https://offlimits.co.in/collections/mens-bestsellers/products/swat-orm-600-03","https://offlimits.co.in/collections/mens-bestsellers/products/swat-orm-600-03","845992","","PRODUCT DETAILS","200","OK","Crawlable","true","","","Path-Relative","//body/div[@id='nt_wrapper']/div[@id='nt_content']/div/div[1]/div[@id='product-7147066753117']/div/div/div[2]/div/div[@id='shopify-section-pr_description']/ul/li[1]/a","Content","HTML"
"Hyperlink","https://offlimits.co.in/collections/mens-bestsellers/products/swat-orm-600-03","https://offlimits.co.in/collections/mens-bestsellers/products/swat-orm-600-03","845992","","MANUFACTURER DETAILS","200","OK","Crawlable","true","","","Path-Relative","//body/div[@id='nt_wrapper']/div[@id='nt_content']/div/div[1]/div[@id='product-7147066753117']/div/div/div[2]/div/div[@id='shopify-section-pr_description']/ul/li[2]/a","Content","HTML"
"Hyperlink","https://offlimits.co.in/collections/mens-bestsellers/products/swat-orm-600-03","https://offlimits.co.in/collections/mens-bestsellers/products/swat-orm-600-03","845992","","PRODUCT DETAILS","200","OK","Crawlable","true","","","Path-Relative","//body/div[@id='nt_wrapper']/div[@id='nt_content']/div/div[1]/div[@id='product-7147066753117']/div/div/div[2]/div/div[@id='shopify-section-pr_description']/div[@id='tab_pr_deskl']/div[2]/a","Content","HTML"
"Hyperlink","https://offlimits.co.in/collections/mens-bestsellers/products/swat-orm-600-03","https://offlimits.co.in/collections/mens-bestsellers/products/swat-orm-600-03","845992","","MANUFACTURER DETAILS","200","OK","Crawlable","true","","","Path-Relative","//body/div[@id='nt_wrapper']/div[@id='nt_content']/div/div[1]/div[@id='product-7147066753117']/div/div/div[2]/div/div[@id='shopify-section-pr_description']/div[@id='tab_manufacturer_details']/div[2]/a","Content","HTML"
"Hyperlink","https://offlimits.co.in/collections/mens-bestsellers/products/swat-orm-600-03","https://offlimits.co.in/collections/mens-bestsellers/products/swat-orm-600-03","845992","","Write a review","200","OK","Crawlable","true","","","Path-Relative","//body/div[@id='nt_wrapper']/div[@id='nt_content']/div/div[1]/div[@id='judgeme_product_reviews']/div/div[@class='jdgm-rev-widg__header']/a","Header","HTML"
"Hyperlink","https://offlimits.co.in/collections/mens-bestsellers/products/swat-orm-600-03","https://offlimits.co.in/collections/mens-bestsellers/products/swat-orm-600-03","845992","","Store Locator","200","OK","Crawlable","true","","","Path-Relative","//body/div[@id='nt_wrapper']/footer/div[@id='shopify-section-footer_top']/div/div/div[@class='row']/div[5]/aside/div/ul/li[@class='menu-item'][2]/a","Aside","HTML"
"Hyperlink","https://offlimits.co.in/collections/mens-bestsellers/products/swat-orm-600-03","https://offlimits.co.in/collections/mens-bestsellers/products/swat-orm-600-03","845992","","","200","OK","Crawlable","false","","nofollow","Path-Relative","//body/div[@id='shopify-section-sticky_atc']/div/div/div/div[2]/div[3]/div/a[1]","Content","HTML"
"Hyperlink","https://offlimits.co.in/collections/mens-bestsellers/products/swat-orm-600-03","https://offlimits.co.in/collections/mens-bestsellers/products/swat-orm-600-03","845992","","","200","OK","Crawlable","false","","nofollow","Path-Relative","//body/div[@id='shopify-section-sticky_atc']/div/div/div/div[2]/div[3]/div/a[2]","Content","HTML"
"Image","https://offlimits.co.in/collections/mens-bestsellers/products/swat-orm-600-03","https://offlimits.co.in/collections/mens-bestsellers/products/swat-orm-600-03","845992","","","200","OK","Crawlable","true","","","Path-Relative","//body/div[@id='pr_grid_atc_popup']/div/div[@class='pr-grid-atc-popup__img-wrap']/img","Content","HTML"
"JavaScript","https://offlimits.co.in/collections/mens-bestsellers/products/swat-orm-600-03","https://offlimits.co.in/collections/mens-bestsellers/products/swat-orm-600-03","845992","","","200","OK","Crawlable","true","","","Path-Relative","//body/div[@id='nt_wrapper']/div[@id='nt_content']/script[2]","Content","HTML"
"Hyperlink","https://offlimits.co.in/","https://offlimits.co.in/collections/new-arrivals-2026/products/griffith-big-tall-off-white-green-ocm-936-05","760425","","GRIFFITH (BIG & TALL) - OFF WHITE/GREEN","200","OK","Crawlable","true","","","Root-Relative","//body/div[@id='nt_wrapper']/div[@id='nt_content']/div[@id='shopify-section-tab_collection_owl_yhHhAD']/div/div[@class='tab_se_wrap']/div[@class='tab_se_content']/div[@id='collection_W3ntAy'][1]/div/div[1]/div/div[2]/h3/a","Content","HTML"
"Hyperlink","https://offlimits.co.in/collections/new-arrivals-2026/products/griffith-big-tall-off-white-green-ocm-936-05","https://offlimits.co.in/collections/new-arrivals-2026/products/griffith-big-tall-off-white-green-ocm-936-05","760425","","Skip to content","200","OK","Crawlable","true","","","Path-Relative","//body/a[1]","Content","HTML"
"Hyperlink","https://offlimits.co.in/collections/new-arrivals-2026/products/griffith-big-tall-off-white-green-ocm-936-05","https://offlimits.co.in/collections/new-arrivals-2026/products/griffith-big-tall-off-white-green-ocm-936-05","760425","","FEATURED","200","OK","Crawlable","true","_self","","Path-Relative","//body/div[@id='nt_wrapper']/header/div/div/div/div/div/div[2]/nav/ul/li[@id='item_mega_MT7BMb']/div/div/div/div[@id='bk_link_rBEA6m']/a","Navigation","HTML"
"Hyperlink","https://offlimits.co.in/collections/new-arrivals-2026/products/griffith-big-tall-off-white-green-ocm-936-05","https://offlimits.co.in/collections/new-arrivals-2026/products/griffith-big-tall-off-white-green-ocm-936-05","760425","","Shop by category","200","OK","Crawlable","true","_self","","Path-Relative","//body/div[@id='nt_wrapper']/header/div/div/div/div/div/div[2]/nav/ul/li[@id='item_mega_MT7BMb']/div/div/div/div[@id='bk_link_7z3ewM']/a","Navigation","HTML"
"Hyperlink","https://offlimits.co.in/collections/new-arrivals-2026/products/griffith-big-tall-off-white-green-ocm-936-05","https://offlimits.co.in/collections/new-arrivals-2026/products/griffith-big-tall-off-white-green-ocm-936-05","760425","","Shop by Collection","200","OK","Crawlable","true","_self","","Path-Relative","//body/div[@id='nt_wrapper']/header/div/div/div/div/div/div[2]/nav/ul/li[@id='item_mega_MT7BMb']/div/div/div/div[@id='bk_link_DmVDRK']/a","Navigation","HTML"
"Hyperlink","https://offlimits.co.in/collections/new-arrivals-2026/products/griffith-big-tall-off-white-green-ocm-936-05","https://offlimits.co.in/collections/new-arrivals-2026/products/griffith-big-tall-off-white-green-ocm-936-05","760425","","All Clothing","200","OK","Crawlable","true","_self","","Path-Relative","//body/div[@id='nt_wrapper']/header/div/div/div/div/div/div[2]/nav/ul/li[@id='item_mega_MT7BMb']/div/div/div/div[@id='bk_link_EMEyAE']/a","Navigation","HTML"
"Hyperlink","https://offlimits.co.in/collections/new-arrivals-2026/products/griffith-big-tall-off-white-green-ocm-936-05","https://offlimits.co.in/collections/new-arrivals-2026/products/griffith-big-tall-off-white-green-ocm-936-05","760425","","Featured","200","OK","Crawlable","true","_self","","Path-Relative","//body/div[@id='nt_wrapper']/header/div/div/div/div/div/div[2]/nav/ul/li[@id='item_mega_EbVAiN']/div/div/div/div[@id='bk_link_DwDfUa']/a","Navigation","HTML"
"Hyperlink","https://offlimits.co.in/collections/new-arrivals-2026/products/griffith-big-tall-off-white-green-ocm-936-05","https://offlimits.co.in/collections/new-arrivals-2026/products/griffith-big-tall-off-white-green-ocm-936-05","760425","","Shop by category","200","OK","Crawlable","true","_self","","Path-Relative","//body/div[@id='nt_wrapper']/header/div/div/div/div/div/div[2]/nav/ul/li[@id='item_mega_EbVAiN']/div/div/div/div[@id='bk_link_QRmtMT']/a","Navigation","HTML"
"Hyperlink","https://offlimits.co.in/collections/new-arrivals-2026/products/griffith-big-tall-off-white-green-ocm-936-05","https://offlimits.co.in/collections/new-arrivals-2026/products/griffith-big-tall-off-white-green-ocm-936-05","760425","","Shop by Collection","200","OK","Crawlable","true","_self","","Path-Relative","//body/div[@id='nt_wrapper']/header/div/div/div/div/div/div[2]/nav/ul/li[@id='item_mega_EbVAiN']/div/div/div/div[@id='bk_link_W4LcJA']/a","Navigation","HTML"
"Hyperlink","https://offlimits.co.in/collections/new-arrivals-2026/products/griffith-big-tall-off-white-green-ocm-936-05","https://offlimits.co.in/collections/new-arrivals-2026/products/griffith-big-tall-off-white-green-ocm-936-05","760425","","All Clothing","200","OK","Crawlable","true","_self","","Path-Relative","//body/div[@id='nt_wrapper']/header/div/div/div/div/div/div[2]/nav/ul/li[@id='item_mega_EbVAiN']/div/div/div/div[@id='bk_link_KL8kyk']/a","Navigation","HTML"
"Hyperlink","https://offlimits.co.in/collections/new-arrivals-2026/products/griffith-big-tall-off-white-green-ocm-936-05","https://offlimits.co.in/collections/new-arrivals-2026/products/griffith-big-tall-off-white-green-ocm-936-05","760425","","Out of stock","200","OK","Crawlable","false","","nofollow","Path-Relative","//body/div[@id='nt_wrapper']/div[@id='nt_content']/div/div[1]/div[@id='product-8205036847197']/div/div/div[2]/div/div[@id='shopify-section-pr_summary']/div[3]/div/form/div[4]/div[1]/a[@id='out_stock_ppr']","Content","HTML"
"Hyperlink","https://offlimits.co.in/collections/new-arrivals-2026/products/griffith-big-tall-off-white-green-ocm-936-05","https://offlimits.co.in/collections/new-arrivals-2026/products/griffith-big-tall-off-white-green-ocm-936-05","760425","","PRODUCT DETAILS","200","OK","Crawlable","true","","","Path-Relative","//body/div[@id='nt_wrapper']/div[@id='nt_content']/div/div[1]/div[@id='product-8205036847197']/div/div/div[2]/div/div[@id='shopify-section-pr_description']/ul/li[1]/a","Content","HTML"
"Hyperlink","https://offlimits.co.in/collections/new-arrivals-2026/products/griffith-big-tall-off-white-green-ocm-936-05","https://offlimits.co.in/collections/new-arrivals-2026/products/griffith-big-tall-off-white-green-ocm-936-05","760425","","MANUFACTURER DETAILS","200","OK","Crawlable","true","","","Path-Relative","//body/div[@id='nt_wrapper']/div[@id='nt_content']/div/div[1]/div[@id='product-8205036847197']/div/div/div[2]/div/div[@id='shopify-section-pr_description']/ul/li[2]/a","Content","HTML"
"Hyperlink","https://offlimits.co.in/collections/new-arrivals-2026/products/griffith-big-tall-off-white-green-ocm-936-05","https://offlimits.co.in/collections/new-arrivals-2026/products/griffith-big-tall-off-white-green-ocm-936-05","760425","","PRODUCT DETAILS","200","OK","Crawlable","true","","","Path-Relative","//body/div[@id='nt_wrapper']/div[@id='nt_content']/div/div[1]/div[@id='product-8205036847197']/div/div/div[2]/div/div[@id='shopify-section-pr_description']/div[@id='tab_pr_deskl']/div[2]/a","Content","HTML"
"Hyperlink","https://offlimits.co.in/collections/new-arrivals-2026/products/griffith-big-tall-off-white-green-ocm-936-05","https://offlimits.co.in/collections/new-arrivals-2026/products/griffith-big-tall-off-white-green-ocm-936-05","760425","","MANUFACTURER DETAILS","200","OK","Crawlable","true","","","Path-Relative","//body/div[@id='nt_wrapper']/div[@id='nt_content']/div/div[1]/div[@id='product-8205036847197']/div/div/div[2]/div/div[@id='shopify-section-pr_description']/div[@id='tab_manufacturer_details']/div[2]/a","Content","HTML"
"Hyperlink","https://offlimits.co.in/collections/new-arrivals-2026/products/griffith-big-tall-off-white-green-ocm-936-05","https://offlimits.co.in/collections/new-arrivals-2026/products/griffith-big-tall-off-white-green-ocm-936-05","760425","","Write a review","200","OK","Crawlable","true","","","Path-Relative","//body/div[@id='nt_wrapper']/div[@id='nt_content']/div/div[1]/div[@id='judgeme_product_reviews']/div/div[@class='jdgm-rev-widg__header']/a","Header","HTML"
"Hyperlink","https://offlimits.co.in/collections/new-arrivals-2026/products/griffith-big-tall-off-white-green-ocm-936-05","https://offlimits.co.in/collections/new-arrivals-2026/products/griffith-big-tall-off-white-green-ocm-936-05","760425","","Store Locator","200","OK","Crawlable","true","","","Path-Relative","//body/div[@id='nt_wrapper']/footer/div[@id='shopify-section-footer_top']/div/div/div[@class='row']/div[5]/aside/div/ul/li[@class='menu-item'][2]/a","Aside","HTML"
"Hyperlink","https://offlimits.co.in/collections/new-arrivals-2026/products/griffith-big-tall-off-white-green-ocm-936-05","https://offlimits.co.in/collections/new-arrivals-2026/products/griffith-big-tall-off-white-green-ocm-936-05","760425","","","200","OK","Crawlable","false","","nofollow","Path-Relative","//body/div[@id='shopify-section-sticky_atc']/div/div/div/div[2]/div[3]/div/a[1]","Content","HTML"
"Hyperlink","https://offlimits.co.in/collections/new-arrivals-2026/products/griffith-big-tall-off-white-green-ocm-936-05","https://offlimits.co.in/collections/new-arrivals-2026/products/griffith-big-tall-off-white-green-ocm-936-05","760425","","","200","OK","Crawlable","false","","nofollow","Path-Relative","//body/div[@id='shopify-section-sticky_atc']/div/div/div/div[2]/div[3]/div/a[2]","Content","HTML"
"Image","https://offlimits.co.in/collections/new-arrivals-2026/products/griffith-big-tall-off-white-green-ocm-936-05","https://offlimits.co.in/collections/new-arrivals-2026/products/griffith-big-tall-off-white-green-ocm-936-05","760425","","","200","OK","Crawlable","true","","","Path-Relative","//body/div[@id='pr_grid_atc_popup']/div/div[@class='pr-grid-atc-popup__img-wrap']/img","Content","HTML"
"JavaScript","https://offlimits.co.in/collections/new-arrivals-2026/products/griffith-big-tall-off-white-green-ocm-936-05","https://offlimits.co.in/collections/new-arrivals-2026/products/griffith-big-tall-off-white-green-ocm-936-05","760425","","","200","OK","Crawlable","true","","","Path-Relative","//body/div[@id='nt_wrapper']/div[@id='nt_content']/script[2]","Content","HTML"
"Hyperlink","https://offlimits.co.in/","https://offlimits.co.in/collections/new-arrivals-2026/products/hoop-off-white-honey-orm-867-02","776779","","HOOP - OFF WHITE/HONEY","200","OK","Crawlable","true","","","Root-Relative","//body/div[@id='nt_wrapper']/div[@id='nt_content']/div[@id='shopify-section-tab_collection_owl_yhHhAD']/div/div[@class='tab_se_wrap']/div[@class='tab_se_content']/div[@id='collection_W3ntAy'][1]/div/div[10]/div/div[2]/h3/a","Content","HTML"
"Hyperlink","https://offlimits.co.in/collections/new-arrivals-2026/products/hoop-off-white-honey-orm-867-02","https://offlimits.co.in/collections/new-arrivals-2026/products/hoop-off-white-honey-orm-867-02","776779","","Skip to content","200","OK","Crawlable","true","","","Path-Relative","//body/a[1]","Content","HTML"
"Hyperlink","https://offlimits.co.in/collections/new-arrivals-2026/products/hoop-off-white-honey-orm-867-02","https://offlimits.co.in/collections/new-arrivals-2026/products/hoop-off-white-honey-orm-867-02","776779","","FEATURED","200","OK","Crawlable","true","_self","","Path-Relative","//body/div[@id='nt_wrapper']/header/div/div/div/div/div/div[2]/nav/ul/li[@id='item_mega_MT7BMb']/div/div/div/div[@id='bk_link_rBEA6m']/a","Navigation","HTML"
"Hyperlink","https://offlimits.co.in/collections/new-arrivals-2026/products/hoop-off-white-honey-orm-867-02","https://offlimits.co.in/collections/new-arrivals-2026/products/hoop-off-white-honey-orm-867-02","776779","","Shop by category","200","OK","Crawlable","true","_self","","Path-Relative","//body/div[@id='nt_wrapper']/header/div/div/div/div/div/div[2]/nav/ul/li[@id='item_mega_MT7BMb']/div/div/div/div[@id='bk_link_7z3ewM']/a","Navigation","HTML"
"Hyperlink","https://offlimits.co.in/collections/new-arrivals-2026/products/hoop-off-white-honey-orm-867-02","https://offlimits.co.in/collections/new-arrivals-2026/products/hoop-off-white-honey-orm-867-02","776779","","Shop by Collection","200","OK","Crawlable","true","_self","","Path-Relative","//body/div[@id='nt_wrapper']/header/div/div/div/div/div/div[2]/nav/ul/li[@id='item_mega_MT7BMb']/div/div/div/div[@id='bk_link_DmVDRK']/a","Navigation","HTML"
"Hyperlink","https://offlimits.co.in/collections/new-arrivals-2026/products/hoop-off-white-honey-orm-867-02","https://offlimits.co.in/collections/new-arrivals-2026/products/hoop-off-white-honey-orm-867-02","776779","","All Clothing","200","OK","Crawlable","true","_self","","Path-Relative","//body/div[@id='nt_wrapper']/header/div/div/div/div/div/div[2]/nav/ul/li[@id='item_mega_MT7BMb']/div/div/div/div[@id='bk_link_EMEyAE']/a","Navigation","HTML"
"Hyperlink","https://offlimits.co.in/collections/new-arrivals-2026/products/hoop-off-white-honey-orm-867-02","https://offlimits.co.in/collections/new-arrivals-2026/products/hoop-off-white-honey-orm-867-02","776779","","Featured","200","OK","Crawlable","true","_self","","Path-Relative","//body/div[@id='nt_wrapper']/header/div/div/div/div/div/div[2]/nav/ul/li[@id='item_mega_EbVAiN']/div/div/div/div[@id='bk_link_DwDfUa']/a","Navigation","HTML"
"Hyperlink","https://offlimits.co.in/collections/new-arrivals-2026/products/hoop-off-white-honey-orm-867-02","https://offlimits.co.in/collections/new-arrivals-2026/products/hoop-off-white-honey-orm-867-02","776779","","Shop by category","200","OK","Crawlable","true","_self","","Path-Relative","//body/div[@id='nt_wrapper']/header/div/div/div/div/div/div[2]/nav/ul/li[@id='item_mega_EbVAiN']/div/div/div/div[@id='bk_link_QRmtMT']/a","Navigation","HTML"
"Hyperlink","https://offlimits.co.in/collections/new-arrivals-2026/products/hoop-off-white-honey-orm-867-02","https://offlimits.co.in/collections/new-arrivals-2026/products/hoop-off-white-honey-orm-867-02","776779","","Shop by Collection","200","OK","Crawlable","true","_self","","Path-Relative","//body/div[@id='nt_wrapper']/header/div/div/div/div/div/div[2]/nav/ul/li[@id='item_mega_EbVAiN']/div/div/div/div[@id='bk_link_W4LcJA']/a","Navigation","HTML"
"Hyperlink","https://offlimits.co.in/collections/new-arrivals-2026/products/hoop-off-white-honey-orm-867-02","https://offlimits.co.in/collections/new-arrivals-2026/products/hoop-off-white-honey-orm-867-02","776779","","All Clothing","200","OK","Crawlable","true","_self","","Path-Relative","//body/div[@id='nt_wrapper']/header/div/div/div/div/div/div[2]/nav/ul/li[@id='item_mega_EbVAiN']/div/div/div/div[@id='bk_link_KL8kyk']/a","Navigation","HTML"
"Hyperlink","https://offlimits.co.in/collections/new-arrivals-2026/products/hoop-off-white-honey-orm-867-02","https://offlimits.co.in/collections/new-arrivals-2026/products/hoop-off-white-honey-orm-867-02","776779","","Out of stock","200","OK","Crawlable","false","","nofollow","Path-Relative","//body/div[@id='nt_wrapper']/div[@id='nt_content']/div/div[1]/div[@id='product-8200474427485']/div/div/div[2]/div/div[@id='shopify-section-pr_summary']/div[3]/div/form/div[4]/div[1]/a[@id='out_stock_ppr']","Content","HTML"
"Hyperlink","https://offlimits.co.in/collections/new-arrivals-2026/products/hoop-off-white-honey-orm-867-02","https://offlimits.co.in/collections/new-arrivals-2026/products/hoop-off-white-honey-orm-867-02","776779","","PRODUCT DETAILS","200","OK","Crawlable","true","","","Path-Relative","//body/div[@id='nt_wrapper']/div[@id='nt_content']/div/div[1]/div[@id='product-8200474427485']/div/div/div[2]/div/div[@id='shopify-section-pr_description']/ul/li[1]/a","Content","HTML"
"Hyperlink","https://offlimits.co.in/collections/new-arrivals-2026/products/hoop-off-white-honey-orm-867-02","https://offlimits.co.in/collections/new-arrivals-2026/products/hoop-off-white-honey-orm-867-02","776779","","MANUFACTURER DETAILS","200","OK","Crawlable","true","","","Path-Relative","//body/div[@id='nt_wrapper']/div[@id='nt_content']/div/div[1]/div[@id='product-8200474427485']/div/div/div[2]/div/div[@id='shopify-section-pr_description']/ul/li[2]/a","Content","HTML"
"Hyperlink","https://offlimits.co.in/collections/new-arrivals-2026/products/hoop-off-white-honey-orm-867-02","https://offlimits.co.in/collections/new-arrivals-2026/products/hoop-off-white-honey-orm-867-02","776779","","PRODUCT DETAILS","200","OK","Crawlable","true","","","Path-Relative","//body/div[@id='nt_wrapper']/div[@id='nt_content']/div/div[1]/div[@id='product-8200474427485']/div/div/div[2]/div/div[@id='shopify-section-pr_description']/div[@id='tab_pr_deskl']/div[2]/a","Content","HTML"
"Hyperlink","https://offlimits.co.in/collections/new-arrivals-2026/products/hoop-off-white-honey-orm-867-02","https://offlimits.co.in/collections/new-arrivals-2026/products/hoop-off-white-honey-orm-867-02","776779","","MANUFACTURER DETAILS","200","OK","Crawlable","true","","","Path-Relative","//body/div[@id='nt_wrapper']/div[@id='nt_content']/div/div[1]/div[@id='product-8200474427485']/div/div/div[2]/div/div[@id='shopify-section-pr_description']/div[@id='tab_manufacturer_details']/div[2]/a","Content","HTML"
"Hyperlink","https://offlimits.co.in/collections/new-arrivals-2026/products/hoop-off-white-honey-orm-867-02","https://offlimits.co.in/collections/new-arrivals-2026/products/hoop-off-white-honey-orm-867-02","776779","","Write a review","200","OK","Crawlable","true","","","Path-Relative","//body/div[@id='nt_wrapper']/div[@id='nt_content']/div/div[1]/div[@id='judgeme_product_reviews']/div/div[@class='jdgm-rev-widg__header']/a","Header","HTML"
"Hyperlink","https://offlimits.co.in/collections/new-arrivals-2026/products/hoop-off-white-honey-orm-867-02","https://offlimits.co.in/collections/new-arrivals-2026/products/hoop-off-white-honey-orm-867-02","776779","","Store Locator","200","OK","Crawlable","true","","","Path-Relative","//body/div[@id='nt_wrapper']/footer/div[@id='shopify-section-footer_top']/div/div/div[@class='row']/div[5]/aside/div/ul/li[@class='menu-item'][2]/a","Aside","HTML"
"Hyperlink","https://offlimits.co.in/collections/new-arrivals-2026/products/hoop-off-white-honey-orm-867-02","https://offlimits.co.in/collections/new-arrivals-2026/products/hoop-off-white-honey-orm-867-02","776779","","","200","OK","Crawlable","false","","nofollow","Path-Relative","//body/div[@id='shopify-section-sticky_atc']/div/div/div/div[2]/div[3]/div/a[1]","Content","HTML"
"Hyperlink","https://offlimits.co.in/collections/new-arrivals-2026/products/hoop-off-white-honey-orm-867-02","https://offlimits.co.in/collections/new-arrivals-2026/products/hoop-off-white-honey-orm-867-02","776779","","","200","OK","Crawlable","false","","nofollow","Path-Relative","//body/div[@id='shopify-section-sticky_atc']/div/div/div/div[2]/div[3]/div/a[2]","Content","HTML"
"Image","https://offlimits.co.in/collections/new-arrivals-2026/products/hoop-off-white-honey-orm-867-02","https://offlimits.co.in/collections/new-arrivals-2026/products/hoop-off-white-honey-orm-867-02","776779","","","200","OK","Crawlable","true","","","Path-Relative","//body/div[@id='pr_grid_atc_popup']/div/div[@class='pr-grid-atc-popup__img-wrap']/img","Content","HTML"
"JavaScript","https://offlimits.co.in/collections/new-arrivals-2026/products/hoop-off-white-honey-orm-867-02","https://offlimits.co.in/collections/new-arrivals-2026/products/hoop-off-white-honey-orm-867-02","776779","","","200","OK","Crawlable","true","","","Path-Relative","//body/div[@id='nt_wrapper']/div[@id='nt_content']/script[2]","Content","HTML"
"Hyperlink","https://offlimits.co.in/","https://offlimits.co.in/collections/mens-bestsellers/products/stussy-memory-tech-1-orm-407-08","796438","","STUSSY - TAN/TAN","200","OK","Crawlable","true","","","Root-Relative","//body/div[@id='nt_wrapper']/div[@id='nt_content']/div[@id='shopify-section-tab_collection_owl_yhHhAD']/div/div[@class='tab_se_wrap']/div[@class='tab_se_content']/div[@id='collection_WRXAw6'][1]/div/div[7]/div/div[2]/h3/a","Content","HTML"
"Hyperlink","https://offlimits.co.in/collections/mens-bestsellers/products/stussy-memory-tech-1-orm-407-08","https://offlimits.co.in/collections/mens-bestsellers/products/stussy-memory-tech-1-orm-407-08","796438","","Skip to content","200","OK","Crawlable","true","","","Path-Relative","//body/a[1]","Content","HTML"
"Hyperlink","https://offlimits.co.in/collections/mens-bestsellers/products/stussy-memory-tech-1-orm-407-08","https://offlimits.co.in/collections/mens-bestsellers/products/stussy-memory-tech-1-orm-407-08","796438","","FEATURED","200","OK","Crawlable","true","_self","","Path-Relative","//body/div[@id='nt_wrapper']/header/div/div/div/div/div/div[2]/nav/ul/li[@id='item_mega_MT7BMb']/div/div/div/div[@id='bk_link_rBEA6m']/a","Navigation","HTML"
"Hyperlink","https://offlimits.co.in/collections/mens-bestsellers/products/stussy-memory-tech-1-orm-407-08","https://offlimits.co.in/collections/mens-bestsellers/products/stussy-memory-tech-1-orm-407-08","796438","","Shop by category","200","OK","Crawlable","true","_self","","Path-Relative","//body/div[@id='nt_wrapper']/header/div/div/div/div/div/div[2]/nav/ul/li[@id='item_mega_MT7BMb']/div/div/div/div[@id='bk_link_7z3ewM']/a","Navigation","HTML"
"Hyperlink","https://offlimits.co.in/collections/mens-bestsellers/products/stussy-memory-tech-1-orm-407-08","https://offlimits.co.in/collections/mens-bestsellers/products/stussy-memory-tech-1-orm-407-08","796438","","Shop by Collection","200","OK","Crawlable","true","_self","","Path-Relative","//body/div[@id='nt_wrapper']/header/div/div/div/div/div/div[2]/nav/ul/li[@id='item_mega_MT7BMb']/div/div/div/div[@id='bk_link_DmVDRK']/a","Navigation","HTML"
"Hyperlink","https://offlimits.co.in/collections/mens-bestsellers/products/stussy-memory-tech-1-orm-407-08","https://offlimits.co.in/collections/mens-bestsellers/products/stussy-memory-tech-1-orm-407-08","796438","","All Clothing","200","OK","Crawlable","true","_self","","Path-Relative","//body/div[@id='nt_wrapper']/header/div/div/div/div/div/div[2]/nav/ul/li[@id='item_mega_MT7BMb']/div/div/div/div[@id='bk_link_EMEyAE']/a","Navigation","HTML"
"Hyperlink","https://offlimits.co.in/collections/mens-bestsellers/products/stussy-memory-tech-1-orm-407-08","https://offlimits.co.in/collections/mens-bestsellers/products/stussy-memory-tech-1-orm-407-08","796438","","Featured","200","OK","Crawlable","true","_self","","Path-Relative","//body/div[@id='nt_wrapper']/header/div/div/div/div/div/div[2]/nav/ul/li[@id='item_mega_EbVAiN']/div/div/div/div[@id='bk_link_DwDfUa']/a","Navigation","HTML"
"Hyperlink","https://offlimits.co.in/collections/mens-bestsellers/products/stussy-memory-tech-1-orm-407-08","https://offlimits.co.in/collections/mens-bestsellers/products/stussy-memory-tech-1-orm-407-08","796438","","Shop by category","200","OK","Crawlable","true","_self","","Path-Relative","//body/div[@id='nt_wrapper']/header/div/div/div/div/div/div[2]/nav/ul/li[@id='item_mega_EbVAiN']/div/div/div/div[@id='bk_link_QRmtMT']/a","Navigation","HTML"
"Hyperlink","https://offlimits.co.in/collections/mens-bestsellers/products/stussy-memory-tech-1-orm-407-08","https://offlimits.co.in/collections/mens-bestsellers/products/stussy-memory-tech-1-orm-407-08","796438","","Shop by Collection","200","OK","Crawlable","true","_self","","Path-Relative","//body/div[@id='nt_wrapper']/header/div/div/div/div/div/div[2]/nav/ul/li[@id='item_mega_EbVAiN']/div/div/div/div[@id='bk_link_W4LcJA']/a","Navigation","HTML"
"Hyperlink","https://offlimits.co.in/collections/mens-bestsellers/products/stussy-memory-tech-1-orm-407-08","https://offlimits.co.in/collections/mens-bestsellers/products/stussy-memory-tech-1-orm-407-08","796438","","All Clothing","200","OK","Crawlable","true","_self","","Path-Relative","//body/div[@id='nt_wrapper']/header/div/div/div/div/div/div[2]/nav/ul/li[@id='item_mega_EbVAiN']/div/div/div/div[@id='bk_link_KL8kyk']/a","Navigation","HTML"
"Hyperlink","https://offlimits.co.in/collections/mens-bestsellers/products/stussy-memory-tech-1-orm-407-08","https://offlimits.co.in/collections/mens-bestsellers/products/stussy-memory-tech-1-orm-407-08","796438","","Out of stock","200","OK","Crawlable","false","","nofollow","Path-Relative","//body/div[@id='nt_wrapper']/div[@id='nt_content']/div/div[1]/div[@id='product-6857386819677']/div/div/div[2]/div/div[@id='shopify-section-pr_summary']/div[3]/div/form/div[4]/div[1]/a[@id='out_stock_ppr']","Content","HTML"
"Hyperlink","https://offlimits.co.in/collections/mens-bestsellers/products/stussy-memory-tech-1-orm-407-08","https://offlimits.co.in/collections/mens-bestsellers/products/stussy-memory-tech-1-orm-407-08","796438","","PRODUCT DETAILS","200","OK","Crawlable","true","","","Path-Relative","//body/div[@id='nt_wrapper']/div[@id='nt_content']/div/div[1]/div[@id='product-6857386819677']/div/div/div[2]/div/div[@id='shopify-section-pr_description']/ul/li[1]/a","Content","HTML"
"Hyperlink","https://offlimits.co.in/collections/mens-bestsellers/products/stussy-memory-tech-1-orm-407-08","https://offlimits.co.in/collections/mens-bestsellers/products/stussy-memory-tech-1-orm-407-08","796438","","MANUFACTURER DETAILS","200","OK","Crawlable","true","","","Path-Relative","//body/div[@id='nt_wrapper']/div[@id='nt_content']/div/div[1]/div[@id='product-6857386819677']/div/div/div[2]/div/div[@id='shopify-section-pr_description']/ul/li[2]/a","Content","HTML"
"Hyperlink","https://offlimits.co.in/collections/mens-bestsellers/products/stussy-memory-tech-1-orm-407-08","https://offlimits.co.in/collections/mens-bestsellers/products/stussy-memory-tech-1-orm-407-08","796438","","PRODUCT DETAILS","200","OK","Crawlable","true","","","Path-Relative","//body/div[@id='nt_wrapper']/div[@id='nt_content']/div/div[1]/div[@id='product-6857386819677']/div/div/div[2]/div/div[@id='shopify-section-pr_description']/div[@id='tab_pr_deskl']/div[2]/a","Content","HTML"
"Hyperlink","https://offlimits.co.in/collections/mens-bestsellers/products/stussy-memory-tech-1-orm-407-08","https://offlimits.co.in/collections/mens-bestsellers/products/stussy-memory-tech-1-orm-407-08","796438","","MANUFACTURER DETAILS","200","OK","Crawlable","true","","","Path-Relative","//body/div[@id='nt_wrapper']/div[@id='nt_content']/div/div[1]/div[@id='product-6857386819677']/div/div/div[2]/div/div[@id='shopify-section-pr_description']/div[@id='tab_manufacturer_details']/div[2]/a","Content","HTML"
"Hyperlink","https://offlimits.co.in/collections/mens-bestsellers/products/stussy-memory-tech-1-orm-407-08","https://offlimits.co.in/collections/mens-bestsellers/products/stussy-memory-tech-1-orm-407-08","796438","","Write a review","200","OK","Crawlable","true","","","Path-Relative","//body/div[@id='nt_wrapper']/div[@id='nt_content']/div/div[1]/div[@id='judgeme_product_reviews']/div/div[@class='jdgm-rev-widg__header']/a","Header","HTML"
"Hyperlink","https://offlimits.co.in/collections/mens-bestsellers/products/stussy-memory-tech-1-orm-407-08","https://offlimits.co.in/collections/mens-bestsellers/products/stussy-memory-tech-1-orm-407-08","796438","","Store Locator","200","OK","Crawlable","true","","","Path-Relative","//body/div[@id='nt_wrapper']/footer/div[@id='shopify-section-footer_top']/div/div/div[@class='row']/div[5]/aside/div/ul/li[@class='menu-item'][2]/a","Aside","HTML"
"Hyperlink","https://offlimits.co.in/collections/mens-bestsellers/products/stussy-memory-tech-1-orm-407-08","https://offlimits.co.in/collections/mens-bestsellers/products/stussy-memory-tech-1-orm-407-08","796438","","","200","OK","Crawlable","false","","nofollow","Path-Relative","//body/div[@id='shopify-section-sticky_atc']/div/div/div/div[2]/div[3]/div/a[1]","Content","HTML"
"Hyperlink","https://offlimits.co.in/collections/mens-bestsellers/products/stussy-memory-tech-1-orm-407-08","https://offlimits.co.in/collections/mens-bestsellers/products/stussy-memory-tech-1-orm-407-08","796438","","","200","OK","Crawlable","false","","nofollow","Path-Relative","//body/div[@id='shopify-section-sticky_atc']/div/div/div/div[2]/div[3]/div/a[2]","Content","HTML"
"Image","https://offlimits.co.in/collections/mens-bestsellers/products/stussy-memory-tech-1-orm-407-08","https://offlimits.co.in/collections/mens-bestsellers/products/stussy-memory-tech-1-orm-407-08","796438","","","200","OK","Crawlable","true","","","Path-Relative","//body/div[@id='pr_grid_atc_popup']/div/div[@class='pr-grid-atc-popup__img-wrap']/img","Content","HTML"
"JavaScript","https://offlimits.co.in/collections/mens-bestsellers/products/stussy-memory-tech-1-orm-407-08","https://offlimits.co.in/collections/mens-bestsellers/products/stussy-memory-tech-1-orm-407-08","796438","","","200","OK","Crawlable","true","","","Path-Relative","//body/div[@id='nt_wrapper']/div[@id='nt_content']/script[2]","Content","HTML"
"Hyperlink","https://offlimits.co.in/","https://offlimits.co.in/collections/new-arrivals-2026/products/roger-select-blue-ocm-915-12","800424","","ROGER SELECT - BLUE","200","OK","Crawlable","true","","","Root-Relative","//body/div[@id='nt_wrapper']/div[@id='nt_content']/div[@id='shopify-section-tab_collection_owl_yhHhAD']/div/div[@class='tab_se_wrap']/div[@class='tab_se_content']/div[@id='collection_W3ntAy'][1]/div/div[5]/div/div[2]/h3/a","Content","HTML"
"Hyperlink","https://offlimits.co.in/collections/new-arrivals-2026/products/roger-select-blue-ocm-915-12","https://offlimits.co.in/collections/new-arrivals-2026/products/roger-select-blue-ocm-915-12","800424","","Skip to content","200","OK","Crawlable","true","","","Path-Relative","//body/a[1]","Content","HTML"
"Hyperlink","https://offlimits.co.in/collections/new-arrivals-2026/products/roger-select-blue-ocm-915-12","https://offlimits.co.in/collections/new-arrivals-2026/products/roger-select-blue-ocm-915-12","800424","","FEATURED","200","OK","Crawlable","true","_self","","Path-Relative","//body/div[@id='nt_wrapper']/header/div/div/div/div/div/div[2]/nav/ul/li[@id='item_mega_MT7BMb']/div/div/div/div[@id='bk_link_rBEA6m']/a","Navigation","HTML"
"Hyperlink","https://offlimits.co.in/collections/new-arrivals-2026/products/roger-select-blue-ocm-915-12","https://offlimits.co.in/collections/new-arrivals-2026/products/roger-select-blue-ocm-915-12","800424","","Shop by category","200","OK","Crawlable","true","_self","","Path-Relative","//body/div[@id='nt_wrapper']/header/div/div/div/div/div/div[2]/nav/ul/li[@id='item_mega_MT7BMb']/div/div/div/div[@id='bk_link_7z3ewM']/a","Navigation","HTML"
"Hyperlink","https://offlimits.co.in/collections/new-arrivals-2026/products/roger-select-blue-ocm-915-12","https://offlimits.co.in/collections/new-arrivals-2026/products/roger-select-blue-ocm-915-12","800424","","Shop by Collection","200","OK","Crawlable","true","_self","","Path-Relative","//body/div[@id='nt_wrapper']/header/div/div/div/div/div/div[2]/nav/ul/li[@id='item_mega_MT7BMb']/div/div/div/div[@id='bk_link_DmVDRK']/a","Navigation","HTML"
"Hyperlink","https://offlimits.co.in/collections/new-arrivals-2026/products/roger-select-blue-ocm-915-12","https://offlimits.co.in/collections/new-arrivals-2026/products/roger-select-blue-ocm-915-12","800424","","All Clothing","200","OK","Crawlable","true","_self","","Path-Relative","//body/div[@id='nt_wrapper']/header/div/div/div/div/div/div[2]/nav/ul/li[@id='item_mega_MT7BMb']/div/div/div/div[@id='bk_link_EMEyAE']/a","Navigation","HTML"
"Hyperlink","https://offlimits.co.in/collections/new-arrivals-2026/products/roger-select-blue-ocm-915-12","https://offlimits.co.in/collections/new-arrivals-2026/products/roger-select-blue-ocm-915-12","800424","","Featured","200","OK","Crawlable","true","_self","","Path-Relative","//body/div[@id='nt_wrapper']/header/div/div/div/div/div/div[2]/nav/ul/li[@id='item_mega_EbVAiN']/div/div/div/div[@id='bk_link_DwDfUa']/a","Navigation","HTML"
"Hyperlink","https://offlimits.co.in/collections/new-arrivals-2026/products/roger-select-blue-ocm-915-12","https://offlimits.co.in/collections/new-arrivals-2026/products/roger-select-blue-ocm-915-12","800424","","Shop by category","200","OK","Crawlable","true","_self","","Path-Relative","//body/div[@id='nt_wrapper']/header/div/div/div/div/div/div[2]/nav/ul/li[@id='item_mega_EbVAiN']/div/div/div/div[@id='bk_link_QRmtMT']/a","Navigation","HTML"
"Hyperlink","https://offlimits.co.in/collections/new-arrivals-2026/products/roger-select-blue-ocm-915-12","https://offlimits.co.in/collections/new-arrivals-2026/products/roger-select-blue-ocm-915-12","800424","","Shop by Collection","200","OK","Crawlable","true","_self","","Path-Relative","//body/div[@id='nt_wrapper']/header/div/div/div/div/div/div[2]/nav/ul/li[@id='item_mega_EbVAiN']/div/div/div/div[@id='bk_link_W4LcJA']/a","Navigation","HTML"
"Hyperlink","https://offlimits.co.in/collections/new-arrivals-2026/products/roger-select-blue-ocm-915-12","https://offlimits.co.in/collections/new-arrivals-2026/products/roger-select-blue-ocm-915-12","800424","","All Clothing","200","OK","Crawlable","true","_self","","Path-Relative","//body/div[@id='nt_wrapper']/header/div/div/div/div/div/div[2]/nav/ul/li[@id='item_mega_EbVAiN']/div/div/div/div[@id='bk_link_KL8kyk']/a","Navigation","HTML"
"Hyperlink","https://offlimits.co.in/collections/new-arrivals-2026/products/roger-select-blue-ocm-915-12","https://offlimits.co.in/collections/new-arrivals-2026/products/roger-select-blue-ocm-915-12","800424","","Out of stock","200","OK","Crawlable","false","","nofollow","Path-Relative","//body/div[@id='nt_wrapper']/div[@id='nt_content']/div/div[1]/div[@id='product-8204884508765']/div/div/div[2]/div/div[@id='shopify-section-pr_summary']/div[3]/div/form/div[4]/div[1]/a[@id='out_stock_ppr']","Content","HTML"
"Hyperlink","https://offlimits.co.in/collections/new-arrivals-2026/products/roger-select-blue-ocm-915-12","https://offlimits.co.in/collections/new-arrivals-2026/products/roger-select-blue-ocm-915-12","800424","","PRODUCT DETAILS","200","OK","Crawlable","true","","","Path-Relative","//body/div[@id='nt_wrapper']/div[@id='nt_content']/div/div[1]/div[@id='product-8204884508765']/div/div/div[2]/div/div[@id='shopify-section-pr_description']/ul/li[1]/a","Content","HTML"
"Hyperlink","https://offlimits.co.in/collections/new-arrivals-2026/products/roger-select-blue-ocm-915-12","https://offlimits.co.in/collections/new-arrivals-2026/products/roger-select-blue-ocm-915-12","800424","","MANUFACTURER DETAILS","200","OK","Crawlable","true","","","Path-Relative","//body/div[@id='nt_wrapper']/div[@id='nt_content']/div/div[1]/div[@id='product-8204884508765']/div/div/div[2]/div/div[@id='shopify-section-pr_description']/ul/li[2]/a","Content","HTML"
"Hyperlink","https://offlimits.co.in/collections/new-arrivals-2026/products/roger-select-blue-ocm-915-12","https://offlimits.co.in/collections/new-arrivals-2026/products/roger-select-blue-ocm-915-12","800424","","PRODUCT DETAILS","200","OK","Crawlable","true","","","Path-Relative","//body/div[@id='nt_wrapper']/div[@id='nt_content']/div/div[1]/div[@id='product-8204884508765']/div/div/div[2]/div/div[@id='shopify-section-pr_description']/div[@id='tab_pr_deskl']/div[2]/a","Content","HTML"
"Hyperlink","https://offlimits.co.in/collections/new-arrivals-2026/products/roger-select-blue-ocm-915-12","https://offlimits.co.in/collections/new-arrivals-2026/products/roger-select-blue-ocm-915-12","800424","","MANUFACTURER DETAILS","200","OK","Crawlable","true","","","Path-Relative","//body/div[@id='nt_wrapper']/div[@id='nt_content']/div/div[1]/div[@id='product-8204884508765']/div/div/div[2]/div/div[@id='shopify-section-pr_description']/div[@id='tab_manufacturer_details']/div[2]/a","Content","HTML"
"Hyperlink","https://offlimits.co.in/collections/new-arrivals-2026/products/roger-select-blue-ocm-915-12","https://offlimits.co.in/collections/new-arrivals-2026/products/roger-select-blue-ocm-915-12","800424","","Write a review","200","OK","Crawlable","true","","","Path-Relative","//body/div[@id='nt_wrapper']/div[@id='nt_content']/div/div[1]/div[@id='judgeme_product_reviews']/div/div[@class='jdgm-rev-widg__header']/a","Header","HTML"
"Hyperlink","https://offlimits.co.in/collections/new-arrivals-2026/products/roger-select-blue-ocm-915-12","https://offlimits.co.in/collections/new-arrivals-2026/products/roger-select-blue-ocm-915-12","800424","","Store Locator","200","OK","Crawlable","true","","","Path-Relative","//body/div[@id='nt_wrapper']/footer/div[@id='shopify-section-footer_top']/div/div/div[@class='row']/div[5]/aside/div/ul/li[@class='menu-item'][2]/a","Aside","HTML"
"Hyperlink","https://offlimits.co.in/collections/new-arrivals-2026/products/roger-select-blue-ocm-915-12","https://offlimits.co.in/collections/new-arrivals-2026/products/roger-select-blue-ocm-915-12","800424","","","200","OK","Crawlable","false","","nofollow","Path-Relative","//body/div[@id='shopify-section-sticky_atc']/div/div/div/div[2]/div[3]/div/a[1]","Content","HTML"
"Hyperlink","https://offlimits.co.in/collections/new-arrivals-2026/products/roger-select-blue-ocm-915-12","https://offlimits.co.in/collections/new-arrivals-2026/products/roger-select-blue-ocm-915-12","800424","","","200","OK","Crawlable","false","","nofollow","Path-Relative","//body/div[@id='shopify-section-sticky_atc']/div/div/div/div[2]/div[3]/div/a[2]","Content","HTML"
"Image","https://offlimits.co.in/collections/new-arrivals-2026/products/roger-select-blue-ocm-915-12","https://offlimits.co.in/collections/new-arrivals-2026/products/roger-select-blue-ocm-915-12","800424","","","200","OK","Crawlable","true","","","Path-Relative","//body/div[@id='pr_grid_atc_popup']/div/div[@class='pr-grid-atc-popup__img-wrap']/img","Content","HTML"
"JavaScript","https://offlimits.co.in/collections/new-arrivals-2026/products/roger-select-blue-ocm-915-12","https://offlimits.co.in/collections/new-arrivals-2026/products/roger-select-blue-ocm-915-12","800424","","","200","OK","Crawlable","true","","","Path-Relative","//body/div[@id='nt_wrapper']/div[@id='nt_content']/script[2]","Content","HTML"
"Hyperlink","https://offlimits.co.in/collections/men-running-shoes","https://offlimits.co.in/collections/men-running-shoes/products/gladiator-off-white-orm-661-02","870452","","GLADIATOR - OFF WHITE","200","OK","Crawlable","true","","","Root-Relative","//body/div[@id='nt_wrapper']/div[@id='nt_content']/div[3]/div[3]/div[2]/div/div[2]/div[1]/div/div[2]/h3/a","Content","HTML"
"Hyperlink","https://offlimits.co.in/collections/men-running-shoes/products/gladiator-off-white-orm-661-02","https://offlimits.co.in/collections/men-running-shoes/products/gladiator-off-white-orm-661-02","870452","","Skip to content","200","OK","Crawlable","true","","","Path-Relative","//body/a[1]","Content","HTML"
"Hyperlink","https://offlimits.co.in/collections/men-running-shoes/products/gladiator-off-white-orm-661-02","https://offlimits.co.in/collections/men-running-shoes/products/gladiator-off-white-orm-661-02","870452","","FEATURED","200","OK","Crawlable","true","_self","","Path-Relative","//body/div[@id='nt_wrapper']/header/div/div/div/div/div/div[2]/nav/ul/li[@id='item_mega_MT7BMb']/div/div/div/div[@id='bk_link_rBEA6m']/a","Navigation","HTML"
"Hyperlink","https://offlimits.co.in/collections/men-running-shoes/products/gladiator-off-white-orm-661-02","https://offlimits.co.in/collections/men-running-shoes/products/gladiator-off-white-orm-661-02","870452","","Shop by category","200","OK","Crawlable","true","_self","","Path-Relative","//body/div[@id='nt_wrapper']/header/div/div/div/div/div/div[2]/nav/ul/li[@id='item_mega_MT7BMb']/div/div/div/div[@id='bk_link_7z3ewM']/a","Navigation","HTML"
"Hyperlink","https://offlimits.co.in/collections/men-running-shoes/products/gladiator-off-white-orm-661-02","https://offlimits.co.in/collections/men-running-shoes/products/gladiator-off-white-orm-661-02","870452","","Shop by Collection","200","OK","Crawlable","true","_self","","Path-Relative","//body/div[@id='nt_wrapper']/header/div/div/div/div/div/div[2]/nav/ul/li[@id='item_mega_MT7BMb']/div/div/div/div[@id='bk_link_DmVDRK']/a","Navigation","HTML"
"Hyperlink","https://offlimits.co.in/collections/men-running-shoes/products/gladiator-off-white-orm-661-02","https://offlimits.co.in/collections/men-running-shoes/products/gladiator-off-white-orm-661-02","870452","","All Clothing","200","OK","Crawlable","true","_self","","Path-Relative","//body/div[@id='nt_wrapper']/header/div/div/div/div/div/div[2]/nav/ul/li[@id='item_mega_MT7BMb']/div/div/div/div[@id='bk_link_EMEyAE']/a","Navigation","HTML"
"Hyperlink","https://offlimits.co.in/collections/men-running-shoes/products/gladiator-off-white-orm-661-02","https://offlimits.co.in/collections/men-running-shoes/products/gladiator-off-white-orm-661-02","870452","","Featured","200","OK","Crawlable","true","_self","","Path-Relative","//body/div[@id='nt_wrapper']/header/div/div/div/div/div/div[2]/nav/ul/li[@id='item_mega_EbVAiN']/div/div/div/div[@id='bk_link_DwDfUa']/a","Navigation","HTML"
"Hyperlink","https://offlimits.co.in/collections/men-running-shoes/products/gladiator-off-white-orm-661-02","https://offlimits.co.in/collections/men-running-shoes/products/gladiator-off-white-orm-661-02","870452","","Shop by category","200","OK","Crawlable","true","_self","","Path-Relative","//body/div[@id='nt_wrapper']/header/div/div/div/div/div/div[2]/nav/ul/li[@id='item_mega_EbVAiN']/div/div/div/div[@id='bk_link_QRmtMT']/a","Navigation","HTML"
"Hyperlink","https://offlimits.co.in/collections/men-running-shoes/products/gladiator-off-white-orm-661-02","https://offlimits.co.in/collections/men-running-shoes/products/gladiator-off-white-orm-661-02","870452","","Shop by Collection","200","OK","Crawlable","true","_self","","Path-Relative","//body/div[@id='nt_wrapper']/header/div/div/div/div/div/div[2]/nav/ul/li[@id='item_mega_EbVAiN']/div/div/div/div[@id='bk_link_W4LcJA']/a","Navigation","HTML"
"Hyperlink","https://offlimits.co.in/collections/men-running-shoes/products/gladiator-off-white-orm-661-02","https://offlimits.co.in/collections/men-running-shoes/products/gladiator-off-white-orm-661-02","870452","","All Clothing","200","OK","Crawlable","true","_self","","Path-Relative","//body/div[@id='nt_wrapper']/header/div/div/div/div/div/div[2]/nav/ul/li[@id='item_mega_EbVAiN']/div/div/div/div[@id='bk_link_KL8kyk']/a","Navigation","HTML"
"Hyperlink","https://offlimits.co.in/collections/men-running-shoes/products/gladiator-off-white-orm-661-02","https://offlimits.co.in/collections/men-running-shoes/products/gladiator-off-white-orm-661-02","870452","","Out of stock","200","OK","Crawlable","false","","nofollow","Path-Relative","//body/div[@id='nt_wrapper']/div[@id='nt_content']/div/div[1]/div[@id='product-7653984043101']/div/div/div[2]/div/div[@id='shopify-section-pr_summary']/div[3]/div/form/div[4]/div[1]/a[@id='out_stock_ppr']","Content","HTML"
"Hyperlink","https://offlimits.co.in/collections/men-running-shoes/products/gladiator-off-white-orm-661-02","https://offlimits.co.in/collections/men-running-shoes/products/gladiator-off-white-orm-661-02","870452","","PRODUCT DETAILS","200","OK","Crawlable","true","","","Path-Relative","//body/div[@id='nt_wrapper']/div[@id='nt_content']/div/div[1]/div[@id='product-7653984043101']/div/div/div[2]/div/div[@id='shopify-section-pr_description']/ul/li[1]/a","Content","HTML"
"Hyperlink","https://offlimits.co.in/collections/men-running-shoes/products/gladiator-off-white-orm-661-02","https://offlimits.co.in/collections/men-running-shoes/products/gladiator-off-white-orm-661-02","870452","","MANUFACTURER DETAILS","200","OK","Crawlable","true","","","Path-Relative","//body/div[@id='nt_wrapper']/div[@id='nt_content']/div/div[1]/div[@id='product-7653984043101']/div/div/div[2]/div/div[@id='shopify-section-pr_description']/ul/li[2]/a","Content","HTML"
"Hyperlink","https://offlimits.co.in/collections/men-running-shoes/products/gladiator-off-white-orm-661-02","https://offlimits.co.in/collections/men-running-shoes/products/gladiator-off-white-orm-661-02","870452","","PRODUCT DETAILS","200","OK","Crawlable","true","","","Path-Relative","//body/div[@id='nt_wrapper']/div[@id='nt_content']/div/div[1]/div[@id='product-7653984043101']/div/div/div[2]/div/div[@id='shopify-section-pr_description']/div[@id='tab_pr_deskl']/div[2]/a","Content","HTML"
"Hyperlink","https://offlimits.co.in/collections/men-running-shoes/products/gladiator-off-white-orm-661-02","https://offlimits.co.in/collections/men-running-shoes/products/gladiator-off-white-orm-661-02","870452","","MANUFACTURER DETAILS","200","OK","Crawlable","true","","","Path-Relative","//body/div[@id='nt_wrapper']/div[@id='nt_content']/div/div[1]/div[@id='product-7653984043101']/div/div/div[2]/div/div[@id='shopify-section-pr_description']/div[@id='tab_manufacturer_details']/div[2]/a","Content","HTML"
"Hyperlink","https://offlimits.co.in/collections/men-running-shoes/products/gladiator-off-white-orm-661-02","https://offlimits.co.in/collections/men-running-shoes/products/gladiator-off-white-orm-661-02","870452","","Write a review","200","OK","Crawlable","true","","","Path-Relative","//body/div[@id='nt_wrapper']/div[@id='nt_content']/div/div[1]/div[@id='judgeme_product_reviews']/div/div[@class='jdgm-rev-widg__header']/a","Header","HTML"
"Hyperlink","https://offlimits.co.in/collections/men-running-shoes/products/gladiator-off-white-orm-661-02","https://offlimits.co.in/collections/men-running-shoes/products/gladiator-off-white-orm-661-02","870452","","Store Locator","200","OK","Crawlable","true","","","Path-Relative","//body/div[@id='nt_wrapper']/footer/div[@id='shopify-section-footer_top']/div/div/div[@class='row']/div[5]/aside/div/ul/li[@class='menu-item'][2]/a","Aside","HTML"
"Hyperlink","https://offlimits.co.in/collections/men-running-shoes/products/gladiator-off-white-orm-661-02","https://offlimits.co.in/collections/men-running-shoes/products/gladiator-off-white-orm-661-02","870452","","","200","OK","Crawlable","false","","nofollow","Path-Relative","//body/div[@id='shopify-section-sticky_atc']/div/div/div/div[2]/div[3]/div/a[1]","Content","HTML"
"Hyperlink","https://offlimits.co.in/collections/men-running-shoes/products/gladiator-off-white-orm-661-02","https://offlimits.co.in/collections/men-running-shoes/products/gladiator-off-white-orm-661-02","870452","","","200","OK","Crawlable","false","","nofollow","Path-Relative","//body/div[@id='shopify-section-sticky_atc']/div/div/div/div[2]/div[3]/div/a[2]","Content","HTML"
"Image","https://offlimits.co.in/collections/men-running-shoes/products/gladiator-off-white-orm-661-02","https://offlimits.co.in/collections/men-running-shoes/products/gladiator-off-white-orm-661-02","870452","","","200","OK","Crawlable","true","","","Path-Relative","//body/div[@id='pr_grid_atc_popup']/div/div[@class='pr-grid-atc-popup__img-wrap']/img","Content","HTML"
"JavaScript","https://offlimits.co.in/collections/men-running-shoes/products/gladiator-off-white-orm-661-02","https://offlimits.co.in/collections/men-running-shoes/products/gladiator-off-white-orm-661-02","870452","","","200","OK","Crawlable","true","","","Path-Relative","//body/div[@id='nt_wrapper']/div[@id='nt_content']/script[2]","Content","HTML"
"Hyperlink","https://offlimits.co.in/collections/men-shorts","https://offlimits.co.in/collections/men-shorts/products/mens-pol-cns-mesh-shorts-obm-77-01","720342","","MENS POL CNS MESH SHORTS","200","OK","Crawlable","true","","","Root-Relative","//body/div[@id='nt_wrapper']/div[@id='nt_content']/div[3]/div[3]/div[2]/div/div[2]/div[3]/div/div[2]/h3/a","Content","HTML"
"Hyperlink","https://offlimits.co.in/collections/men-shorts/products/mens-pol-cns-mesh-shorts-obm-77-01","https://offlimits.co.in/collections/men-shorts/products/mens-pol-cns-mesh-shorts-obm-77-01","720342","","Skip to content","200","OK","Crawlable","true","","","Path-Relative","//body/a[1]","Content","HTML"
"Hyperlink","https://offlimits.co.in/collections/men-shorts/products/mens-pol-cns-mesh-shorts-obm-77-01","https://offlimits.co.in/collections/men-shorts/products/mens-pol-cns-mesh-shorts-obm-77-01","720342","","FEATURED","200","OK","Crawlable","true","_self","","Path-Relative","//body/div[@id='nt_wrapper']/header/div/div/div/div/div/div[2]/nav/ul/li[@id='item_mega_MT7BMb']/div/div/div/div[@id='bk_link_rBEA6m']/a","Navigation","HTML"
"Hyperlink","https://offlimits.co.in/collections/men-shorts/products/mens-pol-cns-mesh-shorts-obm-77-01","https://offlimits.co.in/collections/men-shorts/products/mens-pol-cns-mesh-shorts-obm-77-01","720342","","Shop by category","200","OK","Crawlable","true","_self","","Path-Relative","//body/div[@id='nt_wrapper']/header/div/div/div/div/div/div[2]/nav/ul/li[@id='item_mega_MT7BMb']/div/div/div/div[@id='bk_link_7z3ewM']/a","Navigation","HTML"
"Hyperlink","https://offlimits.co.in/collections/men-shorts/products/mens-pol-cns-mesh-shorts-obm-77-01","https://offlimits.co.in/collections/men-shorts/products/mens-pol-cns-mesh-shorts-obm-77-01","720342","","Shop by Collection","200","OK","Crawlable","true","_self","","Path-Relative","//body/div[@id='nt_wrapper']/header/div/div/div/div/div/div[2]/nav/ul/li[@id='item_mega_MT7BMb']/div/div/div/div[@id='bk_link_DmVDRK']/a","Navigation","HTML"
"Hyperlink","https://offlimits.co.in/collections/men-shorts/products/mens-pol-cns-mesh-shorts-obm-77-01","https://offlimits.co.in/collections/men-shorts/products/mens-pol-cns-mesh-shorts-obm-77-01","720342","","All Clothing","200","OK","Crawlable","true","_self","","Path-Relative","//body/div[@id='nt_wrapper']/header/div/div/div/div/div/div[2]/nav/ul/li[@id='item_mega_MT7BMb']/div/div/div/div[@id='bk_link_EMEyAE']/a","Navigation","HTML"
"Hyperlink","https://offlimits.co.in/collections/men-shorts/products/mens-pol-cns-mesh-shorts-obm-77-01","https://offlimits.co.in/collections/men-shorts/products/mens-pol-cns-mesh-shorts-obm-77-01","720342","","Featured","200","OK","Crawlable","true","_self","","Path-Relative","//body/div[@id='nt_wrapper']/header/div/div/div/div/div/div[2]/nav/ul/li[@id='item_mega_EbVAiN']/div/div/div/div[@id='bk_link_DwDfUa']/a","Navigation","HTML"
"Hyperlink","https://offlimits.co.in/collections/men-shorts/products/mens-pol-cns-mesh-shorts-obm-77-01","https://offlimits.co.in/collections/men-shorts/products/mens-pol-cns-mesh-shorts-obm-77-01","720342","","Shop by category","200","OK","Crawlable","true","_self","","Path-Relative","//body/div[@id='nt_wrapper']/header/div/div/div/div/div/div[2]/nav/ul/li[@id='item_mega_EbVAiN']/div/div/div/div[@id='bk_link_QRmtMT']/a","Navigation","HTML"
"Hyperlink","https://offlimits.co.in/collections/men-shorts/products/mens-pol-cns-mesh-shorts-obm-77-01","https://offlimits.co.in/collections/men-shorts/products/mens-pol-cns-mesh-shorts-obm-77-01","720342","","Shop by Collection","200","OK","Crawlable","true","_self","","Path-Relative","//body/div[@id='nt_wrapper']/header/div/div/div/div/div/div[2]/nav/ul/li[@id='item_mega_EbVAiN']/div/div/div/div[@id='bk_link_W4LcJA']/a","Navigation","HTML"
"Hyperlink","https://offlimits.co.in/collections/men-shorts/products/mens-pol-cns-mesh-shorts-obm-77-01","https://offlimits.co.in/collections/men-shorts/products/mens-pol-cns-mesh-shorts-obm-77-01","720342","","All Clothing","200","OK","Crawlable","true","_self","","Path-Relative","//body/div[@id='nt_wrapper']/header/div/div/div/div/div/div[2]/nav/ul/li[@id='item_mega_EbVAiN']/div/div/div/div[@id='bk_link_KL8kyk']/a","Navigation","HTML"
"Hyperlink","https://offlimits.co.in/collections/men-shorts/products/mens-pol-cns-mesh-shorts-obm-77-01","https://offlimits.co.in/collections/men-shorts/products/mens-pol-cns-mesh-shorts-obm-77-01","720342","","Out of stock","200","OK","Crawlable","false","","nofollow","Path-Relative","//body/div[@id='nt_wrapper']/div[@id='nt_content']/div/div[1]/div[@id='product-6882536194141']/div/div/div[2]/div/div[@id='shopify-section-pr_summary']/div[3]/div/form/div[4]/div[1]/a[@id='out_stock_ppr']","Content","HTML"
"Hyperlink","https://offlimits.co.in/collections/men-shorts/products/mens-pol-cns-mesh-shorts-obm-77-01","https://offlimits.co.in/collections/men-shorts/products/mens-pol-cns-mesh-shorts-obm-77-01","720342","","PRODUCT DETAILS","200","OK","Crawlable","true","","","Path-Relative","//body/div[@id='nt_wrapper']/div[@id='nt_content']/div/div[1]/div[@id='product-6882536194141']/div/div/div[2]/div/div[@id='shopify-section-pr_description']/ul/li[1]/a","Content","HTML"
"Hyperlink","https://offlimits.co.in/collections/men-shorts/products/mens-pol-cns-mesh-shorts-obm-77-01","https://offlimits.co.in/collections/men-shorts/products/mens-pol-cns-mesh-shorts-obm-77-01","720342","","MANUFACTURER DETAILS","200","OK","Crawlable","true","","","Path-Relative","//body/div[@id='nt_wrapper']/div[@id='nt_content']/div/div[1]/div[@id='product-6882536194141']/div/div/div[2]/div/div[@id='shopify-section-pr_description']/ul/li[2]/a","Content","HTML"
"Hyperlink","https://offlimits.co.in/collections/men-shorts/products/mens-pol-cns-mesh-shorts-obm-77-01","https://offlimits.co.in/collections/men-shorts/products/mens-pol-cns-mesh-shorts-obm-77-01","720342","","PRODUCT DETAILS","200","OK","Crawlable","true","","","Path-Relative","//body/div[@id='nt_wrapper']/div[@id='nt_content']/div/div[1]/div[@id='product-6882536194141']/div/div/div[2]/div/div[@id='shopify-section-pr_description']/div[@id='tab_pr_deskl']/div[2]/a","Content","HTML"
"Hyperlink","https://offlimits.co.in/collections/men-shorts/products/mens-pol-cns-mesh-shorts-obm-77-01","https://offlimits.co.in/collections/men-shorts/products/mens-pol-cns-mesh-shorts-obm-77-01","720342","","MANUFACTURER DETAILS","200","OK","Crawlable","true","","","Path-Relative","//body/div[@id='nt_wrapper']/div[@id='nt_content']/div/div[1]/div[@id='product-6882536194141']/div/div/div[2]/div/div[@id='shopify-section-pr_description']/div[@id='tab_manufacturer_details']/div[2]/a","Content","HTML"
"Hyperlink","https://offlimits.co.in/collections/men-shorts/products/mens-pol-cns-mesh-shorts-obm-77-01","https://offlimits.co.in/collections/men-shorts/products/mens-pol-cns-mesh-shorts-obm-77-01","720342","","Write a review","200","OK","Crawlable","true","","","Path-Relative","//body/div[@id='nt_wrapper']/div[@id='nt_content']/div/div[1]/div[@id='judgeme_product_reviews']/div/div[@class='jdgm-rev-widg__header']/a","Header","HTML"
"Hyperlink","https://offlimits.co.in/collections/men-shorts/products/mens-pol-cns-mesh-shorts-obm-77-01","https://offlimits.co.in/collections/men-shorts/products/mens-pol-cns-mesh-shorts-obm-77-01","720342","","Store Locator","200","OK","Crawlable","true","","","Path-Relative","//body/div[@id='nt_wrapper']/footer/div[@id='shopify-section-footer_top']/div/div/div[@class='row']/div[5]/aside/div/ul/li[@class='menu-item'][2]/a","Aside","HTML"
"Hyperlink","https://offlimits.co.in/collections/men-shorts/products/mens-pol-cns-mesh-shorts-obm-77-01","https://offlimits.co.in/collections/men-shorts/products/mens-pol-cns-mesh-shorts-obm-77-01","720342","","","200","OK","Crawlable","false","","nofollow","Path-Relative","//body/div[@id='shopify-section-sticky_atc']/div/div/div/div[2]/div[3]/div/a[1]","Content","HTML"
"Hyperlink","https://offlimits.co.in/collections/men-shorts/products/mens-pol-cns-mesh-shorts-obm-77-01","https://offlimits.co.in/collections/men-shorts/products/mens-pol-cns-mesh-shorts-obm-77-01","720342","","","200","OK","Crawlable","false","","nofollow","Path-Relative","//body/div[@id='shopify-section-sticky_atc']/div/div/div/div[2]/div[3]/div/a[2]","Content","HTML"
"Image","https://offlimits.co.in/collections/men-shorts/products/mens-pol-cns-mesh-shorts-obm-77-01","https://offlimits.co.in/collections/men-shorts/products/mens-pol-cns-mesh-shorts-obm-77-01","720342","","","200","OK","Crawlable","true","","","Path-Relative","//body/div[@id='pr_grid_atc_popup']/div/div[@class='pr-grid-atc-popup__img-wrap']/img","Content","HTML"
"JavaScript","https://offlimits.co.in/collections/men-shorts/products/mens-pol-cns-mesh-shorts-obm-77-01","https://offlimits.co.in/collections/men-shorts/products/mens-pol-cns-mesh-shorts-obm-77-01","720342","","","200","OK","Crawlable","true","","","Path-Relative","//body/div[@id='nt_wrapper']/div[@id='nt_content']/script[2]","Content","HTML"
"Hyperlink","https://offlimits.co.in/collections/men-running-shoes","https://offlimits.co.in/collections/men-running-shoes/products/gladiator-off-white-beige-orm-661-17","858498","","GLADIATOR - OFF WHITE/BEIGE","200","OK","Crawlable","true","","","Root-Relative","//body/div[@id='nt_wrapper']/div[@id='nt_content']/div[3]/div[3]/div[2]/div/div[2]/div[19]/div/div[2]/h3/a","Content","HTML"
"Hyperlink","https://offlimits.co.in/collections/men-running-shoes/products/gladiator-off-white-beige-orm-661-17","https://offlimits.co.in/collections/men-running-shoes/products/gladiator-off-white-beige-orm-661-17","858498","","Skip to content","200","OK","Crawlable","true","","","Path-Relative","//body/a[1]","Content","HTML"
"Hyperlink","https://offlimits.co.in/collections/men-running-shoes/products/gladiator-off-white-beige-orm-661-17","https://offlimits.co.in/collections/men-running-shoes/products/gladiator-off-white-beige-orm-661-17","858498","","FEATURED","200","OK","Crawlable","true","_self","","Path-Relative","//body/div[@id='nt_wrapper']/header/div/div/div/div/div/div[2]/nav/ul/li[@id='item_mega_MT7BMb']/div/div/div/div[@id='bk_link_rBEA6m']/a","Navigation","HTML"
"Hyperlink","https://offlimits.co.in/collections/men-running-shoes/products/gladiator-off-white-beige-orm-661-17","https://offlimits.co.in/collections/men-running-shoes/products/gladiator-off-white-beige-orm-661-17","858498","","Shop by category","200","OK","Crawlable","true","_self","","Path-Relative","//body/div[@id='nt_wrapper']/header/div/div/div/div/div/div[2]/nav/ul/li[@id='item_mega_MT7BMb']/div/div/div/div[@id='bk_link_7z3ewM']/a","Navigation","HTML"
"Hyperlink","https://offlimits.co.in/collections/men-running-shoes/products/gladiator-off-white-beige-orm-661-17","https://offlimits.co.in/collections/men-running-shoes/products/gladiator-off-white-beige-orm-661-17","858498","","Shop by Collection","200","OK","Crawlable","true","_self","","Path-Relative","//body/div[@id='nt_wrapper']/header/div/div/div/div/div/div[2]/nav/ul/li[@id='item_mega_MT7BMb']/div/div/div/div[@id='bk_link_DmVDRK']/a","Navigation","HTML"
"Hyperlink","https://offlimits.co.in/collections/men-running-shoes/products/gladiator-off-white-beige-orm-661-17","https://offlimits.co.in/collections/men-running-shoes/products/gladiator-off-white-beige-orm-661-17","858498","","All Clothing","200","OK","Crawlable","true","_self","","Path-Relative","//body/div[@id='nt_wrapper']/header/div/div/div/div/div/div[2]/nav/ul/li[@id='item_mega_MT7BMb']/div/div/div/div[@id='bk_link_EMEyAE']/a","Navigation","HTML"
"Hyperlink","https://offlimits.co.in/collections/men-running-shoes/products/gladiator-off-white-beige-orm-661-17","https://offlimits.co.in/collections/men-running-shoes/products/gladiator-off-white-beige-orm-661-17","858498","","Featured","200","OK","Crawlable","true","_self","","Path-Relative","//body/div[@id='nt_wrapper']/header/div/div/div/div/div/div[2]/nav/ul/li[@id='item_mega_EbVAiN']/div/div/div/div[@id='bk_link_DwDfUa']/a","Navigation","HTML"
"Hyperlink","https://offlimits.co.in/collections/men-running-shoes/products/gladiator-off-white-beige-orm-661-17","https://offlimits.co.in/collections/men-running-shoes/products/gladiator-off-white-beige-orm-661-17","858498","","Shop by category","200","OK","Crawlable","true","_self","","Path-Relative","//body/div[@id='nt_wrapper']/header/div/div/div/div/div/div[2]/nav/ul/li[@id='item_mega_EbVAiN']/div/div/div/div[@id='bk_link_QRmtMT']/a","Navigation","HTML"
"Hyperlink","https://offlimits.co.in/collections/men-running-shoes/products/gladiator-off-white-beige-orm-661-17","https://offlimits.co.in/collections/men-running-shoes/products/gladiator-off-white-beige-orm-661-17","858498","","Shop by Collection","200","OK","Crawlable","true","_self","","Path-Relative","//body/div[@id='nt_wrapper']/header/div/div/div/div/div/div[2]/nav/ul/li[@id='item_mega_EbVAiN']/div/div/div/div[@id='bk_link_W4LcJA']/a","Navigation","HTML"
"Hyperlink","https://offlimits.co.in/collections/men-running-shoes/products/gladiator-off-white-beige-orm-661-17","https://offlimits.co.in/collections/men-running-shoes/products/gladiator-off-white-beige-orm-661-17","858498","","All Clothing","200","OK","Crawlable","true","_self","","Path-Relative","//body/div[@id='nt_wrapper']/header/div/div/div/div/div/div[2]/nav/ul/li[@id='item_mega_EbVAiN']/div/div/div/div[@id='bk_link_KL8kyk']/a","Navigation","HTML"
"Hyperlink","https://offlimits.co.in/collections/men-running-shoes/products/gladiator-off-white-beige-orm-661-17","https://offlimits.co.in/collections/men-running-shoes/products/gladiator-off-white-beige-orm-661-17","858498","","Out of stock","200","OK","Crawlable","false","","nofollow","Path-Relative","//body/div[@id='nt_wrapper']/div[@id='nt_content']/div/div[1]/div[@id='product-8148195246173']/div/div/div[2]/div/div[@id='shopify-section-pr_summary']/div[3]/div/form/div[4]/div[1]/a[@id='out_stock_ppr']","Content","HTML"
"Hyperlink","https://offlimits.co.in/collections/men-running-shoes/products/gladiator-off-white-beige-orm-661-17","https://offlimits.co.in/collections/men-running-shoes/products/gladiator-off-white-beige-orm-661-17","858498","","PRODUCT DETAILS","200","OK","Crawlable","true","","","Path-Relative","//body/div[@id='nt_wrapper']/div[@id='nt_content']/div/div[1]/div[@id='product-8148195246173']/div/div/div[2]/div/div[@id='shopify-section-pr_description']/ul/li[1]/a","Content","HTML"
"Hyperlink","https://offlimits.co.in/collections/men-running-shoes/products/gladiator-off-white-beige-orm-661-17","https://offlimits.co.in/collections/men-running-shoes/products/gladiator-off-white-beige-orm-661-17","858498","","MANUFACTURER DETAILS","200","OK","Crawlable","true","","","Path-Relative","//body/div[@id='nt_wrapper']/div[@id='nt_content']/div/div[1]/div[@id='product-8148195246173']/div/div/div[2]/div/div[@id='shopify-section-pr_description']/ul/li[2]/a","Content","HTML"
"Hyperlink","https://offlimits.co.in/collections/men-running-shoes/products/gladiator-off-white-beige-orm-661-17","https://offlimits.co.in/collections/men-running-shoes/products/gladiator-off-white-beige-orm-661-17","858498","","PRODUCT DETAILS","200","OK","Crawlable","true","","","Path-Relative","//body/div[@id='nt_wrapper']/div[@id='nt_content']/div/div[1]/div[@id='product-8148195246173']/div/div/div[2]/div/div[@id='shopify-section-pr_description']/div[@id='tab_pr_deskl']/div[2]/a","Content","HTML"
"Hyperlink","https://offlimits.co.in/collections/men-running-shoes/products/gladiator-off-white-beige-orm-661-17","https://offlimits.co.in/collections/men-running-shoes/products/gladiator-off-white-beige-orm-661-17","858498","","MANUFACTURER DETAILS","200","OK","Crawlable","true","","","Path-Relative","//body/div[@id='nt_wrapper']/div[@id='nt_content']/div/div[1]/div[@id='product-8148195246173']/div/div/div[2]/div/div[@id='shopify-section-pr_description']/div[@id='tab_manufacturer_details']/div[2]/a","Content","HTML"
"Hyperlink","https://offlimits.co.in/collections/men-running-shoes/products/gladiator-off-white-beige-orm-661-17","https://offlimits.co.in/collections/men-running-shoes/products/gladiator-off-white-beige-orm-661-17","858498","","Write a review","200","OK","Crawlable","true","","","Path-Relative","//body/div[@id='nt_wrapper']/div[@id='nt_content']/div/div[1]/div[@id='judgeme_product_reviews']/div/div[@class='jdgm-rev-widg__header']/a","Header","HTML"
"Hyperlink","https://offlimits.co.in/collections/men-running-shoes/products/gladiator-off-white-beige-orm-661-17","https://offlimits.co.in/collections/men-running-shoes/products/gladiator-off-white-beige-orm-661-17","858498","","Store Locator","200","OK","Crawlable","true","","","Path-Relative","//body/div[@id='nt_wrapper']/footer/div[@id='shopify-section-footer_top']/div/div/div[@class='row']/div[5]/aside/div/ul/li[@class='menu-item'][2]/a","Aside","HTML"
"Hyperlink","https://offlimits.co.in/collections/men-running-shoes/products/gladiator-off-white-beige-orm-661-17","https://offlimits.co.in/collections/men-running-shoes/products/gladiator-off-white-beige-orm-661-17","858498","","","200","OK","Crawlable","false","","nofollow","Path-Relative","//body/div[@id='shopify-section-sticky_atc']/div/div/div/div[2]/div[3]/div/a[1]","Content","HTML"
"Hyperlink","https://offlimits.co.in/collections/men-running-shoes/products/gladiator-off-white-beige-orm-661-17","https://offlimits.co.in/collections/men-running-shoes/products/gladiator-off-white-beige-orm-661-17","858498","","","200","OK","Crawlable","false","","nofollow","Path-Relative","//body/div[@id='shopify-section-sticky_atc']/div/div/div/div[2]/div[3]/div/a[2]","Content","HTML"
"Image","https://offlimits.co.in/collections/men-running-shoes/products/gladiator-off-white-beige-orm-661-17","https://offlimits.co.in/collections/men-running-shoes/products/gladiator-off-white-beige-orm-661-17","858498","","","200","OK","Crawlable","true","","","Path-Relative","//body/div[@id='pr_grid_atc_popup']/div/div[@class='pr-grid-atc-popup__img-wrap']/img","Content","HTML"
"JavaScript","https://offlimits.co.in/collections/men-running-shoes/products/gladiator-off-white-beige-orm-661-17","https://offlimits.co.in/collections/men-running-shoes/products/gladiator-off-white-beige-orm-661-17","858498","","","200","OK","Crawlable","true","","","Path-Relative","//body/div[@id='nt_wrapper']/div[@id='nt_content']/script[2]","Content","HTML"
"Hyperlink","https://offlimits.co.in/collections/mens-running-gym-shoes","https://offlimits.co.in/collections/mens-running-gym-shoes/products/gladiator-light-grey-orm-661-06","842055","","GLADIATOR - LIGHT GREY","200","OK","Crawlable","true","","","Root-Relative","//body/div[@id='nt_wrapper']/div[@id='nt_content']/div[3]/div[3]/div[2]/div/div[2]/div[35]/div/div[2]/h3/a","Content","HTML"
"Hyperlink","https://offlimits.co.in/collections/mens-running-gym-shoes/products/gladiator-light-grey-orm-661-06","https://offlimits.co.in/collections/mens-running-gym-shoes/products/gladiator-light-grey-orm-661-06","842055","","Skip to content","200","OK","Crawlable","true","","","Path-Relative","//body/a[1]","Content","HTML"
"Hyperlink","https://offlimits.co.in/collections/mens-running-gym-shoes/products/gladiator-light-grey-orm-661-06","https://offlimits.co.in/collections/mens-running-gym-shoes/products/gladiator-light-grey-orm-661-06","842055","","FEATURED","200","OK","Crawlable","true","_self","","Path-Relative","//body/div[@id='nt_wrapper']/header/div/div/div/div/div/div[2]/nav/ul/li[@id='item_mega_MT7BMb']/div/div/div/div[@id='bk_link_rBEA6m']/a","Navigation","HTML"
"Hyperlink","https://offlimits.co.in/collections/mens-running-gym-shoes/products/gladiator-light-grey-orm-661-06","https://offlimits.co.in/collections/mens-running-gym-shoes/products/gladiator-light-grey-orm-661-06","842055","","Shop by category","200","OK","Crawlable","true","_self","","Path-Relative","//body/div[@id='nt_wrapper']/header/div/div/div/div/div/div[2]/nav/ul/li[@id='item_mega_MT7BMb']/div/div/div/div[@id='bk_link_7z3ewM']/a","Navigation","HTML"
"Hyperlink","https://offlimits.co.in/collections/mens-running-gym-shoes/products/gladiator-light-grey-orm-661-06","https://offlimits.co.in/collections/mens-running-gym-shoes/products/gladiator-light-grey-orm-661-06","842055","","Shop by Collection","200","OK","Crawlable","true","_self","","Path-Relative","//body/div[@id='nt_wrapper']/header/div/div/div/div/div/div[2]/nav/ul/li[@id='item_mega_MT7BMb']/div/div/div/div[@id='bk_link_DmVDRK']/a","Navigation","HTML"
"Hyperlink","https://offlimits.co.in/collections/mens-running-gym-shoes/products/gladiator-light-grey-orm-661-06","https://offlimits.co.in/collections/mens-running-gym-shoes/products/gladiator-light-grey-orm-661-06","842055","","All Clothing","200","OK","Crawlable","true","_self","","Path-Relative","//body/div[@id='nt_wrapper']/header/div/div/div/div/div/div[2]/nav/ul/li[@id='item_mega_MT7BMb']/div/div/div/div[@id='bk_link_EMEyAE']/a","Navigation","HTML"
"Hyperlink","https://offlimits.co.in/collections/mens-running-gym-shoes/products/gladiator-light-grey-orm-661-06","https://offlimits.co.in/collections/mens-running-gym-shoes/products/gladiator-light-grey-orm-661-06","842055","","Featured","200","OK","Crawlable","true","_self","","Path-Relative","//body/div[@id='nt_wrapper']/header/div/div/div/div/div/div[2]/nav/ul/li[@id='item_mega_EbVAiN']/div/div/div/div[@id='bk_link_DwDfUa']/a","Navigation","HTML"
"Hyperlink","https://offlimits.co.in/collections/mens-running-gym-shoes/products/gladiator-light-grey-orm-661-06","https://offlimits.co.in/collections/mens-running-gym-shoes/products/gladiator-light-grey-orm-661-06","842055","","Shop by category","200","OK","Crawlable","true","_self","","Path-Relative","//body/div[@id='nt_wrapper']/header/div/div/div/div/div/div[2]/nav/ul/li[@id='item_mega_EbVAiN']/div/div/div/div[@id='bk_link_QRmtMT']/a","Navigation","HTML"
"Hyperlink","https://offlimits.co.in/collections/mens-running-gym-shoes/products/gladiator-light-grey-orm-661-06","https://offlimits.co.in/collections/mens-running-gym-shoes/products/gladiator-light-grey-orm-661-06","842055","","Shop by Collection","200","OK","Crawlable","true","_self","","Path-Relative","//body/div[@id='nt_wrapper']/header/div/div/div/div/div/div[2]/nav/ul/li[@id='item_mega_EbVAiN']/div/div/div/div[@id='bk_link_W4LcJA']/a","Navigation","HTML"
"Hyperlink","https://offlimits.co.in/collections/mens-running-gym-shoes/products/gladiator-light-grey-orm-661-06","https://offlimits.co.in/collections/mens-running-gym-shoes/products/gladiator-light-grey-orm-661-06","842055","","All Clothing","200","OK","Crawlable","true","_self","","Path-Relative","//body/div[@id='nt_wrapper']/header/div/div/div/div/div/div[2]/nav/ul/li[@id='item_mega_EbVAiN']/div/div/div/div[@id='bk_link_KL8kyk']/a","Navigation","HTML"
"Hyperlink","https://offlimits.co.in/collections/mens-running-gym-shoes/products/gladiator-light-grey-orm-661-06","https://offlimits.co.in/collections/mens-running-gym-shoes/products/gladiator-light-grey-orm-661-06","842055","","Out of stock","200","OK","Crawlable","false","","nofollow","Path-Relative","//body/div[@id='nt_wrapper']/div[@id='nt_content']/div/div[1]/div[@id='product-8044521848925']/div/div/div[2]/div/div[@id='shopify-section-pr_summary']/div[3]/div/form/div[4]/div[1]/a[@id='out_stock_ppr']","Content","HTML"
"Hyperlink","https://offlimits.co.in/collections/mens-running-gym-shoes/products/gladiator-light-grey-orm-661-06","https://offlimits.co.in/collections/mens-running-gym-shoes/products/gladiator-light-grey-orm-661-06","842055","","PRODUCT DETAILS","200","OK","Crawlable","true","","","Path-Relative","//body/div[@id='nt_wrapper']/div[@id='nt_content']/div/div[1]/div[@id='product-8044521848925']/div/div/div[2]/div/div[@id='shopify-section-pr_description']/ul/li[1]/a","Content","HTML"
"Hyperlink","https://offlimits.co.in/collections/mens-running-gym-shoes/products/gladiator-light-grey-orm-661-06","https://offlimits.co.in/collections/mens-running-gym-shoes/products/gladiator-light-grey-orm-661-06","842055","","MANUFACTURER DETAILS","200","OK","Crawlable","true","","","Path-Relative","//body/div[@id='nt_wrapper']/div[@id='nt_content']/div/div[1]/div[@id='product-8044521848925']/div/div/div[2]/div/div[@id='shopify-section-pr_description']/ul/li[2]/a","Content","HTML"
"Hyperlink","https://offlimits.co.in/collections/mens-running-gym-shoes/products/gladiator-light-grey-orm-661-06","https://offlimits.co.in/collections/mens-running-gym-shoes/products/gladiator-light-grey-orm-661-06","842055","","PRODUCT DETAILS","200","OK","Crawlable","true","","","Path-Relative","//body/div[@id='nt_wrapper']/div[@id='nt_content']/div/div[1]/div[@id='product-8044521848925']/div/div/div[2]/div/div[@id='shopify-section-pr_description']/div[@id='tab_pr_deskl']/div[2]/a","Content","HTML"
"Hyperlink","https://offlimits.co.in/collections/mens-running-gym-shoes/products/gladiator-light-grey-orm-661-06","https://offlimits.co.in/collections/mens-running-gym-shoes/products/gladiator-light-grey-orm-661-06","842055","","MANUFACTURER DETAILS","200","OK","Crawlable","true","","","Path-Relative","//body/div[@id='nt_wrapper']/div[@id='nt_content']/div/div[1]/div[@id='product-8044521848925']/div/div/div[2]/div/div[@id='shopify-section-pr_description']/div[@id='tab_manufacturer_details']/div[2]/a","Content","HTML"
"Hyperlink","https://offlimits.co.in/collections/mens-running-gym-shoes/products/gladiator-light-grey-orm-661-06","https://offlimits.co.in/collections/mens-running-gym-shoes/products/gladiator-light-grey-orm-661-06","842055","","Write a review","200","OK","Crawlable","true","","","Path-Relative","//body/div[@id='nt_wrapper']/div[@id='nt_content']/div/div[1]/div[@id='judgeme_product_reviews']/div/div[@class='jdgm-rev-widg__header']/a","Header","HTML"
"Hyperlink","https://offlimits.co.in/collections/mens-running-gym-shoes/products/gladiator-light-grey-orm-661-06","https://offlimits.co.in/collections/mens-running-gym-shoes/products/gladiator-light-grey-orm-661-06","842055","","Store Locator","200","OK","Crawlable","true","","","Path-Relative","//body/div[@id='nt_wrapper']/footer/div[@id='shopify-section-footer_top']/div/div/div[@class='row']/div[5]/aside/div/ul/li[@class='menu-item'][2]/a","Aside","HTML"
"Hyperlink","https://offlimits.co.in/collections/mens-running-gym-shoes/products/gladiator-light-grey-orm-661-06","https://offlimits.co.in/collections/mens-running-gym-shoes/products/gladiator-light-grey-orm-661-06","842055","","","200","OK","Crawlable","false","","nofollow","Path-Relative","//body/div[@id='shopify-section-sticky_atc']/div/div/div/div[2]/div[3]/div/a[1]","Content","HTML"
"Hyperlink","https://offlimits.co.in/collections/mens-running-gym-shoes/products/gladiator-light-grey-orm-661-06","https://offlimits.co.in/collections/mens-running-gym-shoes/products/gladiator-light-grey-orm-661-06","842055","","","200","OK","Crawlable","false","","nofollow","Path-Relative","//body/div[@id='shopify-section-sticky_atc']/div/div/div/div[2]/div[3]/div/a[2]","Content","HTML"
"Image","https://offlimits.co.in/collections/mens-running-gym-shoes/products/gladiator-light-grey-orm-661-06","https://offlimits.co.in/collections/mens-running-gym-shoes/products/gladiator-light-grey-orm-661-06","842055","","","200","OK","Crawlable","true","","","Path-Relative","//body/div[@id='pr_grid_atc_popup']/div/div[@class='pr-grid-atc-popup__img-wrap']/img","Content","HTML"
"JavaScript","https://offlimits.co.in/collections/mens-running-gym-shoes/products/gladiator-light-grey-orm-661-06","https://offlimits.co.in/collections/mens-running-gym-shoes/products/gladiator-light-grey-orm-661-06","842055","","","200","OK","Crawlable","true","","","Path-Relative","//body/div[@id='nt_wrapper']/div[@id='nt_content']/script[2]","Content","HTML"
"Hyperlink","https://offlimits.co.in/collections/low-top-shoes-for-men","https://offlimits.co.in/collections/low-top-shoes-for-men/products/speed-cat-crazy-horse-tan-ocm-062-04","806710","","SPEED CAT - CRAZY HORSE/TAN","200","OK","Crawlable","true","","","Root-Relative","//body/div[@id='nt_wrapper']/div[@id='nt_content']/div[3]/div[3]/div[2]/div/div[2]/div[6]/div/div[2]/h3/a","Content","HTML"
"Hyperlink","https://offlimits.co.in/collections/low-top-shoes-for-men/products/speed-cat-crazy-horse-tan-ocm-062-04","https://offlimits.co.in/collections/low-top-shoes-for-men/products/speed-cat-crazy-horse-tan-ocm-062-04","806710","","Skip to content","200","OK","Crawlable","true","","","Path-Relative","//body/a[1]","Content","HTML"
"Hyperlink","https://offlimits.co.in/collections/low-top-shoes-for-men/products/speed-cat-crazy-horse-tan-ocm-062-04","https://offlimits.co.in/collections/low-top-shoes-for-men/products/speed-cat-crazy-horse-tan-ocm-062-04","806710","","FEATURED","200","OK","Crawlable","true","_self","","Path-Relative","//body/div[@id='nt_wrapper']/header/div/div/div/div/div/div[2]/nav/ul/li[@id='item_mega_MT7BMb']/div/div/div/div[@id='bk_link_rBEA6m']/a","Navigation","HTML"
"Hyperlink","https://offlimits.co.in/collections/low-top-shoes-for-men/products/speed-cat-crazy-horse-tan-ocm-062-04","https://offlimits.co.in/collections/low-top-shoes-for-men/products/speed-cat-crazy-horse-tan-ocm-062-04","806710","","Shop by category","200","OK","Crawlable","true","_self","","Path-Relative","//body/div[@id='nt_wrapper']/header/div/div/div/div/div/div[2]/nav/ul/li[@id='item_mega_MT7BMb']/div/div/div/div[@id='bk_link_7z3ewM']/a","Navigation","HTML"
"Hyperlink","https://offlimits.co.in/collections/low-top-shoes-for-men/products/speed-cat-crazy-horse-tan-ocm-062-04","https://offlimits.co.in/collections/low-top-shoes-for-men/products/speed-cat-crazy-horse-tan-ocm-062-04","806710","","Shop by Collection","200","OK","Crawlable","true","_self","","Path-Relative","//body/div[@id='nt_wrapper']/header/div/div/div/div/div/div[2]/nav/ul/li[@id='item_mega_MT7BMb']/div/div/div/div[@id='bk_link_DmVDRK']/a","Navigation","HTML"
"Hyperlink","https://offlimits.co.in/collections/low-top-shoes-for-men/products/speed-cat-crazy-horse-tan-ocm-062-04","https://offlimits.co.in/collections/low-top-shoes-for-men/products/speed-cat-crazy-horse-tan-ocm-062-04","806710","","All Clothing","200","OK","Crawlable","true","_self","","Path-Relative","//body/div[@id='nt_wrapper']/header/div/div/div/div/div/div[2]/nav/ul/li[@id='item_mega_MT7BMb']/div/div/div/div[@id='bk_link_EMEyAE']/a","Navigation","HTML"
"Hyperlink","https://offlimits.co.in/collections/low-top-shoes-for-men/products/speed-cat-crazy-horse-tan-ocm-062-04","https://offlimits.co.in/collections/low-top-shoes-for-men/products/speed-cat-crazy-horse-tan-ocm-062-04","806710","","Featured","200","OK","Crawlable","true","_self","","Path-Relative","//body/div[@id='nt_wrapper']/header/div/div/div/div/div/div[2]/nav/ul/li[@id='item_mega_EbVAiN']/div/div/div/div[@id='bk_link_DwDfUa']/a","Navigation","HTML"
"Hyperlink","https://offlimits.co.in/collections/low-top-shoes-for-men/products/speed-cat-crazy-horse-tan-ocm-062-04","https://offlimits.co.in/collections/low-top-shoes-for-men/products/speed-cat-crazy-horse-tan-ocm-062-04","806710","","Shop by category","200","OK","Crawlable","true","_self","","Path-Relative","//body/div[@id='nt_wrapper']/header/div/div/div/div/div/div[2]/nav/ul/li[@id='item_mega_EbVAiN']/div/div/div/div[@id='bk_link_QRmtMT']/a","Navigation","HTML"
"Hyperlink","https://offlimits.co.in/collections/low-top-shoes-for-men/products/speed-cat-crazy-horse-tan-ocm-062-04","https://offlimits.co.in/collections/low-top-shoes-for-men/products/speed-cat-crazy-horse-tan-ocm-062-04","806710","","Shop by Collection","200","OK","Crawlable","true","_self","","Path-Relative","//body/div[@id='nt_wrapper']/header/div/div/div/div/div/div[2]/nav/ul/li[@id='item_mega_EbVAiN']/div/div/div/div[@id='bk_link_W4LcJA']/a","Navigation","HTML"
"Hyperlink","https://offlimits.co.in/collections/low-top-shoes-for-men/products/speed-cat-crazy-horse-tan-ocm-062-04","https://offlimits.co.in/collections/low-top-shoes-for-men/products/speed-cat-crazy-horse-tan-ocm-062-04","806710","","All Clothing","200","OK","Crawlable","true","_self","","Path-Relative","//body/div[@id='nt_wrapper']/header/div/div/div/div/div/div[2]/nav/ul/li[@id='item_mega_EbVAiN']/div/div/div/div[@id='bk_link_KL8kyk']/a","Navigation","HTML"
"Hyperlink","https://offlimits.co.in/collections/low-top-shoes-for-men/products/speed-cat-crazy-horse-tan-ocm-062-04","https://offlimits.co.in/collections/low-top-shoes-for-men/products/speed-cat-crazy-horse-tan-ocm-062-04","806710","","Out of stock","200","OK","Crawlable","false","","nofollow","Path-Relative","//body/div[@id='nt_wrapper']/div[@id='nt_content']/div/div[1]/div[@id='product-7646788124765']/div/div/div[2]/div/div[@id='shopify-section-pr_summary']/div[3]/div/form/div[4]/div[1]/a[@id='out_stock_ppr']","Content","HTML"
"Hyperlink","https://offlimits.co.in/collections/low-top-shoes-for-men/products/speed-cat-crazy-horse-tan-ocm-062-04","https://offlimits.co.in/collections/low-top-shoes-for-men/products/speed-cat-crazy-horse-tan-ocm-062-04","806710","","PRODUCT DETAILS","200","OK","Crawlable","true","","","Path-Relative","//body/div[@id='nt_wrapper']/div[@id='nt_content']/div/div[1]/div[@id='product-7646788124765']/div/div/div[2]/div/div[@id='shopify-section-pr_description']/ul/li[1]/a","Content","HTML"
"Hyperlink","https://offlimits.co.in/collections/low-top-shoes-for-men/products/speed-cat-crazy-horse-tan-ocm-062-04","https://offlimits.co.in/collections/low-top-shoes-for-men/products/speed-cat-crazy-horse-tan-ocm-062-04","806710","","MANUFACTURER DETAILS","200","OK","Crawlable","true","","","Path-Relative","//body/div[@id='nt_wrapper']/div[@id='nt_content']/div/div[1]/div[@id='product-7646788124765']/div/div/div[2]/div/div[@id='shopify-section-pr_description']/ul/li[2]/a","Content","HTML"
"Hyperlink","https://offlimits.co.in/collections/low-top-shoes-for-men/products/speed-cat-crazy-horse-tan-ocm-062-04","https://offlimits.co.in/collections/low-top-shoes-for-men/products/speed-cat-crazy-horse-tan-ocm-062-04","806710","","PRODUCT DETAILS","200","OK","Crawlable","true","","","Path-Relative","//body/div[@id='nt_wrapper']/div[@id='nt_content']/div/div[1]/div[@id='product-7646788124765']/div/div/div[2]/div/div[@id='shopify-section-pr_description']/div[@id='tab_pr_deskl']/div[2]/a","Content","HTML"
"Hyperlink","https://offlimits.co.in/collections/low-top-shoes-for-men/products/speed-cat-crazy-horse-tan-ocm-062-04","https://offlimits.co.in/collections/low-top-shoes-for-men/products/speed-cat-crazy-horse-tan-ocm-062-04","806710","","MANUFACTURER DETAILS","200","OK","Crawlable","true","","","Path-Relative","//body/div[@id='nt_wrapper']/div[@id='nt_content']/div/div[1]/div[@id='product-7646788124765']/div/div/div[2]/div/div[@id='shopify-section-pr_description']/div[@id='tab_manufacturer_details']/div[2]/a","Content","HTML"
"Hyperlink","https://offlimits.co.in/collections/low-top-shoes-for-men/products/speed-cat-crazy-horse-tan-ocm-062-04","https://offlimits.co.in/collections/low-top-shoes-for-men/products/speed-cat-crazy-horse-tan-ocm-062-04","806710","","Write a review","200","OK","Crawlable","true","","","Path-Relative","//body/div[@id='nt_wrapper']/div[@id='nt_content']/div/div[1]/div[@id='judgeme_product_reviews']/div/div[@class='jdgm-rev-widg__header']/a","Header","HTML"
"Hyperlink","https://offlimits.co.in/collections/low-top-shoes-for-men/products/speed-cat-crazy-horse-tan-ocm-062-04","https://offlimits.co.in/collections/low-top-shoes-for-men/products/speed-cat-crazy-horse-tan-ocm-062-04","806710","","Store Locator","200","OK","Crawlable","true","","","Path-Relative","//body/div[@id='nt_wrapper']/footer/div[@id='shopify-section-footer_top']/div/div/div[@class='row']/div[5]/aside/div/ul/li[@class='menu-item'][2]/a","Aside","HTML"
"Hyperlink","https://offlimits.co.in/collections/low-top-shoes-for-men/products/speed-cat-crazy-horse-tan-ocm-062-04","https://offlimits.co.in/collections/low-top-shoes-for-men/products/speed-cat-crazy-horse-tan-ocm-062-04","806710","","","200","OK","Crawlable","false","","nofollow","Path-Relative","//body/div[@id='shopify-section-sticky_atc']/div/div/div/div[2]/div[3]/div/a[1]","Content","HTML"
"Hyperlink","https://offlimits.co.in/collections/low-top-shoes-for-men/products/speed-cat-crazy-horse-tan-ocm-062-04","https://offlimits.co.in/collections/low-top-shoes-for-men/products/speed-cat-crazy-horse-tan-ocm-062-04","806710","","","200","OK","Crawlable","false","","nofollow","Path-Relative","//body/div[@id='shopify-section-sticky_atc']/div/div/div/div[2]/div[3]/div/a[2]","Content","HTML"
"Image","https://offlimits.co.in/collections/low-top-shoes-for-men/products/speed-cat-crazy-horse-tan-ocm-062-04","https://offlimits.co.in/collections/low-top-shoes-for-men/products/speed-cat-crazy-horse-tan-ocm-062-04","806710","","","200","OK","Crawlable","true","","","Path-Relative","//body/div[@id='pr_grid_atc_popup']/div/div[@class='pr-grid-atc-popup__img-wrap']/img","Content","HTML"
"JavaScript","https://offlimits.co.in/collections/low-top-shoes-for-men/products/speed-cat-crazy-horse-tan-ocm-062-04","https://offlimits.co.in/collections/low-top-shoes-for-men/products/speed-cat-crazy-horse-tan-ocm-062-04","806710","","","200","OK","Crawlable","true","","","Path-Relative","//body/div[@id='nt_wrapper']/div[@id='nt_content']/script[2]","Content","HTML"
"Hyperlink","https://offlimits.co.in/collections/men-lifestyle-recover-kicks","https://offlimits.co.in/collections/men-lifestyle-recover-kicks/products/magnum-black-ocm-750-02","841429","","MAGNUM - BLACK","200","OK","Crawlable","true","","","Root-Relative","//body/div[@id='nt_wrapper']/div[@id='nt_content']/div[3]/div[3]/div[2]/div/div[2]/div[20]/div/div[2]/h3/a","Content","HTML"
"Hyperlink","https://offlimits.co.in/collections/men-lifestyle-recover-kicks/products/magnum-black-ocm-750-02","https://offlimits.co.in/collections/men-lifestyle-recover-kicks/products/magnum-black-ocm-750-02","841429","","Skip to content","200","OK","Crawlable","true","","","Path-Relative","//body/a[1]","Content","HTML"
"Hyperlink","https://offlimits.co.in/collections/men-lifestyle-recover-kicks/products/magnum-black-ocm-750-02","https://offlimits.co.in/collections/men-lifestyle-recover-kicks/products/magnum-black-ocm-750-02","841429","","FEATURED","200","OK","Crawlable","true","_self","","Path-Relative","//body/div[@id='nt_wrapper']/header/div/div/div/div/div/div[2]/nav/ul/li[@id='item_mega_MT7BMb']/div/div/div/div[@id='bk_link_rBEA6m']/a","Navigation","HTML"
"Hyperlink","https://offlimits.co.in/collections/men-lifestyle-recover-kicks/products/magnum-black-ocm-750-02","https://offlimits.co.in/collections/men-lifestyle-recover-kicks/products/magnum-black-ocm-750-02","841429","","Shop by category","200","OK","Crawlable","true","_self","","Path-Relative","//body/div[@id='nt_wrapper']/header/div/div/div/div/div/div[2]/nav/ul/li[@id='item_mega_MT7BMb']/div/div/div/div[@id='bk_link_7z3ewM']/a","Navigation","HTML"
"Hyperlink","https://offlimits.co.in/collections/men-lifestyle-recover-kicks/products/magnum-black-ocm-750-02","https://offlimits.co.in/collections/men-lifestyle-recover-kicks/products/magnum-black-ocm-750-02","841429","","Shop by Collection","200","OK","Crawlable","true","_self","","Path-Relative","//body/div[@id='nt_wrapper']/header/div/div/div/div/div/div[2]/nav/ul/li[@id='item_mega_MT7BMb']/div/div/div/div[@id='bk_link_DmVDRK']/a","Navigation","HTML"
"Hyperlink","https://offlimits.co.in/collections/men-lifestyle-recover-kicks/products/magnum-black-ocm-750-02","https://offlimits.co.in/collections/men-lifestyle-recover-kicks/products/magnum-black-ocm-750-02","841429","","All Clothing","200","OK","Crawlable","true","_self","","Path-Relative","//body/div[@id='nt_wrapper']/header/div/div/div/div/div/div[2]/nav/ul/li[@id='item_mega_MT7BMb']/div/div/div/div[@id='bk_link_EMEyAE']/a","Navigation","HTML"
"Hyperlink","https://offlimits.co.in/collections/men-lifestyle-recover-kicks/products/magnum-black-ocm-750-02","https://offlimits.co.in/collections/men-lifestyle-recover-kicks/products/magnum-black-ocm-750-02","841429","","Featured","200","OK","Crawlable","true","_self","","Path-Relative","//body/div[@id='nt_wrapper']/header/div/div/div/div/div/div[2]/nav/ul/li[@id='item_mega_EbVAiN']/div/div/div/div[@id='bk_link_DwDfUa']/a","Navigation","HTML"
"Hyperlink","https://offlimits.co.in/collections/men-lifestyle-recover-kicks/products/magnum-black-ocm-750-02","https://offlimits.co.in/collections/men-lifestyle-recover-kicks/products/magnum-black-ocm-750-02","841429","","Shop by category","200","OK","Crawlable","true","_self","","Path-Relative","//body/div[@id='nt_wrapper']/header/div/div/div/div/div/div[2]/nav/ul/li[@id='item_mega_EbVAiN']/div/div/div/div[@id='bk_link_QRmtMT']/a","Navigation","HTML"
"Hyperlink","https://offlimits.co.in/collections/men-lifestyle-recover-kicks/products/magnum-black-ocm-750-02","https://offlimits.co.in/collections/men-lifestyle-recover-kicks/products/magnum-black-ocm-750-02","841429","","Shop by Collection","200","OK","Crawlable","true","_self","","Path-Relative","//body/div[@id='nt_wrapper']/header/div/div/div/div/div/div[2]/nav/ul/li[@id='item_mega_EbVAiN']/div/div/div/div[@id='bk_link_W4LcJA']/a","Navigation","HTML"
"Hyperlink","https://offlimits.co.in/collections/men-lifestyle-recover-kicks/products/magnum-black-ocm-750-02","https://offlimits.co.in/collections/men-lifestyle-recover-kicks/products/magnum-black-ocm-750-02","841429","","All Clothing","200","OK","Crawlable","true","_self","","Path-Relative","//body/div[@id='nt_wrapper']/header/div/div/div/div/div/div[2]/nav/ul/li[@id='item_mega_EbVAiN']/div/div/div/div[@id='bk_link_KL8kyk']/a","Navigation","HTML"
"Hyperlink","https://offlimits.co.in/collections/men-lifestyle-recover-kicks/products/magnum-black-ocm-750-02","https://offlimits.co.in/collections/men-lifestyle-recover-kicks/products/magnum-black-ocm-750-02","841429","","Out of stock","200","OK","Crawlable","false","","nofollow","Path-Relative","//body/div[@id='nt_wrapper']/div[@id='nt_content']/div/div[1]/div[@id='product-7868982001757']/div/div/div[2]/div/div[@id='shopify-section-pr_summary']/div[3]/div/form/div[4]/div[1]/a[@id='out_stock_ppr']","Content","HTML"
"Hyperlink","https://offlimits.co.in/collections/men-lifestyle-recover-kicks/products/magnum-black-ocm-750-02","https://offlimits.co.in/collections/men-lifestyle-recover-kicks/products/magnum-black-ocm-750-02","841429","","PRODUCT DETAILS","200","OK","Crawlable","true","","","Path-Relative","//body/div[@id='nt_wrapper']/div[@id='nt_content']/div/div[1]/div[@id='product-7868982001757']/div/div/div[2]/div/div[@id='shopify-section-pr_description']/ul/li[1]/a","Content","HTML"
"Hyperlink","https://offlimits.co.in/collections/men-lifestyle-recover-kicks/products/magnum-black-ocm-750-02","https://offlimits.co.in/collections/men-lifestyle-recover-kicks/products/magnum-black-ocm-750-02","841429","","MANUFACTURER DETAILS","200","OK","Crawlable","true","","","Path-Relative","//body/div[@id='nt_wrapper']/div[@id='nt_content']/div/div[1]/div[@id='product-7868982001757']/div/div/div[2]/div/div[@id='shopify-section-pr_description']/ul/li[2]/a","Content","HTML"
"Hyperlink","https://offlimits.co.in/collections/men-lifestyle-recover-kicks/products/magnum-black-ocm-750-02","https://offlimits.co.in/collections/men-lifestyle-recover-kicks/products/magnum-black-ocm-750-02","841429","","PRODUCT DETAILS","200","OK","Crawlable","true","","","Path-Relative","//body/div[@id='nt_wrapper']/div[@id='nt_content']/div/div[1]/div[@id='product-7868982001757']/div/div/div[2]/div/div[@id='shopify-section-pr_description']/div[@id='tab_pr_deskl']/div[2]/a","Content","HTML"
"Hyperlink","https://offlimits.co.in/collections/men-lifestyle-recover-kicks/products/magnum-black-ocm-750-02","https://offlimits.co.in/collections/men-lifestyle-recover-kicks/products/magnum-black-ocm-750-02","841429","","MANUFACTURER DETAILS","200","OK","Crawlable","true","","","Path-Relative","//body/div[@id='nt_wrapper']/div[@id='nt_content']/div/div[1]/div[@id='product-7868982001757']/div/div/div[2]/div/div[@id='shopify-section-pr_description']/div[@id='tab_manufacturer_details']/div[2]/a","Content","HTML"
"Hyperlink","https://offlimits.co.in/collections/men-lifestyle-recover-kicks/products/magnum-black-ocm-750-02","https://offlimits.co.in/collections/men-lifestyle-recover-kicks/products/magnum-black-ocm-750-02","841429","","Write a review","200","OK","Crawlable","true","","","Path-Relative","//body/div[@id='nt_wrapper']/div[@id='nt_content']/div/div[1]/div[@id='judgeme_product_reviews']/div/div[@class='jdgm-rev-widg__header']/a","Header","HTML"
"Hyperlink","https://offlimits.co.in/collections/men-lifestyle-recover-kicks/products/magnum-black-ocm-750-02","https://offlimits.co.in/collections/men-lifestyle-recover-kicks/products/magnum-black-ocm-750-02","841429","","Store Locator","200","OK","Crawlable","true","","","Path-Relative","//body/div[@id='nt_wrapper']/footer/div[@id='shopify-section-footer_top']/div/div/div[@class='row']/div[5]/aside/div/ul/li[@class='menu-item'][2]/a","Aside","HTML"
"Hyperlink","https://offlimits.co.in/collections/men-lifestyle-recover-kicks/products/magnum-black-ocm-750-02","https://offlimits.co.in/collections/men-lifestyle-recover-kicks/products/magnum-black-ocm-750-02","841429","","","200","OK","Crawlable","false","","nofollow","Path-Relative","//body/div[@id='shopify-section-sticky_atc']/div/div/div/div[2]/div[3]/div/a[1]","Content","HTML"
"Hyperlink","https://offlimits.co.in/collections/men-lifestyle-recover-kicks/products/magnum-black-ocm-750-02","https://offlimits.co.in/collections/men-lifestyle-recover-kicks/products/magnum-black-ocm-750-02","841429","","","200","OK","Crawlable","false","","nofollow","Path-Relative","//body/div[@id='shopify-section-sticky_atc']/div/div/div/div[2]/div[3]/div/a[2]","Content","HTML"
"Image","https://offlimits.co.in/collections/men-lifestyle-recover-kicks/products/magnum-black-ocm-750-02","https://offlimits.co.in/collections/men-lifestyle-recover-kicks/products/magnum-black-ocm-750-02","841429","","","200","OK","Crawlable","true","","","Path-Relative","//body/div[@id='pr_grid_atc_popup']/div/div[@class='pr-grid-atc-popup__img-wrap']/img","Content","HTML"
"JavaScript","https://offlimits.co.in/collections/men-lifestyle-recover-kicks/products/magnum-black-ocm-750-02","https://offlimits.co.in/collections/men-lifestyle-recover-kicks/products/magnum-black-ocm-750-02","841429","","","200","OK","Crawlable","true","","","Path-Relative","//body/div[@id='nt_wrapper']/div[@id='nt_content']/script[2]","Content","HTML"
"Hyperlink","https://offlimits.co.in/collections/men-lifestyle-recover-kicks","https://offlimits.co.in/collections/men-lifestyle-recover-kicks/products/stussy-brown-orm-407-40","790627","","STUSSY - BROWN","200","OK","Crawlable","true","","","Root-Relative","//body/div[@id='nt_wrapper']/div[@id='nt_content']/div[3]/div[3]/div[2]/div/div[2]/div[19]/div/div[2]/h3/a","Content","HTML"
"Hyperlink","https://offlimits.co.in/collections/men-lifestyle-recover-kicks/products/stussy-brown-orm-407-40","https://offlimits.co.in/collections/men-lifestyle-recover-kicks/products/stussy-brown-orm-407-40","790627","","Skip to content","200","OK","Crawlable","true","","","Path-Relative","//body/a[1]","Content","HTML"
"Hyperlink","https://offlimits.co.in/collections/men-lifestyle-recover-kicks/products/stussy-brown-orm-407-40","https://offlimits.co.in/collections/men-lifestyle-recover-kicks/products/stussy-brown-orm-407-40","790627","","FEATURED","200","OK","Crawlable","true","_self","","Path-Relative","//body/div[@id='nt_wrapper']/header/div/div/div/div/div/div[2]/nav/ul/li[@id='item_mega_MT7BMb']/div/div/div/div[@id='bk_link_rBEA6m']/a","Navigation","HTML"
"Hyperlink","https://offlimits.co.in/collections/men-lifestyle-recover-kicks/products/stussy-brown-orm-407-40","https://offlimits.co.in/collections/men-lifestyle-recover-kicks/products/stussy-brown-orm-407-40","790627","","Shop by category","200","OK","Crawlable","true","_self","","Path-Relative","//body/div[@id='nt_wrapper']/header/div/div/div/div/div/div[2]/nav/ul/li[@id='item_mega_MT7BMb']/div/div/div/div[@id='bk_link_7z3ewM']/a","Navigation","HTML"
"Hyperlink","https://offlimits.co.in/collections/men-lifestyle-recover-kicks/products/stussy-brown-orm-407-40","https://offlimits.co.in/collections/men-lifestyle-recover-kicks/products/stussy-brown-orm-407-40","790627","","Shop by Collection","200","OK","Crawlable","true","_self","","Path-Relative","//body/div[@id='nt_wrapper']/header/div/div/div/div/div/div[2]/nav/ul/li[@id='item_mega_MT7BMb']/div/div/div/div[@id='bk_link_DmVDRK']/a","Navigation","HTML"
"Hyperlink","https://offlimits.co.in/collections/men-lifestyle-recover-kicks/products/stussy-brown-orm-407-40","https://offlimits.co.in/collections/men-lifestyle-recover-kicks/products/stussy-brown-orm-407-40","790627","","All Clothing","200","OK","Crawlable","true","_self","","Path-Relative","//body/div[@id='nt_wrapper']/header/div/div/div/div/div/div[2]/nav/ul/li[@id='item_mega_MT7BMb']/div/div/div/div[@id='bk_link_EMEyAE']/a","Navigation","HTML"
"Hyperlink","https://offlimits.co.in/collections/men-lifestyle-recover-kicks/products/stussy-brown-orm-407-40","https://offlimits.co.in/collections/men-lifestyle-recover-kicks/products/stussy-brown-orm-407-40","790627","","Featured","200","OK","Crawlable","true","_self","","Path-Relative","//body/div[@id='nt_wrapper']/header/div/div/div/div/div/div[2]/nav/ul/li[@id='item_mega_EbVAiN']/div/div/div/div[@id='bk_link_DwDfUa']/a","Navigation","HTML"
"Hyperlink","https://offlimits.co.in/collections/men-lifestyle-recover-kicks/products/stussy-brown-orm-407-40","https://offlimits.co.in/collections/men-lifestyle-recover-kicks/products/stussy-brown-orm-407-40","790627","","Shop by category","200","OK","Crawlable","true","_self","","Path-Relative","//body/div[@id='nt_wrapper']/header/div/div/div/div/div/div[2]/nav/ul/li[@id='item_mega_EbVAiN']/div/div/div/div[@id='bk_link_QRmtMT']/a","Navigation","HTML"
"Hyperlink","https://offlimits.co.in/collections/men-lifestyle-recover-kicks/products/stussy-brown-orm-407-40","https://offlimits.co.in/collections/men-lifestyle-recover-kicks/products/stussy-brown-orm-407-40","790627","","Shop by Collection","200","OK","Crawlable","true","_self","","Path-Relative","//body/div[@id='nt_wrapper']/header/div/div/div/div/div/div[2]/nav/ul/li[@id='item_mega_EbVAiN']/div/div/div/div[@id='bk_link_W4LcJA']/a","Navigation","HTML"
"Hyperlink","https://offlimits.co.in/collections/men-lifestyle-recover-kicks/products/stussy-brown-orm-407-40","https://offlimits.co.in/collections/men-lifestyle-recover-kicks/products/stussy-brown-orm-407-40","790627","","All Clothing","200","OK","Crawlable","true","_self","","Path-Relative","//body/div[@id='nt_wrapper']/header/div/div/div/div/div/div[2]/nav/ul/li[@id='item_mega_EbVAiN']/div/div/div/div[@id='bk_link_KL8kyk']/a","Navigation","HTML"
"Hyperlink","https://offlimits.co.in/collections/men-lifestyle-recover-kicks/products/stussy-brown-orm-407-40","https://offlimits.co.in/collections/men-lifestyle-recover-kicks/products/stussy-brown-orm-407-40","790627","","Out of stock","200","OK","Crawlable","false","","nofollow","Path-Relative","//body/div[@id='nt_wrapper']/div[@id='nt_content']/div/div[1]/div[@id='product-7507874480221']/div/div/div[2]/div/div[@id='shopify-section-pr_summary']/div[3]/div/form/div[4]/div[1]/a[@id='out_stock_ppr']","Content","HTML"
"Hyperlink","https://offlimits.co.in/collections/men-lifestyle-recover-kicks/products/stussy-brown-orm-407-40","https://offlimits.co.in/collections/men-lifestyle-recover-kicks/products/stussy-brown-orm-407-40","790627","","PRODUCT DETAILS","200","OK","Crawlable","true","","","Path-Relative","//body/div[@id='nt_wrapper']/div[@id='nt_content']/div/div[1]/div[@id='product-7507874480221']/div/div/div[2]/div/div[@id='shopify-section-pr_description']/ul/li[1]/a","Content","HTML"
"Hyperlink","https://offlimits.co.in/collections/men-lifestyle-recover-kicks/products/stussy-brown-orm-407-40","https://offlimits.co.in/collections/men-lifestyle-recover-kicks/products/stussy-brown-orm-407-40","790627","","MANUFACTURER DETAILS","200","OK","Crawlable","true","","","Path-Relative","//body/div[@id='nt_wrapper']/div[@id='nt_content']/div/div[1]/div[@id='product-7507874480221']/div/div/div[2]/div/div[@id='shopify-section-pr_description']/ul/li[2]/a","Content","HTML"
"Hyperlink","https://offlimits.co.in/collections/men-lifestyle-recover-kicks/products/stussy-brown-orm-407-40","https://offlimits.co.in/collections/men-lifestyle-recover-kicks/products/stussy-brown-orm-407-40","790627","","PRODUCT DETAILS","200","OK","Crawlable","true","","","Path-Relative","//body/div[@id='nt_wrapper']/div[@id='nt_content']/div/div[1]/div[@id='product-7507874480221']/div/div/div[2]/div/div[@id='shopify-section-pr_description']/div[@id='tab_pr_deskl']/div[2]/a","Content","HTML"
"Hyperlink","https://offlimits.co.in/collections/men-lifestyle-recover-kicks/products/stussy-brown-orm-407-40","https://offlimits.co.in/collections/men-lifestyle-recover-kicks/products/stussy-brown-orm-407-40","790627","","MANUFACTURER DETAILS","200","OK","Crawlable","true","","","Path-Relative","//body/div[@id='nt_wrapper']/div[@id='nt_content']/div/div[1]/div[@id='product-7507874480221']/div/div/div[2]/div/div[@id='shopify-section-pr_description']/div[@id='tab_manufacturer_details']/div[2]/a","Content","HTML"
"Hyperlink","https://offlimits.co.in/collections/men-lifestyle-recover-kicks/products/stussy-brown-orm-407-40","https://offlimits.co.in/collections/men-lifestyle-recover-kicks/products/stussy-brown-orm-407-40","790627","","Write a review","200","OK","Crawlable","true","","","Path-Relative","//body/div[@id='nt_wrapper']/div[@id='nt_content']/div/div[1]/div[@id='judgeme_product_reviews']/div/div[@class='jdgm-rev-widg__header']/a","Header","HTML"
"Hyperlink","https://offlimits.co.in/collections/men-lifestyle-recover-kicks/products/stussy-brown-orm-407-40","https://offlimits.co.in/collections/men-lifestyle-recover-kicks/products/stussy-brown-orm-407-40","790627","","Store Locator","200","OK","Crawlable","true","","","Path-Relative","//body/div[@id='nt_wrapper']/footer/div[@id='shopify-section-footer_top']/div/div/div[@class='row']/div[5]/aside/div/ul/li[@class='menu-item'][2]/a","Aside","HTML"
"Hyperlink","https://offlimits.co.in/collections/men-lifestyle-recover-kicks/products/stussy-brown-orm-407-40","https://offlimits.co.in/collections/men-lifestyle-recover-kicks/products/stussy-brown-orm-407-40","790627","","","200","OK","Crawlable","false","","nofollow","Path-Relative","//body/div[@id='shopify-section-sticky_atc']/div/div/div/div[2]/div[3]/div/a[1]","Content","HTML"
"Hyperlink","https://offlimits.co.in/collections/men-lifestyle-recover-kicks/products/stussy-brown-orm-407-40","https://offlimits.co.in/collections/men-lifestyle-recover-kicks/products/stussy-brown-orm-407-40","790627","","","200","OK","Crawlable","false","","nofollow","Path-Relative","//body/div[@id='shopify-section-sticky_atc']/div/div/div/div[2]/div[3]/div/a[2]","Content","HTML"
"Image","https://offlimits.co.in/collections/men-lifestyle-recover-kicks/products/stussy-brown-orm-407-40","https://offlimits.co.in/collections/men-lifestyle-recover-kicks/products/stussy-brown-orm-407-40","790627","","","200","OK","Crawlable","true","","","Path-Relative","//body/div[@id='pr_grid_atc_popup']/div/div[@class='pr-grid-atc-popup__img-wrap']/img","Content","HTML"
"JavaScript","https://offlimits.co.in/collections/men-lifestyle-recover-kicks/products/stussy-brown-orm-407-40","https://offlimits.co.in/collections/men-lifestyle-recover-kicks/products/stussy-brown-orm-407-40","790627","","","200","OK","Crawlable","true","","","Path-Relative","//body/div[@id='nt_wrapper']/div[@id='nt_content']/script[2]","Content","HTML"
"Hyperlink","https://offlimits.co.in/collections/men-lifestyle-recover-kicks","https://offlimits.co.in/collections/men-lifestyle-recover-kicks/products/tribe-x-black-matte-ocm-769-02","759819","","TRIBE X - BLACK MATTE","200","OK","Crawlable","true","","","Root-Relative","//body/div[@id='nt_wrapper']/div[@id='nt_content']/div[3]/div[3]/div[2]/div/div[2]/div[15]/div/div[2]/h3/a","Content","HTML"
"Hyperlink","https://offlimits.co.in/collections/men-lifestyle-recover-kicks/products/tribe-x-black-matte-ocm-769-02","https://offlimits.co.in/collections/men-lifestyle-recover-kicks/products/tribe-x-black-matte-ocm-769-02","759819","","Skip to content","200","OK","Crawlable","true","","","Path-Relative","//body/a[1]","Content","HTML"
"Hyperlink","https://offlimits.co.in/collections/men-lifestyle-recover-kicks/products/tribe-x-black-matte-ocm-769-02","https://offlimits.co.in/collections/men-lifestyle-recover-kicks/products/tribe-x-black-matte-ocm-769-02","759819","","FEATURED","200","OK","Crawlable","true","_self","","Path-Relative","//body/div[@id='nt_wrapper']/header/div/div/div/div/div/div[2]/nav/ul/li[@id='item_mega_MT7BMb']/div/div/div/div[@id='bk_link_rBEA6m']/a","Navigation","HTML"
"Hyperlink","https://offlimits.co.in/collections/men-lifestyle-recover-kicks/products/tribe-x-black-matte-ocm-769-02","https://offlimits.co.in/collections/men-lifestyle-recover-kicks/products/tribe-x-black-matte-ocm-769-02","759819","","Shop by category","200","OK","Crawlable","true","_self","","Path-Relative","//body/div[@id='nt_wrapper']/header/div/div/div/div/div/div[2]/nav/ul/li[@id='item_mega_MT7BMb']/div/div/div/div[@id='bk_link_7z3ewM']/a","Navigation","HTML"
"Hyperlink","https://offlimits.co.in/collections/men-lifestyle-recover-kicks/products/tribe-x-black-matte-ocm-769-02","https://offlimits.co.in/collections/men-lifestyle-recover-kicks/products/tribe-x-black-matte-ocm-769-02","759819","","Shop by Collection","200","OK","Crawlable","true","_self","","Path-Relative","//body/div[@id='nt_wrapper']/header/div/div/div/div/div/div[2]/nav/ul/li[@id='item_mega_MT7BMb']/div/div/div/div[@id='bk_link_DmVDRK']/a","Navigation","HTML"
"Hyperlink","https://offlimits.co.in/collections/men-lifestyle-recover-kicks/products/tribe-x-black-matte-ocm-769-02","https://offlimits.co.in/collections/men-lifestyle-recover-kicks/products/tribe-x-black-matte-ocm-769-02","759819","","All Clothing","200","OK","Crawlable","true","_self","","Path-Relative","//body/div[@id='nt_wrapper']/header/div/div/div/div/div/div[2]/nav/ul/li[@id='item_mega_MT7BMb']/div/div/div/div[@id='bk_link_EMEyAE']/a","Navigation","HTML"
"Hyperlink","https://offlimits.co.in/collections/men-lifestyle-recover-kicks/products/tribe-x-black-matte-ocm-769-02","https://offlimits.co.in/collections/men-lifestyle-recover-kicks/products/tribe-x-black-matte-ocm-769-02","759819","","Featured","200","OK","Crawlable","true","_self","","Path-Relative","//body/div[@id='nt_wrapper']/header/div/div/div/div/div/div[2]/nav/ul/li[@id='item_mega_EbVAiN']/div/div/div/div[@id='bk_link_DwDfUa']/a","Navigation","HTML"
"Hyperlink","https://offlimits.co.in/collections/men-lifestyle-recover-kicks/products/tribe-x-black-matte-ocm-769-02","https://offlimits.co.in/collections/men-lifestyle-recover-kicks/products/tribe-x-black-matte-ocm-769-02","759819","","Shop by category","200","OK","Crawlable","true","_self","","Path-Relative","//body/div[@id='nt_wrapper']/header/div/div/div/div/div/div[2]/nav/ul/li[@id='item_mega_EbVAiN']/div/div/div/div[@id='bk_link_QRmtMT']/a","Navigation","HTML"
"Hyperlink","https://offlimits.co.in/collections/men-lifestyle-recover-kicks/products/tribe-x-black-matte-ocm-769-02","https://offlimits.co.in/collections/men-lifestyle-recover-kicks/products/tribe-x-black-matte-ocm-769-02","759819","","Shop by Collection","200","OK","Crawlable","true","_self","","Path-Relative","//body/div[@id='nt_wrapper']/header/div/div/div/div/div/div[2]/nav/ul/li[@id='item_mega_EbVAiN']/div/div/div/div[@id='bk_link_W4LcJA']/a","Navigation","HTML"
"Hyperlink","https://offlimits.co.in/collections/men-lifestyle-recover-kicks/products/tribe-x-black-matte-ocm-769-02","https://offlimits.co.in/collections/men-lifestyle-recover-kicks/products/tribe-x-black-matte-ocm-769-02","759819","","All Clothing","200","OK","Crawlable","true","_self","","Path-Relative","//body/div[@id='nt_wrapper']/header/div/div/div/div/div/div[2]/nav/ul/li[@id='item_mega_EbVAiN']/div/div/div/div[@id='bk_link_KL8kyk']/a","Navigation","HTML"
"Hyperlink","https://offlimits.co.in/collections/men-lifestyle-recover-kicks/products/tribe-x-black-matte-ocm-769-02","https://offlimits.co.in/collections/men-lifestyle-recover-kicks/products/tribe-x-black-matte-ocm-769-02","759819","","Out of stock","200","OK","Crawlable","false","","nofollow","Path-Relative","//body/div[@id='nt_wrapper']/div[@id='nt_content']/div/div[1]/div[@id='product-8108041633885']/div/div/div[2]/div/div[@id='shopify-section-pr_summary']/div[3]/div/form/div[4]/div[1]/a[@id='out_stock_ppr']","Content","HTML"
"Hyperlink","https://offlimits.co.in/collections/men-lifestyle-recover-kicks/products/tribe-x-black-matte-ocm-769-02","https://offlimits.co.in/collections/men-lifestyle-recover-kicks/products/tribe-x-black-matte-ocm-769-02","759819","","PRODUCT DETAILS","200","OK","Crawlable","true","","","Path-Relative","//body/div[@id='nt_wrapper']/div[@id='nt_content']/div/div[1]/div[@id='product-8108041633885']/div/div/div[2]/div/div[@id='shopify-section-pr_description']/ul/li[1]/a","Content","HTML"
"Hyperlink","https://offlimits.co.in/collections/men-lifestyle-recover-kicks/products/tribe-x-black-matte-ocm-769-02","https://offlimits.co.in/collections/men-lifestyle-recover-kicks/products/tribe-x-black-matte-ocm-769-02","759819","","MANUFACTURER DETAILS","200","OK","Crawlable","true","","","Path-Relative","//body/div[@id='nt_wrapper']/div[@id='nt_content']/div/div[1]/div[@id='product-8108041633885']/div/div/div[2]/div/div[@id='shopify-section-pr_description']/ul/li[2]/a","Content","HTML"
"Hyperlink","https://offlimits.co.in/collections/men-lifestyle-recover-kicks/products/tribe-x-black-matte-ocm-769-02","https://offlimits.co.in/collections/men-lifestyle-recover-kicks/products/tribe-x-black-matte-ocm-769-02","759819","","PRODUCT DETAILS","200","OK","Crawlable","true","","","Path-Relative","//body/div[@id='nt_wrapper']/div[@id='nt_content']/div/div[1]/div[@id='product-8108041633885']/div/div/div[2]/div/div[@id='shopify-section-pr_description']/div[@id='tab_pr_deskl']/div[2]/a","Content","HTML"
"Hyperlink","https://offlimits.co.in/collections/men-lifestyle-recover-kicks/products/tribe-x-black-matte-ocm-769-02","https://offlimits.co.in/collections/men-lifestyle-recover-kicks/products/tribe-x-black-matte-ocm-769-02","759819","","MANUFACTURER DETAILS","200","OK","Crawlable","true","","","Path-Relative","//body/div[@id='nt_wrapper']/div[@id='nt_content']/div/div[1]/div[@id='product-8108041633885']/div/div/div[2]/div/div[@id='shopify-section-pr_description']/div[@id='tab_manufacturer_details']/div[2]/a","Content","HTML"
"Hyperlink","https://offlimits.co.in/collections/men-lifestyle-recover-kicks/products/tribe-x-black-matte-ocm-769-02","https://offlimits.co.in/collections/men-lifestyle-recover-kicks/products/tribe-x-black-matte-ocm-769-02","759819","","Write a review","200","OK","Crawlable","true","","","Path-Relative","//body/div[@id='nt_wrapper']/div[@id='nt_content']/div/div[1]/div[@id='judgeme_product_reviews']/div/div[@class='jdgm-rev-widg__header']/a","Header","HTML"
"Hyperlink","https://offlimits.co.in/collections/men-lifestyle-recover-kicks/products/tribe-x-black-matte-ocm-769-02","https://offlimits.co.in/collections/men-lifestyle-recover-kicks/products/tribe-x-black-matte-ocm-769-02","759819","","Store Locator","200","OK","Crawlable","true","","","Path-Relative","//body/div[@id='nt_wrapper']/footer/div[@id='shopify-section-footer_top']/div/div/div[@class='row']/div[5]/aside/div/ul/li[@class='menu-item'][2]/a","Aside","HTML"
"Hyperlink","https://offlimits.co.in/collections/men-lifestyle-recover-kicks/products/tribe-x-black-matte-ocm-769-02","https://offlimits.co.in/collections/men-lifestyle-recover-kicks/products/tribe-x-black-matte-ocm-769-02","759819","","","200","OK","Crawlable","false","","nofollow","Path-Relative","//body/div[@id='shopify-section-sticky_atc']/div/div/div/div[2]/div[3]/div/a[1]","Content","HTML"
"Hyperlink","https://offlimits.co.in/collections/men-lifestyle-recover-kicks/products/tribe-x-black-matte-ocm-769-02","https://offlimits.co.in/collections/men-lifestyle-recover-kicks/products/tribe-x-black-matte-ocm-769-02","759819","","","200","OK","Crawlable","false","","nofollow","Path-Relative","//body/div[@id='shopify-section-sticky_atc']/div/div/div/div[2]/div[3]/div/a[2]","Content","HTML"
"Image","https://offlimits.co.in/collections/men-lifestyle-recover-kicks/products/tribe-x-black-matte-ocm-769-02","https://offlimits.co.in/collections/men-lifestyle-recover-kicks/products/tribe-x-black-matte-ocm-769-02","759819","","","200","OK","Crawlable","true","","","Path-Relative","//body/div[@id='pr_grid_atc_popup']/div/div[@class='pr-grid-atc-popup__img-wrap']/img","Content","HTML"
"JavaScript","https://offlimits.co.in/collections/men-lifestyle-recover-kicks/products/tribe-x-black-matte-ocm-769-02","https://offlimits.co.in/collections/men-lifestyle-recover-kicks/products/tribe-x-black-matte-ocm-769-02","759819","","","200","OK","Crawlable","true","","","Path-Relative","//body/div[@id='nt_wrapper']/div[@id='nt_content']/script[2]","Content","HTML"
"Hyperlink","https://offlimits.co.in/collections/women-running-shoes","https://offlimits.co.in/collections/women-running-shoes/products/pulsara-for-her-off-white-pink-orw-889-02","806213","","PULSARA FOR HER - OFF WHITE/PINK","200","OK","Crawlable","true","","","Root-Relative","//body/div[@id='nt_wrapper']/div[@id='nt_content']/div[3]/div[3]/div[2]/div/div[2]/div[16]/div/div[2]/h3/a","Content","HTML"
"Hyperlink","https://offlimits.co.in/collections/women-running-shoes/products/pulsara-for-her-off-white-pink-orw-889-02","https://offlimits.co.in/collections/women-running-shoes/products/pulsara-for-her-off-white-pink-orw-889-02","806213","","Skip to content","200","OK","Crawlable","true","","","Path-Relative","//body/a[1]","Content","HTML"
"Hyperlink","https://offlimits.co.in/collections/women-running-shoes/products/pulsara-for-her-off-white-pink-orw-889-02","https://offlimits.co.in/collections/women-running-shoes/products/pulsara-for-her-off-white-pink-orw-889-02","806213","","FEATURED","200","OK","Crawlable","true","_self","","Path-Relative","//body/div[@id='nt_wrapper']/header/div/div/div/div/div/div[2]/nav/ul/li[@id='item_mega_MT7BMb']/div/div/div/div[@id='bk_link_rBEA6m']/a","Navigation","HTML"
"Hyperlink","https://offlimits.co.in/collections/women-running-shoes/products/pulsara-for-her-off-white-pink-orw-889-02","https://offlimits.co.in/collections/women-running-shoes/products/pulsara-for-her-off-white-pink-orw-889-02","806213","","Shop by category","200","OK","Crawlable","true","_self","","Path-Relative","//body/div[@id='nt_wrapper']/header/div/div/div/div/div/div[2]/nav/ul/li[@id='item_mega_MT7BMb']/div/div/div/div[@id='bk_link_7z3ewM']/a","Navigation","HTML"
"Hyperlink","https://offlimits.co.in/collections/women-running-shoes/products/pulsara-for-her-off-white-pink-orw-889-02","https://offlimits.co.in/collections/women-running-shoes/products/pulsara-for-her-off-white-pink-orw-889-02","806213","","Shop by Collection","200","OK","Crawlable","true","_self","","Path-Relative","//body/div[@id='nt_wrapper']/header/div/div/div/div/div/div[2]/nav/ul/li[@id='item_mega_MT7BMb']/div/div/div/div[@id='bk_link_DmVDRK']/a","Navigation","HTML"
"Hyperlink","https://offlimits.co.in/collections/women-running-shoes/products/pulsara-for-her-off-white-pink-orw-889-02","https://offlimits.co.in/collections/women-running-shoes/products/pulsara-for-her-off-white-pink-orw-889-02","806213","","All Clothing","200","OK","Crawlable","true","_self","","Path-Relative","//body/div[@id='nt_wrapper']/header/div/div/div/div/div/div[2]/nav/ul/li[@id='item_mega_MT7BMb']/div/div/div/div[@id='bk_link_EMEyAE']/a","Navigation","HTML"
"Hyperlink","https://offlimits.co.in/collections/women-running-shoes/products/pulsara-for-her-off-white-pink-orw-889-02","https://offlimits.co.in/collections/women-running-shoes/products/pulsara-for-her-off-white-pink-orw-889-02","806213","","Featured","200","OK","Crawlable","true","_self","","Path-Relative","//body/div[@id='nt_wrapper']/header/div/div/div/div/div/div[2]/nav/ul/li[@id='item_mega_EbVAiN']/div/div/div/div[@id='bk_link_DwDfUa']/a","Navigation","HTML"
"Hyperlink","https://offlimits.co.in/collections/women-running-shoes/products/pulsara-for-her-off-white-pink-orw-889-02","https://offlimits.co.in/collections/women-running-shoes/products/pulsara-for-her-off-white-pink-orw-889-02","806213","","Shop by category","200","OK","Crawlable","true","_self","","Path-Relative","//body/div[@id='nt_wrapper']/header/div/div/div/div/div/div[2]/nav/ul/li[@id='item_mega_EbVAiN']/div/div/div/div[@id='bk_link_QRmtMT']/a","Navigation","HTML"
"Hyperlink","https://offlimits.co.in/collections/women-running-shoes/products/pulsara-for-her-off-white-pink-orw-889-02","https://offlimits.co.in/collections/women-running-shoes/products/pulsara-for-her-off-white-pink-orw-889-02","806213","","Shop by Collection","200","OK","Crawlable","true","_self","","Path-Relative","//body/div[@id='nt_wrapper']/header/div/div/div/div/div/div[2]/nav/ul/li[@id='item_mega_EbVAiN']/div/div/div/div[@id='bk_link_W4LcJA']/a","Navigation","HTML"
"Hyperlink","https://offlimits.co.in/collections/women-running-shoes/products/pulsara-for-her-off-white-pink-orw-889-02","https://offlimits.co.in/collections/women-running-shoes/products/pulsara-for-her-off-white-pink-orw-889-02","806213","","All Clothing","200","OK","Crawlable","true","_self","","Path-Relative","//body/div[@id='nt_wrapper']/header/div/div/div/div/div/div[2]/nav/ul/li[@id='item_mega_EbVAiN']/div/div/div/div[@id='bk_link_KL8kyk']/a","Navigation","HTML"
"Hyperlink","https://offlimits.co.in/collections/women-running-shoes/products/pulsara-for-her-off-white-pink-orw-889-02","https://offlimits.co.in/collections/women-running-shoes/products/pulsara-for-her-off-white-pink-orw-889-02","806213","","Out of stock","200","OK","Crawlable","false","","nofollow","Path-Relative","//body/div[@id='nt_wrapper']/div[@id='nt_content']/div/div[1]/div[@id='product-8114937397341']/div/div/div[2]/div/div[@id='shopify-section-pr_summary']/div[3]/div/form/div[4]/div[1]/a[@id='out_stock_ppr']","Content","HTML"
"Hyperlink","https://offlimits.co.in/collections/women-running-shoes/products/pulsara-for-her-off-white-pink-orw-889-02","https://offlimits.co.in/collections/women-running-shoes/products/pulsara-for-her-off-white-pink-orw-889-02","806213","","PRODUCT DETAILS","200","OK","Crawlable","true","","","Path-Relative","//body/div[@id='nt_wrapper']/div[@id='nt_content']/div/div[1]/div[@id='product-8114937397341']/div/div/div[2]/div/div[@id='shopify-section-pr_description']/ul/li[1]/a","Content","HTML"
"Hyperlink","https://offlimits.co.in/collections/women-running-shoes/products/pulsara-for-her-off-white-pink-orw-889-02","https://offlimits.co.in/collections/women-running-shoes/products/pulsara-for-her-off-white-pink-orw-889-02","806213","","MANUFACTURER DETAILS","200","OK","Crawlable","true","","","Path-Relative","//body/div[@id='nt_wrapper']/div[@id='nt_content']/div/div[1]/div[@id='product-8114937397341']/div/div/div[2]/div/div[@id='shopify-section-pr_description']/ul/li[2]/a","Content","HTML"
"Hyperlink","https://offlimits.co.in/collections/women-running-shoes/products/pulsara-for-her-off-white-pink-orw-889-02","https://offlimits.co.in/collections/women-running-shoes/products/pulsara-for-her-off-white-pink-orw-889-02","806213","","PRODUCT DETAILS","200","OK","Crawlable","true","","","Path-Relative","//body/div[@id='nt_wrapper']/div[@id='nt_content']/div/div[1]/div[@id='product-8114937397341']/div/div/div[2]/div/div[@id='shopify-section-pr_description']/div[@id='tab_pr_deskl']/div[2]/a","Content","HTML"
"Hyperlink","https://offlimits.co.in/collections/women-running-shoes/products/pulsara-for-her-off-white-pink-orw-889-02","https://offlimits.co.in/collections/women-running-shoes/products/pulsara-for-her-off-white-pink-orw-889-02","806213","","MANUFACTURER DETAILS","200","OK","Crawlable","true","","","Path-Relative","//body/div[@id='nt_wrapper']/div[@id='nt_content']/div/div[1]/div[@id='product-8114937397341']/div/div/div[2]/div/div[@id='shopify-section-pr_description']/div[@id='tab_manufacturer_details']/div[2]/a","Content","HTML"
"Hyperlink","https://offlimits.co.in/collections/women-running-shoes/products/pulsara-for-her-off-white-pink-orw-889-02","https://offlimits.co.in/collections/women-running-shoes/products/pulsara-for-her-off-white-pink-orw-889-02","806213","","Write a review","200","OK","Crawlable","true","","","Path-Relative","//body/div[@id='nt_wrapper']/div[@id='nt_content']/div/div[1]/div[@id='judgeme_product_reviews']/div/div[@class='jdgm-rev-widg__header']/a","Header","HTML"
"Hyperlink","https://offlimits.co.in/collections/women-running-shoes/products/pulsara-for-her-off-white-pink-orw-889-02","https://offlimits.co.in/collections/women-running-shoes/products/pulsara-for-her-off-white-pink-orw-889-02","806213","","Store Locator","200","OK","Crawlable","true","","","Path-Relative","//body/div[@id='nt_wrapper']/footer/div[@id='shopify-section-footer_top']/div/div/div[@class='row']/div[5]/aside/div/ul/li[@class='menu-item'][2]/a","Aside","HTML"
"Hyperlink","https://offlimits.co.in/collections/women-running-shoes/products/pulsara-for-her-off-white-pink-orw-889-02","https://offlimits.co.in/collections/women-running-shoes/products/pulsara-for-her-off-white-pink-orw-889-02","806213","","","200","OK","Crawlable","false","","nofollow","Path-Relative","//body/div[@id='shopify-section-sticky_atc']/div/div/div/div[2]/div[3]/div/a[1]","Content","HTML"
"Hyperlink","https://offlimits.co.in/collections/women-running-shoes/products/pulsara-for-her-off-white-pink-orw-889-02","https://offlimits.co.in/collections/women-running-shoes/products/pulsara-for-her-off-white-pink-orw-889-02","806213","","","200","OK","Crawlable","false","","nofollow","Path-Relative","//body/div[@id='shopify-section-sticky_atc']/div/div/div/div[2]/div[3]/div/a[2]","Content","HTML"
"Image","https://offlimits.co.in/collections/women-running-shoes/products/pulsara-for-her-off-white-pink-orw-889-02","https://offlimits.co.in/collections/women-running-shoes/products/pulsara-for-her-off-white-pink-orw-889-02","806213","","","200","OK","Crawlable","true","","","Path-Relative","//body/div[@id='pr_grid_atc_popup']/div/div[@class='pr-grid-atc-popup__img-wrap']/img","Content","HTML"
"JavaScript","https://offlimits.co.in/collections/women-running-shoes/products/pulsara-for-her-off-white-pink-orw-889-02","https://offlimits.co.in/collections/women-running-shoes/products/pulsara-for-her-off-white-pink-orw-889-02","806213","","","200","OK","Crawlable","true","","","Path-Relative","//body/div[@id='nt_wrapper']/div[@id='nt_content']/script[2]","Content","HTML"
"Hyperlink","https://offlimits.co.in/collections/women-running-shoes","https://offlimits.co.in/collections/women-running-shoes/products/speedster-for-her-off-white-light-grey-orw-730-06","781679","","SPEEDSTER FOR HER - OFF WHITE/LIGHT GREY","200","OK","Crawlable","true","","","Root-Relative","//body/div[@id='nt_wrapper']/div[@id='nt_content']/div[3]/div[3]/div[2]/div/div[2]/div[44]/div/div[2]/h3/a","Content","HTML"
"Hyperlink","https://offlimits.co.in/collections/women-running-shoes/products/speedster-for-her-off-white-light-grey-orw-730-06","https://offlimits.co.in/collections/women-running-shoes/products/speedster-for-her-off-white-light-grey-orw-730-06","781679","","Skip to content","200","OK","Crawlable","true","","","Path-Relative","//body/a[1]","Content","HTML"
"Hyperlink","https://offlimits.co.in/collections/women-running-shoes/products/speedster-for-her-off-white-light-grey-orw-730-06","https://offlimits.co.in/collections/women-running-shoes/products/speedster-for-her-off-white-light-grey-orw-730-06","781679","","FEATURED","200","OK","Crawlable","true","_self","","Path-Relative","//body/div[@id='nt_wrapper']/header/div/div/div/div/div/div[2]/nav/ul/li[@id='item_mega_MT7BMb']/div/div/div/div[@id='bk_link_rBEA6m']/a","Navigation","HTML"
"Hyperlink","https://offlimits.co.in/collections/women-running-shoes/products/speedster-for-her-off-white-light-grey-orw-730-06","https://offlimits.co.in/collections/women-running-shoes/products/speedster-for-her-off-white-light-grey-orw-730-06","781679","","Shop by category","200","OK","Crawlable","true","_self","","Path-Relative","//body/div[@id='nt_wrapper']/header/div/div/div/div/div/div[2]/nav/ul/li[@id='item_mega_MT7BMb']/div/div/div/div[@id='bk_link_7z3ewM']/a","Navigation","HTML"
"Hyperlink","https://offlimits.co.in/collections/women-running-shoes/products/speedster-for-her-off-white-light-grey-orw-730-06","https://offlimits.co.in/collections/women-running-shoes/products/speedster-for-her-off-white-light-grey-orw-730-06","781679","","Shop by Collection","200","OK","Crawlable","true","_self","","Path-Relative","//body/div[@id='nt_wrapper']/header/div/div/div/div/div/div[2]/nav/ul/li[@id='item_mega_MT7BMb']/div/div/div/div[@id='bk_link_DmVDRK']/a","Navigation","HTML"
"Hyperlink","https://offlimits.co.in/collections/women-running-shoes/products/speedster-for-her-off-white-light-grey-orw-730-06","https://offlimits.co.in/collections/women-running-shoes/products/speedster-for-her-off-white-light-grey-orw-730-06","781679","","All Clothing","200","OK","Crawlable","true","_self","","Path-Relative","//body/div[@id='nt_wrapper']/header/div/div/div/div/div/div[2]/nav/ul/li[@id='item_mega_MT7BMb']/div/div/div/div[@id='bk_link_EMEyAE']/a","Navigation","HTML"
"Hyperlink","https://offlimits.co.in/collections/women-running-shoes/products/speedster-for-her-off-white-light-grey-orw-730-06","https://offlimits.co.in/collections/women-running-shoes/products/speedster-for-her-off-white-light-grey-orw-730-06","781679","","Featured","200","OK","Crawlable","true","_self","","Path-Relative","//body/div[@id='nt_wrapper']/header/div/div/div/div/div/div[2]/nav/ul/li[@id='item_mega_EbVAiN']/div/div/div/div[@id='bk_link_DwDfUa']/a","Navigation","HTML"
"Hyperlink","https://offlimits.co.in/collections/women-running-shoes/products/speedster-for-her-off-white-light-grey-orw-730-06","https://offlimits.co.in/collections/women-running-shoes/products/speedster-for-her-off-white-light-grey-orw-730-06","781679","","Shop by category","200","OK","Crawlable","true","_self","","Path-Relative","//body/div[@id='nt_wrapper']/header/div/div/div/div/div/div[2]/nav/ul/li[@id='item_mega_EbVAiN']/div/div/div/div[@id='bk_link_QRmtMT']/a","Navigation","HTML"
"Hyperlink","https://offlimits.co.in/collections/women-running-shoes/products/speedster-for-her-off-white-light-grey-orw-730-06","https://offlimits.co.in/collections/women-running-shoes/products/speedster-for-her-off-white-light-grey-orw-730-06","781679","","Shop by Collection","200","OK","Crawlable","true","_self","","Path-Relative","//body/div[@id='nt_wrapper']/header/div/div/div/div/div/div[2]/nav/ul/li[@id='item_mega_EbVAiN']/div/div/div/div[@id='bk_link_W4LcJA']/a","Navigation","HTML"
"Hyperlink","https://offlimits.co.in/collections/women-running-shoes/products/speedster-for-her-off-white-light-grey-orw-730-06","https://offlimits.co.in/collections/women-running-shoes/products/speedster-for-her-off-white-light-grey-orw-730-06","781679","","All Clothing","200","OK","Crawlable","true","_self","","Path-Relative","//body/div[@id='nt_wrapper']/header/div/div/div/div/div/div[2]/nav/ul/li[@id='item_mega_EbVAiN']/div/div/div/div[@id='bk_link_KL8kyk']/a","Navigation","HTML"
"Hyperlink","https://offlimits.co.in/collections/women-running-shoes/products/speedster-for-her-off-white-light-grey-orw-730-06","https://offlimits.co.in/collections/women-running-shoes/products/speedster-for-her-off-white-light-grey-orw-730-06","781679","","Out of stock","200","OK","Crawlable","false","","nofollow","Path-Relative","//body/div[@id='nt_wrapper']/div[@id='nt_content']/div/div[1]/div[@id='product-7882890903645']/div/div/div[2]/div/div[@id='shopify-section-pr_summary']/div[3]/div/form/div[4]/div[1]/a[@id='out_stock_ppr']","Content","HTML"
"Hyperlink","https://offlimits.co.in/collections/women-running-shoes/products/speedster-for-her-off-white-light-grey-orw-730-06","https://offlimits.co.in/collections/women-running-shoes/products/speedster-for-her-off-white-light-grey-orw-730-06","781679","","PRODUCT DETAILS","200","OK","Crawlable","true","","","Path-Relative","//body/div[@id='nt_wrapper']/div[@id='nt_content']/div/div[1]/div[@id='product-7882890903645']/div/div/div[2]/div/div[@id='shopify-section-pr_description']/ul/li[1]/a","Content","HTML"
"Hyperlink","https://offlimits.co.in/collections/women-running-shoes/products/speedster-for-her-off-white-light-grey-orw-730-06","https://offlimits.co.in/collections/women-running-shoes/products/speedster-for-her-off-white-light-grey-orw-730-06","781679","","MANUFACTURER DETAILS","200","OK","Crawlable","true","","","Path-Relative","//body/div[@id='nt_wrapper']/div[@id='nt_content']/div/div[1]/div[@id='product-7882890903645']/div/div/div[2]/div/div[@id='shopify-section-pr_description']/ul/li[2]/a","Content","HTML"
"Hyperlink","https://offlimits.co.in/collections/women-running-shoes/products/speedster-for-her-off-white-light-grey-orw-730-06","https://offlimits.co.in/collections/women-running-shoes/products/speedster-for-her-off-white-light-grey-orw-730-06","781679","","PRODUCT DETAILS","200","OK","Crawlable","true","","","Path-Relative","//body/div[@id='nt_wrapper']/div[@id='nt_content']/div/div[1]/div[@id='product-7882890903645']/div/div/div[2]/div/div[@id='shopify-section-pr_description']/div[@id='tab_pr_deskl']/div[2]/a","Content","HTML"
"Hyperlink","https://offlimits.co.in/collections/women-running-shoes/products/speedster-for-her-off-white-light-grey-orw-730-06","https://offlimits.co.in/collections/women-running-shoes/products/speedster-for-her-off-white-light-grey-orw-730-06","781679","","MANUFACTURER DETAILS","200","OK","Crawlable","true","","","Path-Relative","//body/div[@id='nt_wrapper']/div[@id='nt_content']/div/div[1]/div[@id='product-7882890903645']/div/div/div[2]/div/div[@id='shopify-section-pr_description']/div[@id='tab_manufacturer_details']/div[2]/a","Content","HTML"
"Hyperlink","https://offlimits.co.in/collections/women-running-shoes/products/speedster-for-her-off-white-light-grey-orw-730-06","https://offlimits.co.in/collections/women-running-shoes/products/speedster-for-her-off-white-light-grey-orw-730-06","781679","","Write a review","200","OK","Crawlable","true","","","Path-Relative","//body/div[@id='nt_wrapper']/div[@id='nt_content']/div/div[1]/div[@id='judgeme_product_reviews']/div/div[@class='jdgm-rev-widg__header']/a","Header","HTML"
"Hyperlink","https://offlimits.co.in/collections/women-running-shoes/products/speedster-for-her-off-white-light-grey-orw-730-06","https://offlimits.co.in/collections/women-running-shoes/products/speedster-for-her-off-white-light-grey-orw-730-06","781679","","Store Locator","200","OK","Crawlable","true","","","Path-Relative","//body/div[@id='nt_wrapper']/footer/div[@id='shopify-section-footer_top']/div/div/div[@class='row']/div[5]/aside/div/ul/li[@class='menu-item'][2]/a","Aside","HTML"
"Hyperlink","https://offlimits.co.in/collections/women-running-shoes/products/speedster-for-her-off-white-light-grey-orw-730-06","https://offlimits.co.in/collections/women-running-shoes/products/speedster-for-her-off-white-light-grey-orw-730-06","781679","","","200","OK","Crawlable","false","","nofollow","Path-Relative","//body/div[@id='shopify-section-sticky_atc']/div/div/div/div[2]/div[2]/div/a[1]","Content","HTML"
"Hyperlink","https://offlimits.co.in/collections/women-running-shoes/products/speedster-for-her-off-white-light-grey-orw-730-06","https://offlimits.co.in/collections/women-running-shoes/products/speedster-for-her-off-white-light-grey-orw-730-06","781679","","","200","OK","Crawlable","false","","nofollow","Path-Relative","//body/div[@id='shopify-section-sticky_atc']/div/div/div/div[2]/div[2]/div/a[2]","Content","HTML"
"Image","https://offlimits.co.in/collections/women-running-shoes/products/speedster-for-her-off-white-light-grey-orw-730-06","https://offlimits.co.in/collections/women-running-shoes/products/speedster-for-her-off-white-light-grey-orw-730-06","781679","","","200","OK","Crawlable","true","","","Path-Relative","//body/div[@id='pr_grid_atc_popup']/div/div[@class='pr-grid-atc-popup__img-wrap']/img","Content","HTML"
"JavaScript","https://offlimits.co.in/collections/women-running-shoes/products/speedster-for-her-off-white-light-grey-orw-730-06","https://offlimits.co.in/collections/women-running-shoes/products/speedster-for-her-off-white-light-grey-orw-730-06","781679","","","200","OK","Crawlable","true","","","Path-Relative","//body/div[@id='nt_wrapper']/div[@id='nt_content']/script[2]","Content","HTML"
