"Type","Source","Destination","Alt Text","Length","Path Type","Link Path","Link Position","Link Origin","Real Dimensions","Dimensions in Attributes","Display Dimensions"
"Image","https://offlimits.co.in/","https://cdn.shopify.com/s/files/1/0549/2926/0637/files/Mask_Group_11_2x_c8ab0a7c-97c0-460d-9505-5bb348f5420d.webp?v=1749454119","UNLOCK YOUR","11","Absolute","//body/div[@id='nt_wrapper']/div[@id='nt_content']/div[@id='shopify-section-custom_html_rdtMER']/div/div/a/div[1]/div[@class='custom_unlock_inner']/div[@class='custom_unlock_image'][1]/img","Content","HTML","","",""
"Image","https://offlimits.co.in/","https://offlimits.co.in/cdn/shop/files/White_fe958b6c-a1f4-4a0e-8833-a8ed184f503d_170x.svg?v=1717740409","OFFLIMITS","9","Protocol-Relative","//body/div[@id='nt_wrapper']/header/div/div/div/div/div/div[3]/div/a/img[1]","Header","HTML","","",""
"Image","https://offlimits.co.in/","https://offlimits.co.in/cdn/shop/files/White_fe958b6c-a1f4-4a0e-8833-a8ed184f503d_170x.svg?v=1717740409","OFFLIMITS","9","Protocol-Relative","//body/div[@id='nt_wrapper']/header/div/div/div/div/div/div[3]/div/a/img[2]","Header","HTML","","",""
"Image","https://offlimits.co.in/","https://cdn.shopify.com/s/files/1/0549/2926/0637/files/New_Project_11_3dbf9b4d-d5c4-44ef-b8dd-4fff04038664.jpg?v=1741157228","","0","Absolute","//body/div[@id='nt_wrapper']/div[@id='nt_content']/div[@id='shopify-section-custom_html_r9UJAP']/div/div/div/div/a[2]/img","Content","HTML","","",""
"Image","https://offlimits.co.in/","https://cdn.shopify.com/s/files/1/0549/2926/0637/files/facebook.svg?v=1634562685","facebook","8","Absolute","//body/div[@id='nt_wrapper']/footer/div[@id='shopify-section-footer_top']/div/div/div[@class='row']/div[1]/aside/div/div/div[@class='social-icons']/ul/li[3]/a/img","Aside","HTML","","",""
"Image","https://offlimits.co.in/collections/mens-bestsellers/products/gladiator-off-white-orm-661-02","https://cdn.shopify.com/s/files/1/0549/2926/0637/files/facebook.svg?v=1634562685","facebook","8","Absolute","//body/div[@id='nt_wrapper']/footer/div[@id='shopify-section-footer_top']/div/div/div[@class='row']/div[1]/aside/div/div/div[@class='social-icons']/ul/li[3]/a/img","Aside","HTML","","",""
"Image","https://offlimits.co.in/collections/mens-bestsellers/products/swat-orm-600-03","https://cdn.shopify.com/s/files/1/0549/2926/0637/files/facebook.svg?v=1634562685","facebook","8","Absolute","//body/div[@id='nt_wrapper']/footer/div[@id='shopify-section-footer_top']/div/div/div[@class='row']/div[1]/aside/div/div/div[@class='social-icons']/ul/li[3]/a/img","Aside","HTML","","",""
"Image","https://offlimits.co.in/collections/new-arrivals-2026/products/griffith-big-tall-off-white-green-ocm-936-05","https://cdn.shopify.com/s/files/1/0549/2926/0637/files/facebook.svg?v=1634562685","facebook","8","Absolute","//body/div[@id='nt_wrapper']/footer/div[@id='shopify-section-footer_top']/div/div/div[@class='row']/div[1]/aside/div/div/div[@class='social-icons']/ul/li[3]/a/img","Aside","HTML","","",""
"Image","https://offlimits.co.in/collections/men-clothing","https://cdn.shopify.com/s/files/1/0549/2926/0637/files/facebook.svg?v=1634562685","facebook","8","Absolute","//body/div[@id='nt_wrapper']/footer/div[@id='shopify-section-footer_top']/div/div/div[@class='row']/div[1]/aside/div/div/div[@class='social-icons']/ul/li[3]/a/img","Aside","HTML","","",""
"Image","https://offlimits.co.in/collections/women-track-suits","https://cdn.shopify.com/s/files/1/0549/2926/0637/files/facebook.svg?v=1634562685","facebook","8","Absolute","//body/div[@id='nt_wrapper']/footer/div[@id='shopify-section-footer_top']/div/div/div[@class='row']/div[1]/aside/div/div/div[@class='social-icons']/ul/li[3]/a/img","Aside","HTML","","",""
"Image","https://offlimits.co.in/collections/white-sneaker","https://cdn.shopify.com/s/files/1/0549/2926/0637/files/facebook.svg?v=1634562685","facebook","8","Absolute","//body/div[@id='nt_wrapper']/footer/div[@id='shopify-section-footer_top']/div/div/div[@class='row']/div[1]/aside/div/div/div[@class='social-icons']/ul/li[3]/a/img","Aside","HTML","","",""
"Image","https://offlimits.co.in/collections/new-arrivals","https://cdn.shopify.com/s/files/1/0549/2926/0637/files/facebook.svg?v=1634562685","facebook","8","Absolute","//body/div[@id='nt_wrapper']/footer/div[@id='shopify-section-footer_top']/div/div/div[@class='row']/div[1]/aside/div/div/div[@class='social-icons']/ul/li[3]/a/img","Aside","HTML","","",""
"Image","https://offlimits.co.in/collections/men-walking","https://cdn.shopify.com/s/files/1/0549/2926/0637/files/facebook.svg?v=1634562685","facebook","8","Absolute","//body/div[@id='nt_wrapper']/footer/div[@id='shopify-section-footer_top']/div/div/div[@class='row']/div[1]/aside/div/div/div[@class='social-icons']/ul/li[3]/a/img","Aside","HTML","","",""
"Image","https://offlimits.co.in/pages/shipping-policy","https://cdn.shopify.com/s/files/1/0549/2926/0637/files/facebook.svg?v=1634562685","facebook","8","Absolute","//body/div[@id='nt_wrapper']/footer/div[@id='shopify-section-footer_top']/div/div/div[@class='row']/div[1]/aside/div/div/div[@class='social-icons']/ul/li[3]/a/img","Aside","HTML","","",""
"Image","https://offlimits.co.in/pages/about-us","https://cdn.shopify.com/s/files/1/0549/2926/0637/files/facebook.svg?v=1634562685","facebook","8","Absolute","//body/div[@id='nt_wrapper']/footer/div[@id='shopify-section-footer_top']/div/div/div[@class='row']/div[1]/aside/div/div/div[@class='social-icons']/ul/li[3]/a/img","Aside","HTML","","",""
"Image","https://offlimits.co.in/collections/women-hoodies-jackets","https://cdn.shopify.com/s/files/1/0549/2926/0637/files/facebook.svg?v=1634562685","facebook","8","Absolute","//body/div[@id='nt_wrapper']/footer/div[@id='shopify-section-footer_top']/div/div/div[@class='row']/div[1]/aside/div/div/div[@class='social-icons']/ul/li[3]/a/img","Aside","HTML","","",""
"Image","https://offlimits.co.in/collections/women-lifestyle","https://cdn.shopify.com/s/files/1/0549/2926/0637/files/facebook.svg?v=1634562685","facebook","8","Absolute","//body/div[@id='nt_wrapper']/footer/div[@id='shopify-section-footer_top']/div/div/div[@class='row']/div[1]/aside/div/div/div[@class='social-icons']/ul/li[3]/a/img","Aside","HTML","","",""
"Image","https://offlimits.co.in/collections/mens-bestsellers/products/stussy-memory-tech-1-orm-407-08","https://cdn.shopify.com/s/files/1/0549/2926/0637/files/facebook.svg?v=1634562685","facebook","8","Absolute","//body/div[@id='nt_wrapper']/footer/div[@id='shopify-section-footer_top']/div/div/div[@class='row']/div[1]/aside/div/div/div[@class='social-icons']/ul/li[3]/a/img","Aside","HTML","","",""
"Image","https://offlimits.co.in/collections/new-arrivals-2026/products/hoop-off-white-honey-orm-867-02","https://cdn.shopify.com/s/files/1/0549/2926/0637/files/facebook.svg?v=1634562685","facebook","8","Absolute","//body/div[@id='nt_wrapper']/footer/div[@id='shopify-section-footer_top']/div/div/div[@class='row']/div[1]/aside/div/div/div[@class='social-icons']/ul/li[3]/a/img","Aside","HTML","","",""
"Image","https://offlimits.co.in/collections/new-arrivals-2026/products/roger-select-blue-ocm-915-12","https://cdn.shopify.com/s/files/1/0549/2926/0637/files/facebook.svg?v=1634562685","facebook","8","Absolute","//body/div[@id='nt_wrapper']/footer/div[@id='shopify-section-footer_top']/div/div/div[@class='row']/div[1]/aside/div/div/div[@class='social-icons']/ul/li[3]/a/img","Aside","HTML","","",""
"Image","https://offlimits.co.in/collections/limited-edition","https://cdn.shopify.com/s/files/1/0549/2926/0637/files/facebook.svg?v=1634562685","facebook","8","Absolute","//body/div[@id='nt_wrapper']/footer/div[@id='shopify-section-footer_top']/div/div/div[@class='row']/div[1]/aside/div/div/div[@class='social-icons']/ul/li[3]/a/img","Aside","HTML","","",""
"Image","https://offlimits.co.in/collections/women-shoes","https://cdn.shopify.com/s/files/1/0549/2926/0637/files/facebook.svg?v=1634562685","facebook","8","Absolute","//body/div[@id='nt_wrapper']/footer/div[@id='shopify-section-footer_top']/div/div/div[@class='row']/div[1]/aside/div/div/div[@class='social-icons']/ul/li[3]/a/img","Aside","HTML","","",""
"Image","https://offlimits.co.in/collections/mens-running-gym-shoes","https://cdn.shopify.com/s/files/1/0549/2926/0637/files/facebook.svg?v=1634562685","facebook","8","Absolute","//body/div[@id='nt_wrapper']/footer/div[@id='shopify-section-footer_top']/div/div/div[@class='row']/div[1]/aside/div/div/div[@class='social-icons']/ul/li[3]/a/img","Aside","HTML","","",""
"Image","https://offlimits.co.in/collections/low-top-shoes-for-men","https://cdn.shopify.com/s/files/1/0549/2926/0637/files/facebook.svg?v=1634562685","facebook","8","Absolute","//body/div[@id='nt_wrapper']/footer/div[@id='shopify-section-footer_top']/div/div/div[@class='row']/div[1]/aside/div/div/div[@class='social-icons']/ul/li[3]/a/img","Aside","HTML","","",""
"Image","https://offlimits.co.in/collections/men-lifestyle-recover-kicks","https://cdn.shopify.com/s/files/1/0549/2926/0637/files/facebook.svg?v=1634562685","facebook","8","Absolute","//body/div[@id='nt_wrapper']/footer/div[@id='shopify-section-footer_top']/div/div/div[@class='row']/div[1]/aside/div/div/div[@class='social-icons']/ul/li[3]/a/img","Aside","HTML","","",""
"Image","https://offlimits.co.in/collections/women-running-shoes","https://cdn.shopify.com/s/files/1/0549/2926/0637/files/facebook.svg?v=1634562685","facebook","8","Absolute","//body/div[@id='nt_wrapper']/footer/div[@id='shopify-section-footer_top']/div/div/div[@class='row']/div[1]/aside/div/div/div[@class='social-icons']/ul/li[3]/a/img","Aside","HTML","","",""
"Image","https://offlimits.co.in/pages/technology","https://cdn.shopify.com/s/files/1/0549/2926/0637/files/facebook.svg?v=1634562685","facebook","8","Absolute","//body/div[@id='nt_wrapper']/footer/div[@id='shopify-section-footer_top']/div/div/div[@class='row']/div[1]/aside/div/div/div[@class='social-icons']/ul/li[3]/a/img","Aside","HTML","","",""
"Image","https://offlimits.co.in/collections/men-shorts","https://cdn.shopify.com/s/files/1/0549/2926/0637/files/facebook.svg?v=1634562685","facebook","8","Absolute","//body/div[@id='nt_wrapper']/footer/div[@id='shopify-section-footer_top']/div/div/div[@class='row']/div[1]/aside/div/div/div[@class='social-icons']/ul/li[3]/a/img","Aside","HTML","","",""
"Image","https://offlimits.co.in/collections/men-running-shoes","https://cdn.shopify.com/s/files/1/0549/2926/0637/files/facebook.svg?v=1634562685","facebook","8","Absolute","//body/div[@id='nt_wrapper']/footer/div[@id='shopify-section-footer_top']/div/div/div[@class='row']/div[1]/aside/div/div/div[@class='social-icons']/ul/li[3]/a/img","Aside","HTML","","",""
"Image","https://offlimits.co.in/collections/mens-running-gym-shoes/products/gladiator-light-grey-orm-661-06","https://cdn.shopify.com/s/files/1/0549/2926/0637/files/facebook.svg?v=1634562685","facebook","8","Absolute","//body/div[@id='nt_wrapper']/footer/div[@id='shopify-section-footer_top']/div/div/div[@class='row']/div[1]/aside/div/div/div[@class='social-icons']/ul/li[3]/a/img","Aside","HTML","","",""
"Image","https://offlimits.co.in/collections/low-top-shoes-for-men/products/speed-cat-crazy-horse-tan-ocm-062-04","https://cdn.shopify.com/s/files/1/0549/2926/0637/files/facebook.svg?v=1634562685","facebook","8","Absolute","//body/div[@id='nt_wrapper']/footer/div[@id='shopify-section-footer_top']/div/div/div[@class='row']/div[1]/aside/div/div/div[@class='social-icons']/ul/li[3]/a/img","Aside","HTML","","",""
"Image","https://offlimits.co.in/collections/men-lifestyle-recover-kicks/products/magnum-black-ocm-750-02","https://cdn.shopify.com/s/files/1/0549/2926/0637/files/facebook.svg?v=1634562685","facebook","8","Absolute","//body/div[@id='nt_wrapper']/footer/div[@id='shopify-section-footer_top']/div/div/div[@class='row']/div[1]/aside/div/div/div[@class='social-icons']/ul/li[3]/a/img","Aside","HTML","","",""
"Image","https://offlimits.co.in/collections/men-lifestyle-recover-kicks/products/stussy-brown-orm-407-40","https://cdn.shopify.com/s/files/1/0549/2926/0637/files/facebook.svg?v=1634562685","facebook","8","Absolute","//body/div[@id='nt_wrapper']/footer/div[@id='shopify-section-footer_top']/div/div/div[@class='row']/div[1]/aside/div/div/div[@class='social-icons']/ul/li[3]/a/img","Aside","HTML","","",""
"Image","https://offlimits.co.in/collections/men-lifestyle-recover-kicks/products/tribe-x-black-matte-ocm-769-02","https://cdn.shopify.com/s/files/1/0549/2926/0637/files/facebook.svg?v=1634562685","facebook","8","Absolute","//body/div[@id='nt_wrapper']/footer/div[@id='shopify-section-footer_top']/div/div/div[@class='row']/div[1]/aside/div/div/div[@class='social-icons']/ul/li[3]/a/img","Aside","HTML","","",""
"Image","https://offlimits.co.in/collections/women-running-shoes/products/pulsara-for-her-off-white-pink-orw-889-02","https://cdn.shopify.com/s/files/1/0549/2926/0637/files/facebook.svg?v=1634562685","facebook","8","Absolute","//body/div[@id='nt_wrapper']/footer/div[@id='shopify-section-footer_top']/div/div/div[@class='row']/div[1]/aside/div/div/div[@class='social-icons']/ul/li[3]/a/img","Aside","HTML","","",""
"Image","https://offlimits.co.in/collections/women-running-shoes/products/speedster-for-her-off-white-light-grey-orw-730-06","https://cdn.shopify.com/s/files/1/0549/2926/0637/files/facebook.svg?v=1634562685","facebook","8","Absolute","//body/div[@id='nt_wrapper']/footer/div[@id='shopify-section-footer_top']/div/div/div[@class='row']/div[1]/aside/div/div/div[@class='social-icons']/ul/li[3]/a/img","Aside","HTML","","",""
"Image","https://offlimits.co.in/collections/men-shorts/products/mens-pol-cns-mesh-shorts-obm-77-01","https://cdn.shopify.com/s/files/1/0549/2926/0637/files/facebook.svg?v=1634562685","facebook","8","Absolute","//body/div[@id='nt_wrapper']/footer/div[@id='shopify-section-footer_top']/div/div/div[@class='row']/div[1]/aside/div/div/div[@class='social-icons']/ul/li[3]/a/img","Aside","HTML","","",""
"Image","https://offlimits.co.in/collections/men-running-shoes/products/gladiator-off-white-orm-661-02","https://cdn.shopify.com/s/files/1/0549/2926/0637/files/facebook.svg?v=1634562685","facebook","8","Absolute","//body/div[@id='nt_wrapper']/footer/div[@id='shopify-section-footer_top']/div/div/div[@class='row']/div[1]/aside/div/div/div[@class='social-icons']/ul/li[3]/a/img","Aside","HTML","","",""
"Image","https://offlimits.co.in/collections/men-running-shoes/products/gladiator-off-white-beige-orm-661-17","https://cdn.shopify.com/s/files/1/0549/2926/0637/files/facebook.svg?v=1634562685","facebook","8","Absolute","//body/div[@id='nt_wrapper']/footer/div[@id='shopify-section-footer_top']/div/div/div[@class='row']/div[1]/aside/div/div/div[@class='social-icons']/ul/li[3]/a/img","Aside","HTML","","",""
"Image","https://offlimits.co.in/","https://offlimits.co.in/cdn/shop/files/White_bd587976-9bc5-4d9c-a498-1b213db7403d_170x.svg?v=1717740426","OFFLIMITS","9","Protocol-Relative","//body/div[@id='nt_wrapper']/header/div/div/div/div/div/div[3]/div/a/img[3]","Header","HTML","","",""
"Image","https://offlimits.co.in/","https://cdn.shopify.com/s/files/1/0549/2926/0637/files/Group_71_2x_487cc3c6-d1f0-4288-9e22-e6172d49ce00.png?v=1714382372","Technology","10","Absolute","//body/div[@id='nt_wrapper']/footer/div[@id='shopify-section-footer_top']/div/div/div[@class='row']/div[6]/aside/div/div[@class='footer-img']/div[@class='footer-img-box'][3]/a/img","Aside","HTML","","",""
"Image","https://offlimits.co.in/collections/mens-bestsellers/products/gladiator-off-white-orm-661-02","https://cdn.shopify.com/s/files/1/0549/2926/0637/files/Group_71_2x_487cc3c6-d1f0-4288-9e22-e6172d49ce00.png?v=1714382372","Technology","10","Absolute","//body/div[@id='nt_wrapper']/footer/div[@id='shopify-section-footer_top']/div/div/div[@class='row']/div[6]/aside/div/div[@class='footer-img']/div[@class='footer-img-box'][3]/a/img","Aside","HTML","","",""
"Image","https://offlimits.co.in/collections/mens-bestsellers/products/swat-orm-600-03","https://cdn.shopify.com/s/files/1/0549/2926/0637/files/Group_71_2x_487cc3c6-d1f0-4288-9e22-e6172d49ce00.png?v=1714382372","Technology","10","Absolute","//body/div[@id='nt_wrapper']/footer/div[@id='shopify-section-footer_top']/div/div/div[@class='row']/div[6]/aside/div/div[@class='footer-img']/div[@class='footer-img-box'][3]/a/img","Aside","HTML","","",""
"Image","https://offlimits.co.in/collections/new-arrivals-2026/products/griffith-big-tall-off-white-green-ocm-936-05","https://cdn.shopify.com/s/files/1/0549/2926/0637/files/Group_71_2x_487cc3c6-d1f0-4288-9e22-e6172d49ce00.png?v=1714382372","Technology","10","Absolute","//body/div[@id='nt_wrapper']/footer/div[@id='shopify-section-footer_top']/div/div/div[@class='row']/div[6]/aside/div/div[@class='footer-img']/div[@class='footer-img-box'][3]/a/img","Aside","HTML","","",""
"Image","https://offlimits.co.in/collections/men-clothing","https://cdn.shopify.com/s/files/1/0549/2926/0637/files/Group_71_2x_487cc3c6-d1f0-4288-9e22-e6172d49ce00.png?v=1714382372","Technology","10","Absolute","//body/div[@id='nt_wrapper']/footer/div[@id='shopify-section-footer_top']/div/div/div[@class='row']/div[6]/aside/div/div[@class='footer-img']/div[@class='footer-img-box'][3]/a/img","Aside","HTML","","",""
"Image","https://offlimits.co.in/collections/women-track-suits","https://cdn.shopify.com/s/files/1/0549/2926/0637/files/Group_71_2x_487cc3c6-d1f0-4288-9e22-e6172d49ce00.png?v=1714382372","Technology","10","Absolute","//body/div[@id='nt_wrapper']/footer/div[@id='shopify-section-footer_top']/div/div/div[@class='row']/div[6]/aside/div/div[@class='footer-img']/div[@class='footer-img-box'][3]/a/img","Aside","HTML","","",""
"Image","https://offlimits.co.in/collections/white-sneaker","https://cdn.shopify.com/s/files/1/0549/2926/0637/files/Group_71_2x_487cc3c6-d1f0-4288-9e22-e6172d49ce00.png?v=1714382372","Technology","10","Absolute","//body/div[@id='nt_wrapper']/footer/div[@id='shopify-section-footer_top']/div/div/div[@class='row']/div[6]/aside/div/div[@class='footer-img']/div[@class='footer-img-box'][3]/a/img","Aside","HTML","","",""
"Image","https://offlimits.co.in/collections/new-arrivals","https://cdn.shopify.com/s/files/1/0549/2926/0637/files/Group_71_2x_487cc3c6-d1f0-4288-9e22-e6172d49ce00.png?v=1714382372","Technology","10","Absolute","//body/div[@id='nt_wrapper']/footer/div[@id='shopify-section-footer_top']/div/div/div[@class='row']/div[6]/aside/div/div[@class='footer-img']/div[@class='footer-img-box'][3]/a/img","Aside","HTML","","",""
"Image","https://offlimits.co.in/collections/men-walking","https://cdn.shopify.com/s/files/1/0549/2926/0637/files/Group_71_2x_487cc3c6-d1f0-4288-9e22-e6172d49ce00.png?v=1714382372","Technology","10","Absolute","//body/div[@id='nt_wrapper']/footer/div[@id='shopify-section-footer_top']/div/div/div[@class='row']/div[6]/aside/div/div[@class='footer-img']/div[@class='footer-img-box'][3]/a/img","Aside","HTML","","",""
"Image","https://offlimits.co.in/pages/shipping-policy","https://cdn.shopify.com/s/files/1/0549/2926/0637/files/Group_71_2x_487cc3c6-d1f0-4288-9e22-e6172d49ce00.png?v=1714382372","Technology","10","Absolute","//body/div[@id='nt_wrapper']/footer/div[@id='shopify-section-footer_top']/div/div/div[@class='row']/div[6]/aside/div/div[@class='footer-img']/div[@class='footer-img-box'][3]/a/img","Aside","HTML","","",""
"Image","https://offlimits.co.in/pages/about-us","https://cdn.shopify.com/s/files/1/0549/2926/0637/files/Group_71_2x_487cc3c6-d1f0-4288-9e22-e6172d49ce00.png?v=1714382372","Technology","10","Absolute","//body/div[@id='nt_wrapper']/footer/div[@id='shopify-section-footer_top']/div/div/div[@class='row']/div[6]/aside/div/div[@class='footer-img']/div[@class='footer-img-box'][3]/a/img","Aside","HTML","","",""
"Image","https://offlimits.co.in/collections/women-hoodies-jackets","https://cdn.shopify.com/s/files/1/0549/2926/0637/files/Group_71_2x_487cc3c6-d1f0-4288-9e22-e6172d49ce00.png?v=1714382372","Technology","10","Absolute","//body/div[@id='nt_wrapper']/footer/div[@id='shopify-section-footer_top']/div/div/div[@class='row']/div[6]/aside/div/div[@class='footer-img']/div[@class='footer-img-box'][3]/a/img","Aside","HTML","","",""
"Image","https://offlimits.co.in/collections/women-lifestyle","https://cdn.shopify.com/s/files/1/0549/2926/0637/files/Group_71_2x_487cc3c6-d1f0-4288-9e22-e6172d49ce00.png?v=1714382372","Technology","10","Absolute","//body/div[@id='nt_wrapper']/footer/div[@id='shopify-section-footer_top']/div/div/div[@class='row']/div[6]/aside/div/div[@class='footer-img']/div[@class='footer-img-box'][3]/a/img","Aside","HTML","","",""
"Image","https://offlimits.co.in/collections/mens-bestsellers/products/stussy-memory-tech-1-orm-407-08","https://cdn.shopify.com/s/files/1/0549/2926/0637/files/Group_71_2x_487cc3c6-d1f0-4288-9e22-e6172d49ce00.png?v=1714382372","Technology","10","Absolute","//body/div[@id='nt_wrapper']/footer/div[@id='shopify-section-footer_top']/div/div/div[@class='row']/div[6]/aside/div/div[@class='footer-img']/div[@class='footer-img-box'][3]/a/img","Aside","HTML","","",""
"Image","https://offlimits.co.in/collections/new-arrivals-2026/products/hoop-off-white-honey-orm-867-02","https://cdn.shopify.com/s/files/1/0549/2926/0637/files/Group_71_2x_487cc3c6-d1f0-4288-9e22-e6172d49ce00.png?v=1714382372","Technology","10","Absolute","//body/div[@id='nt_wrapper']/footer/div[@id='shopify-section-footer_top']/div/div/div[@class='row']/div[6]/aside/div/div[@class='footer-img']/div[@class='footer-img-box'][3]/a/img","Aside","HTML","","",""
"Image","https://offlimits.co.in/collections/new-arrivals-2026/products/roger-select-blue-ocm-915-12","https://cdn.shopify.com/s/files/1/0549/2926/0637/files/Group_71_2x_487cc3c6-d1f0-4288-9e22-e6172d49ce00.png?v=1714382372","Technology","10","Absolute","//body/div[@id='nt_wrapper']/footer/div[@id='shopify-section-footer_top']/div/div/div[@class='row']/div[6]/aside/div/div[@class='footer-img']/div[@class='footer-img-box'][3]/a/img","Aside","HTML","","",""
"Image","https://offlimits.co.in/collections/limited-edition","https://cdn.shopify.com/s/files/1/0549/2926/0637/files/Group_71_2x_487cc3c6-d1f0-4288-9e22-e6172d49ce00.png?v=1714382372","Technology","10","Absolute","//body/div[@id='nt_wrapper']/footer/div[@id='shopify-section-footer_top']/div/div/div[@class='row']/div[6]/aside/div/div[@class='footer-img']/div[@class='footer-img-box'][3]/a/img","Aside","HTML","","",""
"Image","https://offlimits.co.in/collections/women-shoes","https://cdn.shopify.com/s/files/1/0549/2926/0637/files/Group_71_2x_487cc3c6-d1f0-4288-9e22-e6172d49ce00.png?v=1714382372","Technology","10","Absolute","//body/div[@id='nt_wrapper']/footer/div[@id='shopify-section-footer_top']/div/div/div[@class='row']/div[6]/aside/div/div[@class='footer-img']/div[@class='footer-img-box'][3]/a/img","Aside","HTML","","",""
"Image","https://offlimits.co.in/collections/mens-running-gym-shoes","https://cdn.shopify.com/s/files/1/0549/2926/0637/files/Group_71_2x_487cc3c6-d1f0-4288-9e22-e6172d49ce00.png?v=1714382372","Technology","10","Absolute","//body/div[@id='nt_wrapper']/footer/div[@id='shopify-section-footer_top']/div/div/div[@class='row']/div[6]/aside/div/div[@class='footer-img']/div[@class='footer-img-box'][3]/a/img","Aside","HTML","","",""
"Image","https://offlimits.co.in/collections/low-top-shoes-for-men","https://cdn.shopify.com/s/files/1/0549/2926/0637/files/Group_71_2x_487cc3c6-d1f0-4288-9e22-e6172d49ce00.png?v=1714382372","Technology","10","Absolute","//body/div[@id='nt_wrapper']/footer/div[@id='shopify-section-footer_top']/div/div/div[@class='row']/div[6]/aside/div/div[@class='footer-img']/div[@class='footer-img-box'][3]/a/img","Aside","HTML","","",""
"Image","https://offlimits.co.in/collections/men-lifestyle-recover-kicks","https://cdn.shopify.com/s/files/1/0549/2926/0637/files/Group_71_2x_487cc3c6-d1f0-4288-9e22-e6172d49ce00.png?v=1714382372","Technology","10","Absolute","//body/div[@id='nt_wrapper']/footer/div[@id='shopify-section-footer_top']/div/div/div[@class='row']/div[6]/aside/div/div[@class='footer-img']/div[@class='footer-img-box'][3]/a/img","Aside","HTML","","",""
"Image","https://offlimits.co.in/collections/women-running-shoes","https://cdn.shopify.com/s/files/1/0549/2926/0637/files/Group_71_2x_487cc3c6-d1f0-4288-9e22-e6172d49ce00.png?v=1714382372","Technology","10","Absolute","//body/div[@id='nt_wrapper']/footer/div[@id='shopify-section-footer_top']/div/div/div[@class='row']/div[6]/aside/div/div[@class='footer-img']/div[@class='footer-img-box'][3]/a/img","Aside","HTML","","",""
"Image","https://offlimits.co.in/pages/technology","https://cdn.shopify.com/s/files/1/0549/2926/0637/files/Group_71_2x_487cc3c6-d1f0-4288-9e22-e6172d49ce00.png?v=1714382372","Technology","10","Absolute","//body/div[@id='nt_wrapper']/footer/div[@id='shopify-section-footer_top']/div/div/div[@class='row']/div[6]/aside/div/div[@class='footer-img']/div[@class='footer-img-box'][3]/a/img","Aside","HTML","","",""
"Image","https://offlimits.co.in/collections/men-shorts","https://cdn.shopify.com/s/files/1/0549/2926/0637/files/Group_71_2x_487cc3c6-d1f0-4288-9e22-e6172d49ce00.png?v=1714382372","Technology","10","Absolute","//body/div[@id='nt_wrapper']/footer/div[@id='shopify-section-footer_top']/div/div/div[@class='row']/div[6]/aside/div/div[@class='footer-img']/div[@class='footer-img-box'][3]/a/img","Aside","HTML","","",""
"Image","https://offlimits.co.in/collections/men-running-shoes","https://cdn.shopify.com/s/files/1/0549/2926/0637/files/Group_71_2x_487cc3c6-d1f0-4288-9e22-e6172d49ce00.png?v=1714382372","Technology","10","Absolute","//body/div[@id='nt_wrapper']/footer/div[@id='shopify-section-footer_top']/div/div/div[@class='row']/div[6]/aside/div/div[@class='footer-img']/div[@class='footer-img-box'][3]/a/img","Aside","HTML","","",""
"Image","https://offlimits.co.in/collections/mens-running-gym-shoes/products/gladiator-light-grey-orm-661-06","https://cdn.shopify.com/s/files/1/0549/2926/0637/files/Group_71_2x_487cc3c6-d1f0-4288-9e22-e6172d49ce00.png?v=1714382372","Technology","10","Absolute","//body/div[@id='nt_wrapper']/footer/div[@id='shopify-section-footer_top']/div/div/div[@class='row']/div[6]/aside/div/div[@class='footer-img']/div[@class='footer-img-box'][3]/a/img","Aside","HTML","","",""
"Image","https://offlimits.co.in/collections/low-top-shoes-for-men/products/speed-cat-crazy-horse-tan-ocm-062-04","https://cdn.shopify.com/s/files/1/0549/2926/0637/files/Group_71_2x_487cc3c6-d1f0-4288-9e22-e6172d49ce00.png?v=1714382372","Technology","10","Absolute","//body/div[@id='nt_wrapper']/footer/div[@id='shopify-section-footer_top']/div/div/div[@class='row']/div[6]/aside/div/div[@class='footer-img']/div[@class='footer-img-box'][3]/a/img","Aside","HTML","","",""
"Image","https://offlimits.co.in/collections/men-lifestyle-recover-kicks/products/magnum-black-ocm-750-02","https://cdn.shopify.com/s/files/1/0549/2926/0637/files/Group_71_2x_487cc3c6-d1f0-4288-9e22-e6172d49ce00.png?v=1714382372","Technology","10","Absolute","//body/div[@id='nt_wrapper']/footer/div[@id='shopify-section-footer_top']/div/div/div[@class='row']/div[6]/aside/div/div[@class='footer-img']/div[@class='footer-img-box'][3]/a/img","Aside","HTML","","",""
"Image","https://offlimits.co.in/collections/men-lifestyle-recover-kicks/products/stussy-brown-orm-407-40","https://cdn.shopify.com/s/files/1/0549/2926/0637/files/Group_71_2x_487cc3c6-d1f0-4288-9e22-e6172d49ce00.png?v=1714382372","Technology","10","Absolute","//body/div[@id='nt_wrapper']/footer/div[@id='shopify-section-footer_top']/div/div/div[@class='row']/div[6]/aside/div/div[@class='footer-img']/div[@class='footer-img-box'][3]/a/img","Aside","HTML","","",""
"Image","https://offlimits.co.in/collections/men-lifestyle-recover-kicks/products/tribe-x-black-matte-ocm-769-02","https://cdn.shopify.com/s/files/1/0549/2926/0637/files/Group_71_2x_487cc3c6-d1f0-4288-9e22-e6172d49ce00.png?v=1714382372","Technology","10","Absolute","//body/div[@id='nt_wrapper']/footer/div[@id='shopify-section-footer_top']/div/div/div[@class='row']/div[6]/aside/div/div[@class='footer-img']/div[@class='footer-img-box'][3]/a/img","Aside","HTML","","",""
"Image","https://offlimits.co.in/collections/women-running-shoes/products/pulsara-for-her-off-white-pink-orw-889-02","https://cdn.shopify.com/s/files/1/0549/2926/0637/files/Group_71_2x_487cc3c6-d1f0-4288-9e22-e6172d49ce00.png?v=1714382372","Technology","10","Absolute","//body/div[@id='nt_wrapper']/footer/div[@id='shopify-section-footer_top']/div/div/div[@class='row']/div[6]/aside/div/div[@class='footer-img']/div[@class='footer-img-box'][3]/a/img","Aside","HTML","","",""
"Image","https://offlimits.co.in/collections/women-running-shoes/products/speedster-for-her-off-white-light-grey-orw-730-06","https://cdn.shopify.com/s/files/1/0549/2926/0637/files/Group_71_2x_487cc3c6-d1f0-4288-9e22-e6172d49ce00.png?v=1714382372","Technology","10","Absolute","//body/div[@id='nt_wrapper']/footer/div[@id='shopify-section-footer_top']/div/div/div[@class='row']/div[6]/aside/div/div[@class='footer-img']/div[@class='footer-img-box'][3]/a/img","Aside","HTML","","",""
"Image","https://offlimits.co.in/collections/men-shorts/products/mens-pol-cns-mesh-shorts-obm-77-01","https://cdn.shopify.com/s/files/1/0549/2926/0637/files/Group_71_2x_487cc3c6-d1f0-4288-9e22-e6172d49ce00.png?v=1714382372","Technology","10","Absolute","//body/div[@id='nt_wrapper']/footer/div[@id='shopify-section-footer_top']/div/div/div[@class='row']/div[6]/aside/div/div[@class='footer-img']/div[@class='footer-img-box'][3]/a/img","Aside","HTML","","",""
"Image","https://offlimits.co.in/collections/men-running-shoes/products/gladiator-off-white-orm-661-02","https://cdn.shopify.com/s/files/1/0549/2926/0637/files/Group_71_2x_487cc3c6-d1f0-4288-9e22-e6172d49ce00.png?v=1714382372","Technology","10","Absolute","//body/div[@id='nt_wrapper']/footer/div[@id='shopify-section-footer_top']/div/div/div[@class='row']/div[6]/aside/div/div[@class='footer-img']/div[@class='footer-img-box'][3]/a/img","Aside","HTML","","",""
"Image","https://offlimits.co.in/collections/men-running-shoes/products/gladiator-off-white-beige-orm-661-17","https://cdn.shopify.com/s/files/1/0549/2926/0637/files/Group_71_2x_487cc3c6-d1f0-4288-9e22-e6172d49ce00.png?v=1714382372","Technology","10","Absolute","//body/div[@id='nt_wrapper']/footer/div[@id='shopify-section-footer_top']/div/div/div[@class='row']/div[6]/aside/div/div[@class='footer-img']/div[@class='footer-img-box'][3]/a/img","Aside","HTML","","",""
"Image","https://offlimits.co.in/","https://cdn.gokwik.co/v4/images/right-arrow.svg","Right Arrow","11","Absolute","//body/div[@id='shopify-section-cart_widget']/div/form/div[@class='mini_cart_wrap']/div[2]/div[@class='gokwik-checkout']/button/span[@class='pay-opt-icon']/img[2]","Content","HTML","","",""
"Image","https://offlimits.co.in/collections/mens-bestsellers/products/gladiator-off-white-orm-661-02","https://cdn.gokwik.co/v4/images/right-arrow.svg","Right Arrow","11","Absolute","//body/div[@id='shopify-section-cart_widget']/div/form/div[@class='mini_cart_wrap']/div[2]/div[@class='gokwik-checkout']/button/span[@class='pay-opt-icon']/img[2]","Content","HTML","","",""
"Image","https://offlimits.co.in/collections/mens-bestsellers/products/swat-orm-600-03","https://cdn.gokwik.co/v4/images/right-arrow.svg","Right Arrow","11","Absolute","//body/div[@id='shopify-section-cart_widget']/div/form/div[@class='mini_cart_wrap']/div[2]/div[@class='gokwik-checkout']/button/span[@class='pay-opt-icon']/img[2]","Content","HTML","","",""
"Image","https://offlimits.co.in/collections/new-arrivals-2026/products/griffith-big-tall-off-white-green-ocm-936-05","https://cdn.gokwik.co/v4/images/right-arrow.svg","Right Arrow","11","Absolute","//body/div[@id='shopify-section-cart_widget']/div/form/div[@class='mini_cart_wrap']/div[2]/div[@class='gokwik-checkout']/button/span[@class='pay-opt-icon']/img[2]","Content","HTML","","",""
"Image","https://offlimits.co.in/collections/men-clothing","https://cdn.gokwik.co/v4/images/right-arrow.svg","Right Arrow","11","Absolute","//body/div[@id='shopify-section-cart_widget']/div/form/div[@class='mini_cart_wrap']/div[2]/div[@class='gokwik-checkout']/button/span[@class='pay-opt-icon']/img[2]","Content","HTML","","",""
"Image","https://offlimits.co.in/collections/women-track-suits","https://cdn.gokwik.co/v4/images/right-arrow.svg","Right Arrow","11","Absolute","//body/div[@id='shopify-section-cart_widget']/div/form/div[@class='mini_cart_wrap']/div[2]/div[@class='gokwik-checkout']/button/span[@class='pay-opt-icon']/img[2]","Content","HTML","","",""
"Image","https://offlimits.co.in/collections/white-sneaker","https://cdn.gokwik.co/v4/images/right-arrow.svg","Right Arrow","11","Absolute","//body/div[@id='shopify-section-cart_widget']/div/form/div[@class='mini_cart_wrap']/div[2]/div[@class='gokwik-checkout']/button/span[@class='pay-opt-icon']/img[2]","Content","HTML","","",""
"Image","https://offlimits.co.in/collections/new-arrivals","https://cdn.gokwik.co/v4/images/right-arrow.svg","Right Arrow","11","Absolute","//body/div[@id='shopify-section-cart_widget']/div/form/div[@class='mini_cart_wrap']/div[2]/div[@class='gokwik-checkout']/button/span[@class='pay-opt-icon']/img[2]","Content","HTML","","",""
"Image","https://offlimits.co.in/collections/men-walking","https://cdn.gokwik.co/v4/images/right-arrow.svg","Right Arrow","11","Absolute","//body/div[@id='shopify-section-cart_widget']/div/form/div[@class='mini_cart_wrap']/div[2]/div[@class='gokwik-checkout']/button/span[@class='pay-opt-icon']/img[2]","Content","HTML","","",""
"Image","https://offlimits.co.in/pages/shipping-policy","https://cdn.gokwik.co/v4/images/right-arrow.svg","Right Arrow","11","Absolute","//body/div[@id='shopify-section-cart_widget']/div/form/div[@class='mini_cart_wrap']/div[2]/div[@class='gokwik-checkout']/button/span[@class='pay-opt-icon']/img[2]","Content","HTML","","",""
"Image","https://offlimits.co.in/pages/about-us","https://cdn.gokwik.co/v4/images/right-arrow.svg","Right Arrow","11","Absolute","//body/div[@id='shopify-section-cart_widget']/div/form/div[@class='mini_cart_wrap']/div[2]/div[@class='gokwik-checkout']/button/span[@class='pay-opt-icon']/img[2]","Content","HTML","","",""
"Image","https://offlimits.co.in/collections/women-hoodies-jackets","https://cdn.gokwik.co/v4/images/right-arrow.svg","Right Arrow","11","Absolute","//body/div[@id='shopify-section-cart_widget']/div/form/div[@class='mini_cart_wrap']/div[2]/div[@class='gokwik-checkout']/button/span[@class='pay-opt-icon']/img[2]","Content","HTML","","",""
"Image","https://offlimits.co.in/collections/women-lifestyle","https://cdn.gokwik.co/v4/images/right-arrow.svg","Right Arrow","11","Absolute","//body/div[@id='shopify-section-cart_widget']/div/form/div[@class='mini_cart_wrap']/div[2]/div[@class='gokwik-checkout']/button/span[@class='pay-opt-icon']/img[2]","Content","HTML","","",""
"Image","https://offlimits.co.in/collections/mens-bestsellers/products/stussy-memory-tech-1-orm-407-08","https://cdn.gokwik.co/v4/images/right-arrow.svg","Right Arrow","11","Absolute","//body/div[@id='shopify-section-cart_widget']/div/form/div[@class='mini_cart_wrap']/div[2]/div[@class='gokwik-checkout']/button/span[@class='pay-opt-icon']/img[2]","Content","HTML","","",""
"Image","https://offlimits.co.in/collections/new-arrivals-2026/products/hoop-off-white-honey-orm-867-02","https://cdn.gokwik.co/v4/images/right-arrow.svg","Right Arrow","11","Absolute","//body/div[@id='shopify-section-cart_widget']/div/form/div[@class='mini_cart_wrap']/div[2]/div[@class='gokwik-checkout']/button/span[@class='pay-opt-icon']/img[2]","Content","HTML","","",""
"Image","https://offlimits.co.in/collections/new-arrivals-2026/products/roger-select-blue-ocm-915-12","https://cdn.gokwik.co/v4/images/right-arrow.svg","Right Arrow","11","Absolute","//body/div[@id='shopify-section-cart_widget']/div/form/div[@class='mini_cart_wrap']/div[2]/div[@class='gokwik-checkout']/button/span[@class='pay-opt-icon']/img[2]","Content","HTML","","",""
"Image","https://offlimits.co.in/collections/limited-edition","https://cdn.gokwik.co/v4/images/right-arrow.svg","Right Arrow","11","Absolute","//body/div[@id='shopify-section-cart_widget']/div/form/div[@class='mini_cart_wrap']/div[2]/div[@class='gokwik-checkout']/button/span[@class='pay-opt-icon']/img[2]","Content","HTML","","",""
"Image","https://offlimits.co.in/collections/women-shoes","https://cdn.gokwik.co/v4/images/right-arrow.svg","Right Arrow","11","Absolute","//body/div[@id='shopify-section-cart_widget']/div/form/div[@class='mini_cart_wrap']/div[2]/div[@class='gokwik-checkout']/button/span[@class='pay-opt-icon']/img[2]","Content","HTML","","",""
"Image","https://offlimits.co.in/collections/mens-running-gym-shoes","https://cdn.gokwik.co/v4/images/right-arrow.svg","Right Arrow","11","Absolute","//body/div[@id='shopify-section-cart_widget']/div/form/div[@class='mini_cart_wrap']/div[2]/div[@class='gokwik-checkout']/button/span[@class='pay-opt-icon']/img[2]","Content","HTML","","",""
"Image","https://offlimits.co.in/collections/low-top-shoes-for-men","https://cdn.gokwik.co/v4/images/right-arrow.svg","Right Arrow","11","Absolute","//body/div[@id='shopify-section-cart_widget']/div/form/div[@class='mini_cart_wrap']/div[2]/div[@class='gokwik-checkout']/button/span[@class='pay-opt-icon']/img[2]","Content","HTML","","",""
"Image","https://offlimits.co.in/collections/men-lifestyle-recover-kicks","https://cdn.gokwik.co/v4/images/right-arrow.svg","Right Arrow","11","Absolute","//body/div[@id='shopify-section-cart_widget']/div/form/div[@class='mini_cart_wrap']/div[2]/div[@class='gokwik-checkout']/button/span[@class='pay-opt-icon']/img[2]","Content","HTML","","",""
"Image","https://offlimits.co.in/collections/women-running-shoes","https://cdn.gokwik.co/v4/images/right-arrow.svg","Right Arrow","11","Absolute","//body/div[@id='shopify-section-cart_widget']/div/form/div[@class='mini_cart_wrap']/div[2]/div[@class='gokwik-checkout']/button/span[@class='pay-opt-icon']/img[2]","Content","HTML","","",""
"Image","https://offlimits.co.in/pages/technology","https://cdn.gokwik.co/v4/images/right-arrow.svg","Right Arrow","11","Absolute","//body/div[@id='shopify-section-cart_widget']/div/form/div[@class='mini_cart_wrap']/div[2]/div[@class='gokwik-checkout']/button/span[@class='pay-opt-icon']/img[2]","Content","HTML","","",""
"Image","https://offlimits.co.in/collections/men-shorts","https://cdn.gokwik.co/v4/images/right-arrow.svg","Right Arrow","11","Absolute","//body/div[@id='shopify-section-cart_widget']/div/form/div[@class='mini_cart_wrap']/div[2]/div[@class='gokwik-checkout']/button/span[@class='pay-opt-icon']/img[2]","Content","HTML","","",""
"Image","https://offlimits.co.in/collections/men-running-shoes","https://cdn.gokwik.co/v4/images/right-arrow.svg","Right Arrow","11","Absolute","//body/div[@id='shopify-section-cart_widget']/div/form/div[@class='mini_cart_wrap']/div[2]/div[@class='gokwik-checkout']/button/span[@class='pay-opt-icon']/img[2]","Content","HTML","","",""
"Image","https://offlimits.co.in/collections/mens-running-gym-shoes/products/gladiator-light-grey-orm-661-06","https://cdn.gokwik.co/v4/images/right-arrow.svg","Right Arrow","11","Absolute","//body/div[@id='shopify-section-cart_widget']/div/form/div[@class='mini_cart_wrap']/div[2]/div[@class='gokwik-checkout']/button/span[@class='pay-opt-icon']/img[2]","Content","HTML","","",""
"Image","https://offlimits.co.in/collections/low-top-shoes-for-men/products/speed-cat-crazy-horse-tan-ocm-062-04","https://cdn.gokwik.co/v4/images/right-arrow.svg","Right Arrow","11","Absolute","//body/div[@id='shopify-section-cart_widget']/div/form/div[@class='mini_cart_wrap']/div[2]/div[@class='gokwik-checkout']/button/span[@class='pay-opt-icon']/img[2]","Content","HTML","","",""
"Image","https://offlimits.co.in/collections/men-lifestyle-recover-kicks/products/magnum-black-ocm-750-02","https://cdn.gokwik.co/v4/images/right-arrow.svg","Right Arrow","11","Absolute","//body/div[@id='shopify-section-cart_widget']/div/form/div[@class='mini_cart_wrap']/div[2]/div[@class='gokwik-checkout']/button/span[@class='pay-opt-icon']/img[2]","Content","HTML","","",""
"Image","https://offlimits.co.in/collections/men-lifestyle-recover-kicks/products/stussy-brown-orm-407-40","https://cdn.gokwik.co/v4/images/right-arrow.svg","Right Arrow","11","Absolute","//body/div[@id='shopify-section-cart_widget']/div/form/div[@class='mini_cart_wrap']/div[2]/div[@class='gokwik-checkout']/button/span[@class='pay-opt-icon']/img[2]","Content","HTML","","",""
"Image","https://offlimits.co.in/collections/men-lifestyle-recover-kicks/products/tribe-x-black-matte-ocm-769-02","https://cdn.gokwik.co/v4/images/right-arrow.svg","Right Arrow","11","Absolute","//body/div[@id='shopify-section-cart_widget']/div/form/div[@class='mini_cart_wrap']/div[2]/div[@class='gokwik-checkout']/button/span[@class='pay-opt-icon']/img[2]","Content","HTML","","",""
"Image","https://offlimits.co.in/collections/women-running-shoes/products/pulsara-for-her-off-white-pink-orw-889-02","https://cdn.gokwik.co/v4/images/right-arrow.svg","Right Arrow","11","Absolute","//body/div[@id='shopify-section-cart_widget']/div/form/div[@class='mini_cart_wrap']/div[2]/div[@class='gokwik-checkout']/button/span[@class='pay-opt-icon']/img[2]","Content","HTML","","",""
"Image","https://offlimits.co.in/collections/women-running-shoes/products/speedster-for-her-off-white-light-grey-orw-730-06","https://cdn.gokwik.co/v4/images/right-arrow.svg","Right Arrow","11","Absolute","//body/div[@id='shopify-section-cart_widget']/div/form/div[@class='mini_cart_wrap']/div[2]/div[@class='gokwik-checkout']/button/span[@class='pay-opt-icon']/img[2]","Content","HTML","","",""
"Image","https://offlimits.co.in/collections/men-shorts/products/mens-pol-cns-mesh-shorts-obm-77-01","https://cdn.gokwik.co/v4/images/right-arrow.svg","Right Arrow","11","Absolute","//body/div[@id='shopify-section-cart_widget']/div/form/div[@class='mini_cart_wrap']/div[2]/div[@class='gokwik-checkout']/button/span[@class='pay-opt-icon']/img[2]","Content","HTML","","",""
"Image","https://offlimits.co.in/collections/men-running-shoes/products/gladiator-off-white-orm-661-02","https://cdn.gokwik.co/v4/images/right-arrow.svg","Right Arrow","11","Absolute","//body/div[@id='shopify-section-cart_widget']/div/form/div[@class='mini_cart_wrap']/div[2]/div[@class='gokwik-checkout']/button/span[@class='pay-opt-icon']/img[2]","Content","HTML","","",""
"Image","https://offlimits.co.in/collections/men-running-shoes/products/gladiator-off-white-beige-orm-661-17","https://cdn.gokwik.co/v4/images/right-arrow.svg","Right Arrow","11","Absolute","//body/div[@id='shopify-section-cart_widget']/div/form/div[@class='mini_cart_wrap']/div[2]/div[@class='gokwik-checkout']/button/span[@class='pay-opt-icon']/img[2]","Content","HTML","","",""
"Image","https://offlimits.co.in/","https://cdn.shopify.com/s/files/1/0549/2926/0637/files/Group_70_2x_99e145f2-4ded-4a50-988c-7c4c7ea0d014.png?v=1714382380","Our Story","9","Absolute","//body/div[@id='nt_wrapper']/footer/div[@id='shopify-section-footer_top']/div/div/div[@class='row']/div[6]/aside/div/div[@class='footer-img']/div[@class='footer-img-box'][1]/a/img","Aside","HTML","","",""
"Image","https://offlimits.co.in/collections/mens-bestsellers/products/gladiator-off-white-orm-661-02","https://cdn.shopify.com/s/files/1/0549/2926/0637/files/Group_70_2x_99e145f2-4ded-4a50-988c-7c4c7ea0d014.png?v=1714382380","Our Story","9","Absolute","//body/div[@id='nt_wrapper']/footer/div[@id='shopify-section-footer_top']/div/div/div[@class='row']/div[6]/aside/div/div[@class='footer-img']/div[@class='footer-img-box'][1]/a/img","Aside","HTML","","",""
"Image","https://offlimits.co.in/collections/mens-bestsellers/products/swat-orm-600-03","https://cdn.shopify.com/s/files/1/0549/2926/0637/files/Group_70_2x_99e145f2-4ded-4a50-988c-7c4c7ea0d014.png?v=1714382380","Our Story","9","Absolute","//body/div[@id='nt_wrapper']/footer/div[@id='shopify-section-footer_top']/div/div/div[@class='row']/div[6]/aside/div/div[@class='footer-img']/div[@class='footer-img-box'][1]/a/img","Aside","HTML","","",""
"Image","https://offlimits.co.in/collections/new-arrivals-2026/products/griffith-big-tall-off-white-green-ocm-936-05","https://cdn.shopify.com/s/files/1/0549/2926/0637/files/Group_70_2x_99e145f2-4ded-4a50-988c-7c4c7ea0d014.png?v=1714382380","Our Story","9","Absolute","//body/div[@id='nt_wrapper']/footer/div[@id='shopify-section-footer_top']/div/div/div[@class='row']/div[6]/aside/div/div[@class='footer-img']/div[@class='footer-img-box'][1]/a/img","Aside","HTML","","",""
"Image","https://offlimits.co.in/collections/men-clothing","https://cdn.shopify.com/s/files/1/0549/2926/0637/files/Group_70_2x_99e145f2-4ded-4a50-988c-7c4c7ea0d014.png?v=1714382380","Our Story","9","Absolute","//body/div[@id='nt_wrapper']/footer/div[@id='shopify-section-footer_top']/div/div/div[@class='row']/div[6]/aside/div/div[@class='footer-img']/div[@class='footer-img-box'][1]/a/img","Aside","HTML","","",""
"Image","https://offlimits.co.in/collections/women-track-suits","https://cdn.shopify.com/s/files/1/0549/2926/0637/files/Group_70_2x_99e145f2-4ded-4a50-988c-7c4c7ea0d014.png?v=1714382380","Our Story","9","Absolute","//body/div[@id='nt_wrapper']/footer/div[@id='shopify-section-footer_top']/div/div/div[@class='row']/div[6]/aside/div/div[@class='footer-img']/div[@class='footer-img-box'][1]/a/img","Aside","HTML","","",""
"Image","https://offlimits.co.in/collections/white-sneaker","https://cdn.shopify.com/s/files/1/0549/2926/0637/files/Group_70_2x_99e145f2-4ded-4a50-988c-7c4c7ea0d014.png?v=1714382380","Our Story","9","Absolute","//body/div[@id='nt_wrapper']/footer/div[@id='shopify-section-footer_top']/div/div/div[@class='row']/div[6]/aside/div/div[@class='footer-img']/div[@class='footer-img-box'][1]/a/img","Aside","HTML","","",""
"Image","https://offlimits.co.in/collections/new-arrivals","https://cdn.shopify.com/s/files/1/0549/2926/0637/files/Group_70_2x_99e145f2-4ded-4a50-988c-7c4c7ea0d014.png?v=1714382380","Our Story","9","Absolute","//body/div[@id='nt_wrapper']/footer/div[@id='shopify-section-footer_top']/div/div/div[@class='row']/div[6]/aside/div/div[@class='footer-img']/div[@class='footer-img-box'][1]/a/img","Aside","HTML","","",""
"Image","https://offlimits.co.in/collections/men-walking","https://cdn.shopify.com/s/files/1/0549/2926/0637/files/Group_70_2x_99e145f2-4ded-4a50-988c-7c4c7ea0d014.png?v=1714382380","Our Story","9","Absolute","//body/div[@id='nt_wrapper']/footer/div[@id='shopify-section-footer_top']/div/div/div[@class='row']/div[6]/aside/div/div[@class='footer-img']/div[@class='footer-img-box'][1]/a/img","Aside","HTML","","",""
"Image","https://offlimits.co.in/pages/shipping-policy","https://cdn.shopify.com/s/files/1/0549/2926/0637/files/Group_70_2x_99e145f2-4ded-4a50-988c-7c4c7ea0d014.png?v=1714382380","Our Story","9","Absolute","//body/div[@id='nt_wrapper']/footer/div[@id='shopify-section-footer_top']/div/div/div[@class='row']/div[6]/aside/div/div[@class='footer-img']/div[@class='footer-img-box'][1]/a/img","Aside","HTML","","",""
"Image","https://offlimits.co.in/pages/about-us","https://cdn.shopify.com/s/files/1/0549/2926/0637/files/Group_70_2x_99e145f2-4ded-4a50-988c-7c4c7ea0d014.png?v=1714382380","Our Story","9","Absolute","//body/div[@id='nt_wrapper']/footer/div[@id='shopify-section-footer_top']/div/div/div[@class='row']/div[6]/aside/div/div[@class='footer-img']/div[@class='footer-img-box'][1]/a/img","Aside","HTML","","",""
"Image","https://offlimits.co.in/collections/women-hoodies-jackets","https://cdn.shopify.com/s/files/1/0549/2926/0637/files/Group_70_2x_99e145f2-4ded-4a50-988c-7c4c7ea0d014.png?v=1714382380","Our Story","9","Absolute","//body/div[@id='nt_wrapper']/footer/div[@id='shopify-section-footer_top']/div/div/div[@class='row']/div[6]/aside/div/div[@class='footer-img']/div[@class='footer-img-box'][1]/a/img","Aside","HTML","","",""
"Image","https://offlimits.co.in/collections/women-lifestyle","https://cdn.shopify.com/s/files/1/0549/2926/0637/files/Group_70_2x_99e145f2-4ded-4a50-988c-7c4c7ea0d014.png?v=1714382380","Our Story","9","Absolute","//body/div[@id='nt_wrapper']/footer/div[@id='shopify-section-footer_top']/div/div/div[@class='row']/div[6]/aside/div/div[@class='footer-img']/div[@class='footer-img-box'][1]/a/img","Aside","HTML","","",""
"Image","https://offlimits.co.in/collections/mens-bestsellers/products/stussy-memory-tech-1-orm-407-08","https://cdn.shopify.com/s/files/1/0549/2926/0637/files/Group_70_2x_99e145f2-4ded-4a50-988c-7c4c7ea0d014.png?v=1714382380","Our Story","9","Absolute","//body/div[@id='nt_wrapper']/footer/div[@id='shopify-section-footer_top']/div/div/div[@class='row']/div[6]/aside/div/div[@class='footer-img']/div[@class='footer-img-box'][1]/a/img","Aside","HTML","","",""
"Image","https://offlimits.co.in/collections/new-arrivals-2026/products/hoop-off-white-honey-orm-867-02","https://cdn.shopify.com/s/files/1/0549/2926/0637/files/Group_70_2x_99e145f2-4ded-4a50-988c-7c4c7ea0d014.png?v=1714382380","Our Story","9","Absolute","//body/div[@id='nt_wrapper']/footer/div[@id='shopify-section-footer_top']/div/div/div[@class='row']/div[6]/aside/div/div[@class='footer-img']/div[@class='footer-img-box'][1]/a/img","Aside","HTML","","",""
"Image","https://offlimits.co.in/collections/new-arrivals-2026/products/roger-select-blue-ocm-915-12","https://cdn.shopify.com/s/files/1/0549/2926/0637/files/Group_70_2x_99e145f2-4ded-4a50-988c-7c4c7ea0d014.png?v=1714382380","Our Story","9","Absolute","//body/div[@id='nt_wrapper']/footer/div[@id='shopify-section-footer_top']/div/div/div[@class='row']/div[6]/aside/div/div[@class='footer-img']/div[@class='footer-img-box'][1]/a/img","Aside","HTML","","",""
"Image","https://offlimits.co.in/collections/limited-edition","https://cdn.shopify.com/s/files/1/0549/2926/0637/files/Group_70_2x_99e145f2-4ded-4a50-988c-7c4c7ea0d014.png?v=1714382380","Our Story","9","Absolute","//body/div[@id='nt_wrapper']/footer/div[@id='shopify-section-footer_top']/div/div/div[@class='row']/div[6]/aside/div/div[@class='footer-img']/div[@class='footer-img-box'][1]/a/img","Aside","HTML","","",""
"Image","https://offlimits.co.in/collections/women-shoes","https://cdn.shopify.com/s/files/1/0549/2926/0637/files/Group_70_2x_99e145f2-4ded-4a50-988c-7c4c7ea0d014.png?v=1714382380","Our Story","9","Absolute","//body/div[@id='nt_wrapper']/footer/div[@id='shopify-section-footer_top']/div/div/div[@class='row']/div[6]/aside/div/div[@class='footer-img']/div[@class='footer-img-box'][1]/a/img","Aside","HTML","","",""
"Image","https://offlimits.co.in/collections/mens-running-gym-shoes","https://cdn.shopify.com/s/files/1/0549/2926/0637/files/Group_70_2x_99e145f2-4ded-4a50-988c-7c4c7ea0d014.png?v=1714382380","Our Story","9","Absolute","//body/div[@id='nt_wrapper']/footer/div[@id='shopify-section-footer_top']/div/div/div[@class='row']/div[6]/aside/div/div[@class='footer-img']/div[@class='footer-img-box'][1]/a/img","Aside","HTML","","",""
"Image","https://offlimits.co.in/collections/low-top-shoes-for-men","https://cdn.shopify.com/s/files/1/0549/2926/0637/files/Group_70_2x_99e145f2-4ded-4a50-988c-7c4c7ea0d014.png?v=1714382380","Our Story","9","Absolute","//body/div[@id='nt_wrapper']/footer/div[@id='shopify-section-footer_top']/div/div/div[@class='row']/div[6]/aside/div/div[@class='footer-img']/div[@class='footer-img-box'][1]/a/img","Aside","HTML","","",""
"Image","https://offlimits.co.in/collections/men-lifestyle-recover-kicks","https://cdn.shopify.com/s/files/1/0549/2926/0637/files/Group_70_2x_99e145f2-4ded-4a50-988c-7c4c7ea0d014.png?v=1714382380","Our Story","9","Absolute","//body/div[@id='nt_wrapper']/footer/div[@id='shopify-section-footer_top']/div/div/div[@class='row']/div[6]/aside/div/div[@class='footer-img']/div[@class='footer-img-box'][1]/a/img","Aside","HTML","","",""
"Image","https://offlimits.co.in/collections/women-running-shoes","https://cdn.shopify.com/s/files/1/0549/2926/0637/files/Group_70_2x_99e145f2-4ded-4a50-988c-7c4c7ea0d014.png?v=1714382380","Our Story","9","Absolute","//body/div[@id='nt_wrapper']/footer/div[@id='shopify-section-footer_top']/div/div/div[@class='row']/div[6]/aside/div/div[@class='footer-img']/div[@class='footer-img-box'][1]/a/img","Aside","HTML","","",""
"Image","https://offlimits.co.in/pages/technology","https://cdn.shopify.com/s/files/1/0549/2926/0637/files/Group_70_2x_99e145f2-4ded-4a50-988c-7c4c7ea0d014.png?v=1714382380","Our Story","9","Absolute","//body/div[@id='nt_wrapper']/footer/div[@id='shopify-section-footer_top']/div/div/div[@class='row']/div[6]/aside/div/div[@class='footer-img']/div[@class='footer-img-box'][1]/a/img","Aside","HTML","","",""
"Image","https://offlimits.co.in/collections/men-shorts","https://cdn.shopify.com/s/files/1/0549/2926/0637/files/Group_70_2x_99e145f2-4ded-4a50-988c-7c4c7ea0d014.png?v=1714382380","Our Story","9","Absolute","//body/div[@id='nt_wrapper']/footer/div[@id='shopify-section-footer_top']/div/div/div[@class='row']/div[6]/aside/div/div[@class='footer-img']/div[@class='footer-img-box'][1]/a/img","Aside","HTML","","",""
"Image","https://offlimits.co.in/collections/men-running-shoes","https://cdn.shopify.com/s/files/1/0549/2926/0637/files/Group_70_2x_99e145f2-4ded-4a50-988c-7c4c7ea0d014.png?v=1714382380","Our Story","9","Absolute","//body/div[@id='nt_wrapper']/footer/div[@id='shopify-section-footer_top']/div/div/div[@class='row']/div[6]/aside/div/div[@class='footer-img']/div[@class='footer-img-box'][1]/a/img","Aside","HTML","","",""
"Image","https://offlimits.co.in/collections/mens-running-gym-shoes/products/gladiator-light-grey-orm-661-06","https://cdn.shopify.com/s/files/1/0549/2926/0637/files/Group_70_2x_99e145f2-4ded-4a50-988c-7c4c7ea0d014.png?v=1714382380","Our Story","9","Absolute","//body/div[@id='nt_wrapper']/footer/div[@id='shopify-section-footer_top']/div/div/div[@class='row']/div[6]/aside/div/div[@class='footer-img']/div[@class='footer-img-box'][1]/a/img","Aside","HTML","","",""
"Image","https://offlimits.co.in/collections/low-top-shoes-for-men/products/speed-cat-crazy-horse-tan-ocm-062-04","https://cdn.shopify.com/s/files/1/0549/2926/0637/files/Group_70_2x_99e145f2-4ded-4a50-988c-7c4c7ea0d014.png?v=1714382380","Our Story","9","Absolute","//body/div[@id='nt_wrapper']/footer/div[@id='shopify-section-footer_top']/div/div/div[@class='row']/div[6]/aside/div/div[@class='footer-img']/div[@class='footer-img-box'][1]/a/img","Aside","HTML","","",""
"Image","https://offlimits.co.in/collections/men-lifestyle-recover-kicks/products/magnum-black-ocm-750-02","https://cdn.shopify.com/s/files/1/0549/2926/0637/files/Group_70_2x_99e145f2-4ded-4a50-988c-7c4c7ea0d014.png?v=1714382380","Our Story","9","Absolute","//body/div[@id='nt_wrapper']/footer/div[@id='shopify-section-footer_top']/div/div/div[@class='row']/div[6]/aside/div/div[@class='footer-img']/div[@class='footer-img-box'][1]/a/img","Aside","HTML","","",""
"Image","https://offlimits.co.in/collections/men-lifestyle-recover-kicks/products/stussy-brown-orm-407-40","https://cdn.shopify.com/s/files/1/0549/2926/0637/files/Group_70_2x_99e145f2-4ded-4a50-988c-7c4c7ea0d014.png?v=1714382380","Our Story","9","Absolute","//body/div[@id='nt_wrapper']/footer/div[@id='shopify-section-footer_top']/div/div/div[@class='row']/div[6]/aside/div/div[@class='footer-img']/div[@class='footer-img-box'][1]/a/img","Aside","HTML","","",""
"Image","https://offlimits.co.in/collections/men-lifestyle-recover-kicks/products/tribe-x-black-matte-ocm-769-02","https://cdn.shopify.com/s/files/1/0549/2926/0637/files/Group_70_2x_99e145f2-4ded-4a50-988c-7c4c7ea0d014.png?v=1714382380","Our Story","9","Absolute","//body/div[@id='nt_wrapper']/footer/div[@id='shopify-section-footer_top']/div/div/div[@class='row']/div[6]/aside/div/div[@class='footer-img']/div[@class='footer-img-box'][1]/a/img","Aside","HTML","","",""
"Image","https://offlimits.co.in/collections/women-running-shoes/products/pulsara-for-her-off-white-pink-orw-889-02","https://cdn.shopify.com/s/files/1/0549/2926/0637/files/Group_70_2x_99e145f2-4ded-4a50-988c-7c4c7ea0d014.png?v=1714382380","Our Story","9","Absolute","//body/div[@id='nt_wrapper']/footer/div[@id='shopify-section-footer_top']/div/div/div[@class='row']/div[6]/aside/div/div[@class='footer-img']/div[@class='footer-img-box'][1]/a/img","Aside","HTML","","",""
"Image","https://offlimits.co.in/collections/women-running-shoes/products/speedster-for-her-off-white-light-grey-orw-730-06","https://cdn.shopify.com/s/files/1/0549/2926/0637/files/Group_70_2x_99e145f2-4ded-4a50-988c-7c4c7ea0d014.png?v=1714382380","Our Story","9","Absolute","//body/div[@id='nt_wrapper']/footer/div[@id='shopify-section-footer_top']/div/div/div[@class='row']/div[6]/aside/div/div[@class='footer-img']/div[@class='footer-img-box'][1]/a/img","Aside","HTML","","",""
"Image","https://offlimits.co.in/collections/men-shorts/products/mens-pol-cns-mesh-shorts-obm-77-01","https://cdn.shopify.com/s/files/1/0549/2926/0637/files/Group_70_2x_99e145f2-4ded-4a50-988c-7c4c7ea0d014.png?v=1714382380","Our Story","9","Absolute","//body/div[@id='nt_wrapper']/footer/div[@id='shopify-section-footer_top']/div/div/div[@class='row']/div[6]/aside/div/div[@class='footer-img']/div[@class='footer-img-box'][1]/a/img","Aside","HTML","","",""
"Image","https://offlimits.co.in/collections/men-running-shoes/products/gladiator-off-white-orm-661-02","https://cdn.shopify.com/s/files/1/0549/2926/0637/files/Group_70_2x_99e145f2-4ded-4a50-988c-7c4c7ea0d014.png?v=1714382380","Our Story","9","Absolute","//body/div[@id='nt_wrapper']/footer/div[@id='shopify-section-footer_top']/div/div/div[@class='row']/div[6]/aside/div/div[@class='footer-img']/div[@class='footer-img-box'][1]/a/img","Aside","HTML","","",""
"Image","https://offlimits.co.in/collections/men-running-shoes/products/gladiator-off-white-beige-orm-661-17","https://cdn.shopify.com/s/files/1/0549/2926/0637/files/Group_70_2x_99e145f2-4ded-4a50-988c-7c4c7ea0d014.png?v=1714382380","Our Story","9","Absolute","//body/div[@id='nt_wrapper']/footer/div[@id='shopify-section-footer_top']/div/div/div[@class='row']/div[6]/aside/div/div[@class='footer-img']/div[@class='footer-img-box'][1]/a/img","Aside","HTML","","",""
"Image","https://offlimits.co.in/","https://cdn.shopify.com/s/files/1/0549/2926/0637/files/Group_76_3x_08fc6c44-c6d8-4d00-8ea5-c46ebc8d894e.png?v=1714453961","UNLOCK YOUR","11","Absolute","//body/div[@id='nt_wrapper']/div[@id='nt_content']/div[@id='shopify-section-custom_html_rdtMER']/div/div/a/div[2]/div[@class='custom_unlock_inner']/div[@class='custom_unlock_image']/img","Content","HTML","","",""
"Image","https://offlimits.co.in/","https://cdn.shopify.com/s/files/1/0549/2926/0637/files/pinterest.svg?v=1634556983","pinterest","9","Absolute","//body/div[@id='nt_wrapper']/footer/div[@id='shopify-section-footer_top']/div/div/div[@class='row']/div[1]/aside/div/div/div[@class='social-icons']/ul/li[4]/a/img","Aside","HTML","","",""
"Image","https://offlimits.co.in/collections/mens-bestsellers/products/gladiator-off-white-orm-661-02","https://cdn.shopify.com/s/files/1/0549/2926/0637/files/pinterest.svg?v=1634556983","pinterest","9","Absolute","//body/div[@id='nt_wrapper']/footer/div[@id='shopify-section-footer_top']/div/div/div[@class='row']/div[1]/aside/div/div/div[@class='social-icons']/ul/li[4]/a/img","Aside","HTML","","",""
"Image","https://offlimits.co.in/collections/mens-bestsellers/products/swat-orm-600-03","https://cdn.shopify.com/s/files/1/0549/2926/0637/files/pinterest.svg?v=1634556983","pinterest","9","Absolute","//body/div[@id='nt_wrapper']/footer/div[@id='shopify-section-footer_top']/div/div/div[@class='row']/div[1]/aside/div/div/div[@class='social-icons']/ul/li[4]/a/img","Aside","HTML","","",""
"Image","https://offlimits.co.in/collections/new-arrivals-2026/products/griffith-big-tall-off-white-green-ocm-936-05","https://cdn.shopify.com/s/files/1/0549/2926/0637/files/pinterest.svg?v=1634556983","pinterest","9","Absolute","//body/div[@id='nt_wrapper']/footer/div[@id='shopify-section-footer_top']/div/div/div[@class='row']/div[1]/aside/div/div/div[@class='social-icons']/ul/li[4]/a/img","Aside","HTML","","",""
"Image","https://offlimits.co.in/collections/men-clothing","https://cdn.shopify.com/s/files/1/0549/2926/0637/files/pinterest.svg?v=1634556983","pinterest","9","Absolute","//body/div[@id='nt_wrapper']/footer/div[@id='shopify-section-footer_top']/div/div/div[@class='row']/div[1]/aside/div/div/div[@class='social-icons']/ul/li[4]/a/img","Aside","HTML","","",""
"Image","https://offlimits.co.in/collections/women-track-suits","https://cdn.shopify.com/s/files/1/0549/2926/0637/files/pinterest.svg?v=1634556983","pinterest","9","Absolute","//body/div[@id='nt_wrapper']/footer/div[@id='shopify-section-footer_top']/div/div/div[@class='row']/div[1]/aside/div/div/div[@class='social-icons']/ul/li[4]/a/img","Aside","HTML","","",""
"Image","https://offlimits.co.in/collections/white-sneaker","https://cdn.shopify.com/s/files/1/0549/2926/0637/files/pinterest.svg?v=1634556983","pinterest","9","Absolute","//body/div[@id='nt_wrapper']/footer/div[@id='shopify-section-footer_top']/div/div/div[@class='row']/div[1]/aside/div/div/div[@class='social-icons']/ul/li[4]/a/img","Aside","HTML","","",""
"Image","https://offlimits.co.in/collections/new-arrivals","https://cdn.shopify.com/s/files/1/0549/2926/0637/files/pinterest.svg?v=1634556983","pinterest","9","Absolute","//body/div[@id='nt_wrapper']/footer/div[@id='shopify-section-footer_top']/div/div/div[@class='row']/div[1]/aside/div/div/div[@class='social-icons']/ul/li[4]/a/img","Aside","HTML","","",""
"Image","https://offlimits.co.in/collections/men-walking","https://cdn.shopify.com/s/files/1/0549/2926/0637/files/pinterest.svg?v=1634556983","pinterest","9","Absolute","//body/div[@id='nt_wrapper']/footer/div[@id='shopify-section-footer_top']/div/div/div[@class='row']/div[1]/aside/div/div/div[@class='social-icons']/ul/li[4]/a/img","Aside","HTML","","",""
"Image","https://offlimits.co.in/pages/shipping-policy","https://cdn.shopify.com/s/files/1/0549/2926/0637/files/pinterest.svg?v=1634556983","pinterest","9","Absolute","//body/div[@id='nt_wrapper']/footer/div[@id='shopify-section-footer_top']/div/div/div[@class='row']/div[1]/aside/div/div/div[@class='social-icons']/ul/li[4]/a/img","Aside","HTML","","",""
"Image","https://offlimits.co.in/pages/about-us","https://cdn.shopify.com/s/files/1/0549/2926/0637/files/pinterest.svg?v=1634556983","pinterest","9","Absolute","//body/div[@id='nt_wrapper']/footer/div[@id='shopify-section-footer_top']/div/div/div[@class='row']/div[1]/aside/div/div/div[@class='social-icons']/ul/li[4]/a/img","Aside","HTML","","",""
"Image","https://offlimits.co.in/collections/women-hoodies-jackets","https://cdn.shopify.com/s/files/1/0549/2926/0637/files/pinterest.svg?v=1634556983","pinterest","9","Absolute","//body/div[@id='nt_wrapper']/footer/div[@id='shopify-section-footer_top']/div/div/div[@class='row']/div[1]/aside/div/div/div[@class='social-icons']/ul/li[4]/a/img","Aside","HTML","","",""
"Image","https://offlimits.co.in/collections/women-lifestyle","https://cdn.shopify.com/s/files/1/0549/2926/0637/files/pinterest.svg?v=1634556983","pinterest","9","Absolute","//body/div[@id='nt_wrapper']/footer/div[@id='shopify-section-footer_top']/div/div/div[@class='row']/div[1]/aside/div/div/div[@class='social-icons']/ul/li[4]/a/img","Aside","HTML","","",""
"Image","https://offlimits.co.in/collections/mens-bestsellers/products/stussy-memory-tech-1-orm-407-08","https://cdn.shopify.com/s/files/1/0549/2926/0637/files/pinterest.svg?v=1634556983","pinterest","9","Absolute","//body/div[@id='nt_wrapper']/footer/div[@id='shopify-section-footer_top']/div/div/div[@class='row']/div[1]/aside/div/div/div[@class='social-icons']/ul/li[4]/a/img","Aside","HTML","","",""
"Image","https://offlimits.co.in/collections/new-arrivals-2026/products/hoop-off-white-honey-orm-867-02","https://cdn.shopify.com/s/files/1/0549/2926/0637/files/pinterest.svg?v=1634556983","pinterest","9","Absolute","//body/div[@id='nt_wrapper']/footer/div[@id='shopify-section-footer_top']/div/div/div[@class='row']/div[1]/aside/div/div/div[@class='social-icons']/ul/li[4]/a/img","Aside","HTML","","",""
"Image","https://offlimits.co.in/collections/new-arrivals-2026/products/roger-select-blue-ocm-915-12","https://cdn.shopify.com/s/files/1/0549/2926/0637/files/pinterest.svg?v=1634556983","pinterest","9","Absolute","//body/div[@id='nt_wrapper']/footer/div[@id='shopify-section-footer_top']/div/div/div[@class='row']/div[1]/aside/div/div/div[@class='social-icons']/ul/li[4]/a/img","Aside","HTML","","",""
"Image","https://offlimits.co.in/collections/limited-edition","https://cdn.shopify.com/s/files/1/0549/2926/0637/files/pinterest.svg?v=1634556983","pinterest","9","Absolute","//body/div[@id='nt_wrapper']/footer/div[@id='shopify-section-footer_top']/div/div/div[@class='row']/div[1]/aside/div/div/div[@class='social-icons']/ul/li[4]/a/img","Aside","HTML","","",""
"Image","https://offlimits.co.in/collections/women-shoes","https://cdn.shopify.com/s/files/1/0549/2926/0637/files/pinterest.svg?v=1634556983","pinterest","9","Absolute","//body/div[@id='nt_wrapper']/footer/div[@id='shopify-section-footer_top']/div/div/div[@class='row']/div[1]/aside/div/div/div[@class='social-icons']/ul/li[4]/a/img","Aside","HTML","","",""
"Image","https://offlimits.co.in/collections/mens-running-gym-shoes","https://cdn.shopify.com/s/files/1/0549/2926/0637/files/pinterest.svg?v=1634556983","pinterest","9","Absolute","//body/div[@id='nt_wrapper']/footer/div[@id='shopify-section-footer_top']/div/div/div[@class='row']/div[1]/aside/div/div/div[@class='social-icons']/ul/li[4]/a/img","Aside","HTML","","",""
"Image","https://offlimits.co.in/collections/low-top-shoes-for-men","https://cdn.shopify.com/s/files/1/0549/2926/0637/files/pinterest.svg?v=1634556983","pinterest","9","Absolute","//body/div[@id='nt_wrapper']/footer/div[@id='shopify-section-footer_top']/div/div/div[@class='row']/div[1]/aside/div/div/div[@class='social-icons']/ul/li[4]/a/img","Aside","HTML","","",""
"Image","https://offlimits.co.in/collections/men-lifestyle-recover-kicks","https://cdn.shopify.com/s/files/1/0549/2926/0637/files/pinterest.svg?v=1634556983","pinterest","9","Absolute","//body/div[@id='nt_wrapper']/footer/div[@id='shopify-section-footer_top']/div/div/div[@class='row']/div[1]/aside/div/div/div[@class='social-icons']/ul/li[4]/a/img","Aside","HTML","","",""
"Image","https://offlimits.co.in/collections/women-running-shoes","https://cdn.shopify.com/s/files/1/0549/2926/0637/files/pinterest.svg?v=1634556983","pinterest","9","Absolute","//body/div[@id='nt_wrapper']/footer/div[@id='shopify-section-footer_top']/div/div/div[@class='row']/div[1]/aside/div/div/div[@class='social-icons']/ul/li[4]/a/img","Aside","HTML","","",""
"Image","https://offlimits.co.in/pages/technology","https://cdn.shopify.com/s/files/1/0549/2926/0637/files/pinterest.svg?v=1634556983","pinterest","9","Absolute","//body/div[@id='nt_wrapper']/footer/div[@id='shopify-section-footer_top']/div/div/div[@class='row']/div[1]/aside/div/div/div[@class='social-icons']/ul/li[4]/a/img","Aside","HTML","","",""
"Image","https://offlimits.co.in/collections/men-shorts","https://cdn.shopify.com/s/files/1/0549/2926/0637/files/pinterest.svg?v=1634556983","pinterest","9","Absolute","//body/div[@id='nt_wrapper']/footer/div[@id='shopify-section-footer_top']/div/div/div[@class='row']/div[1]/aside/div/div/div[@class='social-icons']/ul/li[4]/a/img","Aside","HTML","","",""
"Image","https://offlimits.co.in/collections/men-running-shoes","https://cdn.shopify.com/s/files/1/0549/2926/0637/files/pinterest.svg?v=1634556983","pinterest","9","Absolute","//body/div[@id='nt_wrapper']/footer/div[@id='shopify-section-footer_top']/div/div/div[@class='row']/div[1]/aside/div/div/div[@class='social-icons']/ul/li[4]/a/img","Aside","HTML","","",""
"Image","https://offlimits.co.in/collections/mens-running-gym-shoes/products/gladiator-light-grey-orm-661-06","https://cdn.shopify.com/s/files/1/0549/2926/0637/files/pinterest.svg?v=1634556983","pinterest","9","Absolute","//body/div[@id='nt_wrapper']/footer/div[@id='shopify-section-footer_top']/div/div/div[@class='row']/div[1]/aside/div/div/div[@class='social-icons']/ul/li[4]/a/img","Aside","HTML","","",""
"Image","https://offlimits.co.in/collections/low-top-shoes-for-men/products/speed-cat-crazy-horse-tan-ocm-062-04","https://cdn.shopify.com/s/files/1/0549/2926/0637/files/pinterest.svg?v=1634556983","pinterest","9","Absolute","//body/div[@id='nt_wrapper']/footer/div[@id='shopify-section-footer_top']/div/div/div[@class='row']/div[1]/aside/div/div/div[@class='social-icons']/ul/li[4]/a/img","Aside","HTML","","",""
"Image","https://offlimits.co.in/collections/men-lifestyle-recover-kicks/products/magnum-black-ocm-750-02","https://cdn.shopify.com/s/files/1/0549/2926/0637/files/pinterest.svg?v=1634556983","pinterest","9","Absolute","//body/div[@id='nt_wrapper']/footer/div[@id='shopify-section-footer_top']/div/div/div[@class='row']/div[1]/aside/div/div/div[@class='social-icons']/ul/li[4]/a/img","Aside","HTML","","",""
"Image","https://offlimits.co.in/collections/men-lifestyle-recover-kicks/products/stussy-brown-orm-407-40","https://cdn.shopify.com/s/files/1/0549/2926/0637/files/pinterest.svg?v=1634556983","pinterest","9","Absolute","//body/div[@id='nt_wrapper']/footer/div[@id='shopify-section-footer_top']/div/div/div[@class='row']/div[1]/aside/div/div/div[@class='social-icons']/ul/li[4]/a/img","Aside","HTML","","",""
"Image","https://offlimits.co.in/collections/men-lifestyle-recover-kicks/products/tribe-x-black-matte-ocm-769-02","https://cdn.shopify.com/s/files/1/0549/2926/0637/files/pinterest.svg?v=1634556983","pinterest","9","Absolute","//body/div[@id='nt_wrapper']/footer/div[@id='shopify-section-footer_top']/div/div/div[@class='row']/div[1]/aside/div/div/div[@class='social-icons']/ul/li[4]/a/img","Aside","HTML","","",""
"Image","https://offlimits.co.in/collections/women-running-shoes/products/pulsara-for-her-off-white-pink-orw-889-02","https://cdn.shopify.com/s/files/1/0549/2926/0637/files/pinterest.svg?v=1634556983","pinterest","9","Absolute","//body/div[@id='nt_wrapper']/footer/div[@id='shopify-section-footer_top']/div/div/div[@class='row']/div[1]/aside/div/div/div[@class='social-icons']/ul/li[4]/a/img","Aside","HTML","","",""
"Image","https://offlimits.co.in/collections/women-running-shoes/products/speedster-for-her-off-white-light-grey-orw-730-06","https://cdn.shopify.com/s/files/1/0549/2926/0637/files/pinterest.svg?v=1634556983","pinterest","9","Absolute","//body/div[@id='nt_wrapper']/footer/div[@id='shopify-section-footer_top']/div/div/div[@class='row']/div[1]/aside/div/div/div[@class='social-icons']/ul/li[4]/a/img","Aside","HTML","","",""
"Image","https://offlimits.co.in/collections/men-shorts/products/mens-pol-cns-mesh-shorts-obm-77-01","https://cdn.shopify.com/s/files/1/0549/2926/0637/files/pinterest.svg?v=1634556983","pinterest","9","Absolute","//body/div[@id='nt_wrapper']/footer/div[@id='shopify-section-footer_top']/div/div/div[@class='row']/div[1]/aside/div/div/div[@class='social-icons']/ul/li[4]/a/img","Aside","HTML","","",""
"Image","https://offlimits.co.in/collections/men-running-shoes/products/gladiator-off-white-orm-661-02","https://cdn.shopify.com/s/files/1/0549/2926/0637/files/pinterest.svg?v=1634556983","pinterest","9","Absolute","//body/div[@id='nt_wrapper']/footer/div[@id='shopify-section-footer_top']/div/div/div[@class='row']/div[1]/aside/div/div/div[@class='social-icons']/ul/li[4]/a/img","Aside","HTML","","",""
"Image","https://offlimits.co.in/collections/men-running-shoes/products/gladiator-off-white-beige-orm-661-17","https://cdn.shopify.com/s/files/1/0549/2926/0637/files/pinterest.svg?v=1634556983","pinterest","9","Absolute","//body/div[@id='nt_wrapper']/footer/div[@id='shopify-section-footer_top']/div/div/div[@class='row']/div[1]/aside/div/div/div[@class='social-icons']/ul/li[4]/a/img","Aside","HTML","","",""
"Image","https://offlimits.co.in/","https://cdn.shopify.com/s/files/1/0549/2926/0637/files/Group_44.svg?v=1714465742","ASSURED QUALITY","15","Absolute","//body/div[@id='nt_wrapper']/div[@id='nt_content']/div[@id='shopify-section-custom_html_x3j4a6']/div/div/marquee/div[@class='slider-marq'][1]/span[5]/span/img","Content","HTML","","",""
"Image","https://offlimits.co.in/","https://cdn.shopify.com/s/files/1/0549/2926/0637/files/Group_44.svg?v=1714465742","ASSURED QUALITY","15","Absolute","//body/div[@id='nt_wrapper']/div[@id='nt_content']/div[@id='shopify-section-custom_html_x3j4a6']/div/div/marquee/div[@class='slider-marq'][2]/span[5]/span/img","Content","HTML","","",""
"Image","https://offlimits.co.in/","https://cdn.shopify.com/s/files/1/0549/2926/0637/files/Group_44.svg?v=1714465742","ASSURED QUALITY","15","Absolute","//body/div[@id='nt_wrapper']/div[@id='nt_content']/div[@id='shopify-section-custom_html_x3j4a6']/div/div/marquee/div[@class='slider-marq'][3]/span[5]/span/img","Content","HTML","","",""
"Image","https://offlimits.co.in/","https://cdn.shopify.com/s/files/1/0549/2926/0637/files/Group_44.svg?v=1714465742","ASSURED QUALITY","15","Absolute","//body/div[@id='nt_wrapper']/div[@id='nt_content']/div[@id='shopify-section-custom_html_x3j4a6']/div/div/marquee/div[@class='slider-marq'][4]/span[5]/span/img","Content","HTML","","",""
"Image","https://offlimits.co.in/","https://cdn.shopify.com/s/files/1/0549/2926/0637/files/Group_44.svg?v=1714465742","ASSURED QUALITY","15","Absolute","//body/div[@id='nt_wrapper']/div[@id='nt_content']/div[@id='shopify-section-custom_html_x3j4a6']/div/div/marquee/div[@class='slider-marq'][5]/span[5]/span/img","Content","HTML","","",""
"Image","https://offlimits.co.in/","https://cdn.shopify.com/s/files/1/0549/2926/0637/files/Group_44.svg?v=1714465742","ASSURED QUALITY","15","Absolute","//body/div[@id='nt_wrapper']/div[@id='nt_content']/div[@id='shopify-section-custom_html_x3j4a6']/div/div/marquee/div[@class='slider-marq'][6]/span[5]/span/img","Content","HTML","","",""
"Image","https://offlimits.co.in/","https://cdn.shopify.com/s/files/1/0549/2926/0637/files/Group_44.svg?v=1714465742","ASSURED QUALITY","15","Absolute","//body/div[@id='nt_wrapper']/div[@id='nt_content']/div[@id='shopify-section-custom_html_x3j4a6']/div/div/marquee/div[@class='slider-marq'][7]/span[5]/span/img","Content","HTML","","",""
"Image","https://offlimits.co.in/","https://cdn.shopify.com/s/files/1/0549/2926/0637/files/Group_44.svg?v=1714465742","ASSURED QUALITY","15","Absolute","//body/div[@id='nt_wrapper']/div[@id='nt_content']/div[@id='shopify-section-custom_html_x3j4a6']/div/div/marquee/div[@class='slider-marq'][8]/span[5]/span/img","Content","HTML","","",""
"Image","https://offlimits.co.in/","https://cdn.shopify.com/s/files/1/0549/2926/0637/files/Group_44.svg?v=1714465742","ASSURED QUALITY","15","Absolute","//body/div[@id='nt_wrapper']/div[@id='nt_content']/div[@id='shopify-section-custom_html_x3j4a6']/div/div/marquee/div[@class='slider-marq'][9]/span[5]/span/img","Content","HTML","","",""
"Image","https://offlimits.co.in/","https://cdn.shopify.com/s/files/1/0549/2926/0637/files/Group_44.svg?v=1714465742","ASSURED QUALITY","15","Absolute","//body/div[@id='nt_wrapper']/div[@id='nt_content']/div[@id='shopify-section-custom_html_x3j4a6']/div/div/marquee/div[@class='slider-marq'][10]/span[5]/span/img","Content","HTML","","",""
"Image","https://offlimits.co.in/","https://cdn.shopify.com/s/files/1/0549/2926/0637/files/New_Project_13.jpg?v=1741157228","","0","Absolute","//body/div[@id='nt_wrapper']/div[@id='nt_content']/div[@id='shopify-section-custom_html_r9UJAP']/div/div/div/div/a[1]/img","Content","HTML","","",""
"Image","https://offlimits.co.in/","https://cdn.shopify.com/s/files/1/0549/2926/0637/files/Group_36.svg?v=1714465741","WEATHER-ADAPTIVE DESIGN","23","Absolute","//body/div[@id='nt_wrapper']/div[@id='nt_content']/div[@id='shopify-section-custom_html_x3j4a6']/div/div/marquee/div[@class='slider-marq'][1]/span[3]/span/img","Content","HTML","","",""
"Image","https://offlimits.co.in/","https://cdn.shopify.com/s/files/1/0549/2926/0637/files/Group_36.svg?v=1714465741","WEATHER-ADAPTIVE DESIGN","23","Absolute","//body/div[@id='nt_wrapper']/div[@id='nt_content']/div[@id='shopify-section-custom_html_x3j4a6']/div/div/marquee/div[@class='slider-marq'][2]/span[3]/span/img","Content","HTML","","",""
"Image","https://offlimits.co.in/","https://cdn.shopify.com/s/files/1/0549/2926/0637/files/Group_36.svg?v=1714465741","WEATHER-ADAPTIVE DESIGN","23","Absolute","//body/div[@id='nt_wrapper']/div[@id='nt_content']/div[@id='shopify-section-custom_html_x3j4a6']/div/div/marquee/div[@class='slider-marq'][3]/span[3]/span/img","Content","HTML","","",""
"Image","https://offlimits.co.in/","https://cdn.shopify.com/s/files/1/0549/2926/0637/files/Group_36.svg?v=1714465741","WEATHER-ADAPTIVE DESIGN","23","Absolute","//body/div[@id='nt_wrapper']/div[@id='nt_content']/div[@id='shopify-section-custom_html_x3j4a6']/div/div/marquee/div[@class='slider-marq'][4]/span[3]/span/img","Content","HTML","","",""
"Image","https://offlimits.co.in/","https://cdn.shopify.com/s/files/1/0549/2926/0637/files/Group_36.svg?v=1714465741","WEATHER-ADAPTIVE DESIGN","23","Absolute","//body/div[@id='nt_wrapper']/div[@id='nt_content']/div[@id='shopify-section-custom_html_x3j4a6']/div/div/marquee/div[@class='slider-marq'][5]/span[3]/span/img","Content","HTML","","",""
"Image","https://offlimits.co.in/","https://cdn.shopify.com/s/files/1/0549/2926/0637/files/Group_36.svg?v=1714465741","WEATHER-ADAPTIVE DESIGN","23","Absolute","//body/div[@id='nt_wrapper']/div[@id='nt_content']/div[@id='shopify-section-custom_html_x3j4a6']/div/div/marquee/div[@class='slider-marq'][6]/span[3]/span/img","Content","HTML","","",""
"Image","https://offlimits.co.in/","https://cdn.shopify.com/s/files/1/0549/2926/0637/files/Group_36.svg?v=1714465741","WEATHER-ADAPTIVE DESIGN","23","Absolute","//body/div[@id='nt_wrapper']/div[@id='nt_content']/div[@id='shopify-section-custom_html_x3j4a6']/div/div/marquee/div[@class='slider-marq'][7]/span[3]/span/img","Content","HTML","","",""
"Image","https://offlimits.co.in/","https://cdn.shopify.com/s/files/1/0549/2926/0637/files/Group_36.svg?v=1714465741","WEATHER-ADAPTIVE DESIGN","23","Absolute","//body/div[@id='nt_wrapper']/div[@id='nt_content']/div[@id='shopify-section-custom_html_x3j4a6']/div/div/marquee/div[@class='slider-marq'][8]/span[3]/span/img","Content","HTML","","",""
"Image","https://offlimits.co.in/","https://cdn.shopify.com/s/files/1/0549/2926/0637/files/Group_36.svg?v=1714465741","WEATHER-ADAPTIVE DESIGN","23","Absolute","//body/div[@id='nt_wrapper']/div[@id='nt_content']/div[@id='shopify-section-custom_html_x3j4a6']/div/div/marquee/div[@class='slider-marq'][9]/span[3]/span/img","Content","HTML","","",""
"Image","https://offlimits.co.in/","https://cdn.shopify.com/s/files/1/0549/2926/0637/files/Group_36.svg?v=1714465741","WEATHER-ADAPTIVE DESIGN","23","Absolute","//body/div[@id='nt_wrapper']/div[@id='nt_content']/div[@id='shopify-section-custom_html_x3j4a6']/div/div/marquee/div[@class='slider-marq'][10]/span[3]/span/img","Content","HTML","","",""
"Image","https://offlimits.co.in/","https://cdn.shopify.com/s/files/1/0549/2926/0637/files/Group_34.svg?v=1714465742","CUTTING-EDGE TECHNOLOGY","23","Absolute","//body/div[@id='nt_wrapper']/div[@id='nt_content']/div[@id='shopify-section-custom_html_x3j4a6']/div/div/marquee/div[@class='slider-marq'][1]/span[1]/span/img","Content","HTML","","",""
"Image","https://offlimits.co.in/","https://cdn.shopify.com/s/files/1/0549/2926/0637/files/Group_34.svg?v=1714465742","CUTTING-EDGE TECHNOLOGY","23","Absolute","//body/div[@id='nt_wrapper']/div[@id='nt_content']/div[@id='shopify-section-custom_html_x3j4a6']/div/div/marquee/div[@class='slider-marq'][2]/span[1]/span/img","Content","HTML","","",""
"Image","https://offlimits.co.in/","https://cdn.shopify.com/s/files/1/0549/2926/0637/files/Group_34.svg?v=1714465742","CUTTING-EDGE TECHNOLOGY","23","Absolute","//body/div[@id='nt_wrapper']/div[@id='nt_content']/div[@id='shopify-section-custom_html_x3j4a6']/div/div/marquee/div[@class='slider-marq'][3]/span[1]/span/img","Content","HTML","","",""
"Image","https://offlimits.co.in/","https://cdn.shopify.com/s/files/1/0549/2926/0637/files/Group_34.svg?v=1714465742","CUTTING-EDGE TECHNOLOGY","23","Absolute","//body/div[@id='nt_wrapper']/div[@id='nt_content']/div[@id='shopify-section-custom_html_x3j4a6']/div/div/marquee/div[@class='slider-marq'][4]/span[1]/span/img","Content","HTML","","",""
"Image","https://offlimits.co.in/","https://cdn.shopify.com/s/files/1/0549/2926/0637/files/Group_34.svg?v=1714465742","CUTTING-EDGE TECHNOLOGY","23","Absolute","//body/div[@id='nt_wrapper']/div[@id='nt_content']/div[@id='shopify-section-custom_html_x3j4a6']/div/div/marquee/div[@class='slider-marq'][5]/span[1]/span/img","Content","HTML","","",""
"Image","https://offlimits.co.in/","https://cdn.shopify.com/s/files/1/0549/2926/0637/files/Group_34.svg?v=1714465742","CUTTING-EDGE TECHNOLOGY","23","Absolute","//body/div[@id='nt_wrapper']/div[@id='nt_content']/div[@id='shopify-section-custom_html_x3j4a6']/div/div/marquee/div[@class='slider-marq'][6]/span[1]/span/img","Content","HTML","","",""
"Image","https://offlimits.co.in/","https://cdn.shopify.com/s/files/1/0549/2926/0637/files/Group_34.svg?v=1714465742","CUTTING-EDGE TECHNOLOGY","23","Absolute","//body/div[@id='nt_wrapper']/div[@id='nt_content']/div[@id='shopify-section-custom_html_x3j4a6']/div/div/marquee/div[@class='slider-marq'][7]/span[1]/span/img","Content","HTML","","",""
"Image","https://offlimits.co.in/","https://cdn.shopify.com/s/files/1/0549/2926/0637/files/Group_34.svg?v=1714465742","CUTTING-EDGE TECHNOLOGY","23","Absolute","//body/div[@id='nt_wrapper']/div[@id='nt_content']/div[@id='shopify-section-custom_html_x3j4a6']/div/div/marquee/div[@class='slider-marq'][8]/span[1]/span/img","Content","HTML","","",""
"Image","https://offlimits.co.in/","https://cdn.shopify.com/s/files/1/0549/2926/0637/files/Group_34.svg?v=1714465742","CUTTING-EDGE TECHNOLOGY","23","Absolute","//body/div[@id='nt_wrapper']/div[@id='nt_content']/div[@id='shopify-section-custom_html_x3j4a6']/div/div/marquee/div[@class='slider-marq'][9]/span[1]/span/img","Content","HTML","","",""
"Image","https://offlimits.co.in/","https://cdn.shopify.com/s/files/1/0549/2926/0637/files/Group_34.svg?v=1714465742","CUTTING-EDGE TECHNOLOGY","23","Absolute","//body/div[@id='nt_wrapper']/div[@id='nt_content']/div[@id='shopify-section-custom_html_x3j4a6']/div/div/marquee/div[@class='slider-marq'][10]/span[1]/span/img","Content","HTML","","",""
"Image","https://offlimits.co.in/","https://cdn.shopify.com/s/files/1/0549/2926/0637/files/Group_85_2x_63ebe7e7-ce79-4eeb-8b6b-75acf9489bdf.png?v=1714394634","UNLOCK YOUR","11","Absolute","//body/div[@id='nt_wrapper']/div[@id='nt_content']/div[@id='shopify-section-custom_html_rdtMER']/div/div/a/div[1]/div[@class='custom_unlock_inner']/div[@class='custom_unlock_image'][2]/img","Content","HTML","","",""
"Image","https://offlimits.co.in/","https://cdn.shopify.com/s/files/1/0549/2926/0637/files/Group_43.svg?v=1714465742","VALUE-DRIVEN PERFORMANCE","24","Absolute","//body/div[@id='nt_wrapper']/div[@id='nt_content']/div[@id='shopify-section-custom_html_x3j4a6']/div/div/marquee/div[@class='slider-marq'][1]/span[7]/span/img","Content","HTML","","",""
"Image","https://offlimits.co.in/","https://cdn.shopify.com/s/files/1/0549/2926/0637/files/Group_43.svg?v=1714465742","VALUE-DRIVEN PERFORMANCE","24","Absolute","//body/div[@id='nt_wrapper']/div[@id='nt_content']/div[@id='shopify-section-custom_html_x3j4a6']/div/div/marquee/div[@class='slider-marq'][2]/span[7]/span/img","Content","HTML","","",""
"Image","https://offlimits.co.in/","https://cdn.shopify.com/s/files/1/0549/2926/0637/files/Group_43.svg?v=1714465742","VALUE-DRIVEN PERFORMANCE","24","Absolute","//body/div[@id='nt_wrapper']/div[@id='nt_content']/div[@id='shopify-section-custom_html_x3j4a6']/div/div/marquee/div[@class='slider-marq'][3]/span[7]/span/img","Content","HTML","","",""
"Image","https://offlimits.co.in/","https://cdn.shopify.com/s/files/1/0549/2926/0637/files/Group_43.svg?v=1714465742","VALUE-DRIVEN PERFORMANCE","24","Absolute","//body/div[@id='nt_wrapper']/div[@id='nt_content']/div[@id='shopify-section-custom_html_x3j4a6']/div/div/marquee/div[@class='slider-marq'][4]/span[7]/span/img","Content","HTML","","",""
"Image","https://offlimits.co.in/","https://cdn.shopify.com/s/files/1/0549/2926/0637/files/Group_43.svg?v=1714465742","VALUE-DRIVEN PERFORMANCE","24","Absolute","//body/div[@id='nt_wrapper']/div[@id='nt_content']/div[@id='shopify-section-custom_html_x3j4a6']/div/div/marquee/div[@class='slider-marq'][5]/span[7]/span/img","Content","HTML","","",""
"Image","https://offlimits.co.in/","https://cdn.shopify.com/s/files/1/0549/2926/0637/files/Group_43.svg?v=1714465742","VALUE-DRIVEN PERFORMANCE","24","Absolute","//body/div[@id='nt_wrapper']/div[@id='nt_content']/div[@id='shopify-section-custom_html_x3j4a6']/div/div/marquee/div[@class='slider-marq'][6]/span[7]/span/img","Content","HTML","","",""
"Image","https://offlimits.co.in/","https://cdn.shopify.com/s/files/1/0549/2926/0637/files/Group_43.svg?v=1714465742","VALUE-DRIVEN PERFORMANCE","24","Absolute","//body/div[@id='nt_wrapper']/div[@id='nt_content']/div[@id='shopify-section-custom_html_x3j4a6']/div/div/marquee/div[@class='slider-marq'][7]/span[7]/span/img","Content","HTML","","",""
"Image","https://offlimits.co.in/","https://cdn.shopify.com/s/files/1/0549/2926/0637/files/Group_43.svg?v=1714465742","VALUE-DRIVEN PERFORMANCE","24","Absolute","//body/div[@id='nt_wrapper']/div[@id='nt_content']/div[@id='shopify-section-custom_html_x3j4a6']/div/div/marquee/div[@class='slider-marq'][8]/span[7]/span/img","Content","HTML","","",""
"Image","https://offlimits.co.in/","https://cdn.shopify.com/s/files/1/0549/2926/0637/files/Group_43.svg?v=1714465742","VALUE-DRIVEN PERFORMANCE","24","Absolute","//body/div[@id='nt_wrapper']/div[@id='nt_content']/div[@id='shopify-section-custom_html_x3j4a6']/div/div/marquee/div[@class='slider-marq'][9]/span[7]/span/img","Content","HTML","","",""
"Image","https://offlimits.co.in/","https://cdn.shopify.com/s/files/1/0549/2926/0637/files/Group_43.svg?v=1714465742","VALUE-DRIVEN PERFORMANCE","24","Absolute","//body/div[@id='nt_wrapper']/div[@id='nt_content']/div[@id='shopify-section-custom_html_x3j4a6']/div/div/marquee/div[@class='slider-marq'][10]/span[7]/span/img","Content","HTML","","",""
"Image","https://offlimits.co.in/","https://cdn.shopify.com/s/files/1/0549/2926/0637/files/6989d89379a88_size_15_dbead77f-4b21-4dc6-9be5-3cb4dc5a724e.png?v=1770643023","","0","Absolute","//body/div[@id='nt_wrapper']/div[@id='nt_content']/div[@id='shopify-section-tab_collection_owl_yhHhAD']/div/div[@class='tab_se_wrap']/div[@class='tab_se_content']/div[@id='collection_W3ntAy'][1]/div/div[1]/div/img","Content","HTML","","",""
"Image","https://offlimits.co.in/","https://cdn.shopify.com/s/files/1/0549/2926/0637/files/6989d89379a88_size_15_dbead77f-4b21-4dc6-9be5-3cb4dc5a724e.png?v=1770643023","","0","Absolute","//body/div[@id='nt_wrapper']/div[@id='nt_content']/div[@id='shopify-section-tab_collection_owl_yhHhAD']/div/div[@class='tab_se_wrap']/div[@class='tab_se_content']/div[@id='collection_W3ntAy'][1]/div/div[2]/div/img","Content","HTML","","",""
"Image","https://offlimits.co.in/","https://cdn.shopify.com/s/files/1/0549/2926/0637/files/6989d89379a88_size_15_dbead77f-4b21-4dc6-9be5-3cb4dc5a724e.png?v=1770643023","","0","Absolute","//body/div[@id='nt_wrapper']/div[@id='nt_content']/div[@id='shopify-section-tab_collection_owl_yhHhAD']/div/div[@class='tab_se_wrap']/div[@class='tab_se_content']/div[@id='collection_W3ntAy'][1]/div/div[6]/div/img","Content","HTML","","",""
"Image","https://offlimits.co.in/","https://cdn.shopify.com/s/files/1/0549/2926/0637/files/6989d89379a88_size_15_dbead77f-4b21-4dc6-9be5-3cb4dc5a724e.png?v=1770643023","","0","Absolute","//body/div[@id='nt_wrapper']/div[@id='nt_content']/div[@id='shopify-section-tab_collection_owl_yhHhAD']/div/div[@class='tab_se_wrap']/div[@class='tab_se_content']/div[@id='collection_W3ntAy'][1]/div/div[7]/div/img","Content","HTML","","",""
"Image","https://offlimits.co.in/","https://cdn.shopify.com/s/files/1/0549/2926/0637/files/6989d89379a88_size_15_dbead77f-4b21-4dc6-9be5-3cb4dc5a724e.png?v=1770643023","","0","Absolute","//body/div[@id='nt_wrapper']/div[@id='nt_content']/div[@id='shopify-section-tab_collection_owl_yhHhAD']/div/div[@class='tab_se_wrap']/div[@class='tab_se_content']/div[@id='collection_W3ntAy'][1]/div/div[8]/div/img","Content","HTML","","",""
"Image","https://offlimits.co.in/","https://cdn.shopify.com/s/files/1/0549/2926/0637/files/6989d89379a88_size_15_dbead77f-4b21-4dc6-9be5-3cb4dc5a724e.png?v=1770643023","","0","Absolute","//body/div[@id='nt_wrapper']/div[@id='nt_content']/div[@id='shopify-section-tab_collection_owl_yhHhAD']/div/div[@class='tab_se_wrap']/div[@class='tab_se_content']/div[@id='collection_W3ntAy'][1]/div/div[9]/div/img","Content","HTML","","",""
"Image","https://offlimits.co.in/","https://cdn.shopify.com/s/files/1/0549/2926/0637/files/6989d89379a88_size_15_dbead77f-4b21-4dc6-9be5-3cb4dc5a724e.png?v=1770643023","big-tall","8","Absolute","//body/div[@id='nt_wrapper']/div[@id='nt_content']/div[@id='shopify-section-collection_list_w9kqc3']/div/div[2]/div[@id='nt_collection_bHDaVY']/div/img","Content","HTML","","",""
"Image","https://offlimits.co.in/collections/new-arrivals-2026/products/griffith-big-tall-off-white-green-ocm-936-05","https://cdn.shopify.com/s/files/1/0549/2926/0637/files/6989d89379a88_size_15_dbead77f-4b21-4dc6-9be5-3cb4dc5a724e.png?v=1770643023","","0","Absolute","//body/div[@id='nt_wrapper']/div[@id='nt_content']/div/div[1]/div[@id='product-8205036847197']/div/div/div[1]/div/div/div[1]/img[@class='bg-tag-clp'][1]","Content","HTML","","",""
"Image","https://offlimits.co.in/collections/new-arrivals-2026/products/griffith-big-tall-off-white-green-ocm-936-05","https://cdn.shopify.com/s/files/1/0549/2926/0637/files/6989d89379a88_size_15_dbead77f-4b21-4dc6-9be5-3cb4dc5a724e.png?v=1770643023","","0","Absolute","//body/div[@id='nt_wrapper']/div[@id='nt_content']/div/div[1]/div[@id='product-8205036847197']/div/div/div[1]/div/div/div[1]/img[@class='bg-tag-clp'][2]","Content","HTML","","",""
"Image","https://offlimits.co.in/collections/new-arrivals-2026/products/griffith-big-tall-off-white-green-ocm-936-05","https://cdn.shopify.com/s/files/1/0549/2926/0637/files/6989d89379a88_size_15_dbead77f-4b21-4dc6-9be5-3cb4dc5a724e.png?v=1770643023","","0","Absolute","//body/div[@id='nt_wrapper']/div[@id='nt_content']/div/div[1]/div[@id='product-8205036847197']/div/div/div[1]/div/div/div[1]/img[@class='bg-tag-clp'][3]","Content","HTML","","",""
"Image","https://offlimits.co.in/collections/new-arrivals-2026/products/griffith-big-tall-off-white-green-ocm-936-05","https://cdn.shopify.com/s/files/1/0549/2926/0637/files/6989d89379a88_size_15_dbead77f-4b21-4dc6-9be5-3cb4dc5a724e.png?v=1770643023","","0","Absolute","//body/div[@id='nt_wrapper']/div[@id='nt_content']/div/div[1]/div[@id='product-8205036847197']/div/div/div[1]/div/div/div[1]/img[@class='bg-tag-clp'][4]","Content","HTML","","",""
"Image","https://offlimits.co.in/collections/new-arrivals-2026/products/griffith-big-tall-off-white-green-ocm-936-05","https://cdn.shopify.com/s/files/1/0549/2926/0637/files/6989d89379a88_size_15_dbead77f-4b21-4dc6-9be5-3cb4dc5a724e.png?v=1770643023","","0","Absolute","//body/div[@id='nt_wrapper']/div[@id='nt_content']/div/div[1]/div[@id='product-8205036847197']/div/div/div[1]/div/div/div[1]/img[@class='bg-tag-clp'][5]","Content","HTML","","",""
"Image","https://offlimits.co.in/collections/new-arrivals-2026/products/griffith-big-tall-off-white-green-ocm-936-05","https://cdn.shopify.com/s/files/1/0549/2926/0637/files/6989d89379a88_size_15_dbead77f-4b21-4dc6-9be5-3cb4dc5a724e.png?v=1770643023","","0","Absolute","//body/div[@id='nt_wrapper']/div[@id='nt_content']/div/div[1]/div[@id='product-8205036847197']/div/div/div[1]/div/div/div[1]/img[@class='bg-tag-clp'][6]","Content","HTML","","",""
"Image","https://offlimits.co.in/collections/new-arrivals-2026/products/griffith-big-tall-off-white-green-ocm-936-05","https://cdn.shopify.com/s/files/1/0549/2926/0637/files/6989d89379a88_size_15_dbead77f-4b21-4dc6-9be5-3cb4dc5a724e.png?v=1770643023","","0","Absolute","//body/div[@id='nt_wrapper']/div[@id='nt_content']/div/div[1]/div[@id='product-8205036847197']/div/div/div[1]/div/div/div[1]/img[@class='bg-tag-clp'][7]","Content","HTML","","",""
"Image","https://offlimits.co.in/collections/new-arrivals-2026/products/griffith-big-tall-off-white-green-ocm-936-05","https://cdn.shopify.com/s/files/1/0549/2926/0637/files/6989d89379a88_size_15_dbead77f-4b21-4dc6-9be5-3cb4dc5a724e.png?v=1770643023","","0","Absolute","//body/div[@id='nt_wrapper']/div[@id='nt_content']/div/div[1]/div[@id='product-8205036847197']/div/div/div[1]/div/div/div[1]/img[@class='bg-tag-clp'][8]","Content","HTML","","",""
"Image","https://offlimits.co.in/collections/new-arrivals-2026/products/griffith-big-tall-off-white-green-ocm-936-05","https://cdn.shopify.com/s/files/1/0549/2926/0637/files/6989d89379a88_size_15_dbead77f-4b21-4dc6-9be5-3cb4dc5a724e.png?v=1770643023","","0","Absolute","//body/div[@id='nt_wrapper']/div[@id='nt_content']/div/div[1]/div[@id='product-8205036847197']/div/div/div[1]/div/div/div[1]/img[@class='bg-tag-clp'][9]","Content","HTML","","",""
"Image","https://offlimits.co.in/collections/new-arrivals-2026/products/griffith-big-tall-off-white-green-ocm-936-05","https://cdn.shopify.com/s/files/1/0549/2926/0637/files/6989d89379a88_size_15_dbead77f-4b21-4dc6-9be5-3cb4dc5a724e.png?v=1770643023","","0","Absolute","//body/div[@id='nt_wrapper']/div[@id='nt_content']/div/div[1]/div[@id='product-8205036847197']/div/div/div[1]/div/div/div[1]/img[@class='bg-tag-clp'][10]","Content","HTML","","",""
"Image","https://offlimits.co.in/collections/new-arrivals-2026/products/griffith-big-tall-off-white-green-ocm-936-05","https://cdn.shopify.com/s/files/1/0549/2926/0637/files/6989d89379a88_size_15_dbead77f-4b21-4dc6-9be5-3cb4dc5a724e.png?v=1770643023","","0","Absolute","//body/div[@id='nt_wrapper']/div[@id='nt_content']/div/div[1]/div[@id='product-8205036847197']/div/div/div[1]/div/div/div[1]/img[@class='bg-tag-clp'][11]","Content","HTML","","",""
"Image","https://offlimits.co.in/collections/new-arrivals-2026/products/griffith-big-tall-off-white-green-ocm-936-05","https://cdn.shopify.com/s/files/1/0549/2926/0637/files/6989d89379a88_size_15_dbead77f-4b21-4dc6-9be5-3cb4dc5a724e.png?v=1770643023","","0","Absolute","//body/div[@id='nt_wrapper']/div[@id='nt_content']/div/div[1]/div[@id='product-8205036847197']/div/div/div[1]/div/div/div[1]/img[@class='bg-tag-clp'][12]","Content","HTML","","",""
"Image","https://offlimits.co.in/collections/white-sneaker","https://cdn.shopify.com/s/files/1/0549/2926/0637/files/6989d89379a88_size_15_dbead77f-4b21-4dc6-9be5-3cb4dc5a724e.png?v=1770643023","","0","Absolute","//body/div[@id='nt_wrapper']/div[@id='nt_content']/div[3]/div[3]/div[2]/div/div[2]/div[1]/div/img","Content","HTML","","",""
"Image","https://offlimits.co.in/collections/white-sneaker","https://cdn.shopify.com/s/files/1/0549/2926/0637/files/6989d89379a88_size_15_dbead77f-4b21-4dc6-9be5-3cb4dc5a724e.png?v=1770643023","","0","Absolute","//body/div[@id='nt_wrapper']/div[@id='nt_content']/div[3]/div[3]/div[2]/div/div[2]/div[2]/div/img","Content","HTML","","",""
"Image","https://offlimits.co.in/collections/white-sneaker","https://cdn.shopify.com/s/files/1/0549/2926/0637/files/6989d89379a88_size_15_dbead77f-4b21-4dc6-9be5-3cb4dc5a724e.png?v=1770643023","","0","Absolute","//body/div[@id='nt_wrapper']/div[@id='nt_content']/div[3]/div[3]/div[2]/div/div[2]/div[5]/div/img","Content","HTML","","",""
"Image","https://offlimits.co.in/collections/white-sneaker","https://cdn.shopify.com/s/files/1/0549/2926/0637/files/6989d89379a88_size_15_dbead77f-4b21-4dc6-9be5-3cb4dc5a724e.png?v=1770643023","","0","Absolute","//body/div[@id='nt_wrapper']/div[@id='nt_content']/div[3]/div[3]/div[2]/div/div[2]/div[10]/div/img","Content","HTML","","",""
"Image","https://offlimits.co.in/collections/white-sneaker","https://cdn.shopify.com/s/files/1/0549/2926/0637/files/6989d89379a88_size_15_dbead77f-4b21-4dc6-9be5-3cb4dc5a724e.png?v=1770643023","","0","Absolute","//body/div[@id='nt_wrapper']/div[@id='nt_content']/div[3]/div[3]/div[2]/div/div[2]/div[11]/div/img","Content","HTML","","",""
"Image","https://offlimits.co.in/collections/white-sneaker","https://cdn.shopify.com/s/files/1/0549/2926/0637/files/6989d89379a88_size_15_dbead77f-4b21-4dc6-9be5-3cb4dc5a724e.png?v=1770643023","","0","Absolute","//body/div[@id='nt_wrapper']/div[@id='nt_content']/div[3]/div[3]/div[2]/div/div[2]/div[12]/div/img","Content","HTML","","",""
"Image","https://offlimits.co.in/collections/white-sneaker","https://cdn.shopify.com/s/files/1/0549/2926/0637/files/6989d89379a88_size_15_dbead77f-4b21-4dc6-9be5-3cb4dc5a724e.png?v=1770643023","","0","Absolute","//body/div[@id='nt_wrapper']/div[@id='nt_content']/div[3]/div[3]/div[2]/div/div[2]/div[16]/div/img","Content","HTML","","",""
"Image","https://offlimits.co.in/collections/white-sneaker","https://cdn.shopify.com/s/files/1/0549/2926/0637/files/6989d89379a88_size_15_dbead77f-4b21-4dc6-9be5-3cb4dc5a724e.png?v=1770643023","","0","Absolute","//body/div[@id='nt_wrapper']/div[@id='nt_content']/div[3]/div[3]/div[2]/div/div[2]/div[17]/div/img","Content","HTML","","",""
"Image","https://offlimits.co.in/collections/white-sneaker","https://cdn.shopify.com/s/files/1/0549/2926/0637/files/6989d89379a88_size_15_dbead77f-4b21-4dc6-9be5-3cb4dc5a724e.png?v=1770643023","","0","Absolute","//body/div[@id='nt_wrapper']/div[@id='nt_content']/div[3]/div[3]/div[2]/div/div[2]/div[26]/div/img","Content","HTML","","",""
"Image","https://offlimits.co.in/collections/white-sneaker","https://cdn.shopify.com/s/files/1/0549/2926/0637/files/6989d89379a88_size_15_dbead77f-4b21-4dc6-9be5-3cb4dc5a724e.png?v=1770643023","","0","Absolute","//body/div[@id='nt_wrapper']/div[@id='nt_content']/div[3]/div[3]/div[2]/div/div[2]/div[27]/div/img","Content","HTML","","",""
"Image","https://offlimits.co.in/collections/white-sneaker","https://cdn.shopify.com/s/files/1/0549/2926/0637/files/6989d89379a88_size_15_dbead77f-4b21-4dc6-9be5-3cb4dc5a724e.png?v=1770643023","","0","Absolute","//body/div[@id='nt_wrapper']/div[@id='nt_content']/div[3]/div[3]/div[2]/div/div[2]/div[31]/div/img","Content","HTML","","",""
"Image","https://offlimits.co.in/collections/white-sneaker","https://cdn.shopify.com/s/files/1/0549/2926/0637/files/6989d89379a88_size_15_dbead77f-4b21-4dc6-9be5-3cb4dc5a724e.png?v=1770643023","","0","Absolute","//body/div[@id='nt_wrapper']/div[@id='nt_content']/div[3]/div[3]/div[2]/div/div[2]/div[34]/div/img","Content","HTML","","",""
"Image","https://offlimits.co.in/collections/new-arrivals","https://cdn.shopify.com/s/files/1/0549/2926/0637/files/6989d89379a88_size_15_dbead77f-4b21-4dc6-9be5-3cb4dc5a724e.png?v=1770643023","","0","Absolute","//body/div[@id='nt_wrapper']/div[@id='nt_content']/div[3]/div[3]/div[2]/div/div[2]/div[1]/div/img","Content","HTML","","",""
"Image","https://offlimits.co.in/collections/new-arrivals","https://cdn.shopify.com/s/files/1/0549/2926/0637/files/6989d89379a88_size_15_dbead77f-4b21-4dc6-9be5-3cb4dc5a724e.png?v=1770643023","","0","Absolute","//body/div[@id='nt_wrapper']/div[@id='nt_content']/div[3]/div[3]/div[2]/div/div[2]/div[2]/div/img","Content","HTML","","",""
"Image","https://offlimits.co.in/collections/new-arrivals","https://cdn.shopify.com/s/files/1/0549/2926/0637/files/6989d89379a88_size_15_dbead77f-4b21-4dc6-9be5-3cb4dc5a724e.png?v=1770643023","","0","Absolute","//body/div[@id='nt_wrapper']/div[@id='nt_content']/div[3]/div[3]/div[2]/div/div[2]/div[5]/div/img","Content","HTML","","",""
"Image","https://offlimits.co.in/collections/new-arrivals","https://cdn.shopify.com/s/files/1/0549/2926/0637/files/6989d89379a88_size_15_dbead77f-4b21-4dc6-9be5-3cb4dc5a724e.png?v=1770643023","","0","Absolute","//body/div[@id='nt_wrapper']/div[@id='nt_content']/div[3]/div[3]/div[2]/div/div[2]/div[6]/div/img","Content","HTML","","",""
"Image","https://offlimits.co.in/collections/new-arrivals","https://cdn.shopify.com/s/files/1/0549/2926/0637/files/6989d89379a88_size_15_dbead77f-4b21-4dc6-9be5-3cb4dc5a724e.png?v=1770643023","","0","Absolute","//body/div[@id='nt_wrapper']/div[@id='nt_content']/div[3]/div[3]/div[2]/div/div[2]/div[7]/div/img","Content","HTML","","",""
"Image","https://offlimits.co.in/collections/new-arrivals","https://cdn.shopify.com/s/files/1/0549/2926/0637/files/6989d89379a88_size_15_dbead77f-4b21-4dc6-9be5-3cb4dc5a724e.png?v=1770643023","","0","Absolute","//body/div[@id='nt_wrapper']/div[@id='nt_content']/div[3]/div[3]/div[2]/div/div[2]/div[8]/div/img","Content","HTML","","",""
"Image","https://offlimits.co.in/collections/new-arrivals","https://cdn.shopify.com/s/files/1/0549/2926/0637/files/6989d89379a88_size_15_dbead77f-4b21-4dc6-9be5-3cb4dc5a724e.png?v=1770643023","","0","Absolute","//body/div[@id='nt_wrapper']/div[@id='nt_content']/div[3]/div[3]/div[2]/div/div[2]/div[11]/div/img","Content","HTML","","",""
"Image","https://offlimits.co.in/collections/new-arrivals","https://cdn.shopify.com/s/files/1/0549/2926/0637/files/6989d89379a88_size_15_dbead77f-4b21-4dc6-9be5-3cb4dc5a724e.png?v=1770643023","","0","Absolute","//body/div[@id='nt_wrapper']/div[@id='nt_content']/div[3]/div[3]/div[2]/div/div[2]/div[12]/div/img","Content","HTML","","",""
"Image","https://offlimits.co.in/collections/new-arrivals","https://cdn.shopify.com/s/files/1/0549/2926/0637/files/6989d89379a88_size_15_dbead77f-4b21-4dc6-9be5-3cb4dc5a724e.png?v=1770643023","","0","Absolute","//body/div[@id='nt_wrapper']/div[@id='nt_content']/div[3]/div[3]/div[2]/div/div[2]/div[13]/div/img","Content","HTML","","",""
"Image","https://offlimits.co.in/collections/new-arrivals","https://cdn.shopify.com/s/files/1/0549/2926/0637/files/6989d89379a88_size_15_dbead77f-4b21-4dc6-9be5-3cb4dc5a724e.png?v=1770643023","","0","Absolute","//body/div[@id='nt_wrapper']/div[@id='nt_content']/div[3]/div[3]/div[2]/div/div[2]/div[23]/div/img","Content","HTML","","",""
"Image","https://offlimits.co.in/collections/new-arrivals","https://cdn.shopify.com/s/files/1/0549/2926/0637/files/6989d89379a88_size_15_dbead77f-4b21-4dc6-9be5-3cb4dc5a724e.png?v=1770643023","","0","Absolute","//body/div[@id='nt_wrapper']/div[@id='nt_content']/div[3]/div[3]/div[2]/div/div[2]/div[24]/div/img","Content","HTML","","",""
"Image","https://offlimits.co.in/collections/new-arrivals","https://cdn.shopify.com/s/files/1/0549/2926/0637/files/6989d89379a88_size_15_dbead77f-4b21-4dc6-9be5-3cb4dc5a724e.png?v=1770643023","","0","Absolute","//body/div[@id='nt_wrapper']/div[@id='nt_content']/div[3]/div[3]/div[2]/div/div[2]/div[31]/div/img","Content","HTML","","",""
"Image","https://offlimits.co.in/collections/new-arrivals","https://cdn.shopify.com/s/files/1/0549/2926/0637/files/6989d89379a88_size_15_dbead77f-4b21-4dc6-9be5-3cb4dc5a724e.png?v=1770643023","","0","Absolute","//body/div[@id='nt_wrapper']/div[@id='nt_content']/div[3]/div[3]/div[2]/div/div[2]/div[32]/div/img","Content","HTML","","",""
"Image","https://offlimits.co.in/collections/new-arrivals","https://cdn.shopify.com/s/files/1/0549/2926/0637/files/6989d89379a88_size_15_dbead77f-4b21-4dc6-9be5-3cb4dc5a724e.png?v=1770643023","","0","Absolute","//body/div[@id='nt_wrapper']/div[@id='nt_content']/div[3]/div[3]/div[2]/div/div[2]/div[33]/div/img","Content","HTML","","",""
"Image","https://offlimits.co.in/collections/new-arrivals","https://cdn.shopify.com/s/files/1/0549/2926/0637/files/6989d89379a88_size_15_dbead77f-4b21-4dc6-9be5-3cb4dc5a724e.png?v=1770643023","","0","Absolute","//body/div[@id='nt_wrapper']/div[@id='nt_content']/div[3]/div[3]/div[2]/div/div[2]/div[34]/div/img","Content","HTML","","",""
"Image","https://offlimits.co.in/collections/low-top-shoes-for-men","https://cdn.shopify.com/s/files/1/0549/2926/0637/files/6989d89379a88_size_15_dbead77f-4b21-4dc6-9be5-3cb4dc5a724e.png?v=1770643023","","0","Absolute","//body/div[@id='nt_wrapper']/div[@id='nt_content']/div[3]/div[3]/div[2]/div/div[2]/div[49]/div/img","Content","HTML","","",""
"Image","https://offlimits.co.in/collections/men-running-shoes","https://cdn.shopify.com/s/files/1/0549/2926/0637/files/6989d89379a88_size_15_dbead77f-4b21-4dc6-9be5-3cb4dc5a724e.png?v=1770643023","","0","Absolute","//body/div[@id='nt_wrapper']/div[@id='nt_content']/div[3]/div[3]/div[2]/div/div[2]/div[2]/div/img","Content","HTML","","",""
"Image","https://offlimits.co.in/collections/men-running-shoes","https://cdn.shopify.com/s/files/1/0549/2926/0637/files/6989d89379a88_size_15_dbead77f-4b21-4dc6-9be5-3cb4dc5a724e.png?v=1770643023","","0","Absolute","//body/div[@id='nt_wrapper']/div[@id='nt_content']/div[3]/div[3]/div[2]/div/div[2]/div[4]/div/img","Content","HTML","","",""
"Image","https://offlimits.co.in/collections/men-running-shoes","https://cdn.shopify.com/s/files/1/0549/2926/0637/files/6989d89379a88_size_15_dbead77f-4b21-4dc6-9be5-3cb4dc5a724e.png?v=1770643023","","0","Absolute","//body/div[@id='nt_wrapper']/div[@id='nt_content']/div[3]/div[3]/div[2]/div/div[2]/div[23]/div/img","Content","HTML","","",""
"Image","https://offlimits.co.in/","https://cdn.shopify.com/s/files/1/0549/2926/0637/files/Mask_Group_45_2x_a50b4329-12b5-4442-9b38-4d4878dfd311.png?v=1714371480","Blogs","5","Absolute","//body/div[@id='nt_wrapper']/footer/div[@id='shopify-section-footer_top']/div/div/div[@class='row']/div[6]/aside/div/div[@class='footer-img']/div[@class='footer-img-box'][2]/a/img","Aside","HTML","","",""
"Image","https://offlimits.co.in/collections/mens-bestsellers/products/gladiator-off-white-orm-661-02","https://cdn.shopify.com/s/files/1/0549/2926/0637/files/Mask_Group_45_2x_a50b4329-12b5-4442-9b38-4d4878dfd311.png?v=1714371480","Blogs","5","Absolute","//body/div[@id='nt_wrapper']/footer/div[@id='shopify-section-footer_top']/div/div/div[@class='row']/div[6]/aside/div/div[@class='footer-img']/div[@class='footer-img-box'][2]/a/img","Aside","HTML","","",""
"Image","https://offlimits.co.in/collections/mens-bestsellers/products/swat-orm-600-03","https://cdn.shopify.com/s/files/1/0549/2926/0637/files/Mask_Group_45_2x_a50b4329-12b5-4442-9b38-4d4878dfd311.png?v=1714371480","Blogs","5","Absolute","//body/div[@id='nt_wrapper']/footer/div[@id='shopify-section-footer_top']/div/div/div[@class='row']/div[6]/aside/div/div[@class='footer-img']/div[@class='footer-img-box'][2]/a/img","Aside","HTML","","",""
"Image","https://offlimits.co.in/collections/new-arrivals-2026/products/griffith-big-tall-off-white-green-ocm-936-05","https://cdn.shopify.com/s/files/1/0549/2926/0637/files/Mask_Group_45_2x_a50b4329-12b5-4442-9b38-4d4878dfd311.png?v=1714371480","Blogs","5","Absolute","//body/div[@id='nt_wrapper']/footer/div[@id='shopify-section-footer_top']/div/div/div[@class='row']/div[6]/aside/div/div[@class='footer-img']/div[@class='footer-img-box'][2]/a/img","Aside","HTML","","",""
"Image","https://offlimits.co.in/collections/men-clothing","https://cdn.shopify.com/s/files/1/0549/2926/0637/files/Mask_Group_45_2x_a50b4329-12b5-4442-9b38-4d4878dfd311.png?v=1714371480","Blogs","5","Absolute","//body/div[@id='nt_wrapper']/footer/div[@id='shopify-section-footer_top']/div/div/div[@class='row']/div[6]/aside/div/div[@class='footer-img']/div[@class='footer-img-box'][2]/a/img","Aside","HTML","","",""
"Image","https://offlimits.co.in/collections/women-track-suits","https://cdn.shopify.com/s/files/1/0549/2926/0637/files/Mask_Group_45_2x_a50b4329-12b5-4442-9b38-4d4878dfd311.png?v=1714371480","Blogs","5","Absolute","//body/div[@id='nt_wrapper']/footer/div[@id='shopify-section-footer_top']/div/div/div[@class='row']/div[6]/aside/div/div[@class='footer-img']/div[@class='footer-img-box'][2]/a/img","Aside","HTML","","",""
"Image","https://offlimits.co.in/collections/white-sneaker","https://cdn.shopify.com/s/files/1/0549/2926/0637/files/Mask_Group_45_2x_a50b4329-12b5-4442-9b38-4d4878dfd311.png?v=1714371480","Blogs","5","Absolute","//body/div[@id='nt_wrapper']/footer/div[@id='shopify-section-footer_top']/div/div/div[@class='row']/div[6]/aside/div/div[@class='footer-img']/div[@class='footer-img-box'][2]/a/img","Aside","HTML","","",""
"Image","https://offlimits.co.in/collections/new-arrivals","https://cdn.shopify.com/s/files/1/0549/2926/0637/files/Mask_Group_45_2x_a50b4329-12b5-4442-9b38-4d4878dfd311.png?v=1714371480","Blogs","5","Absolute","//body/div[@id='nt_wrapper']/footer/div[@id='shopify-section-footer_top']/div/div/div[@class='row']/div[6]/aside/div/div[@class='footer-img']/div[@class='footer-img-box'][2]/a/img","Aside","HTML","","",""
"Image","https://offlimits.co.in/collections/men-walking","https://cdn.shopify.com/s/files/1/0549/2926/0637/files/Mask_Group_45_2x_a50b4329-12b5-4442-9b38-4d4878dfd311.png?v=1714371480","Blogs","5","Absolute","//body/div[@id='nt_wrapper']/footer/div[@id='shopify-section-footer_top']/div/div/div[@class='row']/div[6]/aside/div/div[@class='footer-img']/div[@class='footer-img-box'][2]/a/img","Aside","HTML","","",""
"Image","https://offlimits.co.in/pages/shipping-policy","https://cdn.shopify.com/s/files/1/0549/2926/0637/files/Mask_Group_45_2x_a50b4329-12b5-4442-9b38-4d4878dfd311.png?v=1714371480","Blogs","5","Absolute","//body/div[@id='nt_wrapper']/footer/div[@id='shopify-section-footer_top']/div/div/div[@class='row']/div[6]/aside/div/div[@class='footer-img']/div[@class='footer-img-box'][2]/a/img","Aside","HTML","","",""
"Image","https://offlimits.co.in/pages/about-us","https://cdn.shopify.com/s/files/1/0549/2926/0637/files/Mask_Group_45_2x_a50b4329-12b5-4442-9b38-4d4878dfd311.png?v=1714371480","Blogs","5","Absolute","//body/div[@id='nt_wrapper']/footer/div[@id='shopify-section-footer_top']/div/div/div[@class='row']/div[6]/aside/div/div[@class='footer-img']/div[@class='footer-img-box'][2]/a/img","Aside","HTML","","",""
"Image","https://offlimits.co.in/collections/women-hoodies-jackets","https://cdn.shopify.com/s/files/1/0549/2926/0637/files/Mask_Group_45_2x_a50b4329-12b5-4442-9b38-4d4878dfd311.png?v=1714371480","Blogs","5","Absolute","//body/div[@id='nt_wrapper']/footer/div[@id='shopify-section-footer_top']/div/div/div[@class='row']/div[6]/aside/div/div[@class='footer-img']/div[@class='footer-img-box'][2]/a/img","Aside","HTML","","",""
"Image","https://offlimits.co.in/collections/women-lifestyle","https://cdn.shopify.com/s/files/1/0549/2926/0637/files/Mask_Group_45_2x_a50b4329-12b5-4442-9b38-4d4878dfd311.png?v=1714371480","Blogs","5","Absolute","//body/div[@id='nt_wrapper']/footer/div[@id='shopify-section-footer_top']/div/div/div[@class='row']/div[6]/aside/div/div[@class='footer-img']/div[@class='footer-img-box'][2]/a/img","Aside","HTML","","",""
"Image","https://offlimits.co.in/collections/mens-bestsellers/products/stussy-memory-tech-1-orm-407-08","https://cdn.shopify.com/s/files/1/0549/2926/0637/files/Mask_Group_45_2x_a50b4329-12b5-4442-9b38-4d4878dfd311.png?v=1714371480","Blogs","5","Absolute","//body/div[@id='nt_wrapper']/footer/div[@id='shopify-section-footer_top']/div/div/div[@class='row']/div[6]/aside/div/div[@class='footer-img']/div[@class='footer-img-box'][2]/a/img","Aside","HTML","","",""
"Image","https://offlimits.co.in/collections/new-arrivals-2026/products/hoop-off-white-honey-orm-867-02","https://cdn.shopify.com/s/files/1/0549/2926/0637/files/Mask_Group_45_2x_a50b4329-12b5-4442-9b38-4d4878dfd311.png?v=1714371480","Blogs","5","Absolute","//body/div[@id='nt_wrapper']/footer/div[@id='shopify-section-footer_top']/div/div/div[@class='row']/div[6]/aside/div/div[@class='footer-img']/div[@class='footer-img-box'][2]/a/img","Aside","HTML","","",""
"Image","https://offlimits.co.in/collections/new-arrivals-2026/products/roger-select-blue-ocm-915-12","https://cdn.shopify.com/s/files/1/0549/2926/0637/files/Mask_Group_45_2x_a50b4329-12b5-4442-9b38-4d4878dfd311.png?v=1714371480","Blogs","5","Absolute","//body/div[@id='nt_wrapper']/footer/div[@id='shopify-section-footer_top']/div/div/div[@class='row']/div[6]/aside/div/div[@class='footer-img']/div[@class='footer-img-box'][2]/a/img","Aside","HTML","","",""
"Image","https://offlimits.co.in/collections/limited-edition","https://cdn.shopify.com/s/files/1/0549/2926/0637/files/Mask_Group_45_2x_a50b4329-12b5-4442-9b38-4d4878dfd311.png?v=1714371480","Blogs","5","Absolute","//body/div[@id='nt_wrapper']/footer/div[@id='shopify-section-footer_top']/div/div/div[@class='row']/div[6]/aside/div/div[@class='footer-img']/div[@class='footer-img-box'][2]/a/img","Aside","HTML","","",""
"Image","https://offlimits.co.in/collections/women-shoes","https://cdn.shopify.com/s/files/1/0549/2926/0637/files/Mask_Group_45_2x_a50b4329-12b5-4442-9b38-4d4878dfd311.png?v=1714371480","Blogs","5","Absolute","//body/div[@id='nt_wrapper']/footer/div[@id='shopify-section-footer_top']/div/div/div[@class='row']/div[6]/aside/div/div[@class='footer-img']/div[@class='footer-img-box'][2]/a/img","Aside","HTML","","",""
"Image","https://offlimits.co.in/collections/mens-running-gym-shoes","https://cdn.shopify.com/s/files/1/0549/2926/0637/files/Mask_Group_45_2x_a50b4329-12b5-4442-9b38-4d4878dfd311.png?v=1714371480","Blogs","5","Absolute","//body/div[@id='nt_wrapper']/footer/div[@id='shopify-section-footer_top']/div/div/div[@class='row']/div[6]/aside/div/div[@class='footer-img']/div[@class='footer-img-box'][2]/a/img","Aside","HTML","","",""
"Image","https://offlimits.co.in/collections/low-top-shoes-for-men","https://cdn.shopify.com/s/files/1/0549/2926/0637/files/Mask_Group_45_2x_a50b4329-12b5-4442-9b38-4d4878dfd311.png?v=1714371480","Blogs","5","Absolute","//body/div[@id='nt_wrapper']/footer/div[@id='shopify-section-footer_top']/div/div/div[@class='row']/div[6]/aside/div/div[@class='footer-img']/div[@class='footer-img-box'][2]/a/img","Aside","HTML","","",""
"Image","https://offlimits.co.in/collections/men-lifestyle-recover-kicks","https://cdn.shopify.com/s/files/1/0549/2926/0637/files/Mask_Group_45_2x_a50b4329-12b5-4442-9b38-4d4878dfd311.png?v=1714371480","Blogs","5","Absolute","//body/div[@id='nt_wrapper']/footer/div[@id='shopify-section-footer_top']/div/div/div[@class='row']/div[6]/aside/div/div[@class='footer-img']/div[@class='footer-img-box'][2]/a/img","Aside","HTML","","",""
"Image","https://offlimits.co.in/collections/women-running-shoes","https://cdn.shopify.com/s/files/1/0549/2926/0637/files/Mask_Group_45_2x_a50b4329-12b5-4442-9b38-4d4878dfd311.png?v=1714371480","Blogs","5","Absolute","//body/div[@id='nt_wrapper']/footer/div[@id='shopify-section-footer_top']/div/div/div[@class='row']/div[6]/aside/div/div[@class='footer-img']/div[@class='footer-img-box'][2]/a/img","Aside","HTML","","",""
"Image","https://offlimits.co.in/pages/technology","https://cdn.shopify.com/s/files/1/0549/2926/0637/files/Mask_Group_45_2x_a50b4329-12b5-4442-9b38-4d4878dfd311.png?v=1714371480","Blogs","5","Absolute","//body/div[@id='nt_wrapper']/footer/div[@id='shopify-section-footer_top']/div/div/div[@class='row']/div[6]/aside/div/div[@class='footer-img']/div[@class='footer-img-box'][2]/a/img","Aside","HTML","","",""
"Image","https://offlimits.co.in/collections/men-shorts","https://cdn.shopify.com/s/files/1/0549/2926/0637/files/Mask_Group_45_2x_a50b4329-12b5-4442-9b38-4d4878dfd311.png?v=1714371480","Blogs","5","Absolute","//body/div[@id='nt_wrapper']/footer/div[@id='shopify-section-footer_top']/div/div/div[@class='row']/div[6]/aside/div/div[@class='footer-img']/div[@class='footer-img-box'][2]/a/img","Aside","HTML","","",""
"Image","https://offlimits.co.in/collections/men-running-shoes","https://cdn.shopify.com/s/files/1/0549/2926/0637/files/Mask_Group_45_2x_a50b4329-12b5-4442-9b38-4d4878dfd311.png?v=1714371480","Blogs","5","Absolute","//body/div[@id='nt_wrapper']/footer/div[@id='shopify-section-footer_top']/div/div/div[@class='row']/div[6]/aside/div/div[@class='footer-img']/div[@class='footer-img-box'][2]/a/img","Aside","HTML","","",""
"Image","https://offlimits.co.in/collections/mens-running-gym-shoes/products/gladiator-light-grey-orm-661-06","https://cdn.shopify.com/s/files/1/0549/2926/0637/files/Mask_Group_45_2x_a50b4329-12b5-4442-9b38-4d4878dfd311.png?v=1714371480","Blogs","5","Absolute","//body/div[@id='nt_wrapper']/footer/div[@id='shopify-section-footer_top']/div/div/div[@class='row']/div[6]/aside/div/div[@class='footer-img']/div[@class='footer-img-box'][2]/a/img","Aside","HTML","","",""
"Image","https://offlimits.co.in/collections/low-top-shoes-for-men/products/speed-cat-crazy-horse-tan-ocm-062-04","https://cdn.shopify.com/s/files/1/0549/2926/0637/files/Mask_Group_45_2x_a50b4329-12b5-4442-9b38-4d4878dfd311.png?v=1714371480","Blogs","5","Absolute","//body/div[@id='nt_wrapper']/footer/div[@id='shopify-section-footer_top']/div/div/div[@class='row']/div[6]/aside/div/div[@class='footer-img']/div[@class='footer-img-box'][2]/a/img","Aside","HTML","","",""
"Image","https://offlimits.co.in/collections/men-lifestyle-recover-kicks/products/magnum-black-ocm-750-02","https://cdn.shopify.com/s/files/1/0549/2926/0637/files/Mask_Group_45_2x_a50b4329-12b5-4442-9b38-4d4878dfd311.png?v=1714371480","Blogs","5","Absolute","//body/div[@id='nt_wrapper']/footer/div[@id='shopify-section-footer_top']/div/div/div[@class='row']/div[6]/aside/div/div[@class='footer-img']/div[@class='footer-img-box'][2]/a/img","Aside","HTML","","",""
"Image","https://offlimits.co.in/collections/men-lifestyle-recover-kicks/products/stussy-brown-orm-407-40","https://cdn.shopify.com/s/files/1/0549/2926/0637/files/Mask_Group_45_2x_a50b4329-12b5-4442-9b38-4d4878dfd311.png?v=1714371480","Blogs","5","Absolute","//body/div[@id='nt_wrapper']/footer/div[@id='shopify-section-footer_top']/div/div/div[@class='row']/div[6]/aside/div/div[@class='footer-img']/div[@class='footer-img-box'][2]/a/img","Aside","HTML","","",""
"Image","https://offlimits.co.in/collections/men-lifestyle-recover-kicks/products/tribe-x-black-matte-ocm-769-02","https://cdn.shopify.com/s/files/1/0549/2926/0637/files/Mask_Group_45_2x_a50b4329-12b5-4442-9b38-4d4878dfd311.png?v=1714371480","Blogs","5","Absolute","//body/div[@id='nt_wrapper']/footer/div[@id='shopify-section-footer_top']/div/div/div[@class='row']/div[6]/aside/div/div[@class='footer-img']/div[@class='footer-img-box'][2]/a/img","Aside","HTML","","",""
"Image","https://offlimits.co.in/collections/women-running-shoes/products/pulsara-for-her-off-white-pink-orw-889-02","https://cdn.shopify.com/s/files/1/0549/2926/0637/files/Mask_Group_45_2x_a50b4329-12b5-4442-9b38-4d4878dfd311.png?v=1714371480","Blogs","5","Absolute","//body/div[@id='nt_wrapper']/footer/div[@id='shopify-section-footer_top']/div/div/div[@class='row']/div[6]/aside/div/div[@class='footer-img']/div[@class='footer-img-box'][2]/a/img","Aside","HTML","","",""
"Image","https://offlimits.co.in/collections/women-running-shoes/products/speedster-for-her-off-white-light-grey-orw-730-06","https://cdn.shopify.com/s/files/1/0549/2926/0637/files/Mask_Group_45_2x_a50b4329-12b5-4442-9b38-4d4878dfd311.png?v=1714371480","Blogs","5","Absolute","//body/div[@id='nt_wrapper']/footer/div[@id='shopify-section-footer_top']/div/div/div[@class='row']/div[6]/aside/div/div[@class='footer-img']/div[@class='footer-img-box'][2]/a/img","Aside","HTML","","",""
"Image","https://offlimits.co.in/collections/men-shorts/products/mens-pol-cns-mesh-shorts-obm-77-01","https://cdn.shopify.com/s/files/1/0549/2926/0637/files/Mask_Group_45_2x_a50b4329-12b5-4442-9b38-4d4878dfd311.png?v=1714371480","Blogs","5","Absolute","//body/div[@id='nt_wrapper']/footer/div[@id='shopify-section-footer_top']/div/div/div[@class='row']/div[6]/aside/div/div[@class='footer-img']/div[@class='footer-img-box'][2]/a/img","Aside","HTML","","",""
"Image","https://offlimits.co.in/collections/men-running-shoes/products/gladiator-off-white-orm-661-02","https://cdn.shopify.com/s/files/1/0549/2926/0637/files/Mask_Group_45_2x_a50b4329-12b5-4442-9b38-4d4878dfd311.png?v=1714371480","Blogs","5","Absolute","//body/div[@id='nt_wrapper']/footer/div[@id='shopify-section-footer_top']/div/div/div[@class='row']/div[6]/aside/div/div[@class='footer-img']/div[@class='footer-img-box'][2]/a/img","Aside","HTML","","",""
"Image","https://offlimits.co.in/collections/men-running-shoes/products/gladiator-off-white-beige-orm-661-17","https://cdn.shopify.com/s/files/1/0549/2926/0637/files/Mask_Group_45_2x_a50b4329-12b5-4442-9b38-4d4878dfd311.png?v=1714371480","Blogs","5","Absolute","//body/div[@id='nt_wrapper']/footer/div[@id='shopify-section-footer_top']/div/div/div[@class='row']/div[6]/aside/div/div[@class='footer-img']/div[@class='footer-img-box'][2]/a/img","Aside","HTML","","",""
"Image","https://offlimits.co.in/","https://cdn.shopify.com/s/files/1/0549/2926/0637/files/instagram.svg?v=1634556983","instagram","9","Absolute","//body/div[@id='nt_wrapper']/footer/div[@id='shopify-section-footer_top']/div/div/div[@class='row']/div[1]/aside/div/div/div[@class='social-icons']/ul/li[1]/a/img","Aside","HTML","","",""
"Image","https://offlimits.co.in/collections/mens-bestsellers/products/gladiator-off-white-orm-661-02","https://cdn.shopify.com/s/files/1/0549/2926/0637/files/instagram.svg?v=1634556983","instagram","9","Absolute","//body/div[@id='nt_wrapper']/footer/div[@id='shopify-section-footer_top']/div/div/div[@class='row']/div[1]/aside/div/div/div[@class='social-icons']/ul/li[1]/a/img","Aside","HTML","","",""
"Image","https://offlimits.co.in/collections/mens-bestsellers/products/swat-orm-600-03","https://cdn.shopify.com/s/files/1/0549/2926/0637/files/instagram.svg?v=1634556983","instagram","9","Absolute","//body/div[@id='nt_wrapper']/footer/div[@id='shopify-section-footer_top']/div/div/div[@class='row']/div[1]/aside/div/div/div[@class='social-icons']/ul/li[1]/a/img","Aside","HTML","","",""
"Image","https://offlimits.co.in/collections/new-arrivals-2026/products/griffith-big-tall-off-white-green-ocm-936-05","https://cdn.shopify.com/s/files/1/0549/2926/0637/files/instagram.svg?v=1634556983","instagram","9","Absolute","//body/div[@id='nt_wrapper']/footer/div[@id='shopify-section-footer_top']/div/div/div[@class='row']/div[1]/aside/div/div/div[@class='social-icons']/ul/li[1]/a/img","Aside","HTML","","",""
"Image","https://offlimits.co.in/collections/men-clothing","https://cdn.shopify.com/s/files/1/0549/2926/0637/files/instagram.svg?v=1634556983","instagram","9","Absolute","//body/div[@id='nt_wrapper']/footer/div[@id='shopify-section-footer_top']/div/div/div[@class='row']/div[1]/aside/div/div/div[@class='social-icons']/ul/li[1]/a/img","Aside","HTML","","",""
"Image","https://offlimits.co.in/collections/women-track-suits","https://cdn.shopify.com/s/files/1/0549/2926/0637/files/instagram.svg?v=1634556983","instagram","9","Absolute","//body/div[@id='nt_wrapper']/footer/div[@id='shopify-section-footer_top']/div/div/div[@class='row']/div[1]/aside/div/div/div[@class='social-icons']/ul/li[1]/a/img","Aside","HTML","","",""
"Image","https://offlimits.co.in/collections/white-sneaker","https://cdn.shopify.com/s/files/1/0549/2926/0637/files/instagram.svg?v=1634556983","instagram","9","Absolute","//body/div[@id='nt_wrapper']/footer/div[@id='shopify-section-footer_top']/div/div/div[@class='row']/div[1]/aside/div/div/div[@class='social-icons']/ul/li[1]/a/img","Aside","HTML","","",""
"Image","https://offlimits.co.in/collections/new-arrivals","https://cdn.shopify.com/s/files/1/0549/2926/0637/files/instagram.svg?v=1634556983","instagram","9","Absolute","//body/div[@id='nt_wrapper']/footer/div[@id='shopify-section-footer_top']/div/div/div[@class='row']/div[1]/aside/div/div/div[@class='social-icons']/ul/li[1]/a/img","Aside","HTML","","",""
"Image","https://offlimits.co.in/collections/men-walking","https://cdn.shopify.com/s/files/1/0549/2926/0637/files/instagram.svg?v=1634556983","instagram","9","Absolute","//body/div[@id='nt_wrapper']/footer/div[@id='shopify-section-footer_top']/div/div/div[@class='row']/div[1]/aside/div/div/div[@class='social-icons']/ul/li[1]/a/img","Aside","HTML","","",""
"Image","https://offlimits.co.in/pages/shipping-policy","https://cdn.shopify.com/s/files/1/0549/2926/0637/files/instagram.svg?v=1634556983","instagram","9","Absolute","//body/div[@id='nt_wrapper']/footer/div[@id='shopify-section-footer_top']/div/div/div[@class='row']/div[1]/aside/div/div/div[@class='social-icons']/ul/li[1]/a/img","Aside","HTML","","",""
"Image","https://offlimits.co.in/pages/about-us","https://cdn.shopify.com/s/files/1/0549/2926/0637/files/instagram.svg?v=1634556983","instagram","9","Absolute","//body/div[@id='nt_wrapper']/footer/div[@id='shopify-section-footer_top']/div/div/div[@class='row']/div[1]/aside/div/div/div[@class='social-icons']/ul/li[1]/a/img","Aside","HTML","","",""
"Image","https://offlimits.co.in/collections/women-hoodies-jackets","https://cdn.shopify.com/s/files/1/0549/2926/0637/files/instagram.svg?v=1634556983","instagram","9","Absolute","//body/div[@id='nt_wrapper']/footer/div[@id='shopify-section-footer_top']/div/div/div[@class='row']/div[1]/aside/div/div/div[@class='social-icons']/ul/li[1]/a/img","Aside","HTML","","",""
"Image","https://offlimits.co.in/collections/women-lifestyle","https://cdn.shopify.com/s/files/1/0549/2926/0637/files/instagram.svg?v=1634556983","instagram","9","Absolute","//body/div[@id='nt_wrapper']/footer/div[@id='shopify-section-footer_top']/div/div/div[@class='row']/div[1]/aside/div/div/div[@class='social-icons']/ul/li[1]/a/img","Aside","HTML","","",""
"Image","https://offlimits.co.in/collections/mens-bestsellers/products/stussy-memory-tech-1-orm-407-08","https://cdn.shopify.com/s/files/1/0549/2926/0637/files/instagram.svg?v=1634556983","instagram","9","Absolute","//body/div[@id='nt_wrapper']/footer/div[@id='shopify-section-footer_top']/div/div/div[@class='row']/div[1]/aside/div/div/div[@class='social-icons']/ul/li[1]/a/img","Aside","HTML","","",""
"Image","https://offlimits.co.in/collections/new-arrivals-2026/products/hoop-off-white-honey-orm-867-02","https://cdn.shopify.com/s/files/1/0549/2926/0637/files/instagram.svg?v=1634556983","instagram","9","Absolute","//body/div[@id='nt_wrapper']/footer/div[@id='shopify-section-footer_top']/div/div/div[@class='row']/div[1]/aside/div/div/div[@class='social-icons']/ul/li[1]/a/img","Aside","HTML","","",""
"Image","https://offlimits.co.in/collections/new-arrivals-2026/products/roger-select-blue-ocm-915-12","https://cdn.shopify.com/s/files/1/0549/2926/0637/files/instagram.svg?v=1634556983","instagram","9","Absolute","//body/div[@id='nt_wrapper']/footer/div[@id='shopify-section-footer_top']/div/div/div[@class='row']/div[1]/aside/div/div/div[@class='social-icons']/ul/li[1]/a/img","Aside","HTML","","",""
"Image","https://offlimits.co.in/collections/limited-edition","https://cdn.shopify.com/s/files/1/0549/2926/0637/files/instagram.svg?v=1634556983","instagram","9","Absolute","//body/div[@id='nt_wrapper']/footer/div[@id='shopify-section-footer_top']/div/div/div[@class='row']/div[1]/aside/div/div/div[@class='social-icons']/ul/li[1]/a/img","Aside","HTML","","",""
"Image","https://offlimits.co.in/collections/women-shoes","https://cdn.shopify.com/s/files/1/0549/2926/0637/files/instagram.svg?v=1634556983","instagram","9","Absolute","//body/div[@id='nt_wrapper']/footer/div[@id='shopify-section-footer_top']/div/div/div[@class='row']/div[1]/aside/div/div/div[@class='social-icons']/ul/li[1]/a/img","Aside","HTML","","",""
"Image","https://offlimits.co.in/collections/mens-running-gym-shoes","https://cdn.shopify.com/s/files/1/0549/2926/0637/files/instagram.svg?v=1634556983","instagram","9","Absolute","//body/div[@id='nt_wrapper']/footer/div[@id='shopify-section-footer_top']/div/div/div[@class='row']/div[1]/aside/div/div/div[@class='social-icons']/ul/li[1]/a/img","Aside","HTML","","",""
"Image","https://offlimits.co.in/collections/low-top-shoes-for-men","https://cdn.shopify.com/s/files/1/0549/2926/0637/files/instagram.svg?v=1634556983","instagram","9","Absolute","//body/div[@id='nt_wrapper']/footer/div[@id='shopify-section-footer_top']/div/div/div[@class='row']/div[1]/aside/div/div/div[@class='social-icons']/ul/li[1]/a/img","Aside","HTML","","",""
"Image","https://offlimits.co.in/collections/men-lifestyle-recover-kicks","https://cdn.shopify.com/s/files/1/0549/2926/0637/files/instagram.svg?v=1634556983","instagram","9","Absolute","//body/div[@id='nt_wrapper']/footer/div[@id='shopify-section-footer_top']/div/div/div[@class='row']/div[1]/aside/div/div/div[@class='social-icons']/ul/li[1]/a/img","Aside","HTML","","",""
"Image","https://offlimits.co.in/collections/women-running-shoes","https://cdn.shopify.com/s/files/1/0549/2926/0637/files/instagram.svg?v=1634556983","instagram","9","Absolute","//body/div[@id='nt_wrapper']/footer/div[@id='shopify-section-footer_top']/div/div/div[@class='row']/div[1]/aside/div/div/div[@class='social-icons']/ul/li[1]/a/img","Aside","HTML","","",""
"Image","https://offlimits.co.in/pages/technology","https://cdn.shopify.com/s/files/1/0549/2926/0637/files/instagram.svg?v=1634556983","instagram","9","Absolute","//body/div[@id='nt_wrapper']/footer/div[@id='shopify-section-footer_top']/div/div/div[@class='row']/div[1]/aside/div/div/div[@class='social-icons']/ul/li[1]/a/img","Aside","HTML","","",""
"Image","https://offlimits.co.in/collections/men-shorts","https://cdn.shopify.com/s/files/1/0549/2926/0637/files/instagram.svg?v=1634556983","instagram","9","Absolute","//body/div[@id='nt_wrapper']/footer/div[@id='shopify-section-footer_top']/div/div/div[@class='row']/div[1]/aside/div/div/div[@class='social-icons']/ul/li[1]/a/img","Aside","HTML","","",""
"Image","https://offlimits.co.in/collections/men-running-shoes","https://cdn.shopify.com/s/files/1/0549/2926/0637/files/instagram.svg?v=1634556983","instagram","9","Absolute","//body/div[@id='nt_wrapper']/footer/div[@id='shopify-section-footer_top']/div/div/div[@class='row']/div[1]/aside/div/div/div[@class='social-icons']/ul/li[1]/a/img","Aside","HTML","","",""
"Image","https://offlimits.co.in/collections/mens-running-gym-shoes/products/gladiator-light-grey-orm-661-06","https://cdn.shopify.com/s/files/1/0549/2926/0637/files/instagram.svg?v=1634556983","instagram","9","Absolute","//body/div[@id='nt_wrapper']/footer/div[@id='shopify-section-footer_top']/div/div/div[@class='row']/div[1]/aside/div/div/div[@class='social-icons']/ul/li[1]/a/img","Aside","HTML","","",""
"Image","https://offlimits.co.in/collections/low-top-shoes-for-men/products/speed-cat-crazy-horse-tan-ocm-062-04","https://cdn.shopify.com/s/files/1/0549/2926/0637/files/instagram.svg?v=1634556983","instagram","9","Absolute","//body/div[@id='nt_wrapper']/footer/div[@id='shopify-section-footer_top']/div/div/div[@class='row']/div[1]/aside/div/div/div[@class='social-icons']/ul/li[1]/a/img","Aside","HTML","","",""
"Image","https://offlimits.co.in/collections/men-lifestyle-recover-kicks/products/magnum-black-ocm-750-02","https://cdn.shopify.com/s/files/1/0549/2926/0637/files/instagram.svg?v=1634556983","instagram","9","Absolute","//body/div[@id='nt_wrapper']/footer/div[@id='shopify-section-footer_top']/div/div/div[@class='row']/div[1]/aside/div/div/div[@class='social-icons']/ul/li[1]/a/img","Aside","HTML","","",""
"Image","https://offlimits.co.in/collections/men-lifestyle-recover-kicks/products/stussy-brown-orm-407-40","https://cdn.shopify.com/s/files/1/0549/2926/0637/files/instagram.svg?v=1634556983","instagram","9","Absolute","//body/div[@id='nt_wrapper']/footer/div[@id='shopify-section-footer_top']/div/div/div[@class='row']/div[1]/aside/div/div/div[@class='social-icons']/ul/li[1]/a/img","Aside","HTML","","",""
"Image","https://offlimits.co.in/collections/men-lifestyle-recover-kicks/products/tribe-x-black-matte-ocm-769-02","https://cdn.shopify.com/s/files/1/0549/2926/0637/files/instagram.svg?v=1634556983","instagram","9","Absolute","//body/div[@id='nt_wrapper']/footer/div[@id='shopify-section-footer_top']/div/div/div[@class='row']/div[1]/aside/div/div/div[@class='social-icons']/ul/li[1]/a/img","Aside","HTML","","",""
"Image","https://offlimits.co.in/collections/women-running-shoes/products/pulsara-for-her-off-white-pink-orw-889-02","https://cdn.shopify.com/s/files/1/0549/2926/0637/files/instagram.svg?v=1634556983","instagram","9","Absolute","//body/div[@id='nt_wrapper']/footer/div[@id='shopify-section-footer_top']/div/div/div[@class='row']/div[1]/aside/div/div/div[@class='social-icons']/ul/li[1]/a/img","Aside","HTML","","",""
"Image","https://offlimits.co.in/collections/women-running-shoes/products/speedster-for-her-off-white-light-grey-orw-730-06","https://cdn.shopify.com/s/files/1/0549/2926/0637/files/instagram.svg?v=1634556983","instagram","9","Absolute","//body/div[@id='nt_wrapper']/footer/div[@id='shopify-section-footer_top']/div/div/div[@class='row']/div[1]/aside/div/div/div[@class='social-icons']/ul/li[1]/a/img","Aside","HTML","","",""
"Image","https://offlimits.co.in/collections/men-shorts/products/mens-pol-cns-mesh-shorts-obm-77-01","https://cdn.shopify.com/s/files/1/0549/2926/0637/files/instagram.svg?v=1634556983","instagram","9","Absolute","//body/div[@id='nt_wrapper']/footer/div[@id='shopify-section-footer_top']/div/div/div[@class='row']/div[1]/aside/div/div/div[@class='social-icons']/ul/li[1]/a/img","Aside","HTML","","",""
"Image","https://offlimits.co.in/collections/men-running-shoes/products/gladiator-off-white-orm-661-02","https://cdn.shopify.com/s/files/1/0549/2926/0637/files/instagram.svg?v=1634556983","instagram","9","Absolute","//body/div[@id='nt_wrapper']/footer/div[@id='shopify-section-footer_top']/div/div/div[@class='row']/div[1]/aside/div/div/div[@class='social-icons']/ul/li[1]/a/img","Aside","HTML","","",""
"Image","https://offlimits.co.in/collections/men-running-shoes/products/gladiator-off-white-beige-orm-661-17","https://cdn.shopify.com/s/files/1/0549/2926/0637/files/instagram.svg?v=1634556983","instagram","9","Absolute","//body/div[@id='nt_wrapper']/footer/div[@id='shopify-section-footer_top']/div/div/div[@class='row']/div[1]/aside/div/div/div[@class='social-icons']/ul/li[1]/a/img","Aside","HTML","","",""
"Image","https://offlimits.co.in/","https://cdn.gokwik.co/v4/images/upi-icons.svg","upi icon","8","Absolute","//body/div[@id='shopify-section-cart_widget']/div/form/div[@class='mini_cart_wrap']/div[2]/div[@class='gokwik-checkout']/button/span[@class='pay-opt-icon']/img[1]","Content","HTML","","",""
"Image","https://offlimits.co.in/collections/mens-bestsellers/products/gladiator-off-white-orm-661-02","https://cdn.gokwik.co/v4/images/upi-icons.svg","upi icon","8","Absolute","//body/div[@id='shopify-section-cart_widget']/div/form/div[@class='mini_cart_wrap']/div[2]/div[@class='gokwik-checkout']/button/span[@class='pay-opt-icon']/img[1]","Content","HTML","","",""
"Image","https://offlimits.co.in/collections/mens-bestsellers/products/swat-orm-600-03","https://cdn.gokwik.co/v4/images/upi-icons.svg","upi icon","8","Absolute","//body/div[@id='shopify-section-cart_widget']/div/form/div[@class='mini_cart_wrap']/div[2]/div[@class='gokwik-checkout']/button/span[@class='pay-opt-icon']/img[1]","Content","HTML","","",""
"Image","https://offlimits.co.in/collections/new-arrivals-2026/products/griffith-big-tall-off-white-green-ocm-936-05","https://cdn.gokwik.co/v4/images/upi-icons.svg","upi icon","8","Absolute","//body/div[@id='shopify-section-cart_widget']/div/form/div[@class='mini_cart_wrap']/div[2]/div[@class='gokwik-checkout']/button/span[@class='pay-opt-icon']/img[1]","Content","HTML","","",""
"Image","https://offlimits.co.in/collections/men-clothing","https://cdn.gokwik.co/v4/images/upi-icons.svg","upi icon","8","Absolute","//body/div[@id='shopify-section-cart_widget']/div/form/div[@class='mini_cart_wrap']/div[2]/div[@class='gokwik-checkout']/button/span[@class='pay-opt-icon']/img[1]","Content","HTML","","",""
"Image","https://offlimits.co.in/collections/women-track-suits","https://cdn.gokwik.co/v4/images/upi-icons.svg","upi icon","8","Absolute","//body/div[@id='shopify-section-cart_widget']/div/form/div[@class='mini_cart_wrap']/div[2]/div[@class='gokwik-checkout']/button/span[@class='pay-opt-icon']/img[1]","Content","HTML","","",""
"Image","https://offlimits.co.in/collections/white-sneaker","https://cdn.gokwik.co/v4/images/upi-icons.svg","upi icon","8","Absolute","//body/div[@id='shopify-section-cart_widget']/div/form/div[@class='mini_cart_wrap']/div[2]/div[@class='gokwik-checkout']/button/span[@class='pay-opt-icon']/img[1]","Content","HTML","","",""
"Image","https://offlimits.co.in/collections/new-arrivals","https://cdn.gokwik.co/v4/images/upi-icons.svg","upi icon","8","Absolute","//body/div[@id='shopify-section-cart_widget']/div/form/div[@class='mini_cart_wrap']/div[2]/div[@class='gokwik-checkout']/button/span[@class='pay-opt-icon']/img[1]","Content","HTML","","",""
"Image","https://offlimits.co.in/collections/men-walking","https://cdn.gokwik.co/v4/images/upi-icons.svg","upi icon","8","Absolute","//body/div[@id='shopify-section-cart_widget']/div/form/div[@class='mini_cart_wrap']/div[2]/div[@class='gokwik-checkout']/button/span[@class='pay-opt-icon']/img[1]","Content","HTML","","",""
"Image","https://offlimits.co.in/pages/shipping-policy","https://cdn.gokwik.co/v4/images/upi-icons.svg","upi icon","8","Absolute","//body/div[@id='shopify-section-cart_widget']/div/form/div[@class='mini_cart_wrap']/div[2]/div[@class='gokwik-checkout']/button/span[@class='pay-opt-icon']/img[1]","Content","HTML","","",""
"Image","https://offlimits.co.in/pages/about-us","https://cdn.gokwik.co/v4/images/upi-icons.svg","upi icon","8","Absolute","//body/div[@id='shopify-section-cart_widget']/div/form/div[@class='mini_cart_wrap']/div[2]/div[@class='gokwik-checkout']/button/span[@class='pay-opt-icon']/img[1]","Content","HTML","","",""
"Image","https://offlimits.co.in/collections/women-hoodies-jackets","https://cdn.gokwik.co/v4/images/upi-icons.svg","upi icon","8","Absolute","//body/div[@id='shopify-section-cart_widget']/div/form/div[@class='mini_cart_wrap']/div[2]/div[@class='gokwik-checkout']/button/span[@class='pay-opt-icon']/img[1]","Content","HTML","","",""
"Image","https://offlimits.co.in/collections/women-lifestyle","https://cdn.gokwik.co/v4/images/upi-icons.svg","upi icon","8","Absolute","//body/div[@id='shopify-section-cart_widget']/div/form/div[@class='mini_cart_wrap']/div[2]/div[@class='gokwik-checkout']/button/span[@class='pay-opt-icon']/img[1]","Content","HTML","","",""
"Image","https://offlimits.co.in/collections/mens-bestsellers/products/stussy-memory-tech-1-orm-407-08","https://cdn.gokwik.co/v4/images/upi-icons.svg","upi icon","8","Absolute","//body/div[@id='shopify-section-cart_widget']/div/form/div[@class='mini_cart_wrap']/div[2]/div[@class='gokwik-checkout']/button/span[@class='pay-opt-icon']/img[1]","Content","HTML","","",""
"Image","https://offlimits.co.in/collections/new-arrivals-2026/products/hoop-off-white-honey-orm-867-02","https://cdn.gokwik.co/v4/images/upi-icons.svg","upi icon","8","Absolute","//body/div[@id='shopify-section-cart_widget']/div/form/div[@class='mini_cart_wrap']/div[2]/div[@class='gokwik-checkout']/button/span[@class='pay-opt-icon']/img[1]","Content","HTML","","",""
"Image","https://offlimits.co.in/collections/new-arrivals-2026/products/roger-select-blue-ocm-915-12","https://cdn.gokwik.co/v4/images/upi-icons.svg","upi icon","8","Absolute","//body/div[@id='shopify-section-cart_widget']/div/form/div[@class='mini_cart_wrap']/div[2]/div[@class='gokwik-checkout']/button/span[@class='pay-opt-icon']/img[1]","Content","HTML","","",""
"Image","https://offlimits.co.in/collections/limited-edition","https://cdn.gokwik.co/v4/images/upi-icons.svg","upi icon","8","Absolute","//body/div[@id='shopify-section-cart_widget']/div/form/div[@class='mini_cart_wrap']/div[2]/div[@class='gokwik-checkout']/button/span[@class='pay-opt-icon']/img[1]","Content","HTML","","",""
"Image","https://offlimits.co.in/collections/women-shoes","https://cdn.gokwik.co/v4/images/upi-icons.svg","upi icon","8","Absolute","//body/div[@id='shopify-section-cart_widget']/div/form/div[@class='mini_cart_wrap']/div[2]/div[@class='gokwik-checkout']/button/span[@class='pay-opt-icon']/img[1]","Content","HTML","","",""
"Image","https://offlimits.co.in/collections/mens-running-gym-shoes","https://cdn.gokwik.co/v4/images/upi-icons.svg","upi icon","8","Absolute","//body/div[@id='shopify-section-cart_widget']/div/form/div[@class='mini_cart_wrap']/div[2]/div[@class='gokwik-checkout']/button/span[@class='pay-opt-icon']/img[1]","Content","HTML","","",""
"Image","https://offlimits.co.in/collections/low-top-shoes-for-men","https://cdn.gokwik.co/v4/images/upi-icons.svg","upi icon","8","Absolute","//body/div[@id='shopify-section-cart_widget']/div/form/div[@class='mini_cart_wrap']/div[2]/div[@class='gokwik-checkout']/button/span[@class='pay-opt-icon']/img[1]","Content","HTML","","",""
"Image","https://offlimits.co.in/collections/men-lifestyle-recover-kicks","https://cdn.gokwik.co/v4/images/upi-icons.svg","upi icon","8","Absolute","//body/div[@id='shopify-section-cart_widget']/div/form/div[@class='mini_cart_wrap']/div[2]/div[@class='gokwik-checkout']/button/span[@class='pay-opt-icon']/img[1]","Content","HTML","","",""
"Image","https://offlimits.co.in/collections/women-running-shoes","https://cdn.gokwik.co/v4/images/upi-icons.svg","upi icon","8","Absolute","//body/div[@id='shopify-section-cart_widget']/div/form/div[@class='mini_cart_wrap']/div[2]/div[@class='gokwik-checkout']/button/span[@class='pay-opt-icon']/img[1]","Content","HTML","","",""
"Image","https://offlimits.co.in/pages/technology","https://cdn.gokwik.co/v4/images/upi-icons.svg","upi icon","8","Absolute","//body/div[@id='shopify-section-cart_widget']/div/form/div[@class='mini_cart_wrap']/div[2]/div[@class='gokwik-checkout']/button/span[@class='pay-opt-icon']/img[1]","Content","HTML","","",""
"Image","https://offlimits.co.in/collections/men-shorts","https://cdn.gokwik.co/v4/images/upi-icons.svg","upi icon","8","Absolute","//body/div[@id='shopify-section-cart_widget']/div/form/div[@class='mini_cart_wrap']/div[2]/div[@class='gokwik-checkout']/button/span[@class='pay-opt-icon']/img[1]","Content","HTML","","",""
"Image","https://offlimits.co.in/collections/men-running-shoes","https://cdn.gokwik.co/v4/images/upi-icons.svg","upi icon","8","Absolute","//body/div[@id='shopify-section-cart_widget']/div/form/div[@class='mini_cart_wrap']/div[2]/div[@class='gokwik-checkout']/button/span[@class='pay-opt-icon']/img[1]","Content","HTML","","",""
"Image","https://offlimits.co.in/collections/mens-running-gym-shoes/products/gladiator-light-grey-orm-661-06","https://cdn.gokwik.co/v4/images/upi-icons.svg","upi icon","8","Absolute","//body/div[@id='shopify-section-cart_widget']/div/form/div[@class='mini_cart_wrap']/div[2]/div[@class='gokwik-checkout']/button/span[@class='pay-opt-icon']/img[1]","Content","HTML","","",""
"Image","https://offlimits.co.in/collections/low-top-shoes-for-men/products/speed-cat-crazy-horse-tan-ocm-062-04","https://cdn.gokwik.co/v4/images/upi-icons.svg","upi icon","8","Absolute","//body/div[@id='shopify-section-cart_widget']/div/form/div[@class='mini_cart_wrap']/div[2]/div[@class='gokwik-checkout']/button/span[@class='pay-opt-icon']/img[1]","Content","HTML","","",""
"Image","https://offlimits.co.in/collections/men-lifestyle-recover-kicks/products/magnum-black-ocm-750-02","https://cdn.gokwik.co/v4/images/upi-icons.svg","upi icon","8","Absolute","//body/div[@id='shopify-section-cart_widget']/div/form/div[@class='mini_cart_wrap']/div[2]/div[@class='gokwik-checkout']/button/span[@class='pay-opt-icon']/img[1]","Content","HTML","","",""
"Image","https://offlimits.co.in/collections/men-lifestyle-recover-kicks/products/stussy-brown-orm-407-40","https://cdn.gokwik.co/v4/images/upi-icons.svg","upi icon","8","Absolute","//body/div[@id='shopify-section-cart_widget']/div/form/div[@class='mini_cart_wrap']/div[2]/div[@class='gokwik-checkout']/button/span[@class='pay-opt-icon']/img[1]","Content","HTML","","",""
"Image","https://offlimits.co.in/collections/men-lifestyle-recover-kicks/products/tribe-x-black-matte-ocm-769-02","https://cdn.gokwik.co/v4/images/upi-icons.svg","upi icon","8","Absolute","//body/div[@id='shopify-section-cart_widget']/div/form/div[@class='mini_cart_wrap']/div[2]/div[@class='gokwik-checkout']/button/span[@class='pay-opt-icon']/img[1]","Content","HTML","","",""
"Image","https://offlimits.co.in/collections/women-running-shoes/products/pulsara-for-her-off-white-pink-orw-889-02","https://cdn.gokwik.co/v4/images/upi-icons.svg","upi icon","8","Absolute","//body/div[@id='shopify-section-cart_widget']/div/form/div[@class='mini_cart_wrap']/div[2]/div[@class='gokwik-checkout']/button/span[@class='pay-opt-icon']/img[1]","Content","HTML","","",""
"Image","https://offlimits.co.in/collections/women-running-shoes/products/speedster-for-her-off-white-light-grey-orw-730-06","https://cdn.gokwik.co/v4/images/upi-icons.svg","upi icon","8","Absolute","//body/div[@id='shopify-section-cart_widget']/div/form/div[@class='mini_cart_wrap']/div[2]/div[@class='gokwik-checkout']/button/span[@class='pay-opt-icon']/img[1]","Content","HTML","","",""
"Image","https://offlimits.co.in/collections/men-shorts/products/mens-pol-cns-mesh-shorts-obm-77-01","https://cdn.gokwik.co/v4/images/upi-icons.svg","upi icon","8","Absolute","//body/div[@id='shopify-section-cart_widget']/div/form/div[@class='mini_cart_wrap']/div[2]/div[@class='gokwik-checkout']/button/span[@class='pay-opt-icon']/img[1]","Content","HTML","","",""
"Image","https://offlimits.co.in/collections/men-running-shoes/products/gladiator-off-white-orm-661-02","https://cdn.gokwik.co/v4/images/upi-icons.svg","upi icon","8","Absolute","//body/div[@id='shopify-section-cart_widget']/div/form/div[@class='mini_cart_wrap']/div[2]/div[@class='gokwik-checkout']/button/span[@class='pay-opt-icon']/img[1]","Content","HTML","","",""
"Image","https://offlimits.co.in/collections/men-running-shoes/products/gladiator-off-white-beige-orm-661-17","https://cdn.gokwik.co/v4/images/upi-icons.svg","upi icon","8","Absolute","//body/div[@id='shopify-section-cart_widget']/div/form/div[@class='mini_cart_wrap']/div[2]/div[@class='gokwik-checkout']/button/span[@class='pay-opt-icon']/img[1]","Content","HTML","","",""
"Image","https://offlimits.co.in/","https://cdn.shopify.com/s/files/1/0549/2926/0637/files/New_Project_12.jpg?v=1741157229","","0","Absolute","//body/div[@id='nt_wrapper']/div[@id='nt_content']/div[@id='shopify-section-custom_html_r9UJAP']/div/div/div/div/a[3]/img","Content","HTML","","",""
"Image","https://offlimits.co.in/","https://cdn.shopify.com/s/files/1/0549/2926/0637/files/Union_8_2x_66a28479-9a4e-4cb2-86ac-8f95d26f7f57.png?v=1714115258","union","5","Absolute","//body/div[@id='nt_wrapper']/footer/div[@id='shopify-section-footer_top']/div/div/div[@class='row']/div[2]/aside/div/form/div[@class='mc4wp-form-fields']/div/div[1]/div/button/span/img","Aside","HTML","","",""
"Image","https://offlimits.co.in/collections/mens-bestsellers/products/gladiator-off-white-orm-661-02","https://cdn.shopify.com/s/files/1/0549/2926/0637/files/Union_8_2x_66a28479-9a4e-4cb2-86ac-8f95d26f7f57.png?v=1714115258","union","5","Absolute","//body/div[@id='nt_wrapper']/footer/div[@id='shopify-section-footer_top']/div/div/div[@class='row']/div[2]/aside/div/form/div[@class='mc4wp-form-fields']/div/div[1]/div/button/span/img","Aside","HTML","","",""
"Image","https://offlimits.co.in/collections/mens-bestsellers/products/swat-orm-600-03","https://cdn.shopify.com/s/files/1/0549/2926/0637/files/Union_8_2x_66a28479-9a4e-4cb2-86ac-8f95d26f7f57.png?v=1714115258","union","5","Absolute","//body/div[@id='nt_wrapper']/footer/div[@id='shopify-section-footer_top']/div/div/div[@class='row']/div[2]/aside/div/form/div[@class='mc4wp-form-fields']/div/div[1]/div/button/span/img","Aside","HTML","","",""
"Image","https://offlimits.co.in/collections/new-arrivals-2026/products/griffith-big-tall-off-white-green-ocm-936-05","https://cdn.shopify.com/s/files/1/0549/2926/0637/files/Union_8_2x_66a28479-9a4e-4cb2-86ac-8f95d26f7f57.png?v=1714115258","union","5","Absolute","//body/div[@id='nt_wrapper']/footer/div[@id='shopify-section-footer_top']/div/div/div[@class='row']/div[2]/aside/div/form/div[@class='mc4wp-form-fields']/div/div[1]/div/button/span/img","Aside","HTML","","",""
"Image","https://offlimits.co.in/collections/men-clothing","https://cdn.shopify.com/s/files/1/0549/2926/0637/files/Union_8_2x_66a28479-9a4e-4cb2-86ac-8f95d26f7f57.png?v=1714115258","union","5","Absolute","//body/div[@id='nt_wrapper']/footer/div[@id='shopify-section-footer_top']/div/div/div[@class='row']/div[2]/aside/div/form/div[@class='mc4wp-form-fields']/div/div[1]/div/button/span/img","Aside","HTML","","",""
"Image","https://offlimits.co.in/collections/women-track-suits","https://cdn.shopify.com/s/files/1/0549/2926/0637/files/Union_8_2x_66a28479-9a4e-4cb2-86ac-8f95d26f7f57.png?v=1714115258","union","5","Absolute","//body/div[@id='nt_wrapper']/footer/div[@id='shopify-section-footer_top']/div/div/div[@class='row']/div[2]/aside/div/form/div[@class='mc4wp-form-fields']/div/div[1]/div/button/span/img","Aside","HTML","","",""
"Image","https://offlimits.co.in/collections/white-sneaker","https://cdn.shopify.com/s/files/1/0549/2926/0637/files/Union_8_2x_66a28479-9a4e-4cb2-86ac-8f95d26f7f57.png?v=1714115258","union","5","Absolute","//body/div[@id='nt_wrapper']/footer/div[@id='shopify-section-footer_top']/div/div/div[@class='row']/div[2]/aside/div/form/div[@class='mc4wp-form-fields']/div/div[1]/div/button/span/img","Aside","HTML","","",""
"Image","https://offlimits.co.in/collections/new-arrivals","https://cdn.shopify.com/s/files/1/0549/2926/0637/files/Union_8_2x_66a28479-9a4e-4cb2-86ac-8f95d26f7f57.png?v=1714115258","union","5","Absolute","//body/div[@id='nt_wrapper']/footer/div[@id='shopify-section-footer_top']/div/div/div[@class='row']/div[2]/aside/div/form/div[@class='mc4wp-form-fields']/div/div[1]/div/button/span/img","Aside","HTML","","",""
"Image","https://offlimits.co.in/collections/men-walking","https://cdn.shopify.com/s/files/1/0549/2926/0637/files/Union_8_2x_66a28479-9a4e-4cb2-86ac-8f95d26f7f57.png?v=1714115258","union","5","Absolute","//body/div[@id='nt_wrapper']/footer/div[@id='shopify-section-footer_top']/div/div/div[@class='row']/div[2]/aside/div/form/div[@class='mc4wp-form-fields']/div/div[1]/div/button/span/img","Aside","HTML","","",""
"Image","https://offlimits.co.in/pages/shipping-policy","https://cdn.shopify.com/s/files/1/0549/2926/0637/files/Union_8_2x_66a28479-9a4e-4cb2-86ac-8f95d26f7f57.png?v=1714115258","union","5","Absolute","//body/div[@id='nt_wrapper']/footer/div[@id='shopify-section-footer_top']/div/div/div[@class='row']/div[2]/aside/div/form/div[@class='mc4wp-form-fields']/div/div[1]/div/button/span/img","Aside","HTML","","",""
"Image","https://offlimits.co.in/pages/about-us","https://cdn.shopify.com/s/files/1/0549/2926/0637/files/Union_8_2x_66a28479-9a4e-4cb2-86ac-8f95d26f7f57.png?v=1714115258","union","5","Absolute","//body/div[@id='nt_wrapper']/footer/div[@id='shopify-section-footer_top']/div/div/div[@class='row']/div[2]/aside/div/form/div[@class='mc4wp-form-fields']/div/div[1]/div/button/span/img","Aside","HTML","","",""
"Image","https://offlimits.co.in/collections/women-hoodies-jackets","https://cdn.shopify.com/s/files/1/0549/2926/0637/files/Union_8_2x_66a28479-9a4e-4cb2-86ac-8f95d26f7f57.png?v=1714115258","union","5","Absolute","//body/div[@id='nt_wrapper']/footer/div[@id='shopify-section-footer_top']/div/div/div[@class='row']/div[2]/aside/div/form/div[@class='mc4wp-form-fields']/div/div[1]/div/button/span/img","Aside","HTML","","",""
"Image","https://offlimits.co.in/collections/women-lifestyle","https://cdn.shopify.com/s/files/1/0549/2926/0637/files/Union_8_2x_66a28479-9a4e-4cb2-86ac-8f95d26f7f57.png?v=1714115258","union","5","Absolute","//body/div[@id='nt_wrapper']/footer/div[@id='shopify-section-footer_top']/div/div/div[@class='row']/div[2]/aside/div/form/div[@class='mc4wp-form-fields']/div/div[1]/div/button/span/img","Aside","HTML","","",""
"Image","https://offlimits.co.in/collections/mens-bestsellers/products/stussy-memory-tech-1-orm-407-08","https://cdn.shopify.com/s/files/1/0549/2926/0637/files/Union_8_2x_66a28479-9a4e-4cb2-86ac-8f95d26f7f57.png?v=1714115258","union","5","Absolute","//body/div[@id='nt_wrapper']/footer/div[@id='shopify-section-footer_top']/div/div/div[@class='row']/div[2]/aside/div/form/div[@class='mc4wp-form-fields']/div/div[1]/div/button/span/img","Aside","HTML","","",""
"Image","https://offlimits.co.in/collections/new-arrivals-2026/products/hoop-off-white-honey-orm-867-02","https://cdn.shopify.com/s/files/1/0549/2926/0637/files/Union_8_2x_66a28479-9a4e-4cb2-86ac-8f95d26f7f57.png?v=1714115258","union","5","Absolute","//body/div[@id='nt_wrapper']/footer/div[@id='shopify-section-footer_top']/div/div/div[@class='row']/div[2]/aside/div/form/div[@class='mc4wp-form-fields']/div/div[1]/div/button/span/img","Aside","HTML","","",""
"Image","https://offlimits.co.in/collections/new-arrivals-2026/products/roger-select-blue-ocm-915-12","https://cdn.shopify.com/s/files/1/0549/2926/0637/files/Union_8_2x_66a28479-9a4e-4cb2-86ac-8f95d26f7f57.png?v=1714115258","union","5","Absolute","//body/div[@id='nt_wrapper']/footer/div[@id='shopify-section-footer_top']/div/div/div[@class='row']/div[2]/aside/div/form/div[@class='mc4wp-form-fields']/div/div[1]/div/button/span/img","Aside","HTML","","",""
"Image","https://offlimits.co.in/collections/limited-edition","https://cdn.shopify.com/s/files/1/0549/2926/0637/files/Union_8_2x_66a28479-9a4e-4cb2-86ac-8f95d26f7f57.png?v=1714115258","union","5","Absolute","//body/div[@id='nt_wrapper']/footer/div[@id='shopify-section-footer_top']/div/div/div[@class='row']/div[2]/aside/div/form/div[@class='mc4wp-form-fields']/div/div[1]/div/button/span/img","Aside","HTML","","",""
"Image","https://offlimits.co.in/collections/women-shoes","https://cdn.shopify.com/s/files/1/0549/2926/0637/files/Union_8_2x_66a28479-9a4e-4cb2-86ac-8f95d26f7f57.png?v=1714115258","union","5","Absolute","//body/div[@id='nt_wrapper']/footer/div[@id='shopify-section-footer_top']/div/div/div[@class='row']/div[2]/aside/div/form/div[@class='mc4wp-form-fields']/div/div[1]/div/button/span/img","Aside","HTML","","",""
"Image","https://offlimits.co.in/collections/mens-running-gym-shoes","https://cdn.shopify.com/s/files/1/0549/2926/0637/files/Union_8_2x_66a28479-9a4e-4cb2-86ac-8f95d26f7f57.png?v=1714115258","union","5","Absolute","//body/div[@id='nt_wrapper']/footer/div[@id='shopify-section-footer_top']/div/div/div[@class='row']/div[2]/aside/div/form/div[@class='mc4wp-form-fields']/div/div[1]/div/button/span/img","Aside","HTML","","",""
"Image","https://offlimits.co.in/collections/low-top-shoes-for-men","https://cdn.shopify.com/s/files/1/0549/2926/0637/files/Union_8_2x_66a28479-9a4e-4cb2-86ac-8f95d26f7f57.png?v=1714115258","union","5","Absolute","//body/div[@id='nt_wrapper']/footer/div[@id='shopify-section-footer_top']/div/div/div[@class='row']/div[2]/aside/div/form/div[@class='mc4wp-form-fields']/div/div[1]/div/button/span/img","Aside","HTML","","",""
"Image","https://offlimits.co.in/collections/men-lifestyle-recover-kicks","https://cdn.shopify.com/s/files/1/0549/2926/0637/files/Union_8_2x_66a28479-9a4e-4cb2-86ac-8f95d26f7f57.png?v=1714115258","union","5","Absolute","//body/div[@id='nt_wrapper']/footer/div[@id='shopify-section-footer_top']/div/div/div[@class='row']/div[2]/aside/div/form/div[@class='mc4wp-form-fields']/div/div[1]/div/button/span/img","Aside","HTML","","",""
"Image","https://offlimits.co.in/collections/women-running-shoes","https://cdn.shopify.com/s/files/1/0549/2926/0637/files/Union_8_2x_66a28479-9a4e-4cb2-86ac-8f95d26f7f57.png?v=1714115258","union","5","Absolute","//body/div[@id='nt_wrapper']/footer/div[@id='shopify-section-footer_top']/div/div/div[@class='row']/div[2]/aside/div/form/div[@class='mc4wp-form-fields']/div/div[1]/div/button/span/img","Aside","HTML","","",""
"Image","https://offlimits.co.in/pages/technology","https://cdn.shopify.com/s/files/1/0549/2926/0637/files/Union_8_2x_66a28479-9a4e-4cb2-86ac-8f95d26f7f57.png?v=1714115258","union","5","Absolute","//body/div[@id='nt_wrapper']/footer/div[@id='shopify-section-footer_top']/div/div/div[@class='row']/div[2]/aside/div/form/div[@class='mc4wp-form-fields']/div/div[1]/div/button/span/img","Aside","HTML","","",""
"Image","https://offlimits.co.in/collections/men-shorts","https://cdn.shopify.com/s/files/1/0549/2926/0637/files/Union_8_2x_66a28479-9a4e-4cb2-86ac-8f95d26f7f57.png?v=1714115258","union","5","Absolute","//body/div[@id='nt_wrapper']/footer/div[@id='shopify-section-footer_top']/div/div/div[@class='row']/div[2]/aside/div/form/div[@class='mc4wp-form-fields']/div/div[1]/div/button/span/img","Aside","HTML","","",""
"Image","https://offlimits.co.in/collections/men-running-shoes","https://cdn.shopify.com/s/files/1/0549/2926/0637/files/Union_8_2x_66a28479-9a4e-4cb2-86ac-8f95d26f7f57.png?v=1714115258","union","5","Absolute","//body/div[@id='nt_wrapper']/footer/div[@id='shopify-section-footer_top']/div/div/div[@class='row']/div[2]/aside/div/form/div[@class='mc4wp-form-fields']/div/div[1]/div/button/span/img","Aside","HTML","","",""
"Image","https://offlimits.co.in/collections/mens-running-gym-shoes/products/gladiator-light-grey-orm-661-06","https://cdn.shopify.com/s/files/1/0549/2926/0637/files/Union_8_2x_66a28479-9a4e-4cb2-86ac-8f95d26f7f57.png?v=1714115258","union","5","Absolute","//body/div[@id='nt_wrapper']/footer/div[@id='shopify-section-footer_top']/div/div/div[@class='row']/div[2]/aside/div/form/div[@class='mc4wp-form-fields']/div/div[1]/div/button/span/img","Aside","HTML","","",""
"Image","https://offlimits.co.in/collections/low-top-shoes-for-men/products/speed-cat-crazy-horse-tan-ocm-062-04","https://cdn.shopify.com/s/files/1/0549/2926/0637/files/Union_8_2x_66a28479-9a4e-4cb2-86ac-8f95d26f7f57.png?v=1714115258","union","5","Absolute","//body/div[@id='nt_wrapper']/footer/div[@id='shopify-section-footer_top']/div/div/div[@class='row']/div[2]/aside/div/form/div[@class='mc4wp-form-fields']/div/div[1]/div/button/span/img","Aside","HTML","","",""
"Image","https://offlimits.co.in/collections/men-lifestyle-recover-kicks/products/magnum-black-ocm-750-02","https://cdn.shopify.com/s/files/1/0549/2926/0637/files/Union_8_2x_66a28479-9a4e-4cb2-86ac-8f95d26f7f57.png?v=1714115258","union","5","Absolute","//body/div[@id='nt_wrapper']/footer/div[@id='shopify-section-footer_top']/div/div/div[@class='row']/div[2]/aside/div/form/div[@class='mc4wp-form-fields']/div/div[1]/div/button/span/img","Aside","HTML","","",""
"Image","https://offlimits.co.in/collections/men-lifestyle-recover-kicks/products/stussy-brown-orm-407-40","https://cdn.shopify.com/s/files/1/0549/2926/0637/files/Union_8_2x_66a28479-9a4e-4cb2-86ac-8f95d26f7f57.png?v=1714115258","union","5","Absolute","//body/div[@id='nt_wrapper']/footer/div[@id='shopify-section-footer_top']/div/div/div[@class='row']/div[2]/aside/div/form/div[@class='mc4wp-form-fields']/div/div[1]/div/button/span/img","Aside","HTML","","",""
"Image","https://offlimits.co.in/collections/men-lifestyle-recover-kicks/products/tribe-x-black-matte-ocm-769-02","https://cdn.shopify.com/s/files/1/0549/2926/0637/files/Union_8_2x_66a28479-9a4e-4cb2-86ac-8f95d26f7f57.png?v=1714115258","union","5","Absolute","//body/div[@id='nt_wrapper']/footer/div[@id='shopify-section-footer_top']/div/div/div[@class='row']/div[2]/aside/div/form/div[@class='mc4wp-form-fields']/div/div[1]/div/button/span/img","Aside","HTML","","",""
"Image","https://offlimits.co.in/collections/women-running-shoes/products/pulsara-for-her-off-white-pink-orw-889-02","https://cdn.shopify.com/s/files/1/0549/2926/0637/files/Union_8_2x_66a28479-9a4e-4cb2-86ac-8f95d26f7f57.png?v=1714115258","union","5","Absolute","//body/div[@id='nt_wrapper']/footer/div[@id='shopify-section-footer_top']/div/div/div[@class='row']/div[2]/aside/div/form/div[@class='mc4wp-form-fields']/div/div[1]/div/button/span/img","Aside","HTML","","",""
"Image","https://offlimits.co.in/collections/women-running-shoes/products/speedster-for-her-off-white-light-grey-orw-730-06","https://cdn.shopify.com/s/files/1/0549/2926/0637/files/Union_8_2x_66a28479-9a4e-4cb2-86ac-8f95d26f7f57.png?v=1714115258","union","5","Absolute","//body/div[@id='nt_wrapper']/footer/div[@id='shopify-section-footer_top']/div/div/div[@class='row']/div[2]/aside/div/form/div[@class='mc4wp-form-fields']/div/div[1]/div/button/span/img","Aside","HTML","","",""
"Image","https://offlimits.co.in/collections/men-shorts/products/mens-pol-cns-mesh-shorts-obm-77-01","https://cdn.shopify.com/s/files/1/0549/2926/0637/files/Union_8_2x_66a28479-9a4e-4cb2-86ac-8f95d26f7f57.png?v=1714115258","union","5","Absolute","//body/div[@id='nt_wrapper']/footer/div[@id='shopify-section-footer_top']/div/div/div[@class='row']/div[2]/aside/div/form/div[@class='mc4wp-form-fields']/div/div[1]/div/button/span/img","Aside","HTML","","",""
"Image","https://offlimits.co.in/collections/men-running-shoes/products/gladiator-off-white-orm-661-02","https://cdn.shopify.com/s/files/1/0549/2926/0637/files/Union_8_2x_66a28479-9a4e-4cb2-86ac-8f95d26f7f57.png?v=1714115258","union","5","Absolute","//body/div[@id='nt_wrapper']/footer/div[@id='shopify-section-footer_top']/div/div/div[@class='row']/div[2]/aside/div/form/div[@class='mc4wp-form-fields']/div/div[1]/div/button/span/img","Aside","HTML","","",""
"Image","https://offlimits.co.in/collections/men-running-shoes/products/gladiator-off-white-beige-orm-661-17","https://cdn.shopify.com/s/files/1/0549/2926/0637/files/Union_8_2x_66a28479-9a4e-4cb2-86ac-8f95d26f7f57.png?v=1714115258","union","5","Absolute","//body/div[@id='nt_wrapper']/footer/div[@id='shopify-section-footer_top']/div/div/div[@class='row']/div[2]/aside/div/form/div[@class='mc4wp-form-fields']/div/div[1]/div/button/span/img","Aside","HTML","","",""
"Image","https://offlimits.co.in/","https://cdn.shopify.com/s/files/1/0549/2926/0637/files/Group_26_2x_662f72e4-bebb-42fd-b4aa-59ad17a58876.png?v=1714119005","logo","4","Absolute","//body/div[@id='nt_wrapper']/footer/div[@id='shopify-section-footer_top']/div/div/div[@class='row']/div[1]/aside/div/div/div[@class='Footer-top_section_img']/img","Aside","HTML","","",""
"Image","https://offlimits.co.in/collections/mens-bestsellers/products/gladiator-off-white-orm-661-02","https://cdn.shopify.com/s/files/1/0549/2926/0637/files/Group_26_2x_662f72e4-bebb-42fd-b4aa-59ad17a58876.png?v=1714119005","logo","4","Absolute","//body/div[@id='nt_wrapper']/footer/div[@id='shopify-section-footer_top']/div/div/div[@class='row']/div[1]/aside/div/div/div[@class='Footer-top_section_img']/img","Aside","HTML","","",""
"Image","https://offlimits.co.in/collections/mens-bestsellers/products/swat-orm-600-03","https://cdn.shopify.com/s/files/1/0549/2926/0637/files/Group_26_2x_662f72e4-bebb-42fd-b4aa-59ad17a58876.png?v=1714119005","logo","4","Absolute","//body/div[@id='nt_wrapper']/footer/div[@id='shopify-section-footer_top']/div/div/div[@class='row']/div[1]/aside/div/div/div[@class='Footer-top_section_img']/img","Aside","HTML","","",""
"Image","https://offlimits.co.in/collections/new-arrivals-2026/products/griffith-big-tall-off-white-green-ocm-936-05","https://cdn.shopify.com/s/files/1/0549/2926/0637/files/Group_26_2x_662f72e4-bebb-42fd-b4aa-59ad17a58876.png?v=1714119005","logo","4","Absolute","//body/div[@id='nt_wrapper']/footer/div[@id='shopify-section-footer_top']/div/div/div[@class='row']/div[1]/aside/div/div/div[@class='Footer-top_section_img']/img","Aside","HTML","","",""
"Image","https://offlimits.co.in/collections/men-clothing","https://cdn.shopify.com/s/files/1/0549/2926/0637/files/Group_26_2x_662f72e4-bebb-42fd-b4aa-59ad17a58876.png?v=1714119005","logo","4","Absolute","//body/div[@id='nt_wrapper']/footer/div[@id='shopify-section-footer_top']/div/div/div[@class='row']/div[1]/aside/div/div/div[@class='Footer-top_section_img']/img","Aside","HTML","","",""
"Image","https://offlimits.co.in/collections/women-track-suits","https://cdn.shopify.com/s/files/1/0549/2926/0637/files/Group_26_2x_662f72e4-bebb-42fd-b4aa-59ad17a58876.png?v=1714119005","logo","4","Absolute","//body/div[@id='nt_wrapper']/footer/div[@id='shopify-section-footer_top']/div/div/div[@class='row']/div[1]/aside/div/div/div[@class='Footer-top_section_img']/img","Aside","HTML","","",""
"Image","https://offlimits.co.in/collections/white-sneaker","https://cdn.shopify.com/s/files/1/0549/2926/0637/files/Group_26_2x_662f72e4-bebb-42fd-b4aa-59ad17a58876.png?v=1714119005","logo","4","Absolute","//body/div[@id='nt_wrapper']/footer/div[@id='shopify-section-footer_top']/div/div/div[@class='row']/div[1]/aside/div/div/div[@class='Footer-top_section_img']/img","Aside","HTML","","",""
"Image","https://offlimits.co.in/collections/new-arrivals","https://cdn.shopify.com/s/files/1/0549/2926/0637/files/Group_26_2x_662f72e4-bebb-42fd-b4aa-59ad17a58876.png?v=1714119005","logo","4","Absolute","//body/div[@id='nt_wrapper']/footer/div[@id='shopify-section-footer_top']/div/div/div[@class='row']/div[1]/aside/div/div/div[@class='Footer-top_section_img']/img","Aside","HTML","","",""
"Image","https://offlimits.co.in/collections/men-walking","https://cdn.shopify.com/s/files/1/0549/2926/0637/files/Group_26_2x_662f72e4-bebb-42fd-b4aa-59ad17a58876.png?v=1714119005","logo","4","Absolute","//body/div[@id='nt_wrapper']/footer/div[@id='shopify-section-footer_top']/div/div/div[@class='row']/div[1]/aside/div/div/div[@class='Footer-top_section_img']/img","Aside","HTML","","",""
"Image","https://offlimits.co.in/pages/shipping-policy","https://cdn.shopify.com/s/files/1/0549/2926/0637/files/Group_26_2x_662f72e4-bebb-42fd-b4aa-59ad17a58876.png?v=1714119005","logo","4","Absolute","//body/div[@id='nt_wrapper']/footer/div[@id='shopify-section-footer_top']/div/div/div[@class='row']/div[1]/aside/div/div/div[@class='Footer-top_section_img']/img","Aside","HTML","","",""
"Image","https://offlimits.co.in/pages/about-us","https://cdn.shopify.com/s/files/1/0549/2926/0637/files/Group_26_2x_662f72e4-bebb-42fd-b4aa-59ad17a58876.png?v=1714119005","logo","4","Absolute","//body/div[@id='nt_wrapper']/footer/div[@id='shopify-section-footer_top']/div/div/div[@class='row']/div[1]/aside/div/div/div[@class='Footer-top_section_img']/img","Aside","HTML","","",""
"Image","https://offlimits.co.in/collections/women-hoodies-jackets","https://cdn.shopify.com/s/files/1/0549/2926/0637/files/Group_26_2x_662f72e4-bebb-42fd-b4aa-59ad17a58876.png?v=1714119005","logo","4","Absolute","//body/div[@id='nt_wrapper']/footer/div[@id='shopify-section-footer_top']/div/div/div[@class='row']/div[1]/aside/div/div/div[@class='Footer-top_section_img']/img","Aside","HTML","","",""
"Image","https://offlimits.co.in/collections/women-lifestyle","https://cdn.shopify.com/s/files/1/0549/2926/0637/files/Group_26_2x_662f72e4-bebb-42fd-b4aa-59ad17a58876.png?v=1714119005","logo","4","Absolute","//body/div[@id='nt_wrapper']/footer/div[@id='shopify-section-footer_top']/div/div/div[@class='row']/div[1]/aside/div/div/div[@class='Footer-top_section_img']/img","Aside","HTML","","",""
"Image","https://offlimits.co.in/collections/mens-bestsellers/products/stussy-memory-tech-1-orm-407-08","https://cdn.shopify.com/s/files/1/0549/2926/0637/files/Group_26_2x_662f72e4-bebb-42fd-b4aa-59ad17a58876.png?v=1714119005","logo","4","Absolute","//body/div[@id='nt_wrapper']/footer/div[@id='shopify-section-footer_top']/div/div/div[@class='row']/div[1]/aside/div/div/div[@class='Footer-top_section_img']/img","Aside","HTML","","",""
"Image","https://offlimits.co.in/collections/new-arrivals-2026/products/hoop-off-white-honey-orm-867-02","https://cdn.shopify.com/s/files/1/0549/2926/0637/files/Group_26_2x_662f72e4-bebb-42fd-b4aa-59ad17a58876.png?v=1714119005","logo","4","Absolute","//body/div[@id='nt_wrapper']/footer/div[@id='shopify-section-footer_top']/div/div/div[@class='row']/div[1]/aside/div/div/div[@class='Footer-top_section_img']/img","Aside","HTML","","",""
"Image","https://offlimits.co.in/collections/new-arrivals-2026/products/roger-select-blue-ocm-915-12","https://cdn.shopify.com/s/files/1/0549/2926/0637/files/Group_26_2x_662f72e4-bebb-42fd-b4aa-59ad17a58876.png?v=1714119005","logo","4","Absolute","//body/div[@id='nt_wrapper']/footer/div[@id='shopify-section-footer_top']/div/div/div[@class='row']/div[1]/aside/div/div/div[@class='Footer-top_section_img']/img","Aside","HTML","","",""
"Image","https://offlimits.co.in/collections/limited-edition","https://cdn.shopify.com/s/files/1/0549/2926/0637/files/Group_26_2x_662f72e4-bebb-42fd-b4aa-59ad17a58876.png?v=1714119005","logo","4","Absolute","//body/div[@id='nt_wrapper']/footer/div[@id='shopify-section-footer_top']/div/div/div[@class='row']/div[1]/aside/div/div/div[@class='Footer-top_section_img']/img","Aside","HTML","","",""
"Image","https://offlimits.co.in/collections/women-shoes","https://cdn.shopify.com/s/files/1/0549/2926/0637/files/Group_26_2x_662f72e4-bebb-42fd-b4aa-59ad17a58876.png?v=1714119005","logo","4","Absolute","//body/div[@id='nt_wrapper']/footer/div[@id='shopify-section-footer_top']/div/div/div[@class='row']/div[1]/aside/div/div/div[@class='Footer-top_section_img']/img","Aside","HTML","","",""
"Image","https://offlimits.co.in/collections/mens-running-gym-shoes","https://cdn.shopify.com/s/files/1/0549/2926/0637/files/Group_26_2x_662f72e4-bebb-42fd-b4aa-59ad17a58876.png?v=1714119005","logo","4","Absolute","//body/div[@id='nt_wrapper']/footer/div[@id='shopify-section-footer_top']/div/div/div[@class='row']/div[1]/aside/div/div/div[@class='Footer-top_section_img']/img","Aside","HTML","","",""
"Image","https://offlimits.co.in/collections/low-top-shoes-for-men","https://cdn.shopify.com/s/files/1/0549/2926/0637/files/Group_26_2x_662f72e4-bebb-42fd-b4aa-59ad17a58876.png?v=1714119005","logo","4","Absolute","//body/div[@id='nt_wrapper']/footer/div[@id='shopify-section-footer_top']/div/div/div[@class='row']/div[1]/aside/div/div/div[@class='Footer-top_section_img']/img","Aside","HTML","","",""
"Image","https://offlimits.co.in/collections/men-lifestyle-recover-kicks","https://cdn.shopify.com/s/files/1/0549/2926/0637/files/Group_26_2x_662f72e4-bebb-42fd-b4aa-59ad17a58876.png?v=1714119005","logo","4","Absolute","//body/div[@id='nt_wrapper']/footer/div[@id='shopify-section-footer_top']/div/div/div[@class='row']/div[1]/aside/div/div/div[@class='Footer-top_section_img']/img","Aside","HTML","","",""
"Image","https://offlimits.co.in/collections/women-running-shoes","https://cdn.shopify.com/s/files/1/0549/2926/0637/files/Group_26_2x_662f72e4-bebb-42fd-b4aa-59ad17a58876.png?v=1714119005","logo","4","Absolute","//body/div[@id='nt_wrapper']/footer/div[@id='shopify-section-footer_top']/div/div/div[@class='row']/div[1]/aside/div/div/div[@class='Footer-top_section_img']/img","Aside","HTML","","",""
"Image","https://offlimits.co.in/pages/technology","https://cdn.shopify.com/s/files/1/0549/2926/0637/files/Group_26_2x_662f72e4-bebb-42fd-b4aa-59ad17a58876.png?v=1714119005","logo","4","Absolute","//body/div[@id='nt_wrapper']/footer/div[@id='shopify-section-footer_top']/div/div/div[@class='row']/div[1]/aside/div/div/div[@class='Footer-top_section_img']/img","Aside","HTML","","",""
"Image","https://offlimits.co.in/collections/men-shorts","https://cdn.shopify.com/s/files/1/0549/2926/0637/files/Group_26_2x_662f72e4-bebb-42fd-b4aa-59ad17a58876.png?v=1714119005","logo","4","Absolute","//body/div[@id='nt_wrapper']/footer/div[@id='shopify-section-footer_top']/div/div/div[@class='row']/div[1]/aside/div/div/div[@class='Footer-top_section_img']/img","Aside","HTML","","",""
"Image","https://offlimits.co.in/collections/men-running-shoes","https://cdn.shopify.com/s/files/1/0549/2926/0637/files/Group_26_2x_662f72e4-bebb-42fd-b4aa-59ad17a58876.png?v=1714119005","logo","4","Absolute","//body/div[@id='nt_wrapper']/footer/div[@id='shopify-section-footer_top']/div/div/div[@class='row']/div[1]/aside/div/div/div[@class='Footer-top_section_img']/img","Aside","HTML","","",""
"Image","https://offlimits.co.in/collections/mens-running-gym-shoes/products/gladiator-light-grey-orm-661-06","https://cdn.shopify.com/s/files/1/0549/2926/0637/files/Group_26_2x_662f72e4-bebb-42fd-b4aa-59ad17a58876.png?v=1714119005","logo","4","Absolute","//body/div[@id='nt_wrapper']/footer/div[@id='shopify-section-footer_top']/div/div/div[@class='row']/div[1]/aside/div/div/div[@class='Footer-top_section_img']/img","Aside","HTML","","",""
"Image","https://offlimits.co.in/collections/low-top-shoes-for-men/products/speed-cat-crazy-horse-tan-ocm-062-04","https://cdn.shopify.com/s/files/1/0549/2926/0637/files/Group_26_2x_662f72e4-bebb-42fd-b4aa-59ad17a58876.png?v=1714119005","logo","4","Absolute","//body/div[@id='nt_wrapper']/footer/div[@id='shopify-section-footer_top']/div/div/div[@class='row']/div[1]/aside/div/div/div[@class='Footer-top_section_img']/img","Aside","HTML","","",""
"Image","https://offlimits.co.in/collections/men-lifestyle-recover-kicks/products/magnum-black-ocm-750-02","https://cdn.shopify.com/s/files/1/0549/2926/0637/files/Group_26_2x_662f72e4-bebb-42fd-b4aa-59ad17a58876.png?v=1714119005","logo","4","Absolute","//body/div[@id='nt_wrapper']/footer/div[@id='shopify-section-footer_top']/div/div/div[@class='row']/div[1]/aside/div/div/div[@class='Footer-top_section_img']/img","Aside","HTML","","",""
"Image","https://offlimits.co.in/collections/men-lifestyle-recover-kicks/products/stussy-brown-orm-407-40","https://cdn.shopify.com/s/files/1/0549/2926/0637/files/Group_26_2x_662f72e4-bebb-42fd-b4aa-59ad17a58876.png?v=1714119005","logo","4","Absolute","//body/div[@id='nt_wrapper']/footer/div[@id='shopify-section-footer_top']/div/div/div[@class='row']/div[1]/aside/div/div/div[@class='Footer-top_section_img']/img","Aside","HTML","","",""
"Image","https://offlimits.co.in/collections/men-lifestyle-recover-kicks/products/tribe-x-black-matte-ocm-769-02","https://cdn.shopify.com/s/files/1/0549/2926/0637/files/Group_26_2x_662f72e4-bebb-42fd-b4aa-59ad17a58876.png?v=1714119005","logo","4","Absolute","//body/div[@id='nt_wrapper']/footer/div[@id='shopify-section-footer_top']/div/div/div[@class='row']/div[1]/aside/div/div/div[@class='Footer-top_section_img']/img","Aside","HTML","","",""
"Image","https://offlimits.co.in/collections/women-running-shoes/products/pulsara-for-her-off-white-pink-orw-889-02","https://cdn.shopify.com/s/files/1/0549/2926/0637/files/Group_26_2x_662f72e4-bebb-42fd-b4aa-59ad17a58876.png?v=1714119005","logo","4","Absolute","//body/div[@id='nt_wrapper']/footer/div[@id='shopify-section-footer_top']/div/div/div[@class='row']/div[1]/aside/div/div/div[@class='Footer-top_section_img']/img","Aside","HTML","","",""
"Image","https://offlimits.co.in/collections/women-running-shoes/products/speedster-for-her-off-white-light-grey-orw-730-06","https://cdn.shopify.com/s/files/1/0549/2926/0637/files/Group_26_2x_662f72e4-bebb-42fd-b4aa-59ad17a58876.png?v=1714119005","logo","4","Absolute","//body/div[@id='nt_wrapper']/footer/div[@id='shopify-section-footer_top']/div/div/div[@class='row']/div[1]/aside/div/div/div[@class='Footer-top_section_img']/img","Aside","HTML","","",""
"Image","https://offlimits.co.in/collections/men-shorts/products/mens-pol-cns-mesh-shorts-obm-77-01","https://cdn.shopify.com/s/files/1/0549/2926/0637/files/Group_26_2x_662f72e4-bebb-42fd-b4aa-59ad17a58876.png?v=1714119005","logo","4","Absolute","//body/div[@id='nt_wrapper']/footer/div[@id='shopify-section-footer_top']/div/div/div[@class='row']/div[1]/aside/div/div/div[@class='Footer-top_section_img']/img","Aside","HTML","","",""
"Image","https://offlimits.co.in/collections/men-running-shoes/products/gladiator-off-white-orm-661-02","https://cdn.shopify.com/s/files/1/0549/2926/0637/files/Group_26_2x_662f72e4-bebb-42fd-b4aa-59ad17a58876.png?v=1714119005","logo","4","Absolute","//body/div[@id='nt_wrapper']/footer/div[@id='shopify-section-footer_top']/div/div/div[@class='row']/div[1]/aside/div/div/div[@class='Footer-top_section_img']/img","Aside","HTML","","",""
"Image","https://offlimits.co.in/collections/men-running-shoes/products/gladiator-off-white-beige-orm-661-17","https://cdn.shopify.com/s/files/1/0549/2926/0637/files/Group_26_2x_662f72e4-bebb-42fd-b4aa-59ad17a58876.png?v=1714119005","logo","4","Absolute","//body/div[@id='nt_wrapper']/footer/div[@id='shopify-section-footer_top']/div/div/div[@class='row']/div[1]/aside/div/div/div[@class='Footer-top_section_img']/img","Aside","HTML","","",""
"Image","https://offlimits.co.in/collections/mens-bestsellers/products/gladiator-off-white-orm-661-02","https://cdn.shopify.com/s/files/1/0549/2926/0637/files/A_2.png?width=800","aplus_img3","10","Absolute","//body/div[@id='nt_wrapper']/div[@id='nt_content']/div/div[1]/div[@class='a_plus_wrapper']/div[@class='aplus-sctn'][3]/div[@class='img-sctn']/img","Content","HTML","","",""
"Image","https://offlimits.co.in/collections/mens-bestsellers/products/swat-orm-600-03","https://cdn.shopify.com/s/files/1/0549/2926/0637/files/A_2.png?width=800","aplus_img3","10","Absolute","//body/div[@id='nt_wrapper']/div[@id='nt_content']/div/div[1]/div[@class='a_plus_wrapper']/div[@class='aplus-sctn'][3]/div[@class='img-sctn']/img","Content","HTML","","",""
"Image","https://offlimits.co.in/collections/new-arrivals-2026/products/griffith-big-tall-off-white-green-ocm-936-05","https://cdn.shopify.com/s/files/1/0549/2926/0637/files/A_2.png?width=800","aplus_img3","10","Absolute","//body/div[@id='nt_wrapper']/div[@id='nt_content']/div/div[1]/div[@class='a_plus_wrapper']/div[@class='aplus-sctn'][3]/div[@class='img-sctn']/img","Content","HTML","","",""
"Image","https://offlimits.co.in/collections/mens-bestsellers/products/stussy-memory-tech-1-orm-407-08","https://cdn.shopify.com/s/files/1/0549/2926/0637/files/A_2.png?width=800","aplus_img3","10","Absolute","//body/div[@id='nt_wrapper']/div[@id='nt_content']/div/div[1]/div[@class='a_plus_wrapper']/div[@class='aplus-sctn'][3]/div[@class='img-sctn']/img","Content","HTML","","",""
"Image","https://offlimits.co.in/collections/new-arrivals-2026/products/hoop-off-white-honey-orm-867-02","https://cdn.shopify.com/s/files/1/0549/2926/0637/files/A_2.png?width=800","aplus_img3","10","Absolute","//body/div[@id='nt_wrapper']/div[@id='nt_content']/div/div[1]/div[@class='a_plus_wrapper']/div[@class='aplus-sctn'][3]/div[@class='img-sctn']/img","Content","HTML","","",""
"Image","https://offlimits.co.in/collections/new-arrivals-2026/products/roger-select-blue-ocm-915-12","https://cdn.shopify.com/s/files/1/0549/2926/0637/files/A_2.png?width=800","aplus_img3","10","Absolute","//body/div[@id='nt_wrapper']/div[@id='nt_content']/div/div[1]/div[@class='a_plus_wrapper']/div[@class='aplus-sctn'][3]/div[@class='img-sctn']/img","Content","HTML","","",""
"Image","https://offlimits.co.in/collections/mens-running-gym-shoes/products/gladiator-light-grey-orm-661-06","https://cdn.shopify.com/s/files/1/0549/2926/0637/files/A_2.png?width=800","aplus_img3","10","Absolute","//body/div[@id='nt_wrapper']/div[@id='nt_content']/div/div[1]/div[@class='a_plus_wrapper']/div[@class='aplus-sctn'][3]/div[@class='img-sctn']/img","Content","HTML","","",""
"Image","https://offlimits.co.in/collections/low-top-shoes-for-men/products/speed-cat-crazy-horse-tan-ocm-062-04","https://cdn.shopify.com/s/files/1/0549/2926/0637/files/A_2.png?width=800","aplus_img3","10","Absolute","//body/div[@id='nt_wrapper']/div[@id='nt_content']/div/div[1]/div[@class='a_plus_wrapper']/div[@class='aplus-sctn'][3]/div[@class='img-sctn']/img","Content","HTML","","",""
"Image","https://offlimits.co.in/collections/men-lifestyle-recover-kicks/products/magnum-black-ocm-750-02","https://cdn.shopify.com/s/files/1/0549/2926/0637/files/A_2.png?width=800","aplus_img3","10","Absolute","//body/div[@id='nt_wrapper']/div[@id='nt_content']/div/div[1]/div[@class='a_plus_wrapper']/div[@class='aplus-sctn'][3]/div[@class='img-sctn']/img","Content","HTML","","",""
"Image","https://offlimits.co.in/collections/men-lifestyle-recover-kicks/products/stussy-brown-orm-407-40","https://cdn.shopify.com/s/files/1/0549/2926/0637/files/A_2.png?width=800","aplus_img3","10","Absolute","//body/div[@id='nt_wrapper']/div[@id='nt_content']/div/div[1]/div[@class='a_plus_wrapper']/div[@class='aplus-sctn'][3]/div[@class='img-sctn']/img","Content","HTML","","",""
"Image","https://offlimits.co.in/collections/men-lifestyle-recover-kicks/products/tribe-x-black-matte-ocm-769-02","https://cdn.shopify.com/s/files/1/0549/2926/0637/files/A_2.png?width=800","aplus_img3","10","Absolute","//body/div[@id='nt_wrapper']/div[@id='nt_content']/div/div[1]/div[@class='a_plus_wrapper']/div[@class='aplus-sctn'][3]/div[@class='img-sctn']/img","Content","HTML","","",""
"Image","https://offlimits.co.in/collections/women-running-shoes/products/pulsara-for-her-off-white-pink-orw-889-02","https://cdn.shopify.com/s/files/1/0549/2926/0637/files/A_2.png?width=800","aplus_img3","10","Absolute","//body/div[@id='nt_wrapper']/div[@id='nt_content']/div/div[1]/div[@class='a_plus_wrapper']/div[@class='aplus-sctn'][3]/div[@class='img-sctn']/img","Content","HTML","","",""
"Image","https://offlimits.co.in/collections/women-running-shoes/products/speedster-for-her-off-white-light-grey-orw-730-06","https://cdn.shopify.com/s/files/1/0549/2926/0637/files/A_2.png?width=800","aplus_img3","10","Absolute","//body/div[@id='nt_wrapper']/div[@id='nt_content']/div/div[1]/div[@class='a_plus_wrapper']/div[@class='aplus-sctn'][3]/div[@class='img-sctn']/img","Content","HTML","","",""
"Image","https://offlimits.co.in/collections/men-shorts/products/mens-pol-cns-mesh-shorts-obm-77-01","https://cdn.shopify.com/s/files/1/0549/2926/0637/files/A_2.png?width=800","aplus_img3","10","Absolute","//body/div[@id='nt_wrapper']/div[@id='nt_content']/div/div[1]/div[@class='a_plus_wrapper']/div[@class='aplus-sctn'][3]/div[@class='img-sctn']/img","Content","HTML","","",""
"Image","https://offlimits.co.in/collections/men-running-shoes/products/gladiator-off-white-orm-661-02","https://cdn.shopify.com/s/files/1/0549/2926/0637/files/A_2.png?width=800","aplus_img3","10","Absolute","//body/div[@id='nt_wrapper']/div[@id='nt_content']/div/div[1]/div[@class='a_plus_wrapper']/div[@class='aplus-sctn'][3]/div[@class='img-sctn']/img","Content","HTML","","",""
"Image","https://offlimits.co.in/collections/men-running-shoes/products/gladiator-off-white-beige-orm-661-17","https://cdn.shopify.com/s/files/1/0549/2926/0637/files/A_2.png?width=800","aplus_img3","10","Absolute","//body/div[@id='nt_wrapper']/div[@id='nt_content']/div/div[1]/div[@class='a_plus_wrapper']/div[@class='aplus-sctn'][3]/div[@class='img-sctn']/img","Content","HTML","","",""
"Image","https://offlimits.co.in/collections/mens-bestsellers/products/gladiator-off-white-orm-661-02","https://offlimits.co.in/cdn/shop/files/ORM-66102_6.jpg?v=1772535918","GLADIATOR - OFF WHITE","21","Protocol-Relative","//body/div[@id='nt_wrapper']/div[@id='nt_content']/div/div[1]/div[@id='product-7653984043101']/div/div/div[1]/div/div/div[1]/div[6]/div/noscript/img","Content","HTML","","",""
"Image","https://offlimits.co.in/collections/men-running-shoes/products/gladiator-off-white-orm-661-02","https://offlimits.co.in/cdn/shop/files/ORM-66102_6.jpg?v=1772535918","GLADIATOR - OFF WHITE","21","Protocol-Relative","//body/div[@id='nt_wrapper']/div[@id='nt_content']/div/div[1]/div[@id='product-7653984043101']/div/div/div[1]/div/div/div[1]/div[6]/div/noscript/img","Content","HTML","","",""
"Image","https://offlimits.co.in/collections/mens-bestsellers/products/gladiator-off-white-orm-661-02","https://cdn.shopify.com/s/files/1/0549/2926/0637/files/WhatsApp_Image_2025-03-28_at_6.02.22_PM.jpg?width=800","aplus_img4","10","Absolute","//body/div[@id='nt_wrapper']/div[@id='nt_content']/div/div[1]/div[@class='a_plus_wrapper']/div[@class='aplus-sctn'][4]/div[@class='img-sctn']/img","Content","HTML","","",""
"Image","https://offlimits.co.in/collections/mens-bestsellers/products/swat-orm-600-03","https://cdn.shopify.com/s/files/1/0549/2926/0637/files/WhatsApp_Image_2025-03-28_at_6.02.22_PM.jpg?width=800","aplus_img4","10","Absolute","//body/div[@id='nt_wrapper']/div[@id='nt_content']/div/div[1]/div[@class='a_plus_wrapper']/div[@class='aplus-sctn'][4]/div[@class='img-sctn']/img","Content","HTML","","",""
"Image","https://offlimits.co.in/collections/new-arrivals-2026/products/griffith-big-tall-off-white-green-ocm-936-05","https://cdn.shopify.com/s/files/1/0549/2926/0637/files/WhatsApp_Image_2025-03-28_at_6.02.22_PM.jpg?width=800","aplus_img4","10","Absolute","//body/div[@id='nt_wrapper']/div[@id='nt_content']/div/div[1]/div[@class='a_plus_wrapper']/div[@class='aplus-sctn'][4]/div[@class='img-sctn']/img","Content","HTML","","",""
"Image","https://offlimits.co.in/collections/mens-bestsellers/products/stussy-memory-tech-1-orm-407-08","https://cdn.shopify.com/s/files/1/0549/2926/0637/files/WhatsApp_Image_2025-03-28_at_6.02.22_PM.jpg?width=800","aplus_img4","10","Absolute","//body/div[@id='nt_wrapper']/div[@id='nt_content']/div/div[1]/div[@class='a_plus_wrapper']/div[@class='aplus-sctn'][4]/div[@class='img-sctn']/img","Content","HTML","","",""
"Image","https://offlimits.co.in/collections/new-arrivals-2026/products/hoop-off-white-honey-orm-867-02","https://cdn.shopify.com/s/files/1/0549/2926/0637/files/WhatsApp_Image_2025-03-28_at_6.02.22_PM.jpg?width=800","aplus_img4","10","Absolute","//body/div[@id='nt_wrapper']/div[@id='nt_content']/div/div[1]/div[@class='a_plus_wrapper']/div[@class='aplus-sctn'][4]/div[@class='img-sctn']/img","Content","HTML","","",""
"Image","https://offlimits.co.in/collections/new-arrivals-2026/products/roger-select-blue-ocm-915-12","https://cdn.shopify.com/s/files/1/0549/2926/0637/files/WhatsApp_Image_2025-03-28_at_6.02.22_PM.jpg?width=800","aplus_img4","10","Absolute","//body/div[@id='nt_wrapper']/div[@id='nt_content']/div/div[1]/div[@class='a_plus_wrapper']/div[@class='aplus-sctn'][4]/div[@class='img-sctn']/img","Content","HTML","","",""
"Image","https://offlimits.co.in/collections/mens-running-gym-shoes/products/gladiator-light-grey-orm-661-06","https://cdn.shopify.com/s/files/1/0549/2926/0637/files/WhatsApp_Image_2025-03-28_at_6.02.22_PM.jpg?width=800","aplus_img4","10","Absolute","//body/div[@id='nt_wrapper']/div[@id='nt_content']/div/div[1]/div[@class='a_plus_wrapper']/div[@class='aplus-sctn'][4]/div[@class='img-sctn']/img","Content","HTML","","",""
"Image","https://offlimits.co.in/collections/low-top-shoes-for-men/products/speed-cat-crazy-horse-tan-ocm-062-04","https://cdn.shopify.com/s/files/1/0549/2926/0637/files/WhatsApp_Image_2025-03-28_at_6.02.22_PM.jpg?width=800","aplus_img4","10","Absolute","//body/div[@id='nt_wrapper']/div[@id='nt_content']/div/div[1]/div[@class='a_plus_wrapper']/div[@class='aplus-sctn'][4]/div[@class='img-sctn']/img","Content","HTML","","",""
"Image","https://offlimits.co.in/collections/men-lifestyle-recover-kicks/products/magnum-black-ocm-750-02","https://cdn.shopify.com/s/files/1/0549/2926/0637/files/WhatsApp_Image_2025-03-28_at_6.02.22_PM.jpg?width=800","aplus_img4","10","Absolute","//body/div[@id='nt_wrapper']/div[@id='nt_content']/div/div[1]/div[@class='a_plus_wrapper']/div[@class='aplus-sctn'][4]/div[@class='img-sctn']/img","Content","HTML","","",""
"Image","https://offlimits.co.in/collections/men-lifestyle-recover-kicks/products/stussy-brown-orm-407-40","https://cdn.shopify.com/s/files/1/0549/2926/0637/files/WhatsApp_Image_2025-03-28_at_6.02.22_PM.jpg?width=800","aplus_img4","10","Absolute","//body/div[@id='nt_wrapper']/div[@id='nt_content']/div/div[1]/div[@class='a_plus_wrapper']/div[@class='aplus-sctn'][4]/div[@class='img-sctn']/img","Content","HTML","","",""
"Image","https://offlimits.co.in/collections/men-lifestyle-recover-kicks/products/tribe-x-black-matte-ocm-769-02","https://cdn.shopify.com/s/files/1/0549/2926/0637/files/WhatsApp_Image_2025-03-28_at_6.02.22_PM.jpg?width=800","aplus_img4","10","Absolute","//body/div[@id='nt_wrapper']/div[@id='nt_content']/div/div[1]/div[@class='a_plus_wrapper']/div[@class='aplus-sctn'][4]/div[@class='img-sctn']/img","Content","HTML","","",""
"Image","https://offlimits.co.in/collections/women-running-shoes/products/pulsara-for-her-off-white-pink-orw-889-02","https://cdn.shopify.com/s/files/1/0549/2926/0637/files/WhatsApp_Image_2025-03-28_at_6.02.22_PM.jpg?width=800","aplus_img4","10","Absolute","//body/div[@id='nt_wrapper']/div[@id='nt_content']/div/div[1]/div[@class='a_plus_wrapper']/div[@class='aplus-sctn'][4]/div[@class='img-sctn']/img","Content","HTML","","",""
"Image","https://offlimits.co.in/collections/women-running-shoes/products/speedster-for-her-off-white-light-grey-orw-730-06","https://cdn.shopify.com/s/files/1/0549/2926/0637/files/WhatsApp_Image_2025-03-28_at_6.02.22_PM.jpg?width=800","aplus_img4","10","Absolute","//body/div[@id='nt_wrapper']/div[@id='nt_content']/div/div[1]/div[@class='a_plus_wrapper']/div[@class='aplus-sctn'][4]/div[@class='img-sctn']/img","Content","HTML","","",""
"Image","https://offlimits.co.in/collections/men-shorts/products/mens-pol-cns-mesh-shorts-obm-77-01","https://cdn.shopify.com/s/files/1/0549/2926/0637/files/WhatsApp_Image_2025-03-28_at_6.02.22_PM.jpg?width=800","aplus_img4","10","Absolute","//body/div[@id='nt_wrapper']/div[@id='nt_content']/div/div[1]/div[@class='a_plus_wrapper']/div[@class='aplus-sctn'][4]/div[@class='img-sctn']/img","Content","HTML","","",""
"Image","https://offlimits.co.in/collections/men-running-shoes/products/gladiator-off-white-orm-661-02","https://cdn.shopify.com/s/files/1/0549/2926/0637/files/WhatsApp_Image_2025-03-28_at_6.02.22_PM.jpg?width=800","aplus_img4","10","Absolute","//body/div[@id='nt_wrapper']/div[@id='nt_content']/div/div[1]/div[@class='a_plus_wrapper']/div[@class='aplus-sctn'][4]/div[@class='img-sctn']/img","Content","HTML","","",""
"Image","https://offlimits.co.in/collections/men-running-shoes/products/gladiator-off-white-beige-orm-661-17","https://cdn.shopify.com/s/files/1/0549/2926/0637/files/WhatsApp_Image_2025-03-28_at_6.02.22_PM.jpg?width=800","aplus_img4","10","Absolute","//body/div[@id='nt_wrapper']/div[@id='nt_content']/div/div[1]/div[@class='a_plus_wrapper']/div[@class='aplus-sctn'][4]/div[@class='img-sctn']/img","Content","HTML","","",""
"Image","https://offlimits.co.in/collections/mens-bestsellers/products/gladiator-off-white-orm-661-02","https://cdn.shopify.com/s/files/1/0549/2926/0637/files/A_3.png?width=800","aplus_img2","10","Absolute","//body/div[@id='nt_wrapper']/div[@id='nt_content']/div/div[1]/div[@class='a_plus_wrapper']/div[@class='aplus-sctn'][2]/div[@class='img-sctn']/img","Content","HTML","","",""
"Image","https://offlimits.co.in/collections/mens-bestsellers/products/swat-orm-600-03","https://cdn.shopify.com/s/files/1/0549/2926/0637/files/A_3.png?width=800","aplus_img2","10","Absolute","//body/div[@id='nt_wrapper']/div[@id='nt_content']/div/div[1]/div[@class='a_plus_wrapper']/div[@class='aplus-sctn'][2]/div[@class='img-sctn']/img","Content","HTML","","",""
"Image","https://offlimits.co.in/collections/new-arrivals-2026/products/griffith-big-tall-off-white-green-ocm-936-05","https://cdn.shopify.com/s/files/1/0549/2926/0637/files/A_3.png?width=800","aplus_img2","10","Absolute","//body/div[@id='nt_wrapper']/div[@id='nt_content']/div/div[1]/div[@class='a_plus_wrapper']/div[@class='aplus-sctn'][2]/div[@class='img-sctn']/img","Content","HTML","","",""
"Image","https://offlimits.co.in/collections/mens-bestsellers/products/stussy-memory-tech-1-orm-407-08","https://cdn.shopify.com/s/files/1/0549/2926/0637/files/A_3.png?width=800","aplus_img2","10","Absolute","//body/div[@id='nt_wrapper']/div[@id='nt_content']/div/div[1]/div[@class='a_plus_wrapper']/div[@class='aplus-sctn'][2]/div[@class='img-sctn']/img","Content","HTML","","",""
"Image","https://offlimits.co.in/collections/new-arrivals-2026/products/hoop-off-white-honey-orm-867-02","https://cdn.shopify.com/s/files/1/0549/2926/0637/files/A_3.png?width=800","aplus_img2","10","Absolute","//body/div[@id='nt_wrapper']/div[@id='nt_content']/div/div[1]/div[@class='a_plus_wrapper']/div[@class='aplus-sctn'][2]/div[@class='img-sctn']/img","Content","HTML","","",""
"Image","https://offlimits.co.in/collections/new-arrivals-2026/products/roger-select-blue-ocm-915-12","https://cdn.shopify.com/s/files/1/0549/2926/0637/files/A_3.png?width=800","aplus_img2","10","Absolute","//body/div[@id='nt_wrapper']/div[@id='nt_content']/div/div[1]/div[@class='a_plus_wrapper']/div[@class='aplus-sctn'][2]/div[@class='img-sctn']/img","Content","HTML","","",""
"Image","https://offlimits.co.in/collections/mens-running-gym-shoes/products/gladiator-light-grey-orm-661-06","https://cdn.shopify.com/s/files/1/0549/2926/0637/files/A_3.png?width=800","aplus_img2","10","Absolute","//body/div[@id='nt_wrapper']/div[@id='nt_content']/div/div[1]/div[@class='a_plus_wrapper']/div[@class='aplus-sctn'][2]/div[@class='img-sctn']/img","Content","HTML","","",""
"Image","https://offlimits.co.in/collections/low-top-shoes-for-men/products/speed-cat-crazy-horse-tan-ocm-062-04","https://cdn.shopify.com/s/files/1/0549/2926/0637/files/A_3.png?width=800","aplus_img2","10","Absolute","//body/div[@id='nt_wrapper']/div[@id='nt_content']/div/div[1]/div[@class='a_plus_wrapper']/div[@class='aplus-sctn'][2]/div[@class='img-sctn']/img","Content","HTML","","",""
"Image","https://offlimits.co.in/collections/men-lifestyle-recover-kicks/products/magnum-black-ocm-750-02","https://cdn.shopify.com/s/files/1/0549/2926/0637/files/A_3.png?width=800","aplus_img2","10","Absolute","//body/div[@id='nt_wrapper']/div[@id='nt_content']/div/div[1]/div[@class='a_plus_wrapper']/div[@class='aplus-sctn'][2]/div[@class='img-sctn']/img","Content","HTML","","",""
"Image","https://offlimits.co.in/collections/men-lifestyle-recover-kicks/products/stussy-brown-orm-407-40","https://cdn.shopify.com/s/files/1/0549/2926/0637/files/A_3.png?width=800","aplus_img2","10","Absolute","//body/div[@id='nt_wrapper']/div[@id='nt_content']/div/div[1]/div[@class='a_plus_wrapper']/div[@class='aplus-sctn'][2]/div[@class='img-sctn']/img","Content","HTML","","",""
"Image","https://offlimits.co.in/collections/men-lifestyle-recover-kicks/products/tribe-x-black-matte-ocm-769-02","https://cdn.shopify.com/s/files/1/0549/2926/0637/files/A_3.png?width=800","aplus_img2","10","Absolute","//body/div[@id='nt_wrapper']/div[@id='nt_content']/div/div[1]/div[@class='a_plus_wrapper']/div[@class='aplus-sctn'][2]/div[@class='img-sctn']/img","Content","HTML","","",""
"Image","https://offlimits.co.in/collections/women-running-shoes/products/pulsara-for-her-off-white-pink-orw-889-02","https://cdn.shopify.com/s/files/1/0549/2926/0637/files/A_3.png?width=800","aplus_img2","10","Absolute","//body/div[@id='nt_wrapper']/div[@id='nt_content']/div/div[1]/div[@class='a_plus_wrapper']/div[@class='aplus-sctn'][2]/div[@class='img-sctn']/img","Content","HTML","","",""
"Image","https://offlimits.co.in/collections/women-running-shoes/products/speedster-for-her-off-white-light-grey-orw-730-06","https://cdn.shopify.com/s/files/1/0549/2926/0637/files/A_3.png?width=800","aplus_img2","10","Absolute","//body/div[@id='nt_wrapper']/div[@id='nt_content']/div/div[1]/div[@class='a_plus_wrapper']/div[@class='aplus-sctn'][2]/div[@class='img-sctn']/img","Content","HTML","","",""
"Image","https://offlimits.co.in/collections/men-shorts/products/mens-pol-cns-mesh-shorts-obm-77-01","https://cdn.shopify.com/s/files/1/0549/2926/0637/files/A_3.png?width=800","aplus_img2","10","Absolute","//body/div[@id='nt_wrapper']/div[@id='nt_content']/div/div[1]/div[@class='a_plus_wrapper']/div[@class='aplus-sctn'][2]/div[@class='img-sctn']/img","Content","HTML","","",""
"Image","https://offlimits.co.in/collections/men-running-shoes/products/gladiator-off-white-orm-661-02","https://cdn.shopify.com/s/files/1/0549/2926/0637/files/A_3.png?width=800","aplus_img2","10","Absolute","//body/div[@id='nt_wrapper']/div[@id='nt_content']/div/div[1]/div[@class='a_plus_wrapper']/div[@class='aplus-sctn'][2]/div[@class='img-sctn']/img","Content","HTML","","",""
"Image","https://offlimits.co.in/collections/men-running-shoes/products/gladiator-off-white-beige-orm-661-17","https://cdn.shopify.com/s/files/1/0549/2926/0637/files/A_3.png?width=800","aplus_img2","10","Absolute","//body/div[@id='nt_wrapper']/div[@id='nt_content']/div/div[1]/div[@class='a_plus_wrapper']/div[@class='aplus-sctn'][2]/div[@class='img-sctn']/img","Content","HTML","","",""
"Image","https://offlimits.co.in/collections/mens-bestsellers/products/gladiator-off-white-orm-661-02","https://cdn.shopify.com/s/files/1/0549/2926/0637/files/Component_4_1.svg?v=1693812107","free_shipping","13","Absolute","//body/div[@id='nt_wrapper']/div[@id='nt_content']/div/div[1]/div[@id='product-7653984043101']/div/div/div[2]/div/div[@id='shopify-section-pr_summary']/div[3]/div/form/div[4]/div[6]/div[2]/div/img","Content","HTML","","",""
"Image","https://offlimits.co.in/collections/mens-bestsellers/products/swat-orm-600-03","https://cdn.shopify.com/s/files/1/0549/2926/0637/files/Component_4_1.svg?v=1693812107","free_shipping","13","Absolute","//body/div[@id='nt_wrapper']/div[@id='nt_content']/div/div[1]/div[@id='product-7147066753117']/div/div/div[2]/div/div[@id='shopify-section-pr_summary']/div[3]/div/form/div[4]/div[6]/div[2]/div/img","Content","HTML","","",""
"Image","https://offlimits.co.in/collections/new-arrivals-2026/products/griffith-big-tall-off-white-green-ocm-936-05","https://cdn.shopify.com/s/files/1/0549/2926/0637/files/Component_4_1.svg?v=1693812107","free_shipping","13","Absolute","//body/div[@id='nt_wrapper']/div[@id='nt_content']/div/div[1]/div[@id='product-8205036847197']/div/div/div[2]/div/div[@id='shopify-section-pr_summary']/div[3]/div/form/div[4]/div[6]/div[2]/div/img","Content","HTML","","",""
"Image","https://offlimits.co.in/collections/mens-bestsellers/products/stussy-memory-tech-1-orm-407-08","https://cdn.shopify.com/s/files/1/0549/2926/0637/files/Component_4_1.svg?v=1693812107","free_shipping","13","Absolute","//body/div[@id='nt_wrapper']/div[@id='nt_content']/div/div[1]/div[@id='product-6857386819677']/div/div/div[2]/div/div[@id='shopify-section-pr_summary']/div[3]/div/form/div[4]/div[6]/div[2]/div/img","Content","HTML","","",""
"Image","https://offlimits.co.in/collections/new-arrivals-2026/products/hoop-off-white-honey-orm-867-02","https://cdn.shopify.com/s/files/1/0549/2926/0637/files/Component_4_1.svg?v=1693812107","free_shipping","13","Absolute","//body/div[@id='nt_wrapper']/div[@id='nt_content']/div/div[1]/div[@id='product-8200474427485']/div/div/div[2]/div/div[@id='shopify-section-pr_summary']/div[3]/div/form/div[4]/div[6]/div[2]/div/img","Content","HTML","","",""
"Image","https://offlimits.co.in/collections/new-arrivals-2026/products/roger-select-blue-ocm-915-12","https://cdn.shopify.com/s/files/1/0549/2926/0637/files/Component_4_1.svg?v=1693812107","free_shipping","13","Absolute","//body/div[@id='nt_wrapper']/div[@id='nt_content']/div/div[1]/div[@id='product-8204884508765']/div/div/div[2]/div/div[@id='shopify-section-pr_summary']/div[3]/div/form/div[4]/div[6]/div[2]/div/img","Content","HTML","","",""
"Image","https://offlimits.co.in/collections/mens-running-gym-shoes/products/gladiator-light-grey-orm-661-06","https://cdn.shopify.com/s/files/1/0549/2926/0637/files/Component_4_1.svg?v=1693812107","free_shipping","13","Absolute","//body/div[@id='nt_wrapper']/div[@id='nt_content']/div/div[1]/div[@id='product-8044521848925']/div/div/div[2]/div/div[@id='shopify-section-pr_summary']/div[3]/div/form/div[4]/div[6]/div[2]/div/img","Content","HTML","","",""
"Image","https://offlimits.co.in/collections/low-top-shoes-for-men/products/speed-cat-crazy-horse-tan-ocm-062-04","https://cdn.shopify.com/s/files/1/0549/2926/0637/files/Component_4_1.svg?v=1693812107","free_shipping","13","Absolute","//body/div[@id='nt_wrapper']/div[@id='nt_content']/div/div[1]/div[@id='product-7646788124765']/div/div/div[2]/div/div[@id='shopify-section-pr_summary']/div[3]/div/form/div[4]/div[6]/div[2]/div/img","Content","HTML","","",""
"Image","https://offlimits.co.in/collections/men-lifestyle-recover-kicks/products/magnum-black-ocm-750-02","https://cdn.shopify.com/s/files/1/0549/2926/0637/files/Component_4_1.svg?v=1693812107","free_shipping","13","Absolute","//body/div[@id='nt_wrapper']/div[@id='nt_content']/div/div[1]/div[@id='product-7868982001757']/div/div/div[2]/div/div[@id='shopify-section-pr_summary']/div[3]/div/form/div[4]/div[6]/div[2]/div/img","Content","HTML","","",""
"Image","https://offlimits.co.in/collections/men-lifestyle-recover-kicks/products/stussy-brown-orm-407-40","https://cdn.shopify.com/s/files/1/0549/2926/0637/files/Component_4_1.svg?v=1693812107","free_shipping","13","Absolute","//body/div[@id='nt_wrapper']/div[@id='nt_content']/div/div[1]/div[@id='product-7507874480221']/div/div/div[2]/div/div[@id='shopify-section-pr_summary']/div[3]/div/form/div[4]/div[6]/div[2]/div/img","Content","HTML","","",""
"Image","https://offlimits.co.in/collections/men-lifestyle-recover-kicks/products/tribe-x-black-matte-ocm-769-02","https://cdn.shopify.com/s/files/1/0549/2926/0637/files/Component_4_1.svg?v=1693812107","free_shipping","13","Absolute","//body/div[@id='nt_wrapper']/div[@id='nt_content']/div/div[1]/div[@id='product-8108041633885']/div/div/div[2]/div/div[@id='shopify-section-pr_summary']/div[3]/div/form/div[4]/div[6]/div[2]/div/img","Content","HTML","","",""
"Image","https://offlimits.co.in/collections/women-running-shoes/products/pulsara-for-her-off-white-pink-orw-889-02","https://cdn.shopify.com/s/files/1/0549/2926/0637/files/Component_4_1.svg?v=1693812107","free_shipping","13","Absolute","//body/div[@id='nt_wrapper']/div[@id='nt_content']/div/div[1]/div[@id='product-8114937397341']/div/div/div[2]/div/div[@id='shopify-section-pr_summary']/div[3]/div/form/div[4]/div[6]/div[2]/div/img","Content","HTML","","",""
"Image","https://offlimits.co.in/collections/women-running-shoes/products/speedster-for-her-off-white-light-grey-orw-730-06","https://cdn.shopify.com/s/files/1/0549/2926/0637/files/Component_4_1.svg?v=1693812107","free_shipping","13","Absolute","//body/div[@id='nt_wrapper']/div[@id='nt_content']/div/div[1]/div[@id='product-7882890903645']/div/div/div[2]/div/div[@id='shopify-section-pr_summary']/div[3]/div/form/div[4]/div[6]/div[2]/div/img","Content","HTML","","",""
"Image","https://offlimits.co.in/collections/men-shorts/products/mens-pol-cns-mesh-shorts-obm-77-01","https://cdn.shopify.com/s/files/1/0549/2926/0637/files/Component_4_1.svg?v=1693812107","free_shipping","13","Absolute","//body/div[@id='nt_wrapper']/div[@id='nt_content']/div/div[1]/div[@id='product-6882536194141']/div/div/div[2]/div/div[@id='shopify-section-pr_summary']/div[3]/div/form/div[4]/div[6]/div[2]/div/img","Content","HTML","","",""
"Image","https://offlimits.co.in/collections/men-running-shoes/products/gladiator-off-white-orm-661-02","https://cdn.shopify.com/s/files/1/0549/2926/0637/files/Component_4_1.svg?v=1693812107","free_shipping","13","Absolute","//body/div[@id='nt_wrapper']/div[@id='nt_content']/div/div[1]/div[@id='product-7653984043101']/div/div/div[2]/div/div[@id='shopify-section-pr_summary']/div[3]/div/form/div[4]/div[6]/div[2]/div/img","Content","HTML","","",""
"Image","https://offlimits.co.in/collections/men-running-shoes/products/gladiator-off-white-beige-orm-661-17","https://cdn.shopify.com/s/files/1/0549/2926/0637/files/Component_4_1.svg?v=1693812107","free_shipping","13","Absolute","//body/div[@id='nt_wrapper']/div[@id='nt_content']/div/div[1]/div[@id='product-8148195246173']/div/div/div[2]/div/div[@id='shopify-section-pr_summary']/div[3]/div/form/div[4]/div[6]/div[2]/div/img","Content","HTML","","",""
"Image","https://offlimits.co.in/collections/mens-bestsellers/products/gladiator-off-white-orm-661-02","https://offlimits.co.in/cdn/shop/files/14_1_f780662b-3786-4e56-ac0f-ab28adfef02c.jpg?v=1772536168","GLADIATOR - OFF WHITE","21","Protocol-Relative","//body/div[@id='nt_wrapper']/div[@id='nt_content']/div/div[1]/div[@id='product-7653984043101']/div/div/div[1]/div/div/div[1]/div[8]/div/noscript/img","Content","HTML","","",""
"Image","https://offlimits.co.in/collections/men-running-shoes/products/gladiator-off-white-orm-661-02","https://offlimits.co.in/cdn/shop/files/14_1_f780662b-3786-4e56-ac0f-ab28adfef02c.jpg?v=1772536168","GLADIATOR - OFF WHITE","21","Protocol-Relative","//body/div[@id='nt_wrapper']/div[@id='nt_content']/div/div[1]/div[@id='product-7653984043101']/div/div/div[1]/div/div/div[1]/div[8]/div/noscript/img","Content","HTML","","",""
"Image","https://offlimits.co.in/collections/mens-bestsellers/products/gladiator-off-white-orm-661-02","https://offlimits.co.in/cdn/shop/files/preview_images/85ce94207ac54e9ca4f744165e5bba28.thumbnail.0000000000_1024x1024.jpg?v=1755940375","","0","Protocol-Relative","//body/div[@id='nt_wrapper']/div[@id='nt_content']/div/div[1]/div[@id='product-7653984043101']/div/div/div[1]/div/div/div[1]/div[9]/div/video/img","Content","HTML","","",""
"Image","https://offlimits.co.in/collections/men-running-shoes/products/gladiator-off-white-orm-661-02","https://offlimits.co.in/cdn/shop/files/preview_images/85ce94207ac54e9ca4f744165e5bba28.thumbnail.0000000000_1024x1024.jpg?v=1755940375","","0","Protocol-Relative","//body/div[@id='nt_wrapper']/div[@id='nt_content']/div/div[1]/div[@id='product-7653984043101']/div/div/div[1]/div/div/div[1]/div[9]/div/video/img","Content","HTML","","",""
"Image","https://offlimits.co.in/collections/mens-bestsellers/products/gladiator-off-white-orm-661-02","https://offlimits.co.in/cdn/shop/files/ORM-66102_4.jpg?v=1772535918","GLADIATOR - OFF WHITE","21","Protocol-Relative","//body/div[@id='nt_wrapper']/div[@id='nt_content']/div/div[1]/div[@id='product-7653984043101']/div/div/div[1]/div/div/div[1]/div[4]/div/noscript/img","Content","HTML","","",""
"Image","https://offlimits.co.in/collections/men-running-shoes/products/gladiator-off-white-orm-661-02","https://offlimits.co.in/cdn/shop/files/ORM-66102_4.jpg?v=1772535918","GLADIATOR - OFF WHITE","21","Protocol-Relative","//body/div[@id='nt_wrapper']/div[@id='nt_content']/div/div[1]/div[@id='product-7653984043101']/div/div/div[1]/div/div/div[1]/div[4]/div/noscript/img","Content","HTML","","",""
"Image","https://offlimits.co.in/collections/mens-bestsellers/products/gladiator-off-white-orm-661-02","https://cdn.shopify.com/s/files/1/0549/2926/0637/files/Component_6_1.svg?v=1693811938","easy_return","11","Absolute","//body/div[@id='nt_wrapper']/div[@id='nt_content']/div/div[1]/div[@id='product-7653984043101']/div/div/div[2]/div/div[@id='shopify-section-pr_summary']/div[3]/div/form/div[4]/div[6]/div[1]/div/img","Content","HTML","","",""
"Image","https://offlimits.co.in/collections/mens-bestsellers/products/swat-orm-600-03","https://cdn.shopify.com/s/files/1/0549/2926/0637/files/Component_6_1.svg?v=1693811938","easy_return","11","Absolute","//body/div[@id='nt_wrapper']/div[@id='nt_content']/div/div[1]/div[@id='product-7147066753117']/div/div/div[2]/div/div[@id='shopify-section-pr_summary']/div[3]/div/form/div[4]/div[6]/div[1]/div/img","Content","HTML","","",""
"Image","https://offlimits.co.in/collections/new-arrivals-2026/products/griffith-big-tall-off-white-green-ocm-936-05","https://cdn.shopify.com/s/files/1/0549/2926/0637/files/Component_6_1.svg?v=1693811938","easy_return","11","Absolute","//body/div[@id='nt_wrapper']/div[@id='nt_content']/div/div[1]/div[@id='product-8205036847197']/div/div/div[2]/div/div[@id='shopify-section-pr_summary']/div[3]/div/form/div[4]/div[6]/div[1]/div/img","Content","HTML","","",""
"Image","https://offlimits.co.in/collections/mens-bestsellers/products/stussy-memory-tech-1-orm-407-08","https://cdn.shopify.com/s/files/1/0549/2926/0637/files/Component_6_1.svg?v=1693811938","easy_return","11","Absolute","//body/div[@id='nt_wrapper']/div[@id='nt_content']/div/div[1]/div[@id='product-6857386819677']/div/div/div[2]/div/div[@id='shopify-section-pr_summary']/div[3]/div/form/div[4]/div[6]/div[1]/div/img","Content","HTML","","",""
"Image","https://offlimits.co.in/collections/new-arrivals-2026/products/hoop-off-white-honey-orm-867-02","https://cdn.shopify.com/s/files/1/0549/2926/0637/files/Component_6_1.svg?v=1693811938","easy_return","11","Absolute","//body/div[@id='nt_wrapper']/div[@id='nt_content']/div/div[1]/div[@id='product-8200474427485']/div/div/div[2]/div/div[@id='shopify-section-pr_summary']/div[3]/div/form/div[4]/div[6]/div[1]/div/img","Content","HTML","","",""
"Image","https://offlimits.co.in/collections/new-arrivals-2026/products/roger-select-blue-ocm-915-12","https://cdn.shopify.com/s/files/1/0549/2926/0637/files/Component_6_1.svg?v=1693811938","easy_return","11","Absolute","//body/div[@id='nt_wrapper']/div[@id='nt_content']/div/div[1]/div[@id='product-8204884508765']/div/div/div[2]/div/div[@id='shopify-section-pr_summary']/div[3]/div/form/div[4]/div[6]/div[1]/div/img","Content","HTML","","",""
"Image","https://offlimits.co.in/collections/mens-running-gym-shoes/products/gladiator-light-grey-orm-661-06","https://cdn.shopify.com/s/files/1/0549/2926/0637/files/Component_6_1.svg?v=1693811938","easy_return","11","Absolute","//body/div[@id='nt_wrapper']/div[@id='nt_content']/div/div[1]/div[@id='product-8044521848925']/div/div/div[2]/div/div[@id='shopify-section-pr_summary']/div[3]/div/form/div[4]/div[6]/div[1]/div/img","Content","HTML","","",""
"Image","https://offlimits.co.in/collections/low-top-shoes-for-men/products/speed-cat-crazy-horse-tan-ocm-062-04","https://cdn.shopify.com/s/files/1/0549/2926/0637/files/Component_6_1.svg?v=1693811938","easy_return","11","Absolute","//body/div[@id='nt_wrapper']/div[@id='nt_content']/div/div[1]/div[@id='product-7646788124765']/div/div/div[2]/div/div[@id='shopify-section-pr_summary']/div[3]/div/form/div[4]/div[6]/div[1]/div/img","Content","HTML","","",""
"Image","https://offlimits.co.in/collections/men-lifestyle-recover-kicks/products/magnum-black-ocm-750-02","https://cdn.shopify.com/s/files/1/0549/2926/0637/files/Component_6_1.svg?v=1693811938","easy_return","11","Absolute","//body/div[@id='nt_wrapper']/div[@id='nt_content']/div/div[1]/div[@id='product-7868982001757']/div/div/div[2]/div/div[@id='shopify-section-pr_summary']/div[3]/div/form/div[4]/div[6]/div[1]/div/img","Content","HTML","","",""
"Image","https://offlimits.co.in/collections/men-lifestyle-recover-kicks/products/stussy-brown-orm-407-40","https://cdn.shopify.com/s/files/1/0549/2926/0637/files/Component_6_1.svg?v=1693811938","easy_return","11","Absolute","//body/div[@id='nt_wrapper']/div[@id='nt_content']/div/div[1]/div[@id='product-7507874480221']/div/div/div[2]/div/div[@id='shopify-section-pr_summary']/div[3]/div/form/div[4]/div[6]/div[1]/div/img","Content","HTML","","",""
"Image","https://offlimits.co.in/collections/men-lifestyle-recover-kicks/products/tribe-x-black-matte-ocm-769-02","https://cdn.shopify.com/s/files/1/0549/2926/0637/files/Component_6_1.svg?v=1693811938","easy_return","11","Absolute","//body/div[@id='nt_wrapper']/div[@id='nt_content']/div/div[1]/div[@id='product-8108041633885']/div/div/div[2]/div/div[@id='shopify-section-pr_summary']/div[3]/div/form/div[4]/div[6]/div[1]/div/img","Content","HTML","","",""
"Image","https://offlimits.co.in/collections/women-running-shoes/products/pulsara-for-her-off-white-pink-orw-889-02","https://cdn.shopify.com/s/files/1/0549/2926/0637/files/Component_6_1.svg?v=1693811938","easy_return","11","Absolute","//body/div[@id='nt_wrapper']/div[@id='nt_content']/div/div[1]/div[@id='product-8114937397341']/div/div/div[2]/div/div[@id='shopify-section-pr_summary']/div[3]/div/form/div[4]/div[6]/div[1]/div/img","Content","HTML","","",""
"Image","https://offlimits.co.in/collections/women-running-shoes/products/speedster-for-her-off-white-light-grey-orw-730-06","https://cdn.shopify.com/s/files/1/0549/2926/0637/files/Component_6_1.svg?v=1693811938","easy_return","11","Absolute","//body/div[@id='nt_wrapper']/div[@id='nt_content']/div/div[1]/div[@id='product-7882890903645']/div/div/div[2]/div/div[@id='shopify-section-pr_summary']/div[3]/div/form/div[4]/div[6]/div[1]/div/img","Content","HTML","","",""
"Image","https://offlimits.co.in/collections/men-shorts/products/mens-pol-cns-mesh-shorts-obm-77-01","https://cdn.shopify.com/s/files/1/0549/2926/0637/files/Component_6_1.svg?v=1693811938","easy_return","11","Absolute","//body/div[@id='nt_wrapper']/div[@id='nt_content']/div/div[1]/div[@id='product-6882536194141']/div/div/div[2]/div/div[@id='shopify-section-pr_summary']/div[3]/div/form/div[4]/div[6]/div[1]/div/img","Content","HTML","","",""
"Image","https://offlimits.co.in/collections/men-running-shoes/products/gladiator-off-white-orm-661-02","https://cdn.shopify.com/s/files/1/0549/2926/0637/files/Component_6_1.svg?v=1693811938","easy_return","11","Absolute","//body/div[@id='nt_wrapper']/div[@id='nt_content']/div/div[1]/div[@id='product-7653984043101']/div/div/div[2]/div/div[@id='shopify-section-pr_summary']/div[3]/div/form/div[4]/div[6]/div[1]/div/img","Content","HTML","","",""
"Image","https://offlimits.co.in/collections/men-running-shoes/products/gladiator-off-white-beige-orm-661-17","https://cdn.shopify.com/s/files/1/0549/2926/0637/files/Component_6_1.svg?v=1693811938","easy_return","11","Absolute","//body/div[@id='nt_wrapper']/div[@id='nt_content']/div/div[1]/div[@id='product-8148195246173']/div/div/div[2]/div/div[@id='shopify-section-pr_summary']/div[3]/div/form/div[4]/div[6]/div[1]/div/img","Content","HTML","","",""
"Image","https://offlimits.co.in/collections/mens-bestsellers/products/gladiator-off-white-orm-661-02","https://offlimits.co.in/cdn/shop/files/s2s_a3650d04-1563-4c46-b062-fdbfdc8697be.png?v=1775135200","GLADIATOR - OFF WHITE","21","Protocol-Relative","//body/div[@id='nt_wrapper']/div[@id='nt_content']/div/div[1]/div[@id='product-7653984043101']/div/div/div[1]/div/div/div[1]/div[11]/div/noscript/img","Content","HTML","","",""
"Image","https://offlimits.co.in/collections/mens-bestsellers/products/swat-orm-600-03","https://offlimits.co.in/cdn/shop/files/s2s_a3650d04-1563-4c46-b062-fdbfdc8697be.png?v=1775135200","S.W.A.T. - WHITE","16","Protocol-Relative","//body/div[@id='nt_wrapper']/div[@id='nt_content']/div/div[1]/div[@id='product-7147066753117']/div/div/div[1]/div/div/div[1]/div[11]/div/noscript/img","Content","HTML","","",""
"Image","https://offlimits.co.in/collections/men-lifestyle-recover-kicks/products/stussy-brown-orm-407-40","https://offlimits.co.in/cdn/shop/files/s2s_a3650d04-1563-4c46-b062-fdbfdc8697be.png?v=1775135200","STUSSY - BROWN","14","Protocol-Relative","//body/div[@id='nt_wrapper']/div[@id='nt_content']/div/div[1]/div[@id='product-7507874480221']/div/div/div[1]/div/div/div[1]/div[11]/div/noscript/img","Content","HTML","","",""
"Image","https://offlimits.co.in/collections/men-running-shoes/products/gladiator-off-white-orm-661-02","https://offlimits.co.in/cdn/shop/files/s2s_a3650d04-1563-4c46-b062-fdbfdc8697be.png?v=1775135200","GLADIATOR - OFF WHITE","21","Protocol-Relative","//body/div[@id='nt_wrapper']/div[@id='nt_content']/div/div[1]/div[@id='product-7653984043101']/div/div/div[1]/div/div/div[1]/div[11]/div/noscript/img","Content","HTML","","",""
"Image","https://offlimits.co.in/collections/mens-bestsellers/products/gladiator-off-white-orm-661-02","https://offlimits.co.in/cdn/shop/files/ORM-66102_2.jpg?v=1721987884","GLADIATOR - OFF WHITE","21","Protocol-Relative","//body/div[@id='nt_wrapper']/div[@id='nt_content']/div/div[1]/div[@id='product-7653984043101']/div/div/div[1]/div/div/div[1]/div[2]/div/noscript/img","Content","HTML","","",""
"Image","https://offlimits.co.in/collections/men-running-shoes/products/gladiator-off-white-orm-661-02","https://offlimits.co.in/cdn/shop/files/ORM-66102_2.jpg?v=1721987884","GLADIATOR - OFF WHITE","21","Protocol-Relative","//body/div[@id='nt_wrapper']/div[@id='nt_content']/div/div[1]/div[@id='product-7653984043101']/div/div/div[1]/div/div/div[1]/div[2]/div/noscript/img","Content","HTML","","",""
"Image","https://offlimits.co.in/collections/mens-bestsellers/products/gladiator-off-white-orm-661-02","https://offlimits.co.in/cdn/shop/files/OLMenssizechart_af4bb732-6982-48cb-967e-8f2f4649cb5c.jpg?v=1774436088","GLADIATOR - OFF WHITE","21","Protocol-Relative","//body/div[@id='nt_wrapper']/div[@id='nt_content']/div/div[1]/div[@id='product-7653984043101']/div/div/div[1]/div/div/div[1]/div[10]/div/noscript/img","Content","HTML","","",""
"Image","https://offlimits.co.in/collections/men-running-shoes/products/gladiator-off-white-orm-661-02","https://offlimits.co.in/cdn/shop/files/OLMenssizechart_af4bb732-6982-48cb-967e-8f2f4649cb5c.jpg?v=1774436088","GLADIATOR - OFF WHITE","21","Protocol-Relative","//body/div[@id='nt_wrapper']/div[@id='nt_content']/div/div[1]/div[@id='product-7653984043101']/div/div/div[1]/div/div/div[1]/div[10]/div/noscript/img","Content","HTML","","",""
"Image","https://offlimits.co.in/collections/mens-bestsellers/products/gladiator-off-white-orm-661-02","https://offlimits.co.in/cdn/shop/files/ORM-66102_1.jpg?v=1721987884","GLADIATOR - OFF WHITE","21","Protocol-Relative","//body/div[@id='nt_wrapper']/div[@id='nt_content']/div/div[1]/div[@id='product-7653984043101']/div/div/div[1]/div/div/div[1]/div[1]/div/noscript/img","Content","HTML","","",""
"Image","https://offlimits.co.in/collections/men-running-shoes/products/gladiator-off-white-orm-661-02","https://offlimits.co.in/cdn/shop/files/ORM-66102_1.jpg?v=1721987884","GLADIATOR - OFF WHITE","21","Protocol-Relative","//body/div[@id='nt_wrapper']/div[@id='nt_content']/div/div[1]/div[@id='product-7653984043101']/div/div/div[1]/div/div/div[1]/div[1]/div/noscript/img","Content","HTML","","",""
"Image","https://offlimits.co.in/collections/mens-bestsellers/products/gladiator-off-white-orm-661-02","https://cdn.shopify.com/s/files/1/0549/2926/0637/files/A_1.png?width=800","aplus_img1","10","Absolute","//body/div[@id='nt_wrapper']/div[@id='nt_content']/div/div[1]/div[@class='a_plus_wrapper']/div[@class='aplus-sctn'][1]/div[@class='img-sctn']/img","Content","HTML","","",""
"Image","https://offlimits.co.in/collections/mens-bestsellers/products/swat-orm-600-03","https://cdn.shopify.com/s/files/1/0549/2926/0637/files/A_1.png?width=800","aplus_img1","10","Absolute","//body/div[@id='nt_wrapper']/div[@id='nt_content']/div/div[1]/div[@class='a_plus_wrapper']/div[@class='aplus-sctn'][1]/div[@class='img-sctn']/img","Content","HTML","","",""
"Image","https://offlimits.co.in/collections/new-arrivals-2026/products/griffith-big-tall-off-white-green-ocm-936-05","https://cdn.shopify.com/s/files/1/0549/2926/0637/files/A_1.png?width=800","aplus_img1","10","Absolute","//body/div[@id='nt_wrapper']/div[@id='nt_content']/div/div[1]/div[@class='a_plus_wrapper']/div[@class='aplus-sctn'][1]/div[@class='img-sctn']/img","Content","HTML","","",""
"Image","https://offlimits.co.in/collections/mens-bestsellers/products/stussy-memory-tech-1-orm-407-08","https://cdn.shopify.com/s/files/1/0549/2926/0637/files/A_1.png?width=800","aplus_img1","10","Absolute","//body/div[@id='nt_wrapper']/div[@id='nt_content']/div/div[1]/div[@class='a_plus_wrapper']/div[@class='aplus-sctn'][1]/div[@class='img-sctn']/img","Content","HTML","","",""
"Image","https://offlimits.co.in/collections/new-arrivals-2026/products/hoop-off-white-honey-orm-867-02","https://cdn.shopify.com/s/files/1/0549/2926/0637/files/A_1.png?width=800","aplus_img1","10","Absolute","//body/div[@id='nt_wrapper']/div[@id='nt_content']/div/div[1]/div[@class='a_plus_wrapper']/div[@class='aplus-sctn'][1]/div[@class='img-sctn']/img","Content","HTML","","",""
"Image","https://offlimits.co.in/collections/new-arrivals-2026/products/roger-select-blue-ocm-915-12","https://cdn.shopify.com/s/files/1/0549/2926/0637/files/A_1.png?width=800","aplus_img1","10","Absolute","//body/div[@id='nt_wrapper']/div[@id='nt_content']/div/div[1]/div[@class='a_plus_wrapper']/div[@class='aplus-sctn'][1]/div[@class='img-sctn']/img","Content","HTML","","",""
"Image","https://offlimits.co.in/collections/mens-running-gym-shoes/products/gladiator-light-grey-orm-661-06","https://cdn.shopify.com/s/files/1/0549/2926/0637/files/A_1.png?width=800","aplus_img1","10","Absolute","//body/div[@id='nt_wrapper']/div[@id='nt_content']/div/div[1]/div[@class='a_plus_wrapper']/div[@class='aplus-sctn'][1]/div[@class='img-sctn']/img","Content","HTML","","",""
"Image","https://offlimits.co.in/collections/low-top-shoes-for-men/products/speed-cat-crazy-horse-tan-ocm-062-04","https://cdn.shopify.com/s/files/1/0549/2926/0637/files/A_1.png?width=800","aplus_img1","10","Absolute","//body/div[@id='nt_wrapper']/div[@id='nt_content']/div/div[1]/div[@class='a_plus_wrapper']/div[@class='aplus-sctn'][1]/div[@class='img-sctn']/img","Content","HTML","","",""
"Image","https://offlimits.co.in/collections/men-lifestyle-recover-kicks/products/magnum-black-ocm-750-02","https://cdn.shopify.com/s/files/1/0549/2926/0637/files/A_1.png?width=800","aplus_img1","10","Absolute","//body/div[@id='nt_wrapper']/div[@id='nt_content']/div/div[1]/div[@class='a_plus_wrapper']/div[@class='aplus-sctn'][1]/div[@class='img-sctn']/img","Content","HTML","","",""
"Image","https://offlimits.co.in/collections/men-lifestyle-recover-kicks/products/stussy-brown-orm-407-40","https://cdn.shopify.com/s/files/1/0549/2926/0637/files/A_1.png?width=800","aplus_img1","10","Absolute","//body/div[@id='nt_wrapper']/div[@id='nt_content']/div/div[1]/div[@class='a_plus_wrapper']/div[@class='aplus-sctn'][1]/div[@class='img-sctn']/img","Content","HTML","","",""
"Image","https://offlimits.co.in/collections/men-lifestyle-recover-kicks/products/tribe-x-black-matte-ocm-769-02","https://cdn.shopify.com/s/files/1/0549/2926/0637/files/A_1.png?width=800","aplus_img1","10","Absolute","//body/div[@id='nt_wrapper']/div[@id='nt_content']/div/div[1]/div[@class='a_plus_wrapper']/div[@class='aplus-sctn'][1]/div[@class='img-sctn']/img","Content","HTML","","",""
"Image","https://offlimits.co.in/collections/women-running-shoes/products/pulsara-for-her-off-white-pink-orw-889-02","https://cdn.shopify.com/s/files/1/0549/2926/0637/files/A_1.png?width=800","aplus_img1","10","Absolute","//body/div[@id='nt_wrapper']/div[@id='nt_content']/div/div[1]/div[@class='a_plus_wrapper']/div[@class='aplus-sctn'][1]/div[@class='img-sctn']/img","Content","HTML","","",""
"Image","https://offlimits.co.in/collections/women-running-shoes/products/speedster-for-her-off-white-light-grey-orw-730-06","https://cdn.shopify.com/s/files/1/0549/2926/0637/files/A_1.png?width=800","aplus_img1","10","Absolute","//body/div[@id='nt_wrapper']/div[@id='nt_content']/div/div[1]/div[@class='a_plus_wrapper']/div[@class='aplus-sctn'][1]/div[@class='img-sctn']/img","Content","HTML","","",""
"Image","https://offlimits.co.in/collections/men-shorts/products/mens-pol-cns-mesh-shorts-obm-77-01","https://cdn.shopify.com/s/files/1/0549/2926/0637/files/A_1.png?width=800","aplus_img1","10","Absolute","//body/div[@id='nt_wrapper']/div[@id='nt_content']/div/div[1]/div[@class='a_plus_wrapper']/div[@class='aplus-sctn'][1]/div[@class='img-sctn']/img","Content","HTML","","",""
"Image","https://offlimits.co.in/collections/men-running-shoes/products/gladiator-off-white-orm-661-02","https://cdn.shopify.com/s/files/1/0549/2926/0637/files/A_1.png?width=800","aplus_img1","10","Absolute","//body/div[@id='nt_wrapper']/div[@id='nt_content']/div/div[1]/div[@class='a_plus_wrapper']/div[@class='aplus-sctn'][1]/div[@class='img-sctn']/img","Content","HTML","","",""
"Image","https://offlimits.co.in/collections/men-running-shoes/products/gladiator-off-white-beige-orm-661-17","https://cdn.shopify.com/s/files/1/0549/2926/0637/files/A_1.png?width=800","aplus_img1","10","Absolute","//body/div[@id='nt_wrapper']/div[@id='nt_content']/div/div[1]/div[@class='a_plus_wrapper']/div[@class='aplus-sctn'][1]/div[@class='img-sctn']/img","Content","HTML","","",""
"Image","https://offlimits.co.in/collections/mens-bestsellers/products/gladiator-off-white-orm-661-02","https://offlimits.co.in/cdn/shop/files/ORM-66102_8.jpg?v=1772535918","GLADIATOR - OFF WHITE","21","Protocol-Relative","//body/div[@id='nt_wrapper']/div[@id='nt_content']/div/div[1]/div[@id='product-7653984043101']/div/div/div[1]/div/div/div[1]/div[7]/div/noscript/img","Content","HTML","","",""
"Image","https://offlimits.co.in/collections/men-running-shoes/products/gladiator-off-white-orm-661-02","https://offlimits.co.in/cdn/shop/files/ORM-66102_8.jpg?v=1772535918","GLADIATOR - OFF WHITE","21","Protocol-Relative","//body/div[@id='nt_wrapper']/div[@id='nt_content']/div/div[1]/div[@id='product-7653984043101']/div/div/div[1]/div/div/div[1]/div[7]/div/noscript/img","Content","HTML","","",""
"Image","https://offlimits.co.in/collections/mens-bestsellers/products/swat-orm-600-03","https://offlimits.co.in/cdn/shop/files/OLMenssizechart_cadee3a8-c66d-4f3e-8185-d1508ebc2b04.jpg?v=1775641278","S.W.A.T. - WHITE","16","Protocol-Relative","//body/div[@id='nt_wrapper']/div[@id='nt_content']/div/div[1]/div[@id='product-7147066753117']/div/div/div[1]/div/div/div[1]/div[10]/div/noscript/img","Content","HTML","","",""
"Image","https://offlimits.co.in/collections/low-top-shoes-for-men/products/speed-cat-crazy-horse-tan-ocm-062-04","https://offlimits.co.in/cdn/shop/files/OLMenssizechart_cadee3a8-c66d-4f3e-8185-d1508ebc2b04.jpg?v=1775641278","SPEED CAT - CRAZY HORSE/TAN","27","Protocol-Relative","//body/div[@id='nt_wrapper']/div[@id='nt_content']/div/div[1]/div[@id='product-7646788124765']/div/div/div[1]/div/div/div[1]/div[10]/div/noscript/img","Content","HTML","","",""
"Image","https://offlimits.co.in/collections/men-lifestyle-recover-kicks/products/magnum-black-ocm-750-02","https://offlimits.co.in/cdn/shop/files/OLMenssizechart_cadee3a8-c66d-4f3e-8185-d1508ebc2b04.jpg?v=1775641278","MAGNUM - BLACK","14","Protocol-Relative","//body/div[@id='nt_wrapper']/div[@id='nt_content']/div/div[1]/div[@id='product-7868982001757']/div/div/div[1]/div/div/div[1]/div[11]/div/noscript/img","Content","HTML","","",""
"Image","https://offlimits.co.in/collections/women-running-shoes/products/speedster-for-her-off-white-light-grey-orw-730-06","https://offlimits.co.in/cdn/shop/files/OLMenssizechart_cadee3a8-c66d-4f3e-8185-d1508ebc2b04.jpg?v=1775641278","SPEEDSTER FOR HER -  OFF WHITE/LIGHT GREY","41","Protocol-Relative","//body/div[@id='nt_wrapper']/div[@id='nt_content']/div/div[1]/div[@id='product-7882890903645']/div/div/div[1]/div/div/div[1]/div[9]/div/noscript/img","Content","HTML","","",""
"Image","https://offlimits.co.in/collections/mens-bestsellers/products/gladiator-off-white-orm-661-02","https://offlimits.co.in/cdn/shop/files/ORM-66102_5.jpg?v=1772535918","GLADIATOR - OFF WHITE","21","Protocol-Relative","//body/div[@id='nt_wrapper']/div[@id='nt_content']/div/div[1]/div[@id='product-7653984043101']/div/div/div[1]/div/div/div[1]/div[5]/div/noscript/img","Content","HTML","","",""
"Image","https://offlimits.co.in/collections/men-running-shoes/products/gladiator-off-white-orm-661-02","https://offlimits.co.in/cdn/shop/files/ORM-66102_5.jpg?v=1772535918","GLADIATOR - OFF WHITE","21","Protocol-Relative","//body/div[@id='nt_wrapper']/div[@id='nt_content']/div/div[1]/div[@id='product-7653984043101']/div/div/div[1]/div/div/div[1]/div[5]/div/noscript/img","Content","HTML","","",""
"Image","https://offlimits.co.in/collections/mens-bestsellers/products/gladiator-off-white-orm-661-02","https://offlimits.co.in/cdn/shop/files/ORM-66102_3.jpg?v=1772535918","GLADIATOR - OFF WHITE","21","Protocol-Relative","//body/div[@id='nt_wrapper']/div[@id='nt_content']/div/div[1]/div[@id='product-7653984043101']/div/div/div[1]/div/div/div[1]/div[3]/div/noscript/img","Content","HTML","","",""
"Image","https://offlimits.co.in/collections/men-running-shoes/products/gladiator-off-white-orm-661-02","https://offlimits.co.in/cdn/shop/files/ORM-66102_3.jpg?v=1772535918","GLADIATOR - OFF WHITE","21","Protocol-Relative","//body/div[@id='nt_wrapper']/div[@id='nt_content']/div/div[1]/div[@id='product-7653984043101']/div/div/div[1]/div/div/div[1]/div[3]/div/noscript/img","Content","HTML","","",""
"Image","https://offlimits.co.in/collections/mens-bestsellers/products/swat-orm-600-03","https://offlimits.co.in/cdn/shop/files/2_18_777fdb6f-90f3-4661-9cd6-4c8b952508c9.jpg?v=1785824630","S.W.A.T. - WHITE","16","Protocol-Relative","//body/div[@id='nt_wrapper']/div[@id='nt_content']/div/div[1]/div[@id='product-7147066753117']/div/div/div[1]/div/div/div[1]/div[3]/div/noscript/img","Content","HTML","","",""
"Image","https://offlimits.co.in/collections/mens-bestsellers/products/swat-orm-600-03","https://offlimits.co.in/cdn/shop/files/ORM-60003_4.jpg?v=1772020551","Shop S.W.A.T. Online","20","Protocol-Relative","//body/div[@id='nt_wrapper']/div[@id='nt_content']/div/div[1]/div[@id='product-7147066753117']/div/div/div[1]/div/div/div[1]/div[5]/div/noscript/img","Content","HTML","","",""
"Image","https://offlimits.co.in/collections/mens-bestsellers/products/swat-orm-600-03","https://offlimits.co.in/cdn/shop/files/ORM-60003_7.jpg?v=1772020551","Shop S.W.A.T. Online","20","Protocol-Relative","//body/div[@id='nt_wrapper']/div[@id='nt_content']/div/div[1]/div[@id='product-7147066753117']/div/div/div[1]/div/div/div[1]/div[8]/div/noscript/img","Content","HTML","","",""
"Image","https://offlimits.co.in/collections/mens-bestsellers/products/swat-orm-600-03","https://offlimits.co.in/cdn/shop/files/1_17_4f5c9cde-858e-4925-87d7-360d27c4e6f8.jpg?v=1785824631","S.W.A.T. - WHITE","16","Protocol-Relative","//body/div[@id='nt_wrapper']/div[@id='nt_content']/div/div[1]/div[@id='product-7147066753117']/div/div/div[1]/div/div/div[1]/div[1]/div/noscript/img","Content","HTML","","",""
"Image","https://offlimits.co.in/collections/mens-bestsellers/products/swat-orm-600-03","https://offlimits.co.in/cdn/shop/files/ORM-60003_3.jpg?v=1772020551","Shop S.W.A.T. Online","20","Protocol-Relative","//body/div[@id='nt_wrapper']/div[@id='nt_content']/div/div[1]/div[@id='product-7147066753117']/div/div/div[1]/div/div/div[1]/div[4]/div/noscript/img","Content","HTML","","",""
"Image","https://offlimits.co.in/collections/mens-bestsellers/products/swat-orm-600-03","https://offlimits.co.in/cdn/shop/files/ORM-60003_5.jpg?v=1772020551","Shop S.W.A.T. Online","20","Protocol-Relative","//body/div[@id='nt_wrapper']/div[@id='nt_content']/div/div[1]/div[@id='product-7147066753117']/div/div/div[1]/div/div/div[1]/div[6]/div/noscript/img","Content","HTML","","",""
"Image","https://offlimits.co.in/collections/mens-bestsellers/products/swat-orm-600-03","https://offlimits.co.in/cdn/shop/files/DSC_8240.jpg?v=1772020551","Shop S.W.A.T. Online","20","Protocol-Relative","//body/div[@id='nt_wrapper']/div[@id='nt_content']/div/div[1]/div[@id='product-7147066753117']/div/div/div[1]/div/div/div[1]/div[9]/div/noscript/img","Content","HTML","","",""
"Image","https://offlimits.co.in/collections/mens-bestsellers/products/swat-orm-600-03","https://offlimits.co.in/cdn/shop/files/ORM-60003_2.jpg?v=1709557359","Shop S.W.A.T. Online","20","Protocol-Relative","//body/div[@id='nt_wrapper']/div[@id='nt_content']/div/div[1]/div[@id='product-7147066753117']/div/div/div[1]/div/div/div[1]/div[2]/div/noscript/img","Content","HTML","","",""
"Image","https://offlimits.co.in/collections/mens-bestsellers/products/swat-orm-600-03","https://offlimits.co.in/cdn/shop/files/ORM-60003_6.jpg?v=1772020551","Shop S.W.A.T. Online","20","Protocol-Relative","//body/div[@id='nt_wrapper']/div[@id='nt_content']/div/div[1]/div[@id='product-7147066753117']/div/div/div[1]/div/div/div[1]/div[7]/div/noscript/img","Content","HTML","","",""
"Image","https://offlimits.co.in/collections/mens-bestsellers/products/swat-orm-600-03","https://offlimits.co.in/cdn/shop/files/preview_images/5a9c8c061acb4c3e88db367d4b97985e.thumbnail.0000000000_1024x1024.jpg?v=1772020495","","0","Protocol-Relative","//body/div[@id='nt_wrapper']/div[@id='nt_content']/div/div[1]/div[@id='product-7147066753117']/div/div/div[1]/div/div/div[1]/div[12]/div/video/img","Content","HTML","","",""
"Image","https://offlimits.co.in/collections/new-arrivals-2026/products/griffith-big-tall-off-white-green-ocm-936-05","https://offlimits.co.in/cdn/shop/files/s2s_2_df393801-8f94-4f77-b0ed-a73b4f018eab.png?v=1786446192","GRIFFITH (BIG & TALL) - OFF WHITE/GREEN","39","Protocol-Relative","//body/div[@id='nt_wrapper']/div[@id='nt_content']/div/div[1]/div[@id='product-8205036847197']/div/div/div[1]/div/div/div[1]/div[12]/div/noscript/img","Content","HTML","","",""
"Image","https://offlimits.co.in/collections/new-arrivals-2026/products/griffith-big-tall-off-white-green-ocm-936-05","https://offlimits.co.in/cdn/shop/files/OCM-93605_1_5.jpg?v=1786973272","GRIFFITH (BIG & TALL) - OFF WHITE/GREEN","39","Protocol-Relative","//body/div[@id='nt_wrapper']/div[@id='nt_content']/div/div[1]/div[@id='product-8205036847197']/div/div/div[1]/div/div/div[1]/div[6]/div/noscript/img","Content","HTML","","",""
"Image","https://offlimits.co.in/collections/new-arrivals-2026/products/griffith-big-tall-off-white-green-ocm-936-05","https://offlimits.co.in/cdn/shop/files/OCM-93605_1_3.jpg?v=1786973272","GRIFFITH (BIG & TALL) - OFF WHITE/GREEN","39","Protocol-Relative","//body/div[@id='nt_wrapper']/div[@id='nt_content']/div/div[1]/div[@id='product-8205036847197']/div/div/div[1]/div/div/div[1]/div[4]/div/noscript/img","Content","HTML","","",""
"Image","https://offlimits.co.in/collections/new-arrivals-2026/products/griffith-big-tall-off-white-green-ocm-936-05","https://offlimits.co.in/cdn/shop/files/OCM-93605_1_7.jpg?v=1786973272","GRIFFITH (BIG & TALL) - OFF WHITE/GREEN","39","Protocol-Relative","//body/div[@id='nt_wrapper']/div[@id='nt_content']/div/div[1]/div[@id='product-8205036847197']/div/div/div[1]/div/div/div[1]/div[8]/div/noscript/img","Content","HTML","","",""
"Image","https://offlimits.co.in/collections/new-arrivals-2026/products/griffith-big-tall-off-white-green-ocm-936-05","https://offlimits.co.in/cdn/shop/files/OCM-93605_1_8.jpg?v=1786973272","GRIFFITH (BIG & TALL) - OFF WHITE/GREEN","39","Protocol-Relative","//body/div[@id='nt_wrapper']/div[@id='nt_content']/div/div[1]/div[@id='product-8205036847197']/div/div/div[1]/div/div/div[1]/div[9]/div/noscript/img","Content","HTML","","",""
"Image","https://offlimits.co.in/collections/new-arrivals-2026/products/griffith-big-tall-off-white-green-ocm-936-05","https://offlimits.co.in/cdn/shop/files/B_T_Size_chart_ol_66ea606b-bce0-4a9d-ac23-df2d363eb123.jpg?v=1786446189","GRIFFITH (BIG & TALL) - OFF WHITE/GREEN","39","Protocol-Relative","//body/div[@id='nt_wrapper']/div[@id='nt_content']/div/div[1]/div[@id='product-8205036847197']/div/div/div[1]/div/div/div[1]/div[11]/div/noscript/img","Content","HTML","","",""
"Image","https://offlimits.co.in/collections/new-arrivals-2026/products/griffith-big-tall-off-white-green-ocm-936-05","https://offlimits.co.in/cdn/shop/files/OCM-93605_1_1.jpg?v=1786973272","GRIFFITH (BIG & TALL) - OFF WHITE/GREEN","39","Protocol-Relative","//body/div[@id='nt_wrapper']/div[@id='nt_content']/div/div[1]/div[@id='product-8205036847197']/div/div/div[1]/div/div/div[1]/div[1]/div/noscript/img","Content","HTML","","",""
"Image","https://offlimits.co.in/collections/new-arrivals-2026/products/griffith-big-tall-off-white-green-ocm-936-05","https://offlimits.co.in/cdn/shop/files/OCM-93605_1_9.jpg?v=1786973272","GRIFFITH (BIG & TALL) - OFF WHITE/GREEN","39","Protocol-Relative","//body/div[@id='nt_wrapper']/div[@id='nt_content']/div/div[1]/div[@id='product-8205036847197']/div/div/div[1]/div/div/div[1]/div[10]/div/noscript/img","Content","HTML","","",""
"Image","https://offlimits.co.in/collections/new-arrivals-2026/products/griffith-big-tall-off-white-green-ocm-936-05","https://offlimits.co.in/cdn/shop/files/OCM-93605_1_4.jpg?v=1786973272","GRIFFITH (BIG & TALL) - OFF WHITE/GREEN","39","Protocol-Relative","//body/div[@id='nt_wrapper']/div[@id='nt_content']/div/div[1]/div[@id='product-8205036847197']/div/div/div[1]/div/div/div[1]/div[5]/div/noscript/img","Content","HTML","","",""
"Image","https://offlimits.co.in/collections/new-arrivals-2026/products/griffith-big-tall-off-white-green-ocm-936-05","https://offlimits.co.in/cdn/shop/files/OCM-93605_1_2.jpg?v=1786973273","GRIFFITH (BIG & TALL) - OFF WHITE/GREEN","39","Protocol-Relative","//body/div[@id='nt_wrapper']/div[@id='nt_content']/div/div[1]/div[@id='product-8205036847197']/div/div/div[1]/div/div/div[1]/div[3]/div/noscript/img","Content","HTML","","",""
"Image","https://offlimits.co.in/collections/new-arrivals-2026/products/griffith-big-tall-off-white-green-ocm-936-05","https://offlimits.co.in/cdn/shop/files/OCM-93605_1_6.jpg?v=1786973272","GRIFFITH (BIG & TALL) - OFF WHITE/GREEN","39","Protocol-Relative","//body/div[@id='nt_wrapper']/div[@id='nt_content']/div/div[1]/div[@id='product-8205036847197']/div/div/div[1]/div/div/div[1]/div[7]/div/noscript/img","Content","HTML","","",""
"Image","https://offlimits.co.in/collections/new-arrivals-2026/products/griffith-big-tall-off-white-green-ocm-936-05","https://offlimits.co.in/cdn/shop/files/OCM-93605_1_10.jpg?v=1786973272","GRIFFITH (BIG & TALL) - OFF WHITE/GREEN","39","Protocol-Relative","//body/div[@id='nt_wrapper']/div[@id='nt_content']/div/div[1]/div[@id='product-8205036847197']/div/div/div[1]/div/div/div[1]/div[2]/div/noscript/img","Content","HTML","","",""
"Image","https://offlimits.co.in/pages/about-us","https://cdn.shopify.com/s/files/1/0549/2926/0637/files/brand-story-img1.jpg?v=1634561260","logo-sign","9","Absolute","//body/div[@id='nt_wrapper']/div[@id='nt_content']/main/div[2]/div/div[1]/img","Content","HTML","","",""
"Image","https://offlimits.co.in/pages/about-us","https://cdn.shopify.com/s/files/1/0549/2926/0637/files/brand-story-img2.jpg?v=1634561260","logo-sign-img2","14","Absolute","//body/div[@id='nt_wrapper']/div[@id='nt_content']/main/div[2]/div/div[2]/img","Content","HTML","","",""
"Image","https://offlimits.co.in/collections/mens-bestsellers/products/stussy-memory-tech-1-orm-407-08","https://offlimits.co.in/cdn/shop/files/OLMenssizechart_bfc79b0b-d5b2-41bd-95ef-f161c7b32faa.jpg?v=1772023921","STUSSY - TAN/TAN","16","Protocol-Relative","//body/div[@id='nt_wrapper']/div[@id='nt_content']/div/div[1]/div[@id='product-6857386819677']/div/div/div[1]/div/div/div[1]/div[10]/div/noscript/img","Content","HTML","","",""
"Image","https://offlimits.co.in/collections/mens-bestsellers/products/stussy-memory-tech-1-orm-407-08","https://offlimits.co.in/cdn/shop/products/ORM-40708_1.jpg?v=1744981975","Shop STUSSY (MEMORY TECH) Online","32","Protocol-Relative","//body/div[@id='nt_wrapper']/div[@id='nt_content']/div/div[1]/div[@id='product-6857386819677']/div/div/div[1]/div/div/div[1]/div[2]/div/noscript/img","Content","HTML","","",""
"Image","https://offlimits.co.in/collections/mens-bestsellers/products/stussy-memory-tech-1-orm-407-08","https://offlimits.co.in/cdn/shop/products/ORM-40708_8.jpg?v=1709018736","Shop STUSSY (MEMORY TECH) Online","32","Protocol-Relative","//body/div[@id='nt_wrapper']/div[@id='nt_content']/div/div[1]/div[@id='product-6857386819677']/div/div/div[1]/div/div/div[1]/div[9]/div/noscript/img","Content","HTML","","",""
"Image","https://offlimits.co.in/collections/mens-bestsellers/products/stussy-memory-tech-1-orm-407-08","https://offlimits.co.in/cdn/shop/products/ORM-40708_5.jpg?v=1709018736","Shop STUSSY (MEMORY TECH) Online","32","Protocol-Relative","//body/div[@id='nt_wrapper']/div[@id='nt_content']/div/div[1]/div[@id='product-6857386819677']/div/div/div[1]/div/div/div[1]/div[6]/div/noscript/img","Content","HTML","","",""
"Image","https://offlimits.co.in/collections/mens-bestsellers/products/stussy-memory-tech-1-orm-407-08","https://offlimits.co.in/cdn/shop/files/14_630fffaf-961c-4b09-a82a-ef8d63534dd2.jpg?v=1744981975","Shop STUSSY (MEMORY TECH) Online","32","Protocol-Relative","//body/div[@id='nt_wrapper']/div[@id='nt_content']/div/div[1]/div[@id='product-6857386819677']/div/div/div[1]/div/div/div[1]/div[4]/div/noscript/img","Content","HTML","","",""
"Image","https://offlimits.co.in/collections/mens-bestsellers/products/stussy-memory-tech-1-orm-407-08","https://offlimits.co.in/cdn/shop/products/ORM-40708_2.jpg?v=1744981975","Shop STUSSY (MEMORY TECH) Online","32","Protocol-Relative","//body/div[@id='nt_wrapper']/div[@id='nt_content']/div/div[1]/div[@id='product-6857386819677']/div/div/div[1]/div/div/div[1]/div[3]/div/noscript/img","Content","HTML","","",""
"Image","https://offlimits.co.in/collections/mens-bestsellers/products/stussy-memory-tech-1-orm-407-08","https://offlimits.co.in/cdn/shop/files/ORM-40708_1_New.jpg?v=1703670195","Shop STUSSY (MEMORY TECH) Online","32","Protocol-Relative","//body/div[@id='nt_wrapper']/div[@id='nt_content']/div/div[1]/div[@id='product-6857386819677']/div/div/div[1]/div/div/div[1]/div[1]/div/noscript/img","Content","HTML","","",""
"Image","https://offlimits.co.in/collections/mens-bestsellers/products/stussy-memory-tech-1-orm-407-08","https://offlimits.co.in/cdn/shop/products/ORM-40708_4.jpg?v=1709018736","Shop STUSSY (MEMORY TECH) Online","32","Protocol-Relative","//body/div[@id='nt_wrapper']/div[@id='nt_content']/div/div[1]/div[@id='product-6857386819677']/div/div/div[1]/div/div/div[1]/div[5]/div/noscript/img","Content","HTML","","",""
"Image","https://offlimits.co.in/collections/mens-bestsellers/products/stussy-memory-tech-1-orm-407-08","https://offlimits.co.in/cdn/shop/products/ORM-40708_6.jpg?v=1709018736","Shop STUSSY (MEMORY TECH) Online","32","Protocol-Relative","//body/div[@id='nt_wrapper']/div[@id='nt_content']/div/div[1]/div[@id='product-6857386819677']/div/div/div[1]/div/div/div[1]/div[7]/div/noscript/img","Content","HTML","","",""
"Image","https://offlimits.co.in/collections/mens-bestsellers/products/stussy-memory-tech-1-orm-407-08","https://offlimits.co.in/cdn/shop/files/s2s_1.png?v=1774680297","STUSSY - TAN/TAN","16","Protocol-Relative","//body/div[@id='nt_wrapper']/div[@id='nt_content']/div/div[1]/div[@id='product-6857386819677']/div/div/div[1]/div/div/div[1]/div[11]/div/noscript/img","Content","HTML","","",""
"Image","https://offlimits.co.in/collections/mens-bestsellers/products/stussy-memory-tech-1-orm-407-08","https://offlimits.co.in/cdn/shop/files/preview_images/83a01329d2644443a1b209f18aa701dc.thumbnail.0000000000_1024x1024.jpg?v=1772021972","","0","Protocol-Relative","//body/div[@id='nt_wrapper']/div[@id='nt_content']/div/div[1]/div[@id='product-6857386819677']/div/div/div[1]/div/div/div[1]/div[12]/div/video/img","Content","HTML","","",""
"Image","https://offlimits.co.in/collections/men-lifestyle-recover-kicks/products/stussy-brown-orm-407-40","https://offlimits.co.in/cdn/shop/files/preview_images/83a01329d2644443a1b209f18aa701dc.thumbnail.0000000000_1024x1024.jpg?v=1772021972","","0","Protocol-Relative","//body/div[@id='nt_wrapper']/div[@id='nt_content']/div/div[1]/div[@id='product-7507874480221']/div/div/div[1]/div/div/div[1]/div[12]/div/video/img","Content","HTML","","",""
"Image","https://offlimits.co.in/collections/new-arrivals-2026/products/hoop-off-white-honey-orm-867-02","https://offlimits.co.in/cdn/shop/files/ORM-86702_2.jpg?v=1786445409","HOOP - OFF WHITE/HONEY","22","Protocol-Relative","//body/div[@id='nt_wrapper']/div[@id='nt_content']/div/div[1]/div[@id='product-8200474427485']/div/div/div[1]/div/div/div[1]/div[2]/div/noscript/img","Content","HTML","","",""
"Image","https://offlimits.co.in/collections/new-arrivals-2026/products/hoop-off-white-honey-orm-867-02","https://offlimits.co.in/cdn/shop/files/OL_Mens_size_chart_d7680c9d-3eb5-4dd8-aa9c-806ce55a049a.jpg?v=1786445435","HOOP - OFF WHITE/HONEY","22","Protocol-Relative","//body/div[@id='nt_wrapper']/div[@id='nt_content']/div/div[1]/div[@id='product-8200474427485']/div/div/div[1]/div/div/div[1]/div[9]/div/noscript/img","Content","HTML","","",""
"Image","https://offlimits.co.in/collections/new-arrivals-2026/products/roger-select-blue-ocm-915-12","https://offlimits.co.in/cdn/shop/files/OL_Mens_size_chart_d7680c9d-3eb5-4dd8-aa9c-806ce55a049a.jpg?v=1786445435","ROGER SELECT - BLUE","19","Protocol-Relative","//body/div[@id='nt_wrapper']/div[@id='nt_content']/div/div[1]/div[@id='product-8204884508765']/div/div/div[1]/div/div/div[1]/div[9]/div/noscript/img","Content","HTML","","",""
"Image","https://offlimits.co.in/collections/new-arrivals-2026/products/hoop-off-white-honey-orm-867-02","https://offlimits.co.in/cdn/shop/files/ORM-86702_1.jpg?v=1786445409","HOOP - OFF WHITE/HONEY","22","Protocol-Relative","//body/div[@id='nt_wrapper']/div[@id='nt_content']/div/div[1]/div[@id='product-8200474427485']/div/div/div[1]/div/div/div[1]/div[1]/div/noscript/img","Content","HTML","","",""
"Image","https://offlimits.co.in/collections/mens-bestsellers/products/stussy-memory-tech-1-orm-407-08","https://offlimits.co.in/cdn/shop/products/ORM-40708_7.jpg?v=1709018736","Shop STUSSY (MEMORY TECH) Online","32","Protocol-Relative","//body/div[@id='nt_wrapper']/div[@id='nt_content']/div/div[1]/div[@id='product-6857386819677']/div/div/div[1]/div/div/div[1]/div[8]/div/noscript/img","Content","HTML","","",""
"Image","https://offlimits.co.in/collections/new-arrivals-2026/products/hoop-off-white-honey-orm-867-02","https://offlimits.co.in/cdn/shop/files/ORM-86702_3.jpg?v=1786445409","HOOP - OFF WHITE/HONEY","22","Protocol-Relative","//body/div[@id='nt_wrapper']/div[@id='nt_content']/div/div[1]/div[@id='product-8200474427485']/div/div/div[1]/div/div/div[1]/div[3]/div/noscript/img","Content","HTML","","",""
"Image","https://offlimits.co.in/collections/new-arrivals-2026/products/hoop-off-white-honey-orm-867-02","https://offlimits.co.in/cdn/shop/files/ORM-86702_8.jpg?v=1786445409","HOOP - OFF WHITE/HONEY","22","Protocol-Relative","//body/div[@id='nt_wrapper']/div[@id='nt_content']/div/div[1]/div[@id='product-8200474427485']/div/div/div[1]/div/div/div[1]/div[8]/div/noscript/img","Content","HTML","","",""
"Image","https://offlimits.co.in/collections/new-arrivals-2026/products/hoop-off-white-honey-orm-867-02","https://offlimits.co.in/cdn/shop/files/ORM-86702_4.jpg?v=1786445409","HOOP - OFF WHITE/HONEY","22","Protocol-Relative","//body/div[@id='nt_wrapper']/div[@id='nt_content']/div/div[1]/div[@id='product-8200474427485']/div/div/div[1]/div/div/div[1]/div[4]/div/noscript/img","Content","HTML","","",""
"Image","https://offlimits.co.in/collections/new-arrivals-2026/products/hoop-off-white-honey-orm-867-02","https://offlimits.co.in/cdn/shop/files/ORM-86702_6.jpg?v=1786445409","HOOP - OFF WHITE/HONEY","22","Protocol-Relative","//body/div[@id='nt_wrapper']/div[@id='nt_content']/div/div[1]/div[@id='product-8200474427485']/div/div/div[1]/div/div/div[1]/div[6]/div/noscript/img","Content","HTML","","",""
"Image","https://offlimits.co.in/collections/new-arrivals-2026/products/hoop-off-white-honey-orm-867-02","https://offlimits.co.in/cdn/shop/files/ORM-86702_7.jpg?v=1786445408","HOOP - OFF WHITE/HONEY","22","Protocol-Relative","//body/div[@id='nt_wrapper']/div[@id='nt_content']/div/div[1]/div[@id='product-8200474427485']/div/div/div[1]/div/div/div[1]/div[7]/div/noscript/img","Content","HTML","","",""
"Image","https://offlimits.co.in/collections/new-arrivals-2026/products/hoop-off-white-honey-orm-867-02","https://offlimits.co.in/cdn/shop/files/ORM-86702_5.jpg?v=1786445409","HOOP - OFF WHITE/HONEY","22","Protocol-Relative","//body/div[@id='nt_wrapper']/div[@id='nt_content']/div/div[1]/div[@id='product-8200474427485']/div/div/div[1]/div/div/div[1]/div[5]/div/noscript/img","Content","HTML","","",""
"Image","https://offlimits.co.in/collections/new-arrivals-2026/products/hoop-off-white-honey-orm-867-02","https://offlimits.co.in/cdn/shop/files/s2s_2_85895ab1-cf71-4853-9a43-18585e6dc574.png?v=1786445436","HOOP - OFF WHITE/HONEY","22","Protocol-Relative","//body/div[@id='nt_wrapper']/div[@id='nt_content']/div/div[1]/div[@id='product-8200474427485']/div/div/div[1]/div/div/div[1]/div[10]/div/noscript/img","Content","HTML","","",""
"Image","https://offlimits.co.in/collections/new-arrivals-2026/products/roger-select-blue-ocm-915-12","https://offlimits.co.in/cdn/shop/files/s2s_2_85895ab1-cf71-4853-9a43-18585e6dc574.png?v=1786445436","ROGER SELECT - BLUE","19","Protocol-Relative","//body/div[@id='nt_wrapper']/div[@id='nt_content']/div/div[1]/div[@id='product-8204884508765']/div/div/div[1]/div/div/div[1]/div[10]/div/noscript/img","Content","HTML","","",""
"Image","https://offlimits.co.in/collections/new-arrivals-2026/products/roger-select-blue-ocm-915-12","https://offlimits.co.in/cdn/shop/files/DSC_9001_a62d670b-0e32-45a9-8e35-098a55572636.jpg?v=1786965890","ROGER SELECT - BLUE","19","Protocol-Relative","//body/div[@id='nt_wrapper']/div[@id='nt_content']/div/div[1]/div[@id='product-8204884508765']/div/div/div[1]/div/div/div[1]/div[4]/div/noscript/img","Content","HTML","","",""
"Image","https://offlimits.co.in/collections/new-arrivals-2026/products/roger-select-blue-ocm-915-12","https://offlimits.co.in/cdn/shop/files/DSC_8998_3.jpg?v=1786965890","ROGER SELECT - BLUE","19","Protocol-Relative","//body/div[@id='nt_wrapper']/div[@id='nt_content']/div/div[1]/div[@id='product-8204884508765']/div/div/div[1]/div/div/div[1]/div[1]/div/noscript/img","Content","HTML","","",""
"Image","https://offlimits.co.in/collections/new-arrivals-2026/products/roger-select-blue-ocm-915-12","https://offlimits.co.in/cdn/shop/files/DSC_9007_fa8a346c-dd27-4f0b-a470-1bdd80f0d421.jpg?v=1786965890","ROGER SELECT - BLUE","19","Protocol-Relative","//body/div[@id='nt_wrapper']/div[@id='nt_content']/div/div[1]/div[@id='product-8204884508765']/div/div/div[1]/div/div/div[1]/div[8]/div/noscript/img","Content","HTML","","",""
"Image","https://offlimits.co.in/collections/new-arrivals-2026/products/roger-select-blue-ocm-915-12","https://offlimits.co.in/cdn/shop/files/DSC_9006_98393d3e-4bb7-46cf-aaab-b06520d18040.jpg?v=1786965890","ROGER SELECT - BLUE","19","Protocol-Relative","//body/div[@id='nt_wrapper']/div[@id='nt_content']/div/div[1]/div[@id='product-8204884508765']/div/div/div[1]/div/div/div[1]/div[6]/div/noscript/img","Content","HTML","","",""
"Image","https://offlimits.co.in/collections/new-arrivals-2026/products/roger-select-blue-ocm-915-12","https://offlimits.co.in/cdn/shop/files/DSC_9003_6720fec7-494e-4386-aee6-926ada3f2a40.jpg?v=1786965890","ROGER SELECT - BLUE","19","Protocol-Relative","//body/div[@id='nt_wrapper']/div[@id='nt_content']/div/div[1]/div[@id='product-8204884508765']/div/div/div[1]/div/div/div[1]/div[5]/div/noscript/img","Content","HTML","","",""
"Image","https://offlimits.co.in/collections/new-arrivals-2026/products/roger-select-blue-ocm-915-12","https://offlimits.co.in/cdn/shop/files/DSC_9000_2cc8b25d-7a83-4e58-9e50-0da9e26b0589.jpg?v=1786965890","ROGER SELECT - BLUE","19","Protocol-Relative","//body/div[@id='nt_wrapper']/div[@id='nt_content']/div/div[1]/div[@id='product-8204884508765']/div/div/div[1]/div/div/div[1]/div[2]/div/noscript/img","Content","HTML","","",""
"Image","https://offlimits.co.in/collections/new-arrivals-2026/products/roger-select-blue-ocm-915-12","https://offlimits.co.in/cdn/shop/files/DSC_9000_2.jpg?v=1786965891","ROGER SELECT - BLUE","19","Protocol-Relative","//body/div[@id='nt_wrapper']/div[@id='nt_content']/div/div[1]/div[@id='product-8204884508765']/div/div/div[1]/div/div/div[1]/div[3]/div/noscript/img","Content","HTML","","",""
"Image","https://offlimits.co.in/collections/new-arrivals-2026/products/roger-select-blue-ocm-915-12","https://offlimits.co.in/cdn/shop/files/DSC_8998_dea74428-429a-467e-8d7f-736c81347ac2.jpg?v=1786965890","ROGER SELECT - BLUE","19","Protocol-Relative","//body/div[@id='nt_wrapper']/div[@id='nt_content']/div/div[1]/div[@id='product-8204884508765']/div/div/div[1]/div/div/div[1]/div[7]/div/noscript/img","Content","HTML","","",""
"Image","https://offlimits.co.in/pages/technology","https://cdn.shopify.com/s/files/1/0549/2926/0637/files/tech-img3.jpg?v=1636972479","super memory tech","17","Absolute","//body/div[@id='nt_wrapper']/div[@id='nt_content']/div/div[@class='technology-section']/div[@class='tab-desc']/div[@id='tech3']/img","Content","HTML","","",""
"Image","https://offlimits.co.in/pages/technology","https://cdn.shopify.com/s/files/1/0549/2926/0637/files/OL_POSTER_1.jpg?v=1762583495","","0","Absolute","//body/div[@id='nt_wrapper']/div[@id='nt_content']/div/div[@class='technology-section']/div[@class='tab-desc']/div[@id='tech4']/img","Content","HTML","","",""
"Image","https://offlimits.co.in/pages/technology","https://cdn.shopify.com/s/files/1/0549/2926/0637/files/tech-img5.jpg?v=1636972479","advance-memory-form","19","Absolute","//body/div[@id='nt_wrapper']/div[@id='nt_content']/div/div[@class='technology-section']/div[@class='tab-desc']/p/img","Content","HTML","","",""
"Image","https://offlimits.co.in/pages/technology","https://cdn.shopify.com/s/files/1/0549/2926/0637/files/tech-img6.jpg?v=1636972479","advance memory form","19","Absolute","//body/div[@id='nt_wrapper']/div[@id='nt_content']/div/div[@class='technology-section']/div[@class='tab-desc']/div[@id='tech6']/img","Content","HTML","","",""
"Image","https://offlimits.co.in/pages/technology","https://cdn.shopify.com/s/files/1/0549/2926/0637/files/tech-img2.jpg?v=1636972479","athlite","7","Absolute","//body/div[@id='nt_wrapper']/div[@id='nt_content']/div/div[@class='technology-section']/div[@class='tab-desc']/div[@id='tech2']/img","Content","HTML","","",""
"Image","https://offlimits.co.in/pages/technology","https://cdn.shopify.com/s/files/1/0549/2926/0637/files/technology_banner.jpg?v=1636959446","technology-banner","17","Absolute","//body/div[@id='nt_wrapper']/div[@id='nt_content']/div/div[@class='technology-heading']/img","Content","HTML","","",""
"Image","https://offlimits.co.in/pages/technology","https://cdn.shopify.com/s/files/1/0549/2926/0637/files/tech-img1.jpg?v=1636967896","Flexinit","8","Absolute","//body/div[@id='nt_wrapper']/div[@id='nt_content']/div/div[@class='technology-section']/div[@class='tab-desc']/div[@id='tech1']/img","Content","HTML","","",""
"Image","https://offlimits.co.in/pages/technology","https://cdn.shopify.com/s/files/1/0549/2926/0637/files/tech-img7.jpg?v=1636972604","wicktech","8","Absolute","//body/div[@id='nt_wrapper']/div[@id='nt_content']/div/div[@class='technology-section']/div[@class='tab-desc']/div[@id='tech7']/img","Content","HTML","","",""
"Image","https://offlimits.co.in/collections/men-shorts/products/mens-pol-cns-mesh-shorts-obm-77-01","https://offlimits.co.in/cdn/shop/products/8905185197441_6.jpg?v=1673515723","Shop MENS POL CNS MESH SHORTS Online","36","Protocol-Relative","//body/div[@id='nt_wrapper']/div[@id='nt_content']/div/div[1]/div[@id='product-6882536194141']/div/div/div[1]/div/div/div[1]/div[6]/div/noscript/img","Content","HTML","","",""
"Image","https://offlimits.co.in/collections/men-shorts/products/mens-pol-cns-mesh-shorts-obm-77-01","https://offlimits.co.in/cdn/shop/products/8905185197441_1.jpg?v=1673936816","Shop MENS POL CNS MESH SHORTS Online","36","Protocol-Relative","//body/div[@id='nt_wrapper']/div[@id='nt_content']/div/div[1]/div[@id='product-6882536194141']/div/div/div[1]/div/div/div[1]/div[2]/div/noscript/img","Content","HTML","","",""
"Image","https://offlimits.co.in/collections/men-shorts/products/mens-pol-cns-mesh-shorts-obm-77-01","https://offlimits.co.in/cdn/shop/products/8905185197441_4.jpg?v=1673515723","Shop MENS POL CNS MESH SHORTS Online","36","Protocol-Relative","//body/div[@id='nt_wrapper']/div[@id='nt_content']/div/div[1]/div[@id='product-6882536194141']/div/div/div[1]/div/div/div[1]/div[4]/div/noscript/img","Content","HTML","","",""
"Image","https://offlimits.co.in/collections/mens-running-gym-shoes/products/gladiator-light-grey-orm-661-06","https://offlimits.co.in/cdn/shop/files/preview_images/21cdf4fa938c4cd7b6e5ce62623ea01f.thumbnail.0000000000_1024x1024.jpg?v=1771938413","","0","Protocol-Relative","//body/div[@id='nt_wrapper']/div[@id='nt_content']/div/div[1]/div[@id='product-8044521848925']/div/div/div[1]/div/div/div[1]/div[10]/div/video/img","Content","HTML","","",""
"Image","https://offlimits.co.in/collections/mens-running-gym-shoes/products/gladiator-light-grey-orm-661-06","https://offlimits.co.in/cdn/shop/files/DSC_1620.jpg?v=1767084319","GLADIATOR - LIGHT GREY","22","Protocol-Relative","//body/div[@id='nt_wrapper']/div[@id='nt_content']/div/div[1]/div[@id='product-8044521848925']/div/div/div[1]/div/div/div[1]/div[6]/div/noscript/img","Content","HTML","","",""
"Image","https://offlimits.co.in/collections/mens-running-gym-shoes/products/gladiator-light-grey-orm-661-06","https://offlimits.co.in/cdn/shop/files/DSC_1625.jpg?v=1767084319","GLADIATOR - LIGHT GREY","22","Protocol-Relative","//body/div[@id='nt_wrapper']/div[@id='nt_content']/div/div[1]/div[@id='product-8044521848925']/div/div/div[1]/div/div/div[1]/div[9]/div/noscript/img","Content","HTML","","",""
"Image","https://offlimits.co.in/collections/mens-running-gym-shoes/products/gladiator-light-grey-orm-661-06","https://offlimits.co.in/cdn/shop/files/s2s_2_4cc7ee87-3e76-4e43-ab51-ac2c64135336.png?v=1774435992","GLADIATOR - LIGHT GREY","22","Protocol-Relative","//body/div[@id='nt_wrapper']/div[@id='nt_content']/div/div[1]/div[@id='product-8044521848925']/div/div/div[1]/div/div/div[1]/div[12]/div/noscript/img","Content","HTML","","",""
"Image","https://offlimits.co.in/collections/men-running-shoes/products/gladiator-off-white-beige-orm-661-17","https://offlimits.co.in/cdn/shop/files/OL_Mens_size_chart_5c632aae-fcdc-4757-968d-865911e7f5c9.jpg?v=1780574214","GLADIATOR - OFF WHITE/BEIGE","27","Protocol-Relative","//body/div[@id='nt_wrapper']/div[@id='nt_content']/div/div[1]/div[@id='product-8148195246173']/div/div/div[1]/div/div/div[1]/div[10]/div/noscript/img","Content","HTML","","",""
"Image","https://offlimits.co.in/collections/men-running-shoes/products/gladiator-off-white-beige-orm-661-17","https://offlimits.co.in/cdn/shop/files/UntitledSession3137_c8b89c96-5359-42c1-8988-49199b244c51.jpg?v=1780573998","GLADIATOR - OFF WHITE/BEIGE","27","Protocol-Relative","//body/div[@id='nt_wrapper']/div[@id='nt_content']/div/div[1]/div[@id='product-8148195246173']/div/div/div[1]/div/div/div[1]/div[6]/div/noscript/img","Content","HTML","","",""
"Image","https://offlimits.co.in/collections/men-running-shoes/products/gladiator-off-white-beige-orm-661-17","https://offlimits.co.in/cdn/shop/files/UntitledSession3141_b25602d7-f160-4261-94b1-fd14cb226012.jpg?v=1780573998","GLADIATOR - OFF WHITE/BEIGE","27","Protocol-Relative","//body/div[@id='nt_wrapper']/div[@id='nt_content']/div/div[1]/div[@id='product-8148195246173']/div/div/div[1]/div/div/div[1]/div[8]/div/noscript/img","Content","HTML","","",""
"Image","https://offlimits.co.in/collections/men-running-shoes/products/gladiator-off-white-beige-orm-661-17","https://offlimits.co.in/cdn/shop/files/UntitledSession3135_0183b575-96d6-43cd-86b8-48b8afc4630f.jpg?v=1780573998","GLADIATOR - OFF WHITE/BEIGE","27","Protocol-Relative","//body/div[@id='nt_wrapper']/div[@id='nt_content']/div/div[1]/div[@id='product-8148195246173']/div/div/div[1]/div/div/div[1]/div[4]/div/noscript/img","Content","HTML","","",""
"Image","https://offlimits.co.in/collections/men-running-shoes/products/gladiator-off-white-beige-orm-661-17","https://offlimits.co.in/cdn/shop/files/UntitledSession3139_d7931956-d5ec-4394-b830-2dfdafecc5fc.jpg?v=1780573998","GLADIATOR - OFF WHITE/BEIGE","27","Protocol-Relative","//body/div[@id='nt_wrapper']/div[@id='nt_content']/div/div[1]/div[@id='product-8148195246173']/div/div/div[1]/div/div/div[1]/div[7]/div/noscript/img","Content","HTML","","",""
"Image","https://offlimits.co.in/collections/men-running-shoes/products/gladiator-off-white-beige-orm-661-17","https://offlimits.co.in/cdn/shop/files/s2s_2_e2c7b87f-cdca-4cd3-8da0-f859f313acb4.png?v=1780574214","GLADIATOR - OFF WHITE/BEIGE","27","Protocol-Relative","//body/div[@id='nt_wrapper']/div[@id='nt_content']/div/div[1]/div[@id='product-8148195246173']/div/div/div[1]/div/div/div[1]/div[11]/div/noscript/img","Content","HTML","","",""
"Image","https://offlimits.co.in/collections/men-running-shoes/products/gladiator-off-white-beige-orm-661-17","https://offlimits.co.in/cdn/shop/files/WhiteBg_2bbbb52a-de48-480e-a57c-df8517fab44e.jpg?v=1780573998","GLADIATOR - OFF WHITE/BEIGE","27","Protocol-Relative","//body/div[@id='nt_wrapper']/div[@id='nt_content']/div/div[1]/div[@id='product-8148195246173']/div/div/div[1]/div/div/div[1]/div[2]/div/noscript/img","Content","HTML","","",""
"Image","https://offlimits.co.in/collections/men-running-shoes/products/gladiator-off-white-beige-orm-661-17","https://offlimits.co.in/cdn/shop/files/UntitledSession3142_c56435be-8171-4491-85dd-bb10dc11e3e6.jpg?v=1780573998","GLADIATOR - OFF WHITE/BEIGE","27","Protocol-Relative","//body/div[@id='nt_wrapper']/div[@id='nt_content']/div/div[1]/div[@id='product-8148195246173']/div/div/div[1]/div/div/div[1]/div[9]/div/noscript/img","Content","HTML","","",""
"Image","https://offlimits.co.in/collections/men-running-shoes/products/gladiator-off-white-beige-orm-661-17","https://offlimits.co.in/cdn/shop/files/UntitledSession3136_30a7ecda-c475-4cbc-be46-b48aedc4be2a.jpg?v=1780573998","GLADIATOR - OFF WHITE/BEIGE","27","Protocol-Relative","//body/div[@id='nt_wrapper']/div[@id='nt_content']/div/div[1]/div[@id='product-8148195246173']/div/div/div[1]/div/div/div[1]/div[5]/div/noscript/img","Content","HTML","","",""
"Image","https://offlimits.co.in/collections/men-running-shoes/products/gladiator-off-white-beige-orm-661-17","https://offlimits.co.in/cdn/shop/files/7copy_e6ccdea8-79d3-40a2-8cb9-ae218cadae85.jpg?v=1780573998","GLADIATOR - OFF WHITE/BEIGE","27","Protocol-Relative","//body/div[@id='nt_wrapper']/div[@id='nt_content']/div/div[1]/div[@id='product-8148195246173']/div/div/div[1]/div/div/div[1]/div[3]/div/noscript/img","Content","HTML","","",""
"Image","https://offlimits.co.in/collections/men-running-shoes/products/gladiator-off-white-beige-orm-661-17","https://offlimits.co.in/cdn/shop/files/7.1_b78994e9-9ce8-4e48-9e31-e94d6f6c2393.jpg?v=1780573998","GLADIATOR - OFF WHITE/BEIGE","27","Protocol-Relative","//body/div[@id='nt_wrapper']/div[@id='nt_content']/div/div[1]/div[@id='product-8148195246173']/div/div/div[1]/div/div/div[1]/div[1]/div/noscript/img","Content","HTML","","",""
"Image","https://offlimits.co.in/collections/mens-running-gym-shoes/products/gladiator-light-grey-orm-661-06","https://offlimits.co.in/cdn/shop/files/OCM-769_05_5.jpg?v=1774435992","GLADIATOR - LIGHT GREY","22","Protocol-Relative","//body/div[@id='nt_wrapper']/div[@id='nt_content']/div/div[1]/div[@id='product-8044521848925']/div/div/div[1]/div/div/div[1]/div[11]/div/noscript/img","Content","HTML","","",""
"Image","https://offlimits.co.in/collections/mens-running-gym-shoes/products/gladiator-light-grey-orm-661-06","https://offlimits.co.in/cdn/shop/files/1_76.jpg?v=1784029526","GLADIATOR - LIGHT GREY","22","Protocol-Relative","//body/div[@id='nt_wrapper']/div[@id='nt_content']/div/div[1]/div[@id='product-8044521848925']/div/div/div[1]/div/div/div[1]/div[1]/div/noscript/img","Content","HTML","","",""
"Image","https://offlimits.co.in/collections/mens-running-gym-shoes/products/gladiator-light-grey-orm-661-06","https://offlimits.co.in/cdn/shop/files/DSC_1621.jpg?v=1767084319","GLADIATOR - LIGHT GREY","22","Protocol-Relative","//body/div[@id='nt_wrapper']/div[@id='nt_content']/div/div[1]/div[@id='product-8044521848925']/div/div/div[1]/div/div/div[1]/div[4]/div/noscript/img","Content","HTML","","",""
"Image","https://offlimits.co.in/collections/mens-running-gym-shoes/products/gladiator-light-grey-orm-661-06","https://offlimits.co.in/cdn/shop/files/DSC_1619_2.jpg?v=1767084319","GLADIATOR - LIGHT GREY","22","Protocol-Relative","//body/div[@id='nt_wrapper']/div[@id='nt_content']/div/div[1]/div[@id='product-8044521848925']/div/div/div[1]/div/div/div[1]/div[5]/div/noscript/img","Content","HTML","","",""
"Image","https://offlimits.co.in/collections/mens-running-gym-shoes/products/gladiator-light-grey-orm-661-06","https://offlimits.co.in/cdn/shop/files/DSC_1623.jpg?v=1767084319","GLADIATOR - LIGHT GREY","22","Protocol-Relative","//body/div[@id='nt_wrapper']/div[@id='nt_content']/div/div[1]/div[@id='product-8044521848925']/div/div/div[1]/div/div/div[1]/div[7]/div/noscript/img","Content","HTML","","",""
"Image","https://offlimits.co.in/collections/mens-running-gym-shoes/products/gladiator-light-grey-orm-661-06","https://offlimits.co.in/cdn/shop/files/2_76.jpg?v=1784029524","GLADIATOR - LIGHT GREY","22","Protocol-Relative","//body/div[@id='nt_wrapper']/div[@id='nt_content']/div/div[1]/div[@id='product-8044521848925']/div/div/div[1]/div/div/div[1]/div[3]/div/noscript/img","Content","HTML","","",""
"Image","https://offlimits.co.in/collections/mens-running-gym-shoes/products/gladiator-light-grey-orm-661-06","https://offlimits.co.in/cdn/shop/files/DSC_1619_0e677f02-1b88-4264-85bf-0be88ecffc8a.jpg?v=1767084319","GLADIATOR - LIGHT GREY","22","Protocol-Relative","//body/div[@id='nt_wrapper']/div[@id='nt_content']/div/div[1]/div[@id='product-8044521848925']/div/div/div[1]/div/div/div[1]/div[2]/div/noscript/img","Content","HTML","","",""
"Image","https://offlimits.co.in/collections/mens-running-gym-shoes/products/gladiator-light-grey-orm-661-06","https://offlimits.co.in/cdn/shop/files/DSC_1624_899576e0-7301-4a53-9418-34d2c3a75e3d.jpg?v=1767084319","GLADIATOR - LIGHT GREY","22","Protocol-Relative","//body/div[@id='nt_wrapper']/div[@id='nt_content']/div/div[1]/div[@id='product-8044521848925']/div/div/div[1]/div/div/div[1]/div[8]/div/noscript/img","Content","HTML","","",""
"Image","https://offlimits.co.in/collections/low-top-shoes-for-men/products/speed-cat-crazy-horse-tan-ocm-062-04","https://offlimits.co.in/cdn/shop/files/s2s_2_7ca9df06-6f3c-4083-a66f-79a96e939777.png?v=1775308822","SPEED CAT - CRAZY HORSE/TAN","27","Protocol-Relative","//body/div[@id='nt_wrapper']/div[@id='nt_content']/div/div[1]/div[@id='product-7646788124765']/div/div/div[1]/div/div/div[1]/div[11]/div/noscript/img","Content","HTML","","",""
"Image","https://offlimits.co.in/collections/low-top-shoes-for-men/products/speed-cat-crazy-horse-tan-ocm-062-04","https://offlimits.co.in/cdn/shop/files/OCM-06204_2.jpg?v=1744117896","SPEED CAT - CRAZY HORSE/TAN","27","Protocol-Relative","//body/div[@id='nt_wrapper']/div[@id='nt_content']/div/div[1]/div[@id='product-7646788124765']/div/div/div[1]/div/div/div[1]/div[2]/div/noscript/img","Content","HTML","","",""
"Image","https://offlimits.co.in/collections/low-top-shoes-for-men/products/speed-cat-crazy-horse-tan-ocm-062-04","https://offlimits.co.in/cdn/shop/files/OCM-06204_9.jpg?v=1721472152","SPEED CAT - CRAZY HORSE/TAN","27","Protocol-Relative","//body/div[@id='nt_wrapper']/div[@id='nt_content']/div/div[1]/div[@id='product-7646788124765']/div/div/div[1]/div/div/div[1]/div[9]/div/noscript/img","Content","HTML","","",""
"Image","https://offlimits.co.in/collections/low-top-shoes-for-men/products/speed-cat-crazy-horse-tan-ocm-062-04","https://offlimits.co.in/cdn/shop/files/preview_images/5bd96fc4189a46d2ad18df991f2ed39f.thumbnail.0000000000_1024x1024.jpg?v=1758804080","","0","Protocol-Relative","//body/div[@id='nt_wrapper']/div[@id='nt_content']/div/div[1]/div[@id='product-7646788124765']/div/div/div[1]/div/div/div[1]/div[12]/div/video/img","Content","HTML","","",""
"Image","https://offlimits.co.in/collections/low-top-shoes-for-men/products/speed-cat-crazy-horse-tan-ocm-062-04","https://offlimits.co.in/cdn/shop/files/2_37.jpg?v=1783768689","SPEED CAT - CRAZY HORSE/TAN","27","Protocol-Relative","//body/div[@id='nt_wrapper']/div[@id='nt_content']/div/div[1]/div[@id='product-7646788124765']/div/div/div[1]/div/div/div[1]/div[3]/div/noscript/img","Content","HTML","","",""
"Image","https://offlimits.co.in/collections/low-top-shoes-for-men/products/speed-cat-crazy-horse-tan-ocm-062-04","https://offlimits.co.in/cdn/shop/files/OCM-06204_6.jpg?v=1721472152","SPEED CAT - CRAZY HORSE/TAN","27","Protocol-Relative","//body/div[@id='nt_wrapper']/div[@id='nt_content']/div/div[1]/div[@id='product-7646788124765']/div/div/div[1]/div/div/div[1]/div[6]/div/noscript/img","Content","HTML","","",""
"Image","https://offlimits.co.in/collections/low-top-shoes-for-men/products/speed-cat-crazy-horse-tan-ocm-062-04","https://offlimits.co.in/cdn/shop/files/OCM-06204_4.jpg?v=1755866258","SPEED CAT - CRAZY HORSE/TAN","27","Protocol-Relative","//body/div[@id='nt_wrapper']/div[@id='nt_content']/div/div[1]/div[@id='product-7646788124765']/div/div/div[1]/div/div/div[1]/div[4]/div/noscript/img","Content","HTML","","",""
"Image","https://offlimits.co.in/collections/low-top-shoes-for-men/products/speed-cat-crazy-horse-tan-ocm-062-04","https://offlimits.co.in/cdn/shop/files/OCM-06204_8.jpg?v=1721472152","SPEED CAT - CRAZY HORSE/TAN","27","Protocol-Relative","//body/div[@id='nt_wrapper']/div[@id='nt_content']/div/div[1]/div[@id='product-7646788124765']/div/div/div[1]/div/div/div[1]/div[8]/div/noscript/img","Content","HTML","","",""
"Image","https://offlimits.co.in/collections/low-top-shoes-for-men/products/speed-cat-crazy-horse-tan-ocm-062-04","https://offlimits.co.in/cdn/shop/files/OCM-06204_7.jpg?v=1721472152","SPEED CAT - CRAZY HORSE/TAN","27","Protocol-Relative","//body/div[@id='nt_wrapper']/div[@id='nt_content']/div/div[1]/div[@id='product-7646788124765']/div/div/div[1]/div/div/div[1]/div[7]/div/noscript/img","Content","HTML","","",""
"Image","https://offlimits.co.in/collections/low-top-shoes-for-men/products/speed-cat-crazy-horse-tan-ocm-062-04","https://offlimits.co.in/cdn/shop/files/1_37.jpg?v=1783768692","SPEED CAT - CRAZY HORSE/TAN","27","Protocol-Relative","//body/div[@id='nt_wrapper']/div[@id='nt_content']/div/div[1]/div[@id='product-7646788124765']/div/div/div[1]/div/div/div[1]/div[1]/div/noscript/img","Content","HTML","","",""
"Image","https://offlimits.co.in/collections/low-top-shoes-for-men/products/speed-cat-crazy-horse-tan-ocm-062-04","https://offlimits.co.in/cdn/shop/files/OCM-06204_5.jpg?v=1755866258","SPEED CAT - CRAZY HORSE/TAN","27","Protocol-Relative","//body/div[@id='nt_wrapper']/div[@id='nt_content']/div/div[1]/div[@id='product-7646788124765']/div/div/div[1]/div/div/div[1]/div[5]/div/noscript/img","Content","HTML","","",""
"Image","https://offlimits.co.in/collections/men-lifestyle-recover-kicks/products/magnum-black-ocm-750-02","https://offlimits.co.in/cdn/shop/files/1_6_769988c0-05c2-46c8-9b6f-e5c87e9934fa.jpg?v=1785822886","MAGNUM - BLACK","14","Protocol-Relative","//body/div[@id='nt_wrapper']/div[@id='nt_content']/div/div[1]/div[@id='product-7868982001757']/div/div/div[1]/div/div/div[1]/div[1]/div/noscript/img","Content","HTML","","",""
"Image","https://offlimits.co.in/collections/men-lifestyle-recover-kicks/products/magnum-black-ocm-750-02","https://offlimits.co.in/cdn/shop/files/s2s_2_8d62e285-6172-445b-887b-d6a2abe1206e.png?v=1775641033","MAGNUM - BLACK","14","Protocol-Relative","//body/div[@id='nt_wrapper']/div[@id='nt_content']/div/div[1]/div[@id='product-7868982001757']/div/div/div[1]/div/div/div[1]/div[12]/div/noscript/img","Content","HTML","","",""
"Image","https://offlimits.co.in/collections/men-lifestyle-recover-kicks/products/magnum-black-ocm-750-02","https://offlimits.co.in/cdn/shop/files/OCM-75002_2.jpg?v=1742980286","MAGNUM - BLACK","14","Protocol-Relative","//body/div[@id='nt_wrapper']/div[@id='nt_content']/div/div[1]/div[@id='product-7868982001757']/div/div/div[1]/div/div/div[1]/div[2]/div/noscript/img","Content","HTML","","",""
"Image","https://offlimits.co.in/collections/men-lifestyle-recover-kicks/products/magnum-black-ocm-750-02","https://offlimits.co.in/cdn/shop/files/OCM-75002_8.jpg?v=1742633521","MAGNUM - BLACK","14","Protocol-Relative","//body/div[@id='nt_wrapper']/div[@id='nt_content']/div/div[1]/div[@id='product-7868982001757']/div/div/div[1]/div/div/div[1]/div[8]/div/noscript/img","Content","HTML","","",""
"Image","https://offlimits.co.in/collections/men-lifestyle-recover-kicks/products/magnum-black-ocm-750-02","https://offlimits.co.in/cdn/shop/files/OCM-75002_4.jpg?v=1742633521","MAGNUM - BLACK","14","Protocol-Relative","//body/div[@id='nt_wrapper']/div[@id='nt_content']/div/div[1]/div[@id='product-7868982001757']/div/div/div[1]/div/div/div[1]/div[4]/div/noscript/img","Content","HTML","","",""
"Image","https://offlimits.co.in/collections/men-lifestyle-recover-kicks/products/magnum-black-ocm-750-02","https://offlimits.co.in/cdn/shop/files/preview_images/515151d666454064b0edebedc3b964b4.thumbnail.0000000000_1024x1024.jpg?v=1778134779","","0","Protocol-Relative","//body/div[@id='nt_wrapper']/div[@id='nt_content']/div/div[1]/div[@id='product-7868982001757']/div/div/div[1]/div/div/div[1]/div[10]/div/video/img","Content","HTML","","",""
"Image","https://offlimits.co.in/collections/men-lifestyle-recover-kicks/products/magnum-black-ocm-750-02","https://offlimits.co.in/cdn/shop/files/OCM-75002_6.jpg?v=1742633521","MAGNUM - BLACK","14","Protocol-Relative","//body/div[@id='nt_wrapper']/div[@id='nt_content']/div/div[1]/div[@id='product-7868982001757']/div/div/div[1]/div/div/div[1]/div[6]/div/noscript/img","Content","HTML","","",""
"Image","https://offlimits.co.in/collections/men-lifestyle-recover-kicks/products/magnum-black-ocm-750-02","https://offlimits.co.in/cdn/shop/files/2_6_f2fcafac-3ca7-4033-8cc3-176f56bf4ec1.jpg?v=1785822883","MAGNUM - BLACK","14","Protocol-Relative","//body/div[@id='nt_wrapper']/div[@id='nt_content']/div/div[1]/div[@id='product-7868982001757']/div/div/div[1]/div/div/div[1]/div[3]/div/noscript/img","Content","HTML","","",""
"Image","https://offlimits.co.in/collections/men-lifestyle-recover-kicks/products/magnum-black-ocm-750-02","https://offlimits.co.in/cdn/shop/files/OCM-75002_9.jpg?v=1742633521","MAGNUM - BLACK","14","Protocol-Relative","//body/div[@id='nt_wrapper']/div[@id='nt_content']/div/div[1]/div[@id='product-7868982001757']/div/div/div[1]/div/div/div[1]/div[9]/div/noscript/img","Content","HTML","","",""
"Image","https://offlimits.co.in/collections/men-lifestyle-recover-kicks/products/magnum-black-ocm-750-02","https://offlimits.co.in/cdn/shop/files/OCM-75002_7.jpg?v=1742633521","MAGNUM - BLACK","14","Protocol-Relative","//body/div[@id='nt_wrapper']/div[@id='nt_content']/div/div[1]/div[@id='product-7868982001757']/div/div/div[1]/div/div/div[1]/div[7]/div/noscript/img","Content","HTML","","",""
"Image","https://offlimits.co.in/collections/men-lifestyle-recover-kicks/products/magnum-black-ocm-750-02","https://offlimits.co.in/cdn/shop/files/OCM-75002_5.jpg?v=1742633521","MAGNUM - BLACK","14","Protocol-Relative","//body/div[@id='nt_wrapper']/div[@id='nt_content']/div/div[1]/div[@id='product-7868982001757']/div/div/div[1]/div/div/div[1]/div[5]/div/noscript/img","Content","HTML","","",""
"Image","https://offlimits.co.in/collections/men-lifestyle-recover-kicks/products/stussy-brown-orm-407-40","https://offlimits.co.in/cdn/shop/files/ORM-40740_3.jpg?v=1772022594","STUSSY - BROWN","14","Protocol-Relative","//body/div[@id='nt_wrapper']/div[@id='nt_content']/div/div[1]/div[@id='product-7507874480221']/div/div/div[1]/div/div/div[1]/div[5]/div/noscript/img","Content","HTML","","",""
"Image","https://offlimits.co.in/collections/men-lifestyle-recover-kicks/products/stussy-brown-orm-407-40","https://offlimits.co.in/cdn/shop/files/ORM-40740_8.jpg?v=1772022594","STUSSY - BROWN","14","Protocol-Relative","//body/div[@id='nt_wrapper']/div[@id='nt_content']/div/div[1]/div[@id='product-7507874480221']/div/div/div[1]/div/div/div[1]/div[9]/div/noscript/img","Content","HTML","","",""
"Image","https://offlimits.co.in/collections/men-lifestyle-recover-kicks/products/stussy-brown-orm-407-40","https://offlimits.co.in/cdn/shop/files/1_70.jpg?v=1784028694","STUSSY - BROWN","14","Protocol-Relative","//body/div[@id='nt_wrapper']/div[@id='nt_content']/div/div[1]/div[@id='product-7507874480221']/div/div/div[1]/div/div/div[1]/div[1]/div/noscript/img","Content","HTML","","",""
"Image","https://offlimits.co.in/collections/men-lifestyle-recover-kicks/products/stussy-brown-orm-407-40","https://offlimits.co.in/cdn/shop/files/ORM-40740_5.jpg?v=1772022594","STUSSY - BROWN","14","Protocol-Relative","//body/div[@id='nt_wrapper']/div[@id='nt_content']/div/div[1]/div[@id='product-7507874480221']/div/div/div[1]/div/div/div[1]/div[6]/div/noscript/img","Content","HTML","","",""
"Image","https://offlimits.co.in/collections/men-lifestyle-recover-kicks/products/stussy-brown-orm-407-40","https://offlimits.co.in/cdn/shop/files/ORM-40740_2.jpg?v=1715688545","STUSSY - BROWN","14","Protocol-Relative","//body/div[@id='nt_wrapper']/div[@id='nt_content']/div/div[1]/div[@id='product-7507874480221']/div/div/div[1]/div/div/div[1]/div[2]/div/noscript/img","Content","HTML","","",""
"Image","https://offlimits.co.in/collections/men-lifestyle-recover-kicks/products/stussy-brown-orm-407-40","https://offlimits.co.in/cdn/shop/files/OLMenssizechart_8d31cce2-8213-4181-909c-29bc2782ec40.jpg?v=1775134376","STUSSY - BROWN","14","Protocol-Relative","//body/div[@id='nt_wrapper']/div[@id='nt_content']/div/div[1]/div[@id='product-7507874480221']/div/div/div[1]/div/div/div[1]/div[10]/div/noscript/img","Content","HTML","","",""
"Image","https://offlimits.co.in/collections/men-lifestyle-recover-kicks/products/stussy-brown-orm-407-40","https://offlimits.co.in/cdn/shop/files/2_70.jpg?v=1784028692","STUSSY - BROWN","14","Protocol-Relative","//body/div[@id='nt_wrapper']/div[@id='nt_content']/div/div[1]/div[@id='product-7507874480221']/div/div/div[1]/div/div/div[1]/div[3]/div/noscript/img","Content","HTML","","",""
"Image","https://offlimits.co.in/collections/men-lifestyle-recover-kicks/products/stussy-brown-orm-407-40","https://offlimits.co.in/cdn/shop/files/ORM-40740_4.jpg?v=1772022594","STUSSY - BROWN","14","Protocol-Relative","//body/div[@id='nt_wrapper']/div[@id='nt_content']/div/div[1]/div[@id='product-7507874480221']/div/div/div[1]/div/div/div[1]/div[4]/div/noscript/img","Content","HTML","","",""
"Image","https://offlimits.co.in/collections/men-lifestyle-recover-kicks/products/stussy-brown-orm-407-40","https://offlimits.co.in/cdn/shop/files/ORM-40740_6.jpg?v=1772022594","STUSSY - BROWN","14","Protocol-Relative","//body/div[@id='nt_wrapper']/div[@id='nt_content']/div/div[1]/div[@id='product-7507874480221']/div/div/div[1]/div/div/div[1]/div[7]/div/noscript/img","Content","HTML","","",""
"Image","https://offlimits.co.in/collections/men-lifestyle-recover-kicks/products/tribe-x-black-matte-ocm-769-02","https://offlimits.co.in/cdn/shop/files/OCM-76902_2.jpg?v=1775814991","TRIBE X - BLACK MATTE","21","Protocol-Relative","//body/div[@id='nt_wrapper']/div[@id='nt_content']/div/div[1]/div[@id='product-8108041633885']/div/div/div[1]/div/div/div[1]/div[2]/div/noscript/img","Content","HTML","","",""
"Image","https://offlimits.co.in/collections/men-lifestyle-recover-kicks/products/tribe-x-black-matte-ocm-769-02","https://offlimits.co.in/cdn/shop/files/OCM-76902_8.jpg?v=1775815257","TRIBE X - BLACK MATTE","21","Protocol-Relative","//body/div[@id='nt_wrapper']/div[@id='nt_content']/div/div[1]/div[@id='product-8108041633885']/div/div/div[1]/div/div/div[1]/div[7]/div/noscript/img","Content","HTML","","",""
"Image","https://offlimits.co.in/collections/men-lifestyle-recover-kicks/products/stussy-brown-orm-407-40","https://offlimits.co.in/cdn/shop/files/ORM-40740_7.jpg?v=1772022594","STUSSY - BROWN","14","Protocol-Relative","//body/div[@id='nt_wrapper']/div[@id='nt_content']/div/div[1]/div[@id='product-7507874480221']/div/div/div[1]/div/div/div[1]/div[8]/div/noscript/img","Content","HTML","","",""
"Image","https://offlimits.co.in/collections/men-lifestyle-recover-kicks/products/tribe-x-black-matte-ocm-769-02","https://offlimits.co.in/cdn/shop/files/OCM-76902_4.jpg?v=1775815257","TRIBE X - BLACK MATTE","21","Protocol-Relative","//body/div[@id='nt_wrapper']/div[@id='nt_content']/div/div[1]/div[@id='product-8108041633885']/div/div/div[1]/div/div/div[1]/div[3]/div/noscript/img","Content","HTML","","",""
"Image","https://offlimits.co.in/collections/men-lifestyle-recover-kicks/products/tribe-x-black-matte-ocm-769-02","https://offlimits.co.in/cdn/shop/files/OCM-76902_3.jpg?v=1775815257","TRIBE X - BLACK MATTE","21","Protocol-Relative","//body/div[@id='nt_wrapper']/div[@id='nt_content']/div/div[1]/div[@id='product-8108041633885']/div/div/div[1]/div/div/div[1]/div[9]/div/noscript/img","Content","HTML","","",""
"Image","https://offlimits.co.in/collections/men-lifestyle-recover-kicks/products/tribe-x-black-matte-ocm-769-02","https://offlimits.co.in/cdn/shop/files/OCM-76902_5.jpg?v=1775815257","TRIBE X - BLACK MATTE","21","Protocol-Relative","//body/div[@id='nt_wrapper']/div[@id='nt_content']/div/div[1]/div[@id='product-8108041633885']/div/div/div[1]/div/div/div[1]/div[4]/div/noscript/img","Content","HTML","","",""
"Image","https://offlimits.co.in/collections/men-lifestyle-recover-kicks/products/tribe-x-black-matte-ocm-769-02","https://offlimits.co.in/cdn/shop/files/OCM-76902_6.jpg?v=1775815257","TRIBE X - BLACK MATTE","21","Protocol-Relative","//body/div[@id='nt_wrapper']/div[@id='nt_content']/div/div[1]/div[@id='product-8108041633885']/div/div/div[1]/div/div/div[1]/div[5]/div/noscript/img","Content","HTML","","",""
"Image","https://offlimits.co.in/collections/men-lifestyle-recover-kicks/products/tribe-x-black-matte-ocm-769-02","https://offlimits.co.in/cdn/shop/files/OCM-76902_1.jpg?v=1775814991","TRIBE X - BLACK MATTE","21","Protocol-Relative","//body/div[@id='nt_wrapper']/div[@id='nt_content']/div/div[1]/div[@id='product-8108041633885']/div/div/div[1]/div/div/div[1]/div[1]/div/noscript/img","Content","HTML","","",""
"Image","https://offlimits.co.in/collections/men-lifestyle-recover-kicks/products/tribe-x-black-matte-ocm-769-02","https://offlimits.co.in/cdn/shop/files/OCM-76902_7.jpg?v=1775815257","TRIBE X - BLACK MATTE","21","Protocol-Relative","//body/div[@id='nt_wrapper']/div[@id='nt_content']/div/div[1]/div[@id='product-8108041633885']/div/div/div[1]/div/div/div[1]/div[6]/div/noscript/img","Content","HTML","","",""
"Image","https://offlimits.co.in/collections/men-lifestyle-recover-kicks/products/tribe-x-black-matte-ocm-769-02","https://offlimits.co.in/cdn/shop/files/s2s_2_d4afde4d-7531-4746-9165-1707cf96f6f3.png?v=1775645131","TRIBE X - BLACK MATTE","21","Protocol-Relative","//body/div[@id='nt_wrapper']/div[@id='nt_content']/div/div[1]/div[@id='product-8108041633885']/div/div/div[1]/div/div/div[1]/div[10]/div/noscript/img","Content","HTML","","",""
"Image","https://offlimits.co.in/collections/men-lifestyle-recover-kicks/products/tribe-x-black-matte-ocm-769-02","https://offlimits.co.in/cdn/shop/files/OCM-76902_9.jpg?v=1775815257","TRIBE X - BLACK MATTE","21","Protocol-Relative","//body/div[@id='nt_wrapper']/div[@id='nt_content']/div/div[1]/div[@id='product-8108041633885']/div/div/div[1]/div/div/div[1]/div[8]/div/noscript/img","Content","HTML","","",""
"Image","https://offlimits.co.in/collections/women-running-shoes/products/pulsara-for-her-off-white-pink-orw-889-02","https://offlimits.co.in/cdn/shop/files/OL_Womens_size_chart_aa8df3c2-ab26-4621-8c3a-645557a7e25d.jpg?v=1776424936","PULSARA FOR HER - OFF WHITE/PINK","32","Protocol-Relative","//body/div[@id='nt_wrapper']/div[@id='nt_content']/div/div[1]/div[@id='product-8114937397341']/div/div/div[1]/div/div/div[1]/div[10]/div/noscript/img","Content","HTML","","",""
"Image","https://offlimits.co.in/collections/women-running-shoes/products/pulsara-for-her-off-white-pink-orw-889-02","https://offlimits.co.in/cdn/shop/files/ORW-88902_3.jpg?v=1776424955","PULSARA FOR HER - OFF WHITE/PINK","32","Protocol-Relative","//body/div[@id='nt_wrapper']/div[@id='nt_content']/div/div[1]/div[@id='product-8114937397341']/div/div/div[1]/div/div/div[1]/div[3]/div/noscript/img","Content","HTML","","",""
"Image","https://offlimits.co.in/collections/women-running-shoes/products/pulsara-for-her-off-white-pink-orw-889-02","https://offlimits.co.in/cdn/shop/files/ORW-88902_5.jpg?v=1776424645","PULSARA FOR HER - OFF WHITE/PINK","32","Protocol-Relative","//body/div[@id='nt_wrapper']/div[@id='nt_content']/div/div[1]/div[@id='product-8114937397341']/div/div/div[1]/div/div/div[1]/div[6]/div/noscript/img","Content","HTML","","",""
"Image","https://offlimits.co.in/collections/women-running-shoes/products/pulsara-for-her-off-white-pink-orw-889-02","https://offlimits.co.in/cdn/shop/files/ORW-88902_7.jpg?v=1776424645","PULSARA FOR HER - OFF WHITE/PINK","32","Protocol-Relative","//body/div[@id='nt_wrapper']/div[@id='nt_content']/div/div[1]/div[@id='product-8114937397341']/div/div/div[1]/div/div/div[1]/div[8]/div/noscript/img","Content","HTML","","",""
"Image","https://offlimits.co.in/collections/women-running-shoes/products/pulsara-for-her-off-white-pink-orw-889-02","https://offlimits.co.in/cdn/shop/files/ORW-88902_2.jpg?v=1776424955","PULSARA FOR HER - OFF WHITE/PINK","32","Protocol-Relative","//body/div[@id='nt_wrapper']/div[@id='nt_content']/div/div[1]/div[@id='product-8114937397341']/div/div/div[1]/div/div/div[1]/div[2]/div/noscript/img","Content","HTML","","",""
"Image","https://offlimits.co.in/collections/women-running-shoes/products/pulsara-for-her-off-white-pink-orw-889-02","https://offlimits.co.in/cdn/shop/files/MODEL_11.jpg?v=1776424955","PULSARA FOR HER - OFF WHITE/PINK","32","Protocol-Relative","//body/div[@id='nt_wrapper']/div[@id='nt_content']/div/div[1]/div[@id='product-8114937397341']/div/div/div[1]/div/div/div[1]/div[4]/div/noscript/img","Content","HTML","","",""
"Image","https://offlimits.co.in/collections/women-running-shoes/products/pulsara-for-her-off-white-pink-orw-889-02","https://offlimits.co.in/cdn/shop/files/New_208f38ec-b097-471e-9fc2-24949273c4ea.jpg?v=1776424955","PULSARA FOR HER - OFF WHITE/PINK","32","Protocol-Relative","//body/div[@id='nt_wrapper']/div[@id='nt_content']/div/div[1]/div[@id='product-8114937397341']/div/div/div[1]/div/div/div[1]/div[1]/div/noscript/img","Content","HTML","","",""
"Image","https://offlimits.co.in/collections/women-running-shoes/products/pulsara-for-her-off-white-pink-orw-889-02","https://offlimits.co.in/cdn/shop/files/s2s_2_459f508b-a2e7-4e06-8396-8ccd496f3d0d.png?v=1776424937","PULSARA FOR HER - OFF WHITE/PINK","32","Protocol-Relative","//body/div[@id='nt_wrapper']/div[@id='nt_content']/div/div[1]/div[@id='product-8114937397341']/div/div/div[1]/div/div/div[1]/div[11]/div/noscript/img","Content","HTML","","",""
"Image","https://offlimits.co.in/collections/women-running-shoes/products/pulsara-for-her-off-white-pink-orw-889-02","https://offlimits.co.in/cdn/shop/files/ORW-88902_4.jpg?v=1776424645","PULSARA FOR HER - OFF WHITE/PINK","32","Protocol-Relative","//body/div[@id='nt_wrapper']/div[@id='nt_content']/div/div[1]/div[@id='product-8114937397341']/div/div/div[1]/div/div/div[1]/div[5]/div/noscript/img","Content","HTML","","",""
"Image","https://offlimits.co.in/collections/women-running-shoes/products/pulsara-for-her-off-white-pink-orw-889-02","https://offlimits.co.in/cdn/shop/files/ORW-88902_6.jpg?v=1776424645","PULSARA FOR HER - OFF WHITE/PINK","32","Protocol-Relative","//body/div[@id='nt_wrapper']/div[@id='nt_content']/div/div[1]/div[@id='product-8114937397341']/div/div/div[1]/div/div/div[1]/div[7]/div/noscript/img","Content","HTML","","",""
"Image","https://offlimits.co.in/collections/women-running-shoes/products/pulsara-for-her-off-white-pink-orw-889-02","https://offlimits.co.in/cdn/shop/files/ORW-88902_8.jpg?v=1776424645","PULSARA FOR HER - OFF WHITE/PINK","32","Protocol-Relative","//body/div[@id='nt_wrapper']/div[@id='nt_content']/div/div[1]/div[@id='product-8114937397341']/div/div/div[1]/div/div/div[1]/div[9]/div/noscript/img","Content","HTML","","",""
"Image","https://offlimits.co.in/collections/women-running-shoes/products/speedster-for-her-off-white-light-grey-orw-730-06","https://offlimits.co.in/cdn/shop/files/ORW-73006_4.jpg?v=1744181011","SPEEDSTER FOR HER -  OFF WHITE/LIGHT GREY","41","Protocol-Relative","//body/div[@id='nt_wrapper']/div[@id='nt_content']/div/div[1]/div[@id='product-7882890903645']/div/div/div[1]/div/div/div[1]/div[4]/div/noscript/img","Content","HTML","","",""
"Image","https://offlimits.co.in/collections/women-running-shoes/products/speedster-for-her-off-white-light-grey-orw-730-06","https://offlimits.co.in/cdn/shop/files/ORW-73006_5.jpg?v=1744181010","SPEEDSTER FOR HER -  OFF WHITE/LIGHT GREY","41","Protocol-Relative","//body/div[@id='nt_wrapper']/div[@id='nt_content']/div/div[1]/div[@id='product-7882890903645']/div/div/div[1]/div/div/div[1]/div[5]/div/noscript/img","Content","HTML","","",""
"Image","https://offlimits.co.in/collections/women-running-shoes/products/speedster-for-her-off-white-light-grey-orw-730-06","https://offlimits.co.in/cdn/shop/files/ORW-78904_11.png?v=1775641278","SPEEDSTER FOR HER -  OFF WHITE/LIGHT GREY","41","Protocol-Relative","//body/div[@id='nt_wrapper']/div[@id='nt_content']/div/div[1]/div[@id='product-7882890903645']/div/div/div[1]/div/div/div[1]/div[10]/div/noscript/img","Content","HTML","","",""
"Image","https://offlimits.co.in/collections/women-running-shoes/products/speedster-for-her-off-white-light-grey-orw-730-06","https://offlimits.co.in/cdn/shop/files/ORW-73006_8.jpg?v=1744181010","SPEEDSTER FOR HER -  OFF WHITE/LIGHT GREY","41","Protocol-Relative","//body/div[@id='nt_wrapper']/div[@id='nt_content']/div/div[1]/div[@id='product-7882890903645']/div/div/div[1]/div/div/div[1]/div[8]/div/noscript/img","Content","HTML","","",""
"Image","https://offlimits.co.in/collections/women-running-shoes/products/speedster-for-her-off-white-light-grey-orw-730-06","https://offlimits.co.in/cdn/shop/files/ORW-73006_7.jpg?v=1744181011","SPEEDSTER FOR HER -  OFF WHITE/LIGHT GREY","41","Protocol-Relative","//body/div[@id='nt_wrapper']/div[@id='nt_content']/div/div[1]/div[@id='product-7882890903645']/div/div/div[1]/div/div/div[1]/div[7]/div/noscript/img","Content","HTML","","",""
"Image","https://offlimits.co.in/collections/women-running-shoes/products/speedster-for-her-off-white-light-grey-orw-730-06","https://offlimits.co.in/cdn/shop/files/ORW-73006_6.jpg?v=1744181010","SPEEDSTER FOR HER -  OFF WHITE/LIGHT GREY","41","Protocol-Relative","//body/div[@id='nt_wrapper']/div[@id='nt_content']/div/div[1]/div[@id='product-7882890903645']/div/div/div[1]/div/div/div[1]/div[6]/div/noscript/img","Content","HTML","","",""
"Image","https://offlimits.co.in/collections/men-shorts/products/mens-pol-cns-mesh-shorts-obm-77-01","https://offlimits.co.in/cdn/shop/products/8905185197441_3.jpg?v=1673515724","Shop MENS POL CNS MESH SHORTS Online","36","Protocol-Relative","//body/div[@id='nt_wrapper']/div[@id='nt_content']/div/div[1]/div[@id='product-6882536194141']/div/div/div[1]/div/div/div[1]/div[3]/div/noscript/img","Content","HTML","","",""
"Image","https://offlimits.co.in/collections/women-running-shoes/products/speedster-for-her-off-white-light-grey-orw-730-06","https://offlimits.co.in/cdn/shop/files/ORW-73006_3.jpg?v=1744181010","SPEEDSTER FOR HER -  OFF WHITE/LIGHT GREY","41","Protocol-Relative","//body/div[@id='nt_wrapper']/div[@id='nt_content']/div/div[1]/div[@id='product-7882890903645']/div/div/div[1]/div/div/div[1]/div[3]/div/noscript/img","Content","HTML","","",""
"Image","https://offlimits.co.in/collections/women-running-shoes/products/speedster-for-her-off-white-light-grey-orw-730-06","https://offlimits.co.in/cdn/shop/files/ORW-73006_2.jpg?v=1744181010","SPEEDSTER FOR HER -  OFF WHITE/LIGHT GREY","41","Protocol-Relative","//body/div[@id='nt_wrapper']/div[@id='nt_content']/div/div[1]/div[@id='product-7882890903645']/div/div/div[1]/div/div/div[1]/div[2]/div/noscript/img","Content","HTML","","",""
"Image","https://offlimits.co.in/collections/men-shorts/products/mens-pol-cns-mesh-shorts-obm-77-01","https://offlimits.co.in/cdn/shop/products/8905185197441_8.jpg?v=1673515724","Shop MENS POL CNS MESH SHORTS Online","36","Protocol-Relative","//body/div[@id='nt_wrapper']/div[@id='nt_content']/div/div[1]/div[@id='product-6882536194141']/div/div/div[1]/div/div/div[1]/div[8]/div/noscript/img","Content","HTML","","",""
"Image","https://offlimits.co.in/collections/men-shorts/products/mens-pol-cns-mesh-shorts-obm-77-01","https://offlimits.co.in/cdn/shop/products/8905185197441_2_1.jpg?v=1673936816","Shop MENS POL CNS MESH SHORTS Online","36","Protocol-Relative","//body/div[@id='nt_wrapper']/div[@id='nt_content']/div/div[1]/div[@id='product-6882536194141']/div/div/div[1]/div/div/div[1]/div[1]/div/noscript/img","Content","HTML","","",""
"Image","https://offlimits.co.in/collections/women-running-shoes/products/speedster-for-her-off-white-light-grey-orw-730-06","https://offlimits.co.in/cdn/shop/files/ORW-73006_1.jpg?v=1744181010","SPEEDSTER FOR HER -  OFF WHITE/LIGHT GREY","41","Protocol-Relative","//body/div[@id='nt_wrapper']/div[@id='nt_content']/div/div[1]/div[@id='product-7882890903645']/div/div/div[1]/div/div/div[1]/div[1]/div/noscript/img","Content","HTML","","",""
"Image","https://offlimits.co.in/collections/men-shorts/products/mens-pol-cns-mesh-shorts-obm-77-01","https://offlimits.co.in/cdn/shop/products/8905185197441_7_1.jpg?v=1673515723","Shop MENS POL CNS MESH SHORTS Online","36","Protocol-Relative","//body/div[@id='nt_wrapper']/div[@id='nt_content']/div/div[1]/div[@id='product-6882536194141']/div/div/div[1]/div/div/div[1]/div[7]/div/noscript/img","Content","HTML","","",""
"Image","https://offlimits.co.in/collections/men-shorts/products/mens-pol-cns-mesh-shorts-obm-77-01","https://offlimits.co.in/cdn/shop/products/8905185197441_5.jpg?v=1673515722","Shop MENS POL CNS MESH SHORTS Online","36","Protocol-Relative","//body/div[@id='nt_wrapper']/div[@id='nt_content']/div/div[1]/div[@id='product-6882536194141']/div/div/div[1]/div/div/div[1]/div[5]/div/noscript/img","Content","HTML","","",""
"Image","https://offlimits.co.in/collections/men-shorts/products/mens-pol-cns-mesh-shorts-obm-77-01","https://offlimits.co.in/cdn/shop/files/APP_-_MENS_SIZE_CHART_2a59056e-232c-451a-9a37-c036ea2f6705.jpg?v=1758893379","MENS POL CNS MESH SHORTS","24","Protocol-Relative","//body/div[@id='nt_wrapper']/div[@id='nt_content']/div/div[1]/div[@id='product-6882536194141']/div/div/div[1]/div/div/div[1]/div[9]/div/noscript/img","Content","HTML","","",""
