"Address","Content Type","Status Code","Status","Indexability","Indexability Status","Inlinks","Response Time","Redirect URL","Redirect Type"
"https://offlimits.co.in/collections/stussy","text/html; charset=UTF-8","429","Too Many Requests","Non-Indexable","Client Error","37","0.041","",""
"https://offlimits.co.in/collections/black-shoes-for-men","text/html; charset=UTF-8","429","Too Many Requests","Non-Indexable","Client Error","35","0.032","",""
"https://offlimits.co.in/collections/men-trail","text/html; charset=UTF-8","429","Too Many Requests","Non-Indexable","Client Error","35","0.102","",""
"https://offlimits.co.in/collections/new-arrivals-2026/products/griffith-off-white-silver-ocm-830-10","text/html; charset=UTF-8","429","Too Many Requests","Non-Indexable","Client Error","1","0.116","",""
"https://offlimits.co.in/collections/men","text/html; charset=UTF-8","429","Too Many Requests","Non-Indexable","Client Error","70","0.047","",""
"https://offlimits.co.in/collections/women-pants-sweatpants","text/html; charset=UTF-8","429","Too Many Requests","Non-Indexable","Client Error","35","0.129","",""
"https://offlimits.co.in/collections/women-sneakers","text/html; charset=UTF-8","429","Too Many Requests","Non-Indexable","Client Error","177","0.102","",""
"https://offlimits.co.in/collections/new-arrivals-2026","text/html; charset=UTF-8","429","Too Many Requests","Non-Indexable","Client Error","36","0.152","",""
"https://offlimits.co.in/collections/women-shorts","text/html; charset=UTF-8","429","Too Many Requests","Non-Indexable","Client Error","35","0.125","",""
"https://offlimits.co.in/collections/women-tshirts-graphic-tees","text/html; charset=UTF-8","429","Too Many Requests","Non-Indexable","Client Error","140","0.144","",""
"https://offlimits.co.in/collections/men-basketball","text/html; charset=UTF-8","429","Too Many Requests","Non-Indexable","Client Error","105","0.102","",""
"https://offlimits.co.in/collections/uk-13-size","text/html; charset=UTF-8","429","Too Many Requests","Non-Indexable","Client Error","35","0.116","",""
"https://offlimits.co.in/collections/mens-bestsellers","text/html; charset=UTF-8","429","Too Many Requests","Non-Indexable","Client Error","1","0.125","",""
"https://offlimits.co.in/collections/mens-bestsellers/products/ethos-orm-531-01","text/html; charset=UTF-8","429","Too Many Requests","Non-Indexable","Client Error","1","0.132","",""
"https://offlimits.co.in/collections/performance","text/html; charset=UTF-8","429","Too Many Requests","Non-Indexable","Client Error","1","0.120","",""
"https://offlimits.co.in/collections/men-new-releases","text/html; charset=UTF-8","429","Too Many Requests","Non-Indexable","Client Error","36","0.132","",""
"https://offlimits.co.in/collections/men-hoodies-jackets","text/html; charset=UTF-8","429","Too Many Requests","Non-Indexable","Client Error","35","0.137","",""
"https://offlimits.co.in/collections/new-arrivals-2026/products/griffith-big-tall-off-white-red-ocm-936-04","text/html; charset=UTF-8","429","Too Many Requests","Non-Indexable","Client Error","1","0.125","",""
"https://offlimits.co.in/collections/mens-sneakers","text/html; charset=UTF-8","429","Too Many Requests","Non-Indexable","Client Error","2","0.137","",""
"https://offlimits.co.in/collections/gym-training","text/html; charset=UTF-8","429","Too Many Requests","Non-Indexable","Client Error","71","0.140","",""
"https://offlimits.co.in/collections/mens-sports-shoes","text/html; charset=UTF-8","429","Too Many Requests","Non-Indexable","Client Error","36","0.112","",""
"https://offlimits.co.in/collections/big-tall","text/html; charset=UTF-8","429","Too Many Requests","Non-Indexable","Client Error","108","0.098","",""
"https://offlimits.co.in/collections/women-new-releases","text/html; charset=UTF-8","429","Too Many Requests","Non-Indexable","Client Error","35","0.136","",""
"https://offlimits.co.in/collections/stussy-for-women","text/html; charset=UTF-8","429","Too Many Requests","Non-Indexable","Client Error","35","0.095","",""
"https://offlimits.co.in/collections/black-sneakers","text/html; charset=UTF-8","429","Too Many Requests","Non-Indexable","Client Error","35","0.128","",""
"https://offlimits.co.in/collections/new-arrivals-2026/products/pulse-x-b-t-black-dark-grey-orm-940-02","text/html; charset=UTF-8","429","Too Many Requests","Non-Indexable","Client Error","1","0.135","",""
"https://offlimits.co.in/collections/women-sandals-sliders","text/html; charset=UTF-8","429","Too Many Requests","Non-Indexable","Client Error","35","0.115","",""
"https://offlimits.co.in/pages/terms-conditions","text/html; charset=UTF-8","429","Too Many Requests","Non-Indexable","Client Error","35","0.109","",""
"https://offlimits.co.in/collections/women-sweatshirts","text/html; charset=UTF-8","429","Too Many Requests","Non-Indexable","Client Error","35","0.105","",""
"https://offlimits.co.in/collections/skate-sneakers","text/html; charset=UTF-8","429","Too Many Requests","Non-Indexable","Client Error","1","0.112","",""
"https://offlimits.co.in/collections/sneaker-for-men","text/html; charset=UTF-8","429","Too Many Requests","Non-Indexable","Client Error","176","0.116","",""
"https://offlimits.co.in/collections/women-gym-training","text/html; charset=UTF-8","429","Too Many Requests","Non-Indexable","Client Error","106","0.109","",""
"https://offlimits.co.in/collections/men-tshirts-graphic-tees","text/html; charset=UTF-8","429","Too Many Requests","Non-Indexable","Client Error","70","0.109","",""
"https://offlimits.co.in/collections/mens-bestsellers/products/memphis-genuine-leather-red-beige-ocm-723-05","text/html; charset=UTF-8","429","Too Many Requests","Non-Indexable","Client Error","1","0.111","",""
"https://offlimits.co.in/collections/mens-bestsellers/products/apex-1-beige-air-force-blue-orm-888-02","text/html; charset=UTF-8","429","Too Many Requests","Non-Indexable","Client Error","1","0.108","",""
"https://offlimits.co.in/collections/men-bestsellers","text/html; charset=UTF-8","429","Too Many Requests","Non-Indexable","Client Error","35","0.106","",""
"https://offlimits.co.in/collections/new-arrivals-2026/products/skyline-select-for-her-blue-honey-ocw-937-05","text/html; charset=UTF-8","429","Too Many Requests","Non-Indexable","Client Error","1","0.108","",""
"https://offlimits.co.in/collections/mens-bestsellers/products/sparta-pro-black-orm-795-01","text/html; charset=UTF-8","429","Too Many Requests","Non-Indexable","Client Error","1","0.109","",""
"https://offlimits.co.in/collections/women-walking","text/html; charset=UTF-8","429","Too Many Requests","Non-Indexable","Client Error","71","0.126","",""
"https://offlimits.co.in/collections/s-w-a-t-men","text/html; charset=UTF-8","429","Too Many Requests","Non-Indexable","Client Error","35","0.108","",""
"https://offlimits.co.in/collections/men-track-suits","text/html; charset=UTF-8","429","Too Many Requests","Non-Indexable","Client Error","142","0.100","",""
"https://offlimits.co.in/collections/basketball-boots","text/html; charset=UTF-8","429","Too Many Requests","Non-Indexable","Client Error","35","0.167","",""
"https://offlimits.co.in/collections/mens-bestsellers/products/roger-orm-351-04","text/html; charset=UTF-8","429","Too Many Requests","Non-Indexable","Client Error","1","0.105","",""
"https://offlimits.co.in/collections/mens-footwear","text/html; charset=UTF-8","429","Too Many Requests","Non-Indexable","Client Error","35","0.116","",""
"https://offlimits.co.in/pages/sitemap","text/html; charset=UTF-8","429","Too Many Requests","Non-Indexable","Client Error","35","0.107","",""
"https://offlimits.co.in/collections/men-sweatshirts","text/html; charset=UTF-8","429","Too Many Requests","Non-Indexable","Client Error","35","0.118","",""
"https://offlimits.co.in/collections/men-running-gym","text/html; charset=UTF-8","429","Too Many Requests","Non-Indexable","Client Error","35","0.110","",""
"https://offlimits.co.in/pages/store-gallery","text/html; charset=UTF-8","429","Too Many Requests","Non-Indexable","Client Error","35","0.100","",""
"https://offlimits.co.in/collections/casual-shoes-men","text/html; charset=UTF-8","429","Too Many Requests","Non-Indexable","Client Error","35","0.099","",""
"https://offlimits.co.in/collections/high-top-shoes-for-men","text/html; charset=UTF-8","429","Too Many Requests","Non-Indexable","Client Error","35","0.108","",""
"https://offlimits.co.in/collections/women","text/html; charset=UTF-8","429","Too Many Requests","Non-Indexable","Client Error","70","0.117","",""
"https://offlimits.co.in/collections/women-clothing","text/html; charset=UTF-8","429","Too Many Requests","Non-Indexable","Client Error","35","0.093","",""
"https://offlimits.co.in/pages/privacy-policy","text/html; charset=UTF-8","429","Too Many Requests","Non-Indexable","Client Error","35","0.096","",""
"https://offlimits.co.in/collections/new-arrivals-2026/products/helyx-b-t-orange-black-orm-939-01","text/html; charset=UTF-8","429","Too Many Requests","Non-Indexable","Client Error","1","0.114","",""
"https://offlimits.co.in/collections/women-bestsellers","text/html; charset=UTF-8","429","Too Many Requests","Non-Indexable","Client Error","35","0.116","",""
"https://offlimits.co.in/collections/new-arrivals-2026/products/helyx-b-t-black-aqua-orm-939-02","text/html; charset=UTF-8","429","Too Many Requests","Non-Indexable","Client Error","1","0.134","",""
"https://offlimits.co.in/collections/mens-bestsellers/products/baseline-23-milwaukee-bucks-beige-green-ocm-828-06","text/html; charset=UTF-8","429","Too Many Requests","Non-Indexable","Client Error","1","0.120","",""
"https://offlimits.co.in/collections/men-gym-training","text/html; charset=UTF-8","429","Too Many Requests","Non-Indexable","Client Error","36","0.101","",""
"https://offlimits.co.in/collections/women-running-gym","text/html; charset=UTF-8","429","Too Many Requests","Non-Indexable","Client Error","35","0.102","",""
"https://offlimits.co.in/collections/white-shoes-for-men","text/html; charset=UTF-8","429","Too Many Requests","Non-Indexable","Client Error","35","0.111","",""
"https://offlimits.co.in/collections/mens-bestsellers/products/unbound-teal-orm-855-06","text/html; charset=UTF-8","429","Too Many Requests","Non-Indexable","Client Error","1","0.136","",""
"https://offlimits.co.in/collections/new-arrivals-2026/products/griffith-big-tall-off-white-royal-blue-ocm-936-03","text/html; charset=UTF-8","429","Too Many Requests","Non-Indexable","Client Error","1","0.117","",""
"https://offlimits.co.in/collections/men-sandals-sliders","text/html; charset=UTF-8","429","Too Many Requests","Non-Indexable","Client Error","36","0.113","",""
"https://offlimits.co.in/collections/leather-shoes","text/html; charset=UTF-8","429","Too Many Requests","Non-Indexable","Client Error","71","0.086","",""
"https://offlimits.co.in/pages/return-exchange","text/html; charset=UTF-8","429","Too Many Requests","Non-Indexable","Client Error","35","0.095","",""
"https://offlimits.co.in/collections/all","text/html; charset=UTF-8","429","Too Many Requests","Non-Indexable","Client Error","35","0.103","",""
"https://offlimits.co.in/collections/women-tights","text/html; charset=UTF-8","429","Too Many Requests","Non-Indexable","Client Error","35","0.094","",""
"https://offlimits.co.in/pages/contact","text/html; charset=UTF-8","429","Too Many Requests","Non-Indexable","Client Error","35","0.091","",""
"https://offlimits.co.in/blogs/blogs","text/html; charset=UTF-8","429","Too Many Requests","Non-Indexable","Client Error","70","0.140","",""
"https://offlimits.co.in/collections/men-joggers-track-pants","text/html; charset=UTF-8","429","Too Many Requests","Non-Indexable","Client Error","35","0.194","",""
"https://offlimits.co.in/products/gladiator-off-white-orm-661-02","text/html; charset=UTF-8","429","Too Many Requests","Non-Indexable","Client Error","0","0.095","",""
"https://offlimits.co.in/products/swat-orm-600-03","text/html; charset=UTF-8","429","Too Many Requests","Non-Indexable","Client Error","0","0.110","",""
"https://offlimits.co.in/products/griffith-big-tall-off-white-green-ocm-936-05","text/html; charset=UTF-8","429","Too Many Requests","Non-Indexable","Client Error","0","0.113","",""
"https://offlimits.co.in/collections/men-clothing/products/mens-core-cns-zipper-tracksuits-otm-331-01","text/html; charset=UTF-8","429","Too Many Requests","Non-Indexable","Client Error","1","0.129","",""
"https://offlimits.co.in/collections/men-clothing/products/otm-165-01-mens-pf-cns-hoodie-anthra-red","text/html; charset=UTF-8","429","Too Many Requests","Non-Indexable","Client Error","1","0.108","",""
"https://offlimits.co.in/collections/men-clothing/products/mens-nsl-chev-ts-otm-185-04","text/html; charset=UTF-8","429","Too Many Requests","Non-Indexable","Client Error","1","0.113","",""
"https://offlimits.co.in/collections/men-clothing/products/mens-pcf-run-hoodie-otm-218-02","text/html; charset=UTF-8","429","Too Many Requests","Non-Indexable","Client Error","1","0.133","",""
"https://offlimits.co.in/collections/men-clothing/products/mens-nsl-chev-ts-otm-185-03","text/html; charset=UTF-8","429","Too Many Requests","Non-Indexable","Client Error","1","0.101","",""
"https://offlimits.co.in/collections/men-clothing/products/mens-pcf-crossfit-fo-hoodie-otm-219-01","text/html; charset=UTF-8","429","Too Many Requests","Non-Indexable","Client Error","1","0.115","",""
"https://offlimits.co.in/collections/men-clothing/products/mens-pct-cns-hood-ts-2-otm-273-01","text/html; charset=UTF-8","429","Too Many Requests","Non-Indexable","Client Error","1","0.098","",""
"https://offlimits.co.in/collections/men-clothing/products/mens-pcf-univ-hoodie-otm-206-01","text/html; charset=UTF-8","429","Too Many Requests","Non-Indexable","Client Error","1","0.128","",""
"https://offlimits.co.in/collections/men-clothing/products/mens-oliver-track-suit-otm-344-02","text/html; charset=UTF-8","429","Too Many Requests","Non-Indexable","Client Error","1","0.134","",""
"https://offlimits.co.in/collections/men-clothing/products/running-track-mel-insert-obm-34-01","text/html; charset=UTF-8","429","Too Many Requests","Non-Indexable","Client Error","1","0.118","",""
"https://offlimits.co.in/collections/men-clothing/products/mens-oliver-track-suit-otm-344-01","text/html; charset=UTF-8","429","Too Many Requests","Non-Indexable","Client Error","1","0.112","",""
"https://offlimits.co.in/collections/men-clothing/products/mens-ninja-track-suit-otm-342-01","text/html; charset=UTF-8","429","Too Many Requests","Non-Indexable","Client Error","1","0.127","",""
"https://offlimits.co.in/collections/men-clothing/products/men-s-defy-shorts-obm-71-01","text/html; charset=UTF-8","429","Too Many Requests","Non-Indexable","Client Error","1","0.108","",""
"https://offlimits.co.in/collections/men-clothing/products/mens-pol-mel-track-obm-85-01","text/html; charset=UTF-8","429","Too Many Requests","Non-Indexable","Client Error","1","0.131","",""
"https://offlimits.co.in/collections/men-clothing/products/mens-dt-cns-hooded-tracksuits-otm-335-01","text/html; charset=UTF-8","429","Too Many Requests","Non-Indexable","Client Error","1","0.099","",""
"https://offlimits.co.in/collections/men-clothing/products/mens-dt-cns-racing-hoodie-otm-211-01","text/html; charset=UTF-8","429","Too Many Requests","Non-Indexable","Client Error","1","0.131","",""
"https://offlimits.co.in/collections/men-clothing/products/mens-core-cns-zipper-tracksuits-otm-338-01","text/html; charset=UTF-8","429","Too Many Requests","Non-Indexable","Client Error","1","0.105","",""
"https://offlimits.co.in/collections/men-clothing/products/mens-dt-piping-core-ts-otm-329-01","text/html; charset=UTF-8","429","Too Many Requests","Non-Indexable","Client Error","1","0.111","",""
"https://offlimits.co.in/collections/men-clothing/products/mens-tabard-track-suit-otm-343-01","text/html; charset=UTF-8","429","Too Many Requests","Non-Indexable","Client Error","1","0.130","",""
"https://offlimits.co.in/collections/men-clothing/products/men-s-street-wear-hoodie-tee-otm-245-03","text/html; charset=UTF-8","429","Too Many Requests","Non-Indexable","Client Error","1","0.125","",""
"https://offlimits.co.in/collections/men-clothing/products/evermove-tracksuit-otm-366-02","text/html; charset=UTF-8","429","Too Many Requests","Non-Indexable","Client Error","1","0.122","",""
"https://offlimits.co.in/collections/men-clothing/products/evermove-tracksuit-otm-366-04","text/html; charset=UTF-8","429","Too Many Requests","Non-Indexable","Client Error","1","0.124","",""
"https://offlimits.co.in/collections/men-clothing/products/mens-bolt-track-suit-otm-345-01","text/html; charset=UTF-8","429","Too Many Requests","Non-Indexable","Client Error","1","0.130","",""
"https://offlimits.co.in/collections/men-clothing/products/mens-pcf-cns-ts-3-zipper-tracksuits-otm-336-01","text/html; charset=UTF-8","429","Too Many Requests","Non-Indexable","Client Error","1","0.098","",""
"https://offlimits.co.in/collections/men-clothing/products/mens-nsl-chev-ts-otm-185-01","text/html; charset=UTF-8","429","Too Many Requests","Non-Indexable","Client Error","1","0.115","",""
"https://offlimits.co.in/collections/men-clothing/products/mens-nsl-cns-logo-jogger-obm-80-01","text/html; charset=UTF-8","429","Too Many Requests","Non-Indexable","Client Error","1","0.116","",""
"https://offlimits.co.in/collections/men-clothing/products/elan-track-suit-ots-02-01","text/html; charset=UTF-8","429","Too Many Requests","Non-Indexable","Client Error","1","0.101","",""
"https://offlimits.co.in/collections/men-clothing/products/mens-pcf-cns-2-zipper-tracksuits-otm-325-01","text/html; charset=UTF-8","429","Too Many Requests","Non-Indexable","Client Error","1","0.114","",""
"https://offlimits.co.in/collections/men-clothing/products/mens-core-zipper-tracksuits-otm-337-01","text/html; charset=UTF-8","429","Too Many Requests","Non-Indexable","Client Error","1","0.087","",""
"https://offlimits.co.in/collections/men-clothing/products/mens-pcf-cns-fo-hooded-full-zipper-tracksuits-otm-332-01","text/html; charset=UTF-8","429","Too Many Requests","Non-Indexable","Client Error","1","0.096","",""
"https://offlimits.co.in/collections/men-clothing/products/otm-161-02-mens-sp-cns-stripe-hood-ts-white-navy-otm-161-02","text/html; charset=UTF-8","429","Too Many Requests","Non-Indexable","Client Error","1","0.102","",""
"https://offlimits.co.in/collections/men-clothing/products/mens-sp-cns-sop-zipper-tracksuits-otm-328-01","text/html; charset=UTF-8","429","Too Many Requests","Non-Indexable","Client Error","1","0.141","",""
"https://offlimits.co.in/collections/men-clothing/products/otm-158-02-mens-basic-pcf-tape-sweat-dark-grey","text/html; charset=UTF-8","429","Too Many Requests","Non-Indexable","Client Error","1","0.105","",""
"https://offlimits.co.in/collections/men-clothing/products/mens-zeus-zipper-tracksuits-otm-339-02","text/html; charset=UTF-8","429","Too Many Requests","Non-Indexable","Client Error","1","0.115","",""
"https://offlimits.co.in/collections/men-clothing/products/mens-pcf-tokyo-club-hooded-tracksuits-otm-323-02","text/html; charset=UTF-8","429","Too Many Requests","Non-Indexable","Client Error","1","0.105","",""
"https://offlimits.co.in/collections/men-clothing/products/mens-zeus-zipper-tracksuits-otm-339-01","text/html; charset=UTF-8","429","Too Many Requests","Non-Indexable","Client Error","1","0.134","",""
"https://offlimits.co.in/collections/men-clothing/products/mens-pcf-tokyo-club-hooded-tracksuits-otm-323-01","text/html; charset=UTF-8","429","Too Many Requests","Non-Indexable","Client Error","1","0.106","",""
"https://offlimits.co.in/collections/men-clothing/products/mens-pcf-cns-2-zipper-tracksuits-otm-324-01","text/html; charset=UTF-8","429","Too Many Requests","Non-Indexable","Client Error","1","0.097","",""
"https://offlimits.co.in/collections/men-clothing/products/mens-gym-buddy-track-suit-otm-340-02","text/html; charset=UTF-8","429","Too Many Requests","Non-Indexable","Client Error","1","0.094","",""
"https://offlimits.co.in/collections/men-clothing/products/mens-gym-buddy-track-suit-otm-340-01","text/html; charset=UTF-8","429","Too Many Requests","Non-Indexable","Client Error","1","0.105","",""
"https://offlimits.co.in/collections/men-clothing/products/mens-snow-track-suit-otm-349-01","text/html; charset=UTF-8","429","Too Many Requests","Non-Indexable","Client Error","1","0.100","",""
"https://offlimits.co.in/collections/men-clothing/products/mens-pcf-back-to-basics-hood-ts-otm-207-02","text/html; charset=UTF-8","429","Too Many Requests","Non-Indexable","Client Error","1","0.105","",""
"https://offlimits.co.in/collections/men-clothing/products/mens-sonic-track-suit-otm-341-01","text/html; charset=UTF-8","429","Too Many Requests","Non-Indexable","Client Error","1","0.092","",""
"https://offlimits.co.in/collections/men-clothing/products/mens-sonic-track-suit-otm-341-02","text/html; charset=UTF-8","429","Too Many Requests","Non-Indexable","Client Error","1","0.083","",""
"https://offlimits.co.in/collections/men-clothing/products/mens-pss-core-hood-fo-plus-size-hooded-tracksuits","text/html; charset=UTF-8","429","Too Many Requests","Non-Indexable","Client Error","1","0.094","",""
"https://offlimits.co.in/collections/men-clothing/products/mens-pcf-cns-hood-mnm-zipper-tracksuits-otm-326-01","text/html; charset=UTF-8","429","Too Many Requests","Non-Indexable","Client Error","1","0.112","",""
"https://offlimits.co.in/collections/men-clothing/products/mens-pcf-think-different-hoodie-otm-217-01","text/html; charset=UTF-8","429","Too Many Requests","Non-Indexable","Client Error","1","0.082","",""
"https://offlimits.co.in/collections/men-clothing/products/suede-henley-otm-134-01","text/html; charset=UTF-8","429","Too Many Requests","Non-Indexable","Client Error","1","0.103","",""
"https://offlimits.co.in/collections/men-clothing/products/mens-northman-track-suit-otm-350-01","text/html; charset=UTF-8","429","Too Many Requests","Non-Indexable","Client Error","1","0.103","",""
"https://offlimits.co.in/collections/men-clothing/products/mens-camo-cns-ts-otm-87-02","text/html; charset=UTF-8","429","Too Many Requests","Non-Indexable","Client Error","1","0.108","",""
"https://offlimits.co.in/collections/women-track-suits/products/wmn-zl-piping-cns-ts-otw-102-02","text/html; charset=UTF-8","429","Too Many Requests","Non-Indexable","Client Error","1","0.117","",""
"https://offlimits.co.in/collections/women-track-suits/products/aero-co-ord-set-pink-otw-462-02","text/html; charset=UTF-8","429","Too Many Requests","Non-Indexable","Client Error","1","0.112","",""
"https://offlimits.co.in/collections/women-track-suits/products/womens-pct-rn-round-neck-tracksuits-otw-141-01","text/html; charset=UTF-8","429","Too Many Requests","Non-Indexable","Client Error","1","0.108","",""
"https://offlimits.co.in/collections/women-track-suits/products/womens-pct-full-zipper-hooded-tracksuits-otw-149-02","text/html; charset=UTF-8","429","Too Many Requests","Non-Indexable","Client Error","1","0.114","",""
"https://offlimits.co.in/collections/women-track-suits/products/womens-pct-solid-fo-zipper-tracksuits-otw-148-01","text/html; charset=UTF-8","429","Too Many Requests","Non-Indexable","Client Error","1","0.109","",""
"https://offlimits.co.in/collections/women-track-suits/products/laidback-co-ord-set-mustard-white-otw-440-02","text/html; charset=UTF-8","429","Too Many Requests","Non-Indexable","Client Error","1","0.124","",""
"https://offlimits.co.in/collections/women-track-suits/products/women-charlie-tracksuit-black-grey-otw-152-01","text/html; charset=UTF-8","429","Too Many Requests","Non-Indexable","Client Error","1","0.129","",""
"https://offlimits.co.in/collections/women-track-suits/products/rest-co-ord-set-yellow-otw-447-01","text/html; charset=UTF-8","429","Too Many Requests","Non-Indexable","Client Error","1","0.126","",""
"https://offlimits.co.in/collections/women-track-suits/products/the-torque-tracksuit-otw-439-01","text/html; charset=UTF-8","429","Too Many Requests","Non-Indexable","Client Error","1","0.094","",""
"https://offlimits.co.in/collections/women-track-suits/products/wmn-pct-cns-ts-otw-56-01","text/html; charset=UTF-8","429","Too Many Requests","Non-Indexable","Client Error","1","0.114","",""
"https://offlimits.co.in/collections/women-track-suits/products/the-miles-tracksuit-otw-431-01","text/html; charset=UTF-8","429","Too Many Requests","Non-Indexable","Client Error","1","0.093","",""
"https://offlimits.co.in/collections/women-track-suits/products/camo-tracksuit-otw-470-01","text/html; charset=UTF-8","429","Too Many Requests","Non-Indexable","Client Error","1","0.098","",""
"https://offlimits.co.in/collections/women-track-suits/products/womens-zl-piping-cns-zipper-tracksuits-otw-140-01","text/html; charset=UTF-8","429","Too Many Requests","Non-Indexable","Client Error","1","0.117","",""
"https://offlimits.co.in/collections/women-track-suits/products/womens-ps1-2-zip-hood-set-otw-116-01","text/html; charset=UTF-8","429","Too Many Requests","Non-Indexable","Client Error","1","0.096","",""
"https://offlimits.co.in/collections/women-track-suits/products/wmn-sp-fo-cns-ts-otw-77-02","text/html; charset=UTF-8","429","Too Many Requests","Non-Indexable","Client Error","1","0.093","",""
"https://offlimits.co.in/collections/women-track-suits/products/wmn-sp-fo-cns-ts-otw-77-01","text/html; charset=UTF-8","429","Too Many Requests","Non-Indexable","Client Error","1","0.107","",""
"https://offlimits.co.in/collections/women-track-suits/products/bounce-tracksuit-otw-427-01","text/html; charset=UTF-8","429","Too Many Requests","Non-Indexable","Client Error","1","0.119","",""
"https://offlimits.co.in/collections/women-track-suits/products/wmn-cns-pspl-fo-ts-otw-117-01","text/html; charset=UTF-8","429","Too Many Requests","Non-Indexable","Client Error","1","0.129","",""
"https://offlimits.co.in/collections/women-track-suits/products/womens-ps1-2-zip-hood-set-otw-116-02","text/html; charset=UTF-8","429","Too Many Requests","Non-Indexable","Client Error","1","0.097","",""
"https://offlimits.co.in/collections/women-track-suits/products/flow-tracksuit-grey-melange-otw-445-01","text/html; charset=UTF-8","429","Too Many Requests","Non-Indexable","Client Error","1","0.114","",""
"https://offlimits.co.in/collections/women-track-suits/products/womens-pcf-cns-hood-ts-2-zipper-hooded-tracksuits-otw-150-01","text/html; charset=UTF-8","429","Too Many Requests","Non-Indexable","Client Error","1","0.111","",""
"https://offlimits.co.in/collections/women-track-suits/products/women-crops-tracksuit-black-pista-otw-154-01","text/html; charset=UTF-8","429","Too Many Requests","Non-Indexable","Client Error","1","0.118","",""
"https://offlimits.co.in/collections/women-track-suits/products/women-north-tracksuit-light-grey-neon-green-otw-153-01","text/html; charset=UTF-8","429","Too Many Requests","Non-Indexable","Client Error","1","0.110","",""
"https://offlimits.co.in/collections/women-track-suits/products/aero-co-ord-set-light-blue-otw-462-01","text/html; charset=UTF-8","429","Too Many Requests","Non-Indexable","Client Error","1","0.112","",""
"https://offlimits.co.in/collections/women-track-suits/products/women-glaze-tracksuit-grey-melange-otw-155-01","text/html; charset=UTF-8","429","Too Many Requests","Non-Indexable","Client Error","1","0.106","",""
"https://offlimits.co.in/collections/women-track-suits/products/starline-tracksuit-otw-441-01","text/html; charset=UTF-8","429","Too Many Requests","Non-Indexable","Client Error","1","0.094","",""
"https://offlimits.co.in/collections/women-track-suits/products/wmn-skb-fo-jkt-otw-109-02","text/html; charset=UTF-8","429","Too Many Requests","Non-Indexable","Client Error","1","0.097","",""
"https://offlimits.co.in/collections/women-track-suits/products/wmn-psl-hn-1-2-zip-ts-otw-112-03","text/html; charset=UTF-8","429","Too Many Requests","Non-Indexable","Client Error","1","0.104","",""
"https://offlimits.co.in/collections/women-track-suits/products/otw-50-02-wmn-cns-sp-ts-grey-white","text/html; charset=UTF-8","429","Too Many Requests","Non-Indexable","Client Error","1","0.103","",""
"https://offlimits.co.in/collections/women-track-suits/products/the-laz-e-tracksuit-ice-pink-otw-446-01","text/html; charset=UTF-8","429","Too Many Requests","Non-Indexable","Client Error","1","0.097","",""
"https://offlimits.co.in/collections/women-track-suits/products/women-scuby-tracksuit-black-otw-157-01","text/html; charset=UTF-8","429","Too Many Requests","Non-Indexable","Client Error","1","0.082","",""
"https://offlimits.co.in/collections/women-track-suits/products/the-laz-e-tracksuit-grey-melange-otw-446-02","text/html; charset=UTF-8","429","Too Many Requests","Non-Indexable","Client Error","1","0.101","",""
"https://offlimits.co.in/collections/women-track-suits/products/pace-tracksuit-otw-438-01","text/html; charset=UTF-8","429","Too Many Requests","Non-Indexable","Client Error","1","0.122","",""
"https://offlimits.co.in/collections/women-track-suits/products/ez-fleece-set-red-grey-melange-otw-443-01","text/html; charset=UTF-8","429","Too Many Requests","Non-Indexable","Client Error","1","0.118","",""
"https://offlimits.co.in/collections/women-track-suits/products/ez-fleece-set-sky-blue-navy-otw-443-02","text/html; charset=UTF-8","429","Too Many Requests","Non-Indexable","Client Error","1","0.101","",""
"https://offlimits.co.in/collections/white-sneaker/products/skyline-select-olive-white-ocm-910-08","text/html; charset=UTF-8","429","Too Many Requests","Non-Indexable","Client Error","1","0.084","",""
"https://offlimits.co.in/collections/white-sneaker/products/bomba-big-tall-black-white-ocm-832-05","text/html; charset=UTF-8","429","Too Many Requests","Non-Indexable","Client Error","1","0.129","",""
"https://offlimits.co.in/collections/white-sneaker/products/skyline-wine-ocm-622-08","text/html; charset=UTF-8","429","Too Many Requests","Non-Indexable","Client Error","1","0.102","",""
"https://offlimits.co.in/collections/white-sneaker/products/skyline-select-big-tall-grey-white-ocm-913-06","text/html; charset=UTF-8","429","Too Many Requests","Non-Indexable","Client Error","1","0.109","",""
"https://offlimits.co.in/collections/white-sneaker/products/stussy-memory-tech-orm-407-18","text/html; charset=UTF-8","429","Too Many Requests","Non-Indexable","Client Error","1","0.109","",""
"https://offlimits.co.in/collections/white-sneaker/products/bomba-big-tall-off-white-honey-ocm-832-04","text/html; charset=UTF-8","429","Too Many Requests","Non-Indexable","Client Error","1","0.111","",""
"https://offlimits.co.in/collections/white-sneaker/products/kyoto-white-grey-beige-ocm-672-02","text/html; charset=UTF-8","429","Too Many Requests","Non-Indexable","Client Error","1","0.105","",""
"https://offlimits.co.in/collections/white-sneaker/products/stussy-orm-407-19","text/html; charset=UTF-8","429","Too Many Requests","Non-Indexable","Client Error","1","0.088","",""
"https://offlimits.co.in/collections/white-sneaker/products/tribe-x-off-white-ocm-769-01","text/html; charset=UTF-8","429","Too Many Requests","Non-Indexable","Client Error","1","0.105","",""
"https://offlimits.co.in/collections/white-sneaker/products/ginza-off-white-red-black-ocm-638-03","text/html; charset=UTF-8","429","Too Many Requests","Non-Indexable","Client Error","1","0.119","",""
"https://offlimits.co.in/collections/white-sneaker/products/stussy-memory-tech-orm-407-09","text/html; charset=UTF-8","429","Too Many Requests","Non-Indexable","Client Error","1","0.112","",""
"https://offlimits.co.in/collections/white-sneaker/products/skyline-select-big-tall-camel-white-ocm-913-04","text/html; charset=UTF-8","429","Too Many Requests","Non-Indexable","Client Error","1","0.089","",""
"https://offlimits.co.in/collections/white-sneaker/products/skyline-big-tall-white-gum-ocm-731-10","text/html; charset=UTF-8","429","Too Many Requests","Non-Indexable","Client Error","1","0.091","",""
"https://offlimits.co.in/collections/white-sneaker/products/skyline-select-big-tall-olive-white-ocm-913-08","text/html; charset=UTF-8","429","Too Many Requests","Non-Indexable","Client Error","1","0.109","",""
"https://offlimits.co.in/collections/white-sneaker/products/bomba-off-white-ocm-793-01","text/html; charset=UTF-8","429","Too Many Requests","Non-Indexable","Client Error","1","0.110","",""
"https://offlimits.co.in/collections/white-sneaker/products/skyline-black-white-ocm-622-06","text/html; charset=UTF-8","429","Too Many Requests","Non-Indexable","Client Error","1","0.097","",""
"https://offlimits.co.in/collections/white-sneaker/products/eon-off-white-dark-grey-ocm-791-01","text/html; charset=UTF-8","429","Too Many Requests","Non-Indexable","Client Error","1","0.100","",""
"https://offlimits.co.in/collections/white-sneaker/products/hendrix-off-white-black-orange-ocm-825-06","text/html; charset=UTF-8","429","Too Many Requests","Non-Indexable","Client Error","1","0.110","",""
"https://offlimits.co.in/collections/white-sneaker/products/ginza-big-tall-dark-brown-bone-white-ocm-732-02","text/html; charset=UTF-8","429","Too Many Requests","Non-Indexable","Client Error","1","0.117","",""
"https://offlimits.co.in/collections/white-sneaker/products/stussy-memory-tech-orm-407-03","text/html; charset=UTF-8","429","Too Many Requests","Non-Indexable","Client Error","1","0.108","",""
"https://offlimits.co.in/collections/white-sneaker/products/rodeo-off-white-ocm-639-01","text/html; charset=UTF-8","429","Too Many Requests","Non-Indexable","Client Error","1","0.112","",""
"https://offlimits.co.in/collections/white-sneaker/products/stussy-memory-tech-orm-407-01","text/html; charset=UTF-8","429","Too Many Requests","Non-Indexable","Client Error","1","0.128","",""
"https://offlimits.co.in/collections/white-sneaker/products/skyline-big-tall-black-white-ocm-731-06","text/html; charset=UTF-8","429","Too Many Requests","Non-Indexable","Client Error","1","0.116","",""
"https://offlimits.co.in/collections/white-sneaker/products/skyline-ocm-622-04","text/html; charset=UTF-8","429","Too Many Requests","Non-Indexable","Client Error","1","0.119","",""
"https://offlimits.co.in/collections/white-sneaker/products/oxford-off-white-mens-casual-shoes","text/html; charset=UTF-8","429","Too Many Requests","Non-Indexable","Client Error","1","0.118","",""
"https://offlimits.co.in/collections/white-sneaker/products/hendrix-black-off-white-ocm-825-04","text/html; charset=UTF-8","429","Too Many Requests","Non-Indexable","Client Error","1","0.116","",""
"https://offlimits.co.in/collections/white-sneaker/products/speed-cat-ocm-062-01","text/html; charset=UTF-8","429","Too Many Requests","Non-Indexable","Client Error","1","0.086","",""
"https://offlimits.co.in/collections/white-sneaker/products/skyline-ocm-622-01","text/html; charset=UTF-8","429","Too Many Requests","Non-Indexable","Client Error","1","0.101","",""
"https://offlimits.co.in/collections/white-sneaker/products/skyline-big-tall-white-white-ocm-731-01","text/html; charset=UTF-8","429","Too Many Requests","Non-Indexable","Client Error","1","0.121","",""
"https://offlimits.co.in/collections/white-sneaker/products/skyline-select-grey-white-ocm-910-06","text/html; charset=UTF-8","429","Too Many Requests","Non-Indexable","Client Error","1","0.112","",""
"https://offlimits.co.in/collections/white-sneaker/products/skyline-ocm-622-02","text/html; charset=UTF-8","429","Too Many Requests","Non-Indexable","Client Error","1","0.125","",""
"https://offlimits.co.in/collections/white-sneaker/products/stussy-memory-tech-orm-407-32","text/html; charset=UTF-8","429","Too Many Requests","Non-Indexable","Client Error","1","0.110","",""
"https://offlimits.co.in/collections/white-sneaker/products/skyline-white-gum-ocm-622-11","text/html; charset=UTF-8","429","Too Many Requests","Non-Indexable","Client Error","1","0.101","",""
"https://offlimits.co.in/collections/white-sneaker/products/skyline-select-camel-white-ocm-910-04","text/html; charset=UTF-8","429","Too Many Requests","Non-Indexable","Client Error","1","0.094","",""
"https://offlimits.co.in/collections/white-sneaker/products/bomba-off-white-honey-ocm-793-04","text/html; charset=UTF-8","429","Too Many Requests","Non-Indexable","Client Error","1","0.100","",""
"https://offlimits.co.in/collections/white-sneaker/products/ginza-off-white-tan-ocm-638-01","text/html; charset=UTF-8","429","Too Many Requests","Non-Indexable","Client Error","1","0.103","",""
"https://offlimits.co.in/collections/white-sneaker/products/bomba-big-tall-off-white-ocm-832-01","text/html; charset=UTF-8","429","Too Many Requests","Non-Indexable","Client Error","1","0.108","",""
"https://offlimits.co.in/collections/white-sneaker/products/skyline-select-black-honey-ocm-910-03","text/html; charset=UTF-8","429","Too Many Requests","Non-Indexable","Client Error","1","0.094","",""
"https://offlimits.co.in/collections/white-sneaker/products/bronx-off-white-navy-ocm-824-01","text/html; charset=UTF-8","429","Too Many Requests","Non-Indexable","Client Error","1","0.100","",""
"https://offlimits.co.in/collections/white-sneaker/products/stussy-memory-tech-orm-407-34","text/html; charset=UTF-8","429","Too Many Requests","Non-Indexable","Client Error","1","0.095","",""
"https://offlimits.co.in/collections/white-sneaker/products/vector-ace-off-white-beige-orm-856-01","text/html; charset=UTF-8","429","Too Many Requests","Non-Indexable","Client Error","1","0.095","",""
"https://offlimits.co.in/collections/white-sneaker/products/skyline-select-big-tall-olive-honey-ocm-913-09","text/html; charset=UTF-8","429","Too Many Requests","Non-Indexable","Client Error","1","0.113","",""
"https://offlimits.co.in/collections/white-sneaker/products/skyline-select-big-tall-black-white-ocm-913-02","text/html; charset=UTF-8","429","Too Many Requests","Non-Indexable","Client Error","1","0.108","",""
"https://offlimits.co.in/collections/white-sneaker/products/bistro-orm-512-01","text/html; charset=UTF-8","429","Too Many Requests","Non-Indexable","Client Error","1","0.107","",""
"https://offlimits.co.in/collections/white-sneaker/products/bomba-black-white-ocm-793-05","text/html; charset=UTF-8","429","Too Many Requests","Non-Indexable","Client Error","1","0.097","",""
"https://offlimits.co.in/collections/white-sneaker/products/skyline-select-black-white-ocm-910-02","text/html; charset=UTF-8","429","Too Many Requests","Non-Indexable","Client Error","1","0.100","",""
"https://offlimits.co.in/collections/white-sneaker/products/skyline-off-white-royal-blue-ocm-622-25","text/html; charset=UTF-8","429","Too Many Requests","Non-Indexable","Client Error","1","0.097","",""
"https://offlimits.co.in/collections/white-sneaker/products/diablo-orm-614-02","text/html; charset=UTF-8","429","Too Many Requests","Non-Indexable","Client Error","1","0.097","",""
"https://offlimits.co.in/collections/white-sneaker/products/stussy-memory-tech-orm-407-23","text/html; charset=UTF-8","429","Too Many Requests","Non-Indexable","Client Error","1","0.098","",""
"https://offlimits.co.in/collections/white-sneaker/products/stussy-memory-tech-orm-510-01","text/html; charset=UTF-8","429","Too Many Requests","Non-Indexable","Client Error","1","0.122","",""
"https://offlimits.co.in/collections/new-arrivals/products/chapter-247-black-orm-905-01","text/html; charset=UTF-8","429","Too Many Requests","Non-Indexable","Client Error","1","0.113","",""
"https://offlimits.co.in/collections/new-arrivals/products/kinetic-08-tights-black-lime-punch-obw-476-01","text/html; charset=UTF-8","429","Too Many Requests","Non-Indexable","Client Error","1","0.106","",""
"https://offlimits.co.in/collections/new-arrivals/products/skyline-select-blue-beige-ocm-911-05","text/html; charset=UTF-8","429","Too Many Requests","Non-Indexable","Client Error","1","0.114","",""
"https://offlimits.co.in/collections/new-arrivals/products/olympus-powder-blue-orm-923-06","text/html; charset=UTF-8","429","Too Many Requests","Non-Indexable","Client Error","1","0.110","",""
"https://offlimits.co.in/collections/new-arrivals/products/skyline-select-big-tall-black-honey-ocm-913-03","text/html; charset=UTF-8","429","Too Many Requests","Non-Indexable","Client Error","1","0.116","",""
"https://offlimits.co.in/collections/new-arrivals/products/skyline-select-olive-white-ocm-910-08","text/html; charset=UTF-8","429","Too Many Requests","Non-Indexable","Client Error","1","0.084","",""
"https://offlimits.co.in/collections/new-arrivals/products/roger-select-black-silver-ocm-915-08","text/html; charset=UTF-8","429","Too Many Requests","Non-Indexable","Client Error","1","0.115","",""
"https://offlimits.co.in/collections/new-arrivals/products/skyline-select-black-honey-ocm-910-03","text/html; charset=UTF-8","429","Too Many Requests","Non-Indexable","Client Error","1","0.113","",""
"https://offlimits.co.in/collections/new-arrivals/products/legacy-23-black-honey-ocm-829-02","text/html; charset=UTF-8","429","Too Many Requests","Non-Indexable","Client Error","1","0.094","",""
"https://offlimits.co.in/collections/new-arrivals/products/roger-select-beige-tan-ocm-915-14","text/html; charset=UTF-8","429","Too Many Requests","Non-Indexable","Client Error","1","0.100","",""
"https://offlimits.co.in/collections/new-arrivals/products/hoop-off-white-honey-orm-867-02","text/html; charset=UTF-8","429","Too Many Requests","Non-Indexable","Client Error","1","0.107","",""
"https://offlimits.co.in/collections/new-arrivals/products/gladiator-big-tall-lime-green-yellow-black-orm-834-15","text/html; charset=UTF-8","429","Too Many Requests","Non-Indexable","Client Error","1","0.103","",""
"https://offlimits.co.in/collections/new-arrivals/products/griffith-big-tall-off-white-royal-blue-ocm-936-03","text/html; charset=UTF-8","429","Too Many Requests","Non-Indexable","Client Error","1","0.114","",""
"https://offlimits.co.in/collections/new-arrivals/products/gladiator-big-tall-transformative-teal-orm-834-07","text/html; charset=UTF-8","429","Too Many Requests","Non-Indexable","Client Error","1","0.107","",""
"https://offlimits.co.in/collections/new-arrivals/products/splash-mode-beige-ocm-925-05","text/html; charset=UTF-8","429","Too Many Requests","Non-Indexable","Client Error","1","0.104","",""
"https://offlimits.co.in/collections/new-arrivals/products/helyx-b-t-orange-black-orm-939-01","text/html; charset=UTF-8","429","Too Many Requests","Non-Indexable","Client Error","1","0.104","",""
"https://offlimits.co.in/collections/new-arrivals/products/olympus-black-orm-923-02","text/html; charset=UTF-8","429","Too Many Requests","Non-Indexable","Client Error","1","0.085","",""
"https://offlimits.co.in/collections/new-arrivals/products/gladiator-big-tall-air-force-blue-orm-834-13","text/html; charset=UTF-8","429","Too Many Requests","Non-Indexable","Client Error","1","0.098","",""
"https://offlimits.co.in/collections/new-arrivals/products/roger-select-blue-ocm-915-12","text/html; charset=UTF-8","429","Too Many Requests","Non-Indexable","Client Error","1","0.114","",""
"https://offlimits.co.in/collections/new-arrivals/products/skyline-select-big-tall-olive-white-ocm-913-08","text/html; charset=UTF-8","429","Too Many Requests","Non-Indexable","Client Error","1","0.099","",""
"https://offlimits.co.in/collections/new-arrivals/products/skyline-off-white-green-ocm-622-24","text/html; charset=UTF-8","429","Too Many Requests","Non-Indexable","Client Error","1","0.084","",""
"https://offlimits.co.in/collections/new-arrivals/products/roger-explorex-light-grey-orm-850-05","text/html; charset=UTF-8","429","Too Many Requests","Non-Indexable","Client Error","1","0.094","",""
"https://offlimits.co.in/collections/new-arrivals/products/baseline-23-milwaukee-bucks-beige-green-ocm-828-06","text/html; charset=UTF-8","429","Too Many Requests","Non-Indexable","Client Error","1","0.099","",""
"https://offlimits.co.in/collections/new-arrivals/products/griffith-off-white-silver-ocm-830-10","text/html; charset=UTF-8","429","Too Many Requests","Non-Indexable","Client Error","1","0.097","",""
"https://offlimits.co.in/collections/new-arrivals/products/splash-mode-white-ocm-925-02","text/html; charset=UTF-8","429","Too Many Requests","Non-Indexable","Client Error","1","0.104","",""
"https://offlimits.co.in/collections/new-arrivals/products/pulse-x-b-t-black-dark-grey-orm-940-02","text/html; charset=UTF-8","429","Too Many Requests","Non-Indexable","Client Error","1","0.091","",""
"https://offlimits.co.in/collections/new-arrivals/products/splash-mode-light-grey-ocm-925-03","text/html; charset=UTF-8","429","Too Many Requests","Non-Indexable","Client Error","1","0.091","",""
"https://offlimits.co.in/collections/new-arrivals/products/skyline-select-camel-honey-ocm-910-05","text/html; charset=UTF-8","429","Too Many Requests","Non-Indexable","Client Error","1","0.102","",""
"https://offlimits.co.in/collections/new-arrivals/products/skyline-select-big-tall-camel-honey-ocm-913-05","text/html; charset=UTF-8","429","Too Many Requests","Non-Indexable","Client Error","1","0.116","",""
"https://offlimits.co.in/collections/new-arrivals/products/skyline-select-black-ocm-910-01","text/html; charset=UTF-8","429","Too Many Requests","Non-Indexable","Client Error","1","0.091","",""
"https://offlimits.co.in/collections/new-arrivals/products/helyx-b-t-black-aqua-orm-939-02","text/html; charset=UTF-8","429","Too Many Requests","Non-Indexable","Client Error","1","0.101","",""
"https://offlimits.co.in/collections/new-arrivals/products/gladiator-explorex-beige-ocm-724-10","text/html; charset=UTF-8","429","Too Many Requests","Non-Indexable","Client Error","1","0.080","",""
"https://offlimits.co.in/collections/new-arrivals/products/olympus-off-white-orm-923-01","text/html; charset=UTF-8","429","Too Many Requests","Non-Indexable","Client Error","1","0.082","",""
"https://offlimits.co.in/collections/new-arrivals/products/grip-tights-grey-obw-463-01","text/html; charset=UTF-8","429","Too Many Requests","Non-Indexable","Client Error","1","0.113","",""
"https://offlimits.co.in/collections/new-arrivals/products/skyline-select-black-white-ocm-910-02","text/html; charset=UTF-8","429","Too Many Requests","Non-Indexable","Client Error","1","0.112","",""
"https://offlimits.co.in/collections/new-arrivals/products/griffith-big-tall-off-white-green-ocm-936-05","text/html; charset=UTF-8","429","Too Many Requests","Non-Indexable","Client Error","1","0.081","",""
"https://offlimits.co.in/collections/new-arrivals/products/crossover-big-tall-off-white-r-blue-mango-ocm-833-02","text/html; charset=UTF-8","429","Too Many Requests","Non-Indexable","Client Error","1","0.097","",""
"https://offlimits.co.in/collections/new-arrivals/products/cloudrun-off-white-light-grey-orm-802-03","text/html; charset=UTF-8","429","Too Many Requests","Non-Indexable","Client Error","1","0.097","",""
"https://offlimits.co.in/collections/new-arrivals/products/gladiator-off-white-beige-orm-661-17","text/html; charset=UTF-8","429","Too Many Requests","Non-Indexable","Client Error","1","0.084","",""
"https://offlimits.co.in/collections/new-arrivals/products/apex-1-beige-air-force-blue-orm-888-02","text/html; charset=UTF-8","429","Too Many Requests","Non-Indexable","Client Error","1","0.151","",""
"https://offlimits.co.in/collections/new-arrivals/products/skyline-select-big-tall-olive-honey-ocm-913-09","text/html; charset=UTF-8","429","Too Many Requests","Non-Indexable","Client Error","1","0.145","",""
"https://offlimits.co.in/collections/new-arrivals/products/skyline-select-olive-honey-ocm-910-09","text/html; charset=UTF-8","429","Too Many Requests","Non-Indexable","Client Error","1","0.154","",""
"https://offlimits.co.in/collections/new-arrivals/products/yorkshire-red-orm-857-02","text/html; charset=UTF-8","429","Too Many Requests","Non-Indexable","Client Error","1","0.165","",""
"https://offlimits.co.in/collections/new-arrivals/products/skyline-select-big-tall-black-white-ocm-913-02","text/html; charset=UTF-8","429","Too Many Requests","Non-Indexable","Client Error","1","0.145","",""
"https://offlimits.co.in/collections/new-arrivals/products/olympus-cream-orm-923-04","text/html; charset=UTF-8","429","Too Many Requests","Non-Indexable","Client Error","1","0.112","",""
"https://offlimits.co.in/collections/new-arrivals/products/splash-mode-black-ocm-925-01","text/html; charset=UTF-8","429","Too Many Requests","Non-Indexable","Client Error","1","0.105","",""
"https://offlimits.co.in/collections/new-arrivals/products/splash-mode-dark-grey-ocm-925-04","text/html; charset=UTF-8","429","Too Many Requests","Non-Indexable","Client Error","1","0.088","",""
"https://offlimits.co.in/collections/new-arrivals/products/sparta-orm-529-01","text/html; charset=UTF-8","429","Too Many Requests","Non-Indexable","Client Error","1","0.097","",""
"https://offlimits.co.in/collections/new-arrivals/products/skyline-select-blue-ocm-911-01","text/html; charset=UTF-8","429","Too Many Requests","Non-Indexable","Client Error","1","0.104","",""
"https://offlimits.co.in/collections/new-arrivals/products/griffith-big-tall-off-white-red-ocm-936-04","text/html; charset=UTF-8","429","Too Many Requests","Non-Indexable","Client Error","1","0.101","",""
"https://offlimits.co.in/collections/men-walking/products/bareform-beige-orm-846-02","text/html; charset=UTF-8","429","Too Many Requests","Non-Indexable","Client Error","1","0.105","",""
"https://offlimits.co.in/collections/men-walking/products/royce-grey-orange-orm-589-05","text/html; charset=UTF-8","429","Too Many Requests","Non-Indexable","Client Error","1","0.107","",""
"https://offlimits.co.in/collections/men-walking/products/bareform-teal-orm-846-06","text/html; charset=UTF-8","429","Too Many Requests","Non-Indexable","Client Error","1","0.111","",""
"https://offlimits.co.in/collections/men-walking/products/archangel-black-orm-760-01","text/html; charset=UTF-8","429","Too Many Requests","Non-Indexable","Client Error","1","0.109","",""
"https://offlimits.co.in/collections/men-walking/products/bareform-air-force-blue-orm-846-05","text/html; charset=UTF-8","429","Too Many Requests","Non-Indexable","Client Error","1","0.101","",""
"https://offlimits.co.in/collections/men-walking/products/bareform-burgundy-orm-846-04","text/html; charset=UTF-8","429","Too Many Requests","Non-Indexable","Client Error","1","0.100","",""
"https://offlimits.co.in/collections/men-walking/products/bareform-light-grey-orm-846-03","text/html; charset=UTF-8","429","Too Many Requests","Non-Indexable","Client Error","1","0.106","",""
"https://offlimits.co.in/collections/men-walking/products/royce-orm-589-03","text/html; charset=UTF-8","429","Too Many Requests","Non-Indexable","Client Error","1","0.121","",""
"https://offlimits.co.in/collections/men-walking/products/bareform-black-orm-846-01","text/html; charset=UTF-8","429","Too Many Requests","Non-Indexable","Client Error","1","0.101","",""
"https://offlimits.co.in/collections/men-walking/products/derek-orm-579-01","text/html; charset=UTF-8","429","Too Many Requests","Non-Indexable","Client Error","1","0.098","",""
"https://offlimits.co.in/collections/men-walking/products/derek-orm-579-02","text/html; charset=UTF-8","429","Too Many Requests","Non-Indexable","Client Error","1","0.096","",""
"https://offlimits.co.in/collections/men-walking/products/royce-off-white-orm-589-06","text/html; charset=UTF-8","429","Too Many Requests","Non-Indexable","Client Error","1","0.113","",""
"https://offlimits.co.in/collections/women-hoodies-jackets/products/atheltix-hoodie-grey-melange-otw-449-01","text/html; charset=UTF-8","429","Too Many Requests","Non-Indexable","Client Error","1","0.099","",""
"https://offlimits.co.in/collections/women-hoodies-jackets/products/wmn-pf-print-hoodie-otw-73-03","text/html; charset=UTF-8","429","Too Many Requests","Non-Indexable","Client Error","1","0.109","",""
"https://offlimits.co.in/collections/women-hoodies-jackets/products/atheltix-hoodie-otw-449-02","text/html; charset=UTF-8","429","Too Many Requests","Non-Indexable","Client Error","1","0.108","",""
"https://offlimits.co.in/collections/women-hoodies-jackets/products/cinch-top-beige-otw-459-01","text/html; charset=UTF-8","429","Too Many Requests","Non-Indexable","Client Error","1","0.098","",""
"https://offlimits.co.in/collections/women-hoodies-jackets/products/wmn-skb-fo-jkt-otw-109-01","text/html; charset=UTF-8","429","Too Many Requests","Non-Indexable","Client Error","1","0.098","",""
"https://offlimits.co.in/collections/women-hoodies-jackets/products/ez-move-jacket-wine-grey-otw-457-01","text/html; charset=UTF-8","429","Too Many Requests","Non-Indexable","Client Error","1","0.111","",""
"https://offlimits.co.in/collections/women-hoodies-jackets/products/sporty-running-jkt-otw-19-03","text/html; charset=UTF-8","429","Too Many Requests","Non-Indexable","Client Error","1","0.099","",""
"https://offlimits.co.in/collections/women-lifestyle/products/roger-for-her-light-grey-black-purple-orw-584-20","text/html; charset=UTF-8","429","Too Many Requests","Non-Indexable","Client Error","1","0.110","",""
"https://offlimits.co.in/collections/women-lifestyle/products/hachiko-for-her-black-orw-650-05","text/html; charset=UTF-8","429","Too Many Requests","Non-Indexable","Client Error","1","0.102","",""
"https://offlimits.co.in/collections/women-lifestyle/products/roger-for-her-off-white-black-light-grey-orw-584-15","text/html; charset=UTF-8","429","Too Many Requests","Non-Indexable","Client Error","1","0.087","",""
"https://offlimits.co.in/collections/women-lifestyle/products/stussy-for-her-royal-blue-light-aqua-orw-616-03","text/html; charset=UTF-8","429","Too Many Requests","Non-Indexable","Client Error","1","0.096","",""
"https://offlimits.co.in/collections/women-lifestyle/products/stussy-for-her-suger-swizzle-off-white-orw-616-12","text/html; charset=UTF-8","429","Too Many Requests","Non-Indexable","Client Error","1","0.088","",""
"https://offlimits.co.in/collections/women-lifestyle/products/roger-for-her-orw-584-02","text/html; charset=UTF-8","429","Too Many Requests","Non-Indexable","Client Error","1","0.102","",""
"https://offlimits.co.in/collections/women-lifestyle/products/roger-for-her-orw-584-03","text/html; charset=UTF-8","429","Too Many Requests","Non-Indexable","Client Error","1","0.101","",""
"https://offlimits.co.in/collections/women-lifestyle/products/memphis-for-her-beige-black-ocw-804-04","text/html; charset=UTF-8","429","Too Many Requests","Non-Indexable","Client Error","1","0.129","",""
"https://offlimits.co.in/collections/women-lifestyle/products/roger-for-her-off-white-black-royal-blue-lime-punch-orw-584-16","text/html; charset=UTF-8","429","Too Many Requests","Non-Indexable","Client Error","1","0.125","",""
"https://offlimits.co.in/collections/women-lifestyle/products/roger-for-her-lightt-grey-black-purple-orw-584-20","text/html; charset=UTF-8","429","Too Many Requests","Non-Indexable","Client Error","1","0.103","",""
"https://offlimits.co.in/collections/women-lifestyle/products/memphis-for-her-black-beige-ocw-804-02","text/html; charset=UTF-8","429","Too Many Requests","Non-Indexable","Client Error","1","0.109","",""
"https://offlimits.co.in/collections/women-lifestyle/products/stussy-for-her-horizon-blue-off-white-orw-616-14","text/html; charset=UTF-8","429","Too Many Requests","Non-Indexable","Client Error","1","0.123","",""
"https://offlimits.co.in/collections/women-lifestyle/products/stussy-for-her-fanta-orw-616-13","text/html; charset=UTF-8","429","Too Many Requests","Non-Indexable","Client Error","1","0.107","",""
"https://offlimits.co.in/collections/women-lifestyle/products/hachiko-for-her-off-white-orw-650-02","text/html; charset=UTF-8","429","Too Many Requests","Non-Indexable","Client Error","1","0.099","",""
"https://offlimits.co.in/collections/women-lifestyle/products/roger-w-orw-584-01","text/html; charset=UTF-8","429","Too Many Requests","Non-Indexable","Client Error","1","0.114","",""
"https://offlimits.co.in/collections/women-lifestyle/products/roger-for-her-orw-584-11","text/html; charset=UTF-8","429","Too Many Requests","Non-Indexable","Client Error","1","0.108","",""
"https://offlimits.co.in/collections/women-lifestyle/products/roger-for-her-orw-584-10","text/html; charset=UTF-8","429","Too Many Requests","Non-Indexable","Client Error","1","0.095","",""
"https://offlimits.co.in/collections/women-lifestyle/products/roger-orw-584-08","text/html; charset=UTF-8","429","Too Many Requests","Non-Indexable","Client Error","1","0.114","",""
"https://offlimits.co.in/collections/women-lifestyle/products/hachiko-for-her-pink-off-white-orw-650-03","text/html; charset=UTF-8","429","Too Many Requests","Non-Indexable","Client Error","1","0.097","",""
"https://offlimits.co.in/collections/women-lifestyle/products/stussy-for-her-mango-orw-616-10","text/html; charset=UTF-8","429","Too Many Requests","Non-Indexable","Client Error","1","0.097","",""
"https://offlimits.co.in/collections/women-lifestyle/products/roger-for-her-off-white-teal-light-grey-orange-orw-584-17","text/html; charset=UTF-8","429","Too Many Requests","Non-Indexable","Client Error","1","0.097","",""
"https://offlimits.co.in/collections/women-lifestyle/products/hachiko-for-her-off-white-light-grey-orw-650-01","text/html; charset=UTF-8","429","Too Many Requests","Non-Indexable","Client Error","1","0.108","",""
"https://offlimits.co.in/collections/women-lifestyle/products/stussy-memory-tech-for-her-orw-616-06","text/html; charset=UTF-8","429","Too Many Requests","Non-Indexable","Client Error","1","0.099","",""
"https://offlimits.co.in/collections/women-lifestyle/products/roger-orw-584-04","text/html; charset=UTF-8","429","Too Many Requests","Non-Indexable","Client Error","1","0.098","",""
"https://offlimits.co.in/collections/women-lifestyle/products/memphis-for-her-red-beige-ocw-804-01","text/html; charset=UTF-8","429","Too Many Requests","Non-Indexable","Client Error","1","0.091","",""
"https://offlimits.co.in/collections/women-lifestyle/products/stussy-memory-tech-for-her-orw-616-04","text/html; charset=UTF-8","429","Too Many Requests","Non-Indexable","Client Error","1","0.132","",""
"https://offlimits.co.in/collections/women-lifestyle/products/roger-orw-584-05","text/html; charset=UTF-8","429","Too Many Requests","Non-Indexable","Client Error","1","0.120","",""
"https://offlimits.co.in/collections/women-lifestyle/products/roger-w-orw-584-06","text/html; charset=UTF-8","429","Too Many Requests","Non-Indexable","Client Error","1","0.090","",""
"https://offlimits.co.in/collections/women-lifestyle/products/roger-for-her-black-aqua-orw-584-18","text/html; charset=UTF-8","429","Too Many Requests","Non-Indexable","Client Error","1","0.129","",""
"https://offlimits.co.in/collections/women-lifestyle/products/stussy-memory-tech-for-her-orw-616-09","text/html; charset=UTF-8","429","Too Many Requests","Non-Indexable","Client Error","1","0.090","",""
"https://offlimits.co.in/collections/women-lifestyle/products/roger-w-orw-584-07","text/html; charset=UTF-8","429","Too Many Requests","Non-Indexable","Client Error","1","0.145","",""
"https://offlimits.co.in/collections/women-lifestyle/products/roger-for-her-light-grey-black-orw-584-14","text/html; charset=UTF-8","429","Too Many Requests","Non-Indexable","Client Error","1","0.096","",""
"https://offlimits.co.in/collections/women-lifestyle/products/roger-for-her-off-white-peach-orw-584-19","text/html; charset=UTF-8","429","Too Many Requests","Non-Indexable","Client Error","1","0.101","",""
"https://offlimits.co.in/collections/women-lifestyle/products/roger-for-her-pink-off-white-orw-584-21","text/html; charset=UTF-8","429","Too Many Requests","Non-Indexable","Client Error","1","0.095","",""
"https://offlimits.co.in/products/hoop-off-white-honey-orm-867-02","text/html; charset=UTF-8","429","Too Many Requests","Non-Indexable","Client Error","0","0.107","",""
"https://offlimits.co.in/products/stussy-memory-tech-1-orm-407-08","text/html; charset=UTF-8","429","Too Many Requests","Non-Indexable","Client Error","0","0.115","",""
"https://offlimits.co.in/products/roger-select-blue-ocm-915-12","text/html; charset=UTF-8","429","Too Many Requests","Non-Indexable","Client Error","0","0.115","",""
"https://offlimits.co.in/collections/limited-edition/products/stussy-memory-tech-orm-407-32","text/html; charset=UTF-8","429","Too Many Requests","Non-Indexable","Client Error","1","0.116","",""
"https://offlimits.co.in/collections/limited-edition/products/strata-01-black-grey-orm-903-03","text/html; charset=UTF-8","429","Too Many Requests","Non-Indexable","Client Error","1","0.110","",""
"https://offlimits.co.in/collections/limited-edition/products/legacy-23-off-white-honey-ocm-829-01","text/html; charset=UTF-8","429","Too Many Requests","Non-Indexable","Client Error","1","0.104","",""
"https://offlimits.co.in/collections/limited-edition/products/gladiator-explorex-for-her-2-0-off-white-pink-ocw-884-01","text/html; charset=UTF-8","429","Too Many Requests","Non-Indexable","Client Error","1","0.098","",""
"https://offlimits.co.in/collections/limited-edition/products/strata-01-grey-white-black-orm-903-04","text/html; charset=UTF-8","429","Too Many Requests","Non-Indexable","Client Error","1","0.103","",""
"https://offlimits.co.in/collections/limited-edition/products/stussy-bottle-green-orm-407-41","text/html; charset=UTF-8","429","Too Many Requests","Non-Indexable","Client Error","1","0.125","",""
"https://offlimits.co.in/collections/limited-edition/products/baseline-23-chicago-bulls-off-white-red-black-ocm-828-04","text/html; charset=UTF-8","429","Too Many Requests","Non-Indexable","Client Error","1","0.107","",""
"https://offlimits.co.in/collections/limited-edition/products/stussy-crazy-horse-tan-orm-407-39","text/html; charset=UTF-8","429","Too Many Requests","Non-Indexable","Client Error","1","0.100","",""
"https://offlimits.co.in/collections/limited-edition/products/griffith-off-white-green-ocm-830-09","text/html; charset=UTF-8","429","Too Many Requests","Non-Indexable","Client Error","1","0.100","",""
"https://offlimits.co.in/collections/limited-edition/products/apex-1-beige-orm-888-01","text/html; charset=UTF-8","429","Too Many Requests","Non-Indexable","Client Error","1","0.093","",""
"https://offlimits.co.in/collections/limited-edition/products/ethos-dark-grey-orm-531-05","text/html; charset=UTF-8","429","Too Many Requests","Non-Indexable","Client Error","1","0.112","",""
"https://offlimits.co.in/collections/limited-edition/products/gladiator-off-white-beige-orm-661-17","text/html; charset=UTF-8","429","Too Many Requests","Non-Indexable","Client Error","1","0.116","",""
"https://offlimits.co.in/collections/limited-edition/products/gladiator-explorex-transformative-teal-ocm-724-04","text/html; charset=UTF-8","429","Too Many Requests","Non-Indexable","Client Error","1","0.119","",""
"https://offlimits.co.in/collections/limited-edition/products/griffith-off-white-royal-blue-ocm-830-07","text/html; charset=UTF-8","429","Too Many Requests","Non-Indexable","Client Error","1","0.119","",""
"https://offlimits.co.in/collections/limited-edition/products/strata-01-dark-beige-navy-orm-903-03","text/html; charset=UTF-8","429","Too Many Requests","Non-Indexable","Client Error","1","0.119","",""
"https://offlimits.co.in/collections/limited-edition/products/roger-explorex-for-her-black-black-orw-916-01","text/html; charset=UTF-8","429","Too Many Requests","Non-Indexable","Client Error","1","0.115","",""
"https://offlimits.co.in/collections/limited-edition/products/legacy-23-royal-blue-yellow-ocm-829-05","text/html; charset=UTF-8","429","Too Many Requests","Non-Indexable","Client Error","1","0.126","",""
"https://offlimits.co.in/collections/limited-edition/products/oxford-off-white-mens-casual-shoes","text/html; charset=UTF-8","429","Too Many Requests","Non-Indexable","Client Error","1","0.101","",""
"https://offlimits.co.in/collections/limited-edition/products/gladiator-explorex-beige-ocm-724-10","text/html; charset=UTF-8","429","Too Many Requests","Non-Indexable","Client Error","1","0.120","",""
"https://offlimits.co.in/collections/limited-edition/products/gladiator-black-orm-661-01","text/html; charset=UTF-8","429","Too Many Requests","Non-Indexable","Client Error","1","0.123","",""
"https://offlimits.co.in/collections/limited-edition/products/olympus-powder-blue-orm-923-06","text/html; charset=UTF-8","429","Too Many Requests","Non-Indexable","Client Error","1","0.130","",""
"https://offlimits.co.in/collections/limited-edition/products/piston-black-red-1-ocm-642-03","text/html; charset=UTF-8","429","Too Many Requests","Non-Indexable","Client Error","1","0.119","",""
"https://offlimits.co.in/collections/limited-edition/products/hoop-off-white-honey-orm-867-02","text/html; charset=UTF-8","429","Too Many Requests","Non-Indexable","Client Error","1","0.132","",""
"https://offlimits.co.in/collections/limited-edition/products/gladiator-explorex-off-white-ocm-724-01","text/html; charset=UTF-8","429","Too Many Requests","Non-Indexable","Client Error","1","0.160","",""
"https://offlimits.co.in/collections/limited-edition/products/gladiator-explorex-off-white-navy-ocm-724-07","text/html; charset=UTF-8","429","Too Many Requests","Non-Indexable","Client Error","1","0.164","",""
"https://offlimits.co.in/collections/limited-edition/products/baseline-23-milwaukee-bucks-beige-green-ocm-828-06","text/html; charset=UTF-8","429","Too Many Requests","Non-Indexable","Client Error","1","0.176","",""
"https://offlimits.co.in/collections/limited-edition/products/gladiator-for-her-off-white-pink-orw-678-03","text/html; charset=UTF-8","429","Too Many Requests","Non-Indexable","Client Error","1","0.184","",""
"https://offlimits.co.in/collections/limited-edition/products/roger-explorex-light-grey-orm-850-05","text/html; charset=UTF-8","429","Too Many Requests","Non-Indexable","Client Error","1","0.162","",""
"https://offlimits.co.in/collections/limited-edition/products/olympus-black-orm-923-02","text/html; charset=UTF-8","429","Too Many Requests","Non-Indexable","Client Error","1","0.174","",""
"https://offlimits.co.in/collections/limited-edition/products/olympus-off-white-orm-923-01","text/html; charset=UTF-8","429","Too Many Requests","Non-Indexable","Client Error","1","0.126","",""
"https://offlimits.co.in/collections/limited-edition/products/gladiator-explorex-off-white-tan-ocm-724-06","text/html; charset=UTF-8","429","Too Many Requests","Non-Indexable","Client Error","1","0.124","",""
"https://offlimits.co.in/collections/limited-edition/products/gladiator-explorex-light-grey-ocm-724-03","text/html; charset=UTF-8","429","Too Many Requests","Non-Indexable","Client Error","1","0.098","",""
"https://offlimits.co.in/collections/limited-edition/products/gladiator-off-white-crazy-horse-tan-orm-661-10","text/html; charset=UTF-8","429","Too Many Requests","Non-Indexable","Client Error","1","0.123","",""
"https://offlimits.co.in/collections/limited-edition/products/gladiator-ice-blue-orm-661-03","text/html; charset=UTF-8","429","Too Many Requests","Non-Indexable","Client Error","1","0.100","",""
"https://offlimits.co.in/collections/limited-edition/products/ramses-off-white-tan-mens-casual-shoes","text/html; charset=UTF-8","429","Too Many Requests","Non-Indexable","Client Error","1","0.107","",""
"https://offlimits.co.in/collections/limited-edition/products/apex-1-beige-air-force-blue-orm-888-02","text/html; charset=UTF-8","429","Too Many Requests","Non-Indexable","Client Error","1","0.101","",""
"https://offlimits.co.in/collections/limited-edition/products/brdley-crazy-horse-tan-bone-white-ocm-679-01","text/html; charset=UTF-8","429","Too Many Requests","Non-Indexable","Client Error","1","0.137","",""
"https://offlimits.co.in/collections/limited-edition/products/apex-1-black-dk-grey-orm-888-03","text/html; charset=UTF-8","429","Too Many Requests","Non-Indexable","Client Error","1","0.122","",""
"https://offlimits.co.in/collections/limited-edition/products/legacy-23-black-honey-ocm-829-02","text/html; charset=UTF-8","429","Too Many Requests","Non-Indexable","Client Error","1","0.113","",""
"https://offlimits.co.in/collections/limited-edition/products/strata-01-beige-sky-orm-903-02","text/html; charset=UTF-8","429","Too Many Requests","Non-Indexable","Client Error","1","0.097","",""
"https://offlimits.co.in/collections/limited-edition/products/gladiator-transformative-teal-orm-661-07","text/html; charset=UTF-8","429","Too Many Requests","Non-Indexable","Client Error","1","0.112","",""
"https://offlimits.co.in/collections/limited-edition/products/strata-01-beige-maroon-orm-903-05","text/html; charset=UTF-8","429","Too Many Requests","Non-Indexable","Client Error","1","0.087","",""
"https://offlimits.co.in/collections/limited-edition/products/gladiator-explorex-black-ocm-724-02","text/html; charset=UTF-8","429","Too Many Requests","Non-Indexable","Client Error","1","0.106","",""
"https://offlimits.co.in/collections/limited-edition/products/olympus-cream-orm-923-04","text/html; charset=UTF-8","429","Too Many Requests","Non-Indexable","Client Error","1","0.103","",""
"https://offlimits.co.in/collections/limited-edition/products/gladiator-air-force-blue-orm-661-13","text/html; charset=UTF-8","429","Too Many Requests","Non-Indexable","Client Error","1","0.113","",""
"https://offlimits.co.in/collections/limited-edition/products/gladiator-black-black-orm-661-05","text/html; charset=UTF-8","429","Too Many Requests","Non-Indexable","Client Error","1","0.127","",""
"https://offlimits.co.in/collections/limited-edition/products/gladiator-light-grey-orm-661-06","text/html; charset=UTF-8","429","Too Many Requests","Non-Indexable","Client Error","1","0.089","",""
"https://offlimits.co.in/collections/limited-edition/products/legacy-23-grey-lime-punch-ocm-829-04","text/html; charset=UTF-8","429","Too Many Requests","Non-Indexable","Client Error","1","0.162","",""
"https://offlimits.co.in/collections/limited-edition/products/gladiator-off-white-orm-661-02","text/html; charset=UTF-8","429","Too Many Requests","Non-Indexable","Client Error","1","0.100","",""
"https://offlimits.co.in/collections/limited-edition/products/griffith-off-white-silver-ocm-830-10","text/html; charset=UTF-8","429","Too Many Requests","Non-Indexable","Client Error","1","0.113","",""
"https://offlimits.co.in/collections/women-shoes/products/skyline-for-her-off-white-aqua-ocw-772-11","text/html; charset=UTF-8","429","Too Many Requests","Non-Indexable","Client Error","1","0.094","",""
"https://offlimits.co.in/collections/women-shoes/products/pulsara-for-her-off-white-pink-orw-889-02","text/html; charset=UTF-8","429","Too Many Requests","Non-Indexable","Client Error","1","0.123","",""
"https://offlimits.co.in/collections/women-shoes/products/splash-mode-for-her-beige-ocw-926-05","text/html; charset=UTF-8","429","Too Many Requests","Non-Indexable","Client Error","1","0.101","",""
"https://offlimits.co.in/collections/women-shoes/products/daisy-for-her-mauve-orw-826-01","text/html; charset=UTF-8","429","Too Many Requests","Non-Indexable","Client Error","1","0.101","",""
"https://offlimits.co.in/collections/women-shoes/products/roger-explorex-for-her-white-orw-916-02","text/html; charset=UTF-8","429","Too Many Requests","Non-Indexable","Client Error","1","0.110","",""
"https://offlimits.co.in/collections/women-shoes/products/gladiator-for-her-off-white-pink-orw-678-03","text/html; charset=UTF-8","429","Too Many Requests","Non-Indexable","Client Error","1","0.108","",""
"https://offlimits.co.in/collections/women-shoes/products/gladiator-explorex-for-her-off-white-ocw-754-01","text/html; charset=UTF-8","429","Too Many Requests","Non-Indexable","Client Error","1","0.110","",""
"https://offlimits.co.in/collections/women-shoes/products/skyline-for-her-off-white-mocha-mousse-ocw-772-07","text/html; charset=UTF-8","429","Too Many Requests","Non-Indexable","Client Error","1","0.123","",""
"https://offlimits.co.in/collections/women-shoes/products/skyline-for-her-light-grey-off-white-ocw-772-03","text/html; charset=UTF-8","429","Too Many Requests","Non-Indexable","Client Error","1","0.096","",""
"https://offlimits.co.in/collections/women-shoes/products/speedwave-for-her-aqua-orw-840-04","text/html; charset=UTF-8","429","Too Many Requests","Non-Indexable","Client Error","1","0.091","",""
"https://offlimits.co.in/collections/women-shoes/products/pulse-x-for-her-black-dk-grey-orw-887-02","text/html; charset=UTF-8","429","Too Many Requests","Non-Indexable","Client Error","1","0.092","",""
"https://offlimits.co.in/collections/women-shoes/products/stussy-memory-tech-for-her-orw-616-06","text/html; charset=UTF-8","429","Too Many Requests","Non-Indexable","Client Error","1","0.097","",""
"https://offlimits.co.in/collections/women-shoes/products/s-w-a-t-for-her-black-black-orw-854-03","text/html; charset=UTF-8","429","Too Many Requests","Non-Indexable","Client Error","1","0.084","",""
"https://offlimits.co.in/collections/women-shoes/products/stussy-for-her-suger-swizzle-off-white-orw-616-12","text/html; charset=UTF-8","429","Too Many Requests","Non-Indexable","Client Error","1","0.112","",""
"https://offlimits.co.in/collections/women-shoes/products/s-w-a-t-for-her-pink-orw-854-01","text/html; charset=UTF-8","429","Too Many Requests","Non-Indexable","Client Error","1","0.099","",""
"https://offlimits.co.in/collections/women-shoes/products/kim-pulse-dark-grey-black-orw-899-03","text/html; charset=UTF-8","429","Too Many Requests","Non-Indexable","Client Error","1","0.115","",""
"https://offlimits.co.in/collections/women-shoes/products/gladiator-for-her-purple-green-orw-678-05","text/html; charset=UTF-8","429","Too Many Requests","Non-Indexable","Client Error","1","0.101","",""
"https://offlimits.co.in/collections/women-shoes/products/speedwave-for-her-grey-orw-840-05","text/html; charset=UTF-8","429","Too Many Requests","Non-Indexable","Client Error","1","0.103","",""
"https://offlimits.co.in/collections/women-shoes/products/s-w-a-t-for-her-off-white-pink-orw-854-02","text/html; charset=UTF-8","429","Too Many Requests","Non-Indexable","Client Error","1","0.103","",""
"https://offlimits.co.in/collections/women-shoes/products/skyline-for-her-brown-white-ocw-772-15","text/html; charset=UTF-8","429","Too Many Requests","Non-Indexable","Client Error","1","0.112","",""
"https://offlimits.co.in/collections/women-shoes/products/roger-for-her-orw-584-02","text/html; charset=UTF-8","429","Too Many Requests","Non-Indexable","Client Error","1","0.126","",""
"https://offlimits.co.in/collections/women-shoes/products/skyline-select-for-her-blue-honey-ocw-937-05","text/html; charset=UTF-8","429","Too Many Requests","Non-Indexable","Client Error","1","0.100","",""
"https://offlimits.co.in/collections/women-shoes/products/royce-orw-598-01","text/html; charset=UTF-8","429","Too Many Requests","Non-Indexable","Client Error","1","0.099","",""
"https://offlimits.co.in/collections/women-shoes/products/gladiator-for-her-black-white-orw-678-01","text/html; charset=UTF-8","429","Too Many Requests","Non-Indexable","Client Error","1","0.089","",""
"https://offlimits.co.in/collections/women-shoes/products/skyline-for-her-off-white-gum-ocw-772-01","text/html; charset=UTF-8","429","Too Many Requests","Non-Indexable","Client Error","1","0.110","",""
"https://offlimits.co.in/collections/women-shoes/products/skyline-for-her-white-white-ocw-772-14","text/html; charset=UTF-8","429","Too Many Requests","Non-Indexable","Client Error","1","0.145","",""
"https://offlimits.co.in/collections/women-shoes/products/paloma-w-orw-582-02","text/html; charset=UTF-8","429","Too Many Requests","Non-Indexable","Client Error","1","0.089","",""
"https://offlimits.co.in/collections/women-shoes/products/naomi-orw-453-01","text/html; charset=UTF-8","429","Too Many Requests","Non-Indexable","Client Error","1","0.088","",""
"https://offlimits.co.in/collections/women-shoes/products/roger-explorex-for-her-black-black-orw-916-01","text/html; charset=UTF-8","429","Too Many Requests","Non-Indexable","Client Error","1","0.100","",""
"https://offlimits.co.in/collections/women-shoes/products/speedster-for-her-orchird-bloom-peach-orw-730-05","text/html; charset=UTF-8","429","Too Many Requests","Non-Indexable","Client Error","1","0.107","",""
"https://offlimits.co.in/collections/women-shoes/products/royce-for-her-off-white-fuchsia-royal-blue-orw-598-05","text/html; charset=UTF-8","429","Too Many Requests","Non-Indexable","Client Error","1","0.097","",""
"https://offlimits.co.in/collections/women-shoes/products/memphis-for-her-black-beige-ocw-804-02","text/html; charset=UTF-8","429","Too Many Requests","Non-Indexable","Client Error","1","0.104","",""
"https://offlimits.co.in/collections/women-shoes/products/speedwave-for-her-black-fuchsia-orw-840-01","text/html; charset=UTF-8","429","Too Many Requests","Non-Indexable","Client Error","1","0.100","",""
"https://offlimits.co.in/collections/women-shoes/products/memphis-for-her-beige-black-ocw-804-04","text/html; charset=UTF-8","429","Too Many Requests","Non-Indexable","Client Error","1","0.096","",""
"https://offlimits.co.in/collections/women-shoes/products/splash-mode-for-her-dark-grey-ocw-926-04","text/html; charset=UTF-8","429","Too Many Requests","Non-Indexable","Client Error","1","0.090","",""
"https://offlimits.co.in/collections/women-shoes/products/gladiator-explorex-for-her-2-0-off-white-pink-ocw-884-01","text/html; charset=UTF-8","429","Too Many Requests","Non-Indexable","Client Error","1","0.086","",""
"https://offlimits.co.in/collections/women-shoes/products/splash-mode-for-her-light-grey-ocw-926-03","text/html; charset=UTF-8","429","Too Many Requests","Non-Indexable","Client Error","1","0.092","",""
"https://offlimits.co.in/collections/women-shoes/products/skyline-for-her-off-white-navy-ocw-772-02","text/html; charset=UTF-8","429","Too Many Requests","Non-Indexable","Client Error","1","0.093","",""
"https://offlimits.co.in/collections/women-shoes/products/gladiator-for-her-off-white-orw-678-02","text/html; charset=UTF-8","429","Too Many Requests","Non-Indexable","Client Error","1","0.093","",""
"https://offlimits.co.in/collections/women-shoes/products/splash-mode-for-her-white-ocw-926-02","text/html; charset=UTF-8","429","Too Many Requests","Non-Indexable","Client Error","1","0.103","",""
"https://offlimits.co.in/collections/women-shoes/products/jackie-for-her-black-orw-641-04","text/html; charset=UTF-8","429","Too Many Requests","Non-Indexable","Client Error","1","0.098","",""
"https://offlimits.co.in/collections/women-shoes/products/bareform-for-her-black-orw-864-01","text/html; charset=UTF-8","429","Too Many Requests","Non-Indexable","Client Error","1","0.102","",""
"https://offlimits.co.in/collections/women-shoes/products/memphis-for-her-red-beige-ocw-804-01","text/html; charset=UTF-8","429","Too Many Requests","Non-Indexable","Client Error","1","0.134","",""
"https://offlimits.co.in/collections/women-shoes/products/speedwave-for-her-light-pink-orw-840-03","text/html; charset=UTF-8","429","Too Many Requests","Non-Indexable","Client Error","1","0.103","",""
"https://offlimits.co.in/collections/women-shoes/products/paloma-for-her-aqua-orw-582-07","text/html; charset=UTF-8","429","Too Many Requests","Non-Indexable","Client Error","1","0.115","",""
"https://offlimits.co.in/collections/women-shoes/products/pulse-x-for-her-off-white-purple-mint-orw-887-01","text/html; charset=UTF-8","429","Too Many Requests","Non-Indexable","Client Error","1","0.126","",""
"https://offlimits.co.in/collections/women-shoes/products/speedwave-for-her-off-white-orw-840-02","text/html; charset=UTF-8","429","Too Many Requests","Non-Indexable","Client Error","1","0.106","",""
"https://offlimits.co.in/collections/women-shoes/products/splash-mode-for-her-black-ocw-926-01","text/html; charset=UTF-8","429","Too Many Requests","Non-Indexable","Client Error","1","0.093","",""
"https://offlimits.co.in/collections/women-shoes/products/cloudpro-for-her-off-white-pink-orw-823-01","text/html; charset=UTF-8","429","Too Many Requests","Non-Indexable","Client Error","1","0.113","",""
"https://offlimits.co.in/collections/women-shoes/products/skyline-for-her-cream-mocha-mousse-ocw-772-06","text/html; charset=UTF-8","429","Too Many Requests","Non-Indexable","Client Error","1","0.103","",""
"https://offlimits.co.in/collections/mens-running-gym-shoes/products/kairo-orm-577-03","text/html; charset=UTF-8","429","Too Many Requests","Non-Indexable","Client Error","1","0.104","",""
"https://offlimits.co.in/collections/mens-running-gym-shoes/products/kairo-orm-577-02","text/html; charset=UTF-8","429","Too Many Requests","Non-Indexable","Client Error","1","0.133","",""
"https://offlimits.co.in/collections/mens-running-gym-shoes/products/kairo-orm-577-01","text/html; charset=UTF-8","429","Too Many Requests","Non-Indexable","Client Error","1","0.082","",""
"https://offlimits.co.in/collections/mens-running-gym-shoes/products/viking-white-orange-ocm-714-02","text/html; charset=UTF-8","429","Too Many Requests","Non-Indexable","Client Error","1","0.117","",""
"https://offlimits.co.in/collections/mens-running-gym-shoes/products/samurai-orm-623-01","text/html; charset=UTF-8","429","Too Many Requests","Non-Indexable","Client Error","1","0.119","",""
"https://offlimits.co.in/collections/mens-running-gym-shoes/products/ethos-sage-green-orm-531-03","text/html; charset=UTF-8","429","Too Many Requests","Non-Indexable","Client Error","1","0.087","",""
"https://offlimits.co.in/collections/mens-running-gym-shoes/products/kairo-orm-577-05","text/html; charset=UTF-8","429","Too Many Requests","Non-Indexable","Client Error","1","0.109","",""
"https://offlimits.co.in/collections/mens-running-gym-shoes/products/gladiator-green-off-white-orm-661-04","text/html; charset=UTF-8","429","Too Many Requests","Non-Indexable","Client Error","1","0.102","",""
"https://offlimits.co.in/collections/mens-running-gym-shoes/products/kairo-orm-577-04","text/html; charset=UTF-8","429","Too Many Requests","Non-Indexable","Client Error","1","0.111","",""
"https://offlimits.co.in/collections/mens-running-gym-shoes/products/sparta-orm-529-03","text/html; charset=UTF-8","429","Too Many Requests","Non-Indexable","Client Error","1","0.099","",""
"https://offlimits.co.in/collections/mens-running-gym-shoes/products/wembley-orm-545-02","text/html; charset=UTF-8","429","Too Many Requests","Non-Indexable","Client Error","1","0.084","",""
"https://offlimits.co.in/collections/mens-running-gym-shoes/products/wembley-orm-545-03","text/html; charset=UTF-8","429","Too Many Requests","Non-Indexable","Client Error","1","0.109","",""
"https://offlimits.co.in/collections/mens-running-gym-shoes/products/sparta-orm-529-01","text/html; charset=UTF-8","429","Too Many Requests","Non-Indexable","Client Error","1","0.102","",""
"https://offlimits.co.in/collections/mens-running-gym-shoes/products/wembley-orm-545-05","text/html; charset=UTF-8","429","Too Many Requests","Non-Indexable","Client Error","1","0.117","",""
"https://offlimits.co.in/collections/mens-running-gym-shoes/products/wembley-orm-545-04","text/html; charset=UTF-8","429","Too Many Requests","Non-Indexable","Client Error","1","0.086","",""
"https://offlimits.co.in/collections/mens-running-gym-shoes/products/gladiator-off-white-orm-661-02","text/html; charset=UTF-8","429","Too Many Requests","Non-Indexable","Client Error","1","0.091","",""
"https://offlimits.co.in/collections/mens-running-gym-shoes/products/wembley-orm-545-01","text/html; charset=UTF-8","429","Too Many Requests","Non-Indexable","Client Error","1","0.098","",""
"https://offlimits.co.in/collections/mens-running-gym-shoes/products/blazerun-light-grey-orm-719-04","text/html; charset=UTF-8","429","Too Many Requests","Non-Indexable","Client Error","1","0.107","",""
"https://offlimits.co.in/collections/mens-running-gym-shoes/products/gladiator-off-white-navy-orm-661-08","text/html; charset=UTF-8","429","Too Many Requests","Non-Indexable","Client Error","1","0.116","",""
"https://offlimits.co.in/collections/mens-running-gym-shoes/products/gladiator-black-orm-661-01","text/html; charset=UTF-8","429","Too Many Requests","Non-Indexable","Client Error","1","0.123","",""
"https://offlimits.co.in/collections/mens-running-gym-shoes/products/gladiator-black-black-orm-661-05","text/html; charset=UTF-8","429","Too Many Requests","Non-Indexable","Client Error","1","0.109","",""
"https://offlimits.co.in/collections/mens-running-gym-shoes/products/beluga-ii-navy-blue-orm-683-01","text/html; charset=UTF-8","429","Too Many Requests","Non-Indexable","Client Error","1","0.101","",""
"https://offlimits.co.in/collections/mens-running-gym-shoes/products/diablo-orm-614-04","text/html; charset=UTF-8","429","Too Many Requests","Non-Indexable","Client Error","1","0.122","",""
"https://offlimits.co.in/collections/mens-running-gym-shoes/products/diablo-orm-614-02","text/html; charset=UTF-8","429","Too Many Requests","Non-Indexable","Client Error","1","0.104","",""
"https://offlimits.co.in/collections/mens-running-gym-shoes/products/ethos-dark-grey-orm-531-05","text/html; charset=UTF-8","429","Too Many Requests","Non-Indexable","Client Error","1","0.107","",""
"https://offlimits.co.in/collections/mens-running-gym-shoes/products/phoenix-white-orm-601-01","text/html; charset=UTF-8","429","Too Many Requests","Non-Indexable","Client Error","1","0.086","",""
"https://offlimits.co.in/collections/mens-running-gym-shoes/products/ranger-orm-633-03","text/html; charset=UTF-8","429","Too Many Requests","Non-Indexable","Client Error","1","0.128","",""
"https://offlimits.co.in/collections/mens-running-gym-shoes/products/ranger-orm-633-02","text/html; charset=UTF-8","429","Too Many Requests","Non-Indexable","Client Error","1","0.123","",""
"https://offlimits.co.in/collections/mens-running-gym-shoes/products/rubicon-ocm-621-02","text/html; charset=UTF-8","429","Too Many Requests","Non-Indexable","Client Error","1","0.107","",""
"https://offlimits.co.in/collections/mens-running-gym-shoes/products/rubicon-ocm-621-01","text/html; charset=UTF-8","429","Too Many Requests","Non-Indexable","Client Error","1","0.112","",""
"https://offlimits.co.in/collections/mens-running-gym-shoes/products/hector-orm-631-02","text/html; charset=UTF-8","429","Too Many Requests","Non-Indexable","Client Error","1","0.149","",""
"https://offlimits.co.in/collections/mens-running-gym-shoes/products/hector-orm-631-03","text/html; charset=UTF-8","429","Too Many Requests","Non-Indexable","Client Error","1","0.122","",""
"https://offlimits.co.in/collections/mens-running-gym-shoes/products/hector-orm-631-01","text/html; charset=UTF-8","429","Too Many Requests","Non-Indexable","Client Error","1","0.088","",""
"https://offlimits.co.in/collections/mens-running-gym-shoes/products/gladiator-air-force-blue-orm-661-13","text/html; charset=UTF-8","429","Too Many Requests","Non-Indexable","Client Error","1","0.108","",""
"https://offlimits.co.in/collections/mens-running-gym-shoes/products/gladiator-off-white-crazy-horse-tan-orm-661-10","text/html; charset=UTF-8","429","Too Many Requests","Non-Indexable","Client Error","1","0.120","",""
"https://offlimits.co.in/collections/mens-running-gym-shoes/products/beluga-iii-white-orange-orm-671-01","text/html; charset=UTF-8","429","Too Many Requests","Non-Indexable","Client Error","1","0.096","",""
"https://offlimits.co.in/collections/mens-running-gym-shoes/products/brazil-orm-636-05","text/html; charset=UTF-8","429","Too Many Requests","Non-Indexable","Client Error","1","0.130","",""
"https://offlimits.co.in/collections/mens-running-gym-shoes/products/opus-ice-blue-teal-orm-685-03","text/html; charset=UTF-8","429","Too Many Requests","Non-Indexable","Client Error","1","0.131","",""
"https://offlimits.co.in/collections/mens-running-gym-shoes/products/brazil-orm-636-02","text/html; charset=UTF-8","429","Too Many Requests","Non-Indexable","Client Error","1","0.142","",""
"https://offlimits.co.in/collections/mens-running-gym-shoes/products/brazil-orm-636-01","text/html; charset=UTF-8","429","Too Many Requests","Non-Indexable","Client Error","1","0.175","",""
"https://offlimits.co.in/collections/mens-running-gym-shoes/products/speed-plus-orm-605-02","text/html; charset=UTF-8","429","Too Many Requests","Non-Indexable","Client Error","1","0.155","",""
"https://offlimits.co.in/collections/mens-running-gym-shoes/products/speed-plus-orm-605-04","text/html; charset=UTF-8","429","Too Many Requests","Non-Indexable","Client Error","1","0.132","",""
"https://offlimits.co.in/collections/mens-running-gym-shoes/products/beluga-orm-604-01","text/html; charset=UTF-8","429","Too Many Requests","Non-Indexable","Client Error","1","0.147","",""
"https://offlimits.co.in/collections/mens-running-gym-shoes/products/ethos-black-white-orm-531-02","text/html; charset=UTF-8","429","Too Many Requests","Non-Indexable","Client Error","1","0.131","",""
"https://offlimits.co.in/collections/mens-running-gym-shoes/products/speed-plus-orm-605-01","text/html; charset=UTF-8","429","Too Many Requests","Non-Indexable","Client Error","1","0.110","",""
"https://offlimits.co.in/collections/mens-running-gym-shoes/products/ethos-orm-531-01","text/html; charset=UTF-8","429","Too Many Requests","Non-Indexable","Client Error","1","0.106","",""
"https://offlimits.co.in/collections/mens-running-gym-shoes/products/gladiator-ice-blue-orm-661-03","text/html; charset=UTF-8","429","Too Many Requests","Non-Indexable","Client Error","1","0.121","",""
"https://offlimits.co.in/collections/mens-running-gym-shoes/products/ethos-orm-531-04","text/html; charset=UTF-8","429","Too Many Requests","Non-Indexable","Client Error","1","0.125","",""
"https://offlimits.co.in/collections/mens-running-gym-shoes/products/hitch-off-white-orm-674-02","text/html; charset=UTF-8","429","Too Many Requests","Non-Indexable","Client Error","1","0.095","",""
"https://offlimits.co.in/collections/low-top-shoes-for-men/products/bomba-off-white-honey-ocm-793-04","text/html; charset=UTF-8","429","Too Many Requests","Non-Indexable","Client Error","1","0.109","",""
"https://offlimits.co.in/collections/low-top-shoes-for-men/products/derek-off-white-orm-579-05","text/html; charset=UTF-8","429","Too Many Requests","Non-Indexable","Client Error","1","0.097","",""
"https://offlimits.co.in/collections/low-top-shoes-for-men/products/stussy-black-black-orm-407-44","text/html; charset=UTF-8","429","Too Many Requests","Non-Indexable","Client Error","1","0.098","",""
"https://offlimits.co.in/collections/low-top-shoes-for-men/products/stussy-crazy-horse-tan-orm-407-39","text/html; charset=UTF-8","429","Too Many Requests","Non-Indexable","Client Error","1","0.095","",""
"https://offlimits.co.in/collections/low-top-shoes-for-men/products/hector-orm-631-02","text/html; charset=UTF-8","429","Too Many Requests","Non-Indexable","Client Error","1","0.113","",""
"https://offlimits.co.in/collections/low-top-shoes-for-men/products/oxford-off-white-mens-casual-shoes","text/html; charset=UTF-8","429","Too Many Requests","Non-Indexable","Client Error","1","0.102","",""
"https://offlimits.co.in/collections/low-top-shoes-for-men/products/stussy-memory-tech-orm-407-32","text/html; charset=UTF-8","429","Too Many Requests","Non-Indexable","Client Error","1","0.119","",""
"https://offlimits.co.in/collections/low-top-shoes-for-men/products/skyline-ocm-622-05","text/html; charset=UTF-8","429","Too Many Requests","Non-Indexable","Client Error","1","0.120","",""
"https://offlimits.co.in/collections/low-top-shoes-for-men/products/eon-off-white-dark-grey-ocm-791-01","text/html; charset=UTF-8","429","Too Many Requests","Non-Indexable","Client Error","1","0.117","",""
"https://offlimits.co.in/collections/low-top-shoes-for-men/products/skyline-white-gum-ocm-622-11","text/html; charset=UTF-8","429","Too Many Requests","Non-Indexable","Client Error","1","0.101","",""
"https://offlimits.co.in/collections/low-top-shoes-for-men/products/gladiator-black-black-orm-661-05","text/html; charset=UTF-8","429","Too Many Requests","Non-Indexable","Client Error","1","0.119","",""
"https://offlimits.co.in/collections/low-top-shoes-for-men/products/speed-cat-bottle-green-ocm-062-05","text/html; charset=UTF-8","429","Too Many Requests","Non-Indexable","Client Error","1","0.102","",""
"https://offlimits.co.in/collections/low-top-shoes-for-men/products/phoenix-white-orm-601-01","text/html; charset=UTF-8","429","Too Many Requests","Non-Indexable","Client Error","1","0.117","",""
"https://offlimits.co.in/collections/low-top-shoes-for-men/products/skyline-ocm-622-01","text/html; charset=UTF-8","429","Too Many Requests","Non-Indexable","Client Error","1","0.114","",""
"https://offlimits.co.in/collections/low-top-shoes-for-men/products/skyline-ocm-622-02","text/html; charset=UTF-8","429","Too Many Requests","Non-Indexable","Client Error","1","0.112","",""
"https://offlimits.co.in/collections/low-top-shoes-for-men/products/magnum-black-ocm-750-02","text/html; charset=UTF-8","429","Too Many Requests","Non-Indexable","Client Error","1","0.121","",""
"https://offlimits.co.in/collections/low-top-shoes-for-men/products/oxford-dark-brown-black-ocm-643-10","text/html; charset=UTF-8","429","Too Many Requests","Non-Indexable","Client Error","1","0.121","",""
"https://offlimits.co.in/collections/low-top-shoes-for-men/products/stussy-memory-tech-orm-407-23","text/html; charset=UTF-8","429","Too Many Requests","Non-Indexable","Client Error","1","0.117","",""
"https://offlimits.co.in/collections/low-top-shoes-for-men/products/skyline-denim-ocm-622-12","text/html; charset=UTF-8","429","Too Many Requests","Non-Indexable","Client Error","1","0.106","",""
"https://offlimits.co.in/collections/low-top-shoes-for-men/products/ginza-off-white-tan-ocm-638-01","text/html; charset=UTF-8","429","Too Many Requests","Non-Indexable","Client Error","1","0.127","",""
"https://offlimits.co.in/collections/low-top-shoes-for-men/products/gladiator-black-orm-661-01","text/html; charset=UTF-8","429","Too Many Requests","Non-Indexable","Client Error","1","0.103","",""
"https://offlimits.co.in/collections/low-top-shoes-for-men/products/oxford-tan-ocm-643-02","text/html; charset=UTF-8","429","Too Many Requests","Non-Indexable","Client Error","1","0.093","",""
"https://offlimits.co.in/collections/low-top-shoes-for-men/products/roger-orm-351-06","text/html; charset=UTF-8","429","Too Many Requests","Non-Indexable","Client Error","1","0.129","",""
"https://offlimits.co.in/collections/low-top-shoes-for-men/products/skyline-bottle-green-ocm-622-09","text/html; charset=UTF-8","429","Too Many Requests","Non-Indexable","Client Error","1","0.106","",""
"https://offlimits.co.in/collections/low-top-shoes-for-men/products/skyline-tan-ocm-622-10","text/html; charset=UTF-8","429","Too Many Requests","Non-Indexable","Client Error","1","0.104","",""
"https://offlimits.co.in/collections/low-top-shoes-for-men/products/hachiko-green-off-white-teal-mango-orm-637-07","text/html; charset=UTF-8","429","Too Many Requests","Non-Indexable","Client Error","1","0.111","",""
"https://offlimits.co.in/collections/low-top-shoes-for-men/products/stussy-memory-tech-orm-407-18","text/html; charset=UTF-8","429","Too Many Requests","Non-Indexable","Client Error","1","0.113","",""
"https://offlimits.co.in/collections/low-top-shoes-for-men/products/oxford-dark-grey-ocm-643-05","text/html; charset=UTF-8","429","Too Many Requests","Non-Indexable","Client Error","1","0.100","",""
"https://offlimits.co.in/collections/low-top-shoes-for-men/products/ramses-off-white-tan-mens-casual-shoes","text/html; charset=UTF-8","429","Too Many Requests","Non-Indexable","Client Error","1","0.100","",""
"https://offlimits.co.in/collections/low-top-shoes-for-men/products/gladiator-off-white-orm-661-02","text/html; charset=UTF-8","429","Too Many Requests","Non-Indexable","Client Error","1","0.106","",""
"https://offlimits.co.in/collections/low-top-shoes-for-men/products/roger-orm-351-13","text/html; charset=UTF-8","429","Too Many Requests","Non-Indexable","Client Error","1","0.092","",""
"https://offlimits.co.in/collections/low-top-shoes-for-men/products/roger-orm-351-14","text/html; charset=UTF-8","429","Too Many Requests","Non-Indexable","Client Error","1","0.104","",""
"https://offlimits.co.in/collections/low-top-shoes-for-men/products/beluga-iii-white-orange-orm-671-01","text/html; charset=UTF-8","429","Too Many Requests","Non-Indexable","Client Error","1","0.091","",""
"https://offlimits.co.in/collections/low-top-shoes-for-men/products/ethos-orm-531-04","text/html; charset=UTF-8","429","Too Many Requests","Non-Indexable","Client Error","1","0.111","",""
"https://offlimits.co.in/collections/low-top-shoes-for-men/products/ethos-dark-grey-orm-531-05","text/html; charset=UTF-8","429","Too Many Requests","Non-Indexable","Client Error","1","0.111","",""
"https://offlimits.co.in/collections/low-top-shoes-for-men/products/skyline-wine-ocm-622-08","text/html; charset=UTF-8","429","Too Many Requests","Non-Indexable","Client Error","1","0.119","",""
"https://offlimits.co.in/collections/low-top-shoes-for-men/products/skyline-black-white-ocm-622-06","text/html; charset=UTF-8","429","Too Many Requests","Non-Indexable","Client Error","1","0.119","",""
"https://offlimits.co.in/collections/low-top-shoes-for-men/products/bomba-off-white-ocm-793-01","text/html; charset=UTF-8","429","Too Many Requests","Non-Indexable","Client Error","1","0.096","",""
"https://offlimits.co.in/collections/low-top-shoes-for-men/products/brdley-crazy-horse-tan-bone-white-ocm-679-01","text/html; charset=UTF-8","429","Too Many Requests","Non-Indexable","Client Error","1","0.106","",""
"https://offlimits.co.in/collections/low-top-shoes-for-men/products/oxford-blue-ocm-643-06","text/html; charset=UTF-8","429","Too Many Requests","Non-Indexable","Client Error","1","0.110","",""
"https://offlimits.co.in/collections/low-top-shoes-for-men/products/stussy-wine-orm-407-42","text/html; charset=UTF-8","429","Too Many Requests","Non-Indexable","Client Error","1","0.114","",""
"https://offlimits.co.in/collections/low-top-shoes-for-men/products/raftar-beige-ocm-736-01","text/html; charset=UTF-8","429","Too Many Requests","Non-Indexable","Client Error","1","0.095","",""
"https://offlimits.co.in/collections/low-top-shoes-for-men/products/soho-ocm-625-03","text/html; charset=UTF-8","429","Too Many Requests","Non-Indexable","Client Error","1","0.092","",""
"https://offlimits.co.in/collections/low-top-shoes-for-men/products/roger-orm-351-09","text/html; charset=UTF-8","429","Too Many Requests","Non-Indexable","Client Error","1","0.132","",""
"https://offlimits.co.in/collections/low-top-shoes-for-men/products/gladiator-ice-blue-orm-661-03","text/html; charset=UTF-8","429","Too Many Requests","Non-Indexable","Client Error","1","0.132","",""
"https://offlimits.co.in/collections/low-top-shoes-for-men/products/stussy-bottle-green-orm-407-41","text/html; charset=UTF-8","429","Too Many Requests","Non-Indexable","Client Error","1","0.085","",""
"https://offlimits.co.in/collections/low-top-shoes-for-men/products/stussy-brown-orm-407-40","text/html; charset=UTF-8","429","Too Many Requests","Non-Indexable","Client Error","1","0.094","",""
"https://offlimits.co.in/collections/low-top-shoes-for-men/products/skyline-big-tall-white-white-ocm-731-01","text/html; charset=UTF-8","429","Too Many Requests","Non-Indexable","Client Error","1","0.112","",""
"https://offlimits.co.in/collections/low-top-shoes-for-men/products/brazil-orm-636-01","text/html; charset=UTF-8","429","Too Many Requests","Non-Indexable","Client Error","1","0.116","",""
"https://offlimits.co.in/collections/men-lifestyle-recover-kicks/products/wembley-black-black-orm-545-07","text/html; charset=UTF-8","429","Too Many Requests","Non-Indexable","Client Error","1","0.104","",""
"https://offlimits.co.in/collections/men-lifestyle-recover-kicks/products/vector-ace-off-white-beige-orm-856-01","text/html; charset=UTF-8","429","Too Many Requests","Non-Indexable","Client Error","1","0.124","",""
"https://offlimits.co.in/collections/men-lifestyle-recover-kicks/products/memphis-genuine-leather-beige-black-ocm-723-03","text/html; charset=UTF-8","429","Too Many Requests","Non-Indexable","Client Error","1","0.098","",""
"https://offlimits.co.in/collections/men-lifestyle-recover-kicks/products/roger-orm-351-13","text/html; charset=UTF-8","429","Too Many Requests","Non-Indexable","Client Error","1","0.099","",""
"https://offlimits.co.in/collections/men-lifestyle-recover-kicks/products/roger-orm-351-12","text/html; charset=UTF-8","429","Too Many Requests","Non-Indexable","Client Error","1","0.092","",""
"https://offlimits.co.in/collections/men-lifestyle-recover-kicks/products/diablo-orm-614-04","text/html; charset=UTF-8","429","Too Many Requests","Non-Indexable","Client Error","1","0.110","",""
"https://offlimits.co.in/collections/men-lifestyle-recover-kicks/products/roger-dark-grey-off-white-orange-orm-351-29","text/html; charset=UTF-8","429","Too Many Requests","Non-Indexable","Client Error","1","0.087","",""
"https://offlimits.co.in/collections/men-lifestyle-recover-kicks/products/diablo-orm-614-01","text/html; charset=UTF-8","429","Too Many Requests","Non-Indexable","Client Error","1","0.116","",""
"https://offlimits.co.in/collections/men-lifestyle-recover-kicks/products/roger-grey-blue-orm-351-33","text/html; charset=UTF-8","429","Too Many Requests","Non-Indexable","Client Error","1","0.095","",""
"https://offlimits.co.in/collections/men-lifestyle-recover-kicks/products/tribe-x-black-glaze-ocm-769-03","text/html; charset=UTF-8","429","Too Many Requests","Non-Indexable","Client Error","1","0.094","",""
"https://offlimits.co.in/collections/men-lifestyle-recover-kicks/products/tribe-x-black-brown-mocha-mousse-ocm-769-04","text/html; charset=UTF-8","429","Too Many Requests","Non-Indexable","Client Error","1","0.099","",""
"https://offlimits.co.in/collections/men-lifestyle-recover-kicks/products/roger-light-grey-dark-grey-orm-351-23","text/html; charset=UTF-8","429","Too Many Requests","Non-Indexable","Client Error","1","0.118","",""
"https://offlimits.co.in/collections/men-lifestyle-recover-kicks/products/vector-ace-cream-beige-orm-856-03","text/html; charset=UTF-8","429","Too Many Requests","Non-Indexable","Client Error","1","0.099","",""
"https://offlimits.co.in/collections/men-lifestyle-recover-kicks/products/stussy-memory-tech-orm-510-01","text/html; charset=UTF-8","429","Too Many Requests","Non-Indexable","Client Error","1","0.112","",""
"https://offlimits.co.in/collections/men-lifestyle-recover-kicks/products/stussy-memory-tech-orm-407-23","text/html; charset=UTF-8","429","Too Many Requests","Non-Indexable","Client Error","1","0.115","",""
"https://offlimits.co.in/collections/men-lifestyle-recover-kicks/products/stussy-wine-orm-407-42","text/html; charset=UTF-8","429","Too Many Requests","Non-Indexable","Client Error","1","0.129","",""
"https://offlimits.co.in/collections/men-lifestyle-recover-kicks/products/stussy-memory-tech-orm-407-10","text/html; charset=UTF-8","429","Too Many Requests","Non-Indexable","Client Error","1","0.085","",""
"https://offlimits.co.in/collections/men-lifestyle-recover-kicks/products/stussy-memory-tech-orm-407-11","text/html; charset=UTF-8","429","Too Many Requests","Non-Indexable","Client Error","1","0.092","",""
"https://offlimits.co.in/collections/men-lifestyle-recover-kicks/products/tribe-x-off-white-ocm-769-01","text/html; charset=UTF-8","429","Too Many Requests","Non-Indexable","Client Error","1","0.098","",""
"https://offlimits.co.in/collections/men-lifestyle-recover-kicks/products/roger-orm-351-03","text/html; charset=UTF-8","429","Too Many Requests","Non-Indexable","Client Error","1","0.100","",""
"https://offlimits.co.in/collections/men-lifestyle-recover-kicks/products/roger-offwhite-bone-white-tan-orm-351-24","text/html; charset=UTF-8","429","Too Many Requests","Non-Indexable","Client Error","1","0.118","",""
"https://offlimits.co.in/collections/men-lifestyle-recover-kicks/products/memphis-genuine-leather-red-beige-ocm-723-05","text/html; charset=UTF-8","429","Too Many Requests","Non-Indexable","Client Error","1","0.099","",""
"https://offlimits.co.in/collections/men-lifestyle-recover-kicks/products/wembley-orm-545-02","text/html; charset=UTF-8","429","Too Many Requests","Non-Indexable","Client Error","1","0.104","",""
"https://offlimits.co.in/collections/men-lifestyle-recover-kicks/products/roger-navy-royal-blue-mango-green-orm-351-18","text/html; charset=UTF-8","429","Too Many Requests","Non-Indexable","Client Error","1","0.100","",""
"https://offlimits.co.in/collections/men-lifestyle-recover-kicks/products/stussy-orm-407-12","text/html; charset=UTF-8","429","Too Many Requests","Non-Indexable","Client Error","1","0.107","",""
"https://offlimits.co.in/collections/men-lifestyle-recover-kicks/products/memphis-genuine-leather-black-beige-ocm-723-01","text/html; charset=UTF-8","429","Too Many Requests","Non-Indexable","Client Error","1","0.110","",""
"https://offlimits.co.in/collections/men-lifestyle-recover-kicks/products/roger-navy-grey-orm-351-22","text/html; charset=UTF-8","429","Too Many Requests","Non-Indexable","Client Error","1","0.105","",""
"https://offlimits.co.in/collections/men-lifestyle-recover-kicks/products/memphis-genuine-leather-tan-brown-ocm-723-02","text/html; charset=UTF-8","429","Too Many Requests","Non-Indexable","Client Error","1","0.099","",""
"https://offlimits.co.in/collections/men-lifestyle-recover-kicks/products/roger-p-green-off-white-yellow-orm-351-25","text/html; charset=UTF-8","429","Too Many Requests","Non-Indexable","Client Error","1","0.097","",""
"https://offlimits.co.in/collections/men-lifestyle-recover-kicks/products/stussy-orm-407-19","text/html; charset=UTF-8","429","Too Many Requests","Non-Indexable","Client Error","1","0.106","",""
"https://offlimits.co.in/collections/men-lifestyle-recover-kicks/products/stussy-memory-tech-orm-407-16","text/html; charset=UTF-8","429","Too Many Requests","Non-Indexable","Client Error","1","0.108","",""
"https://offlimits.co.in/collections/men-lifestyle-recover-kicks/products/wembley-orm-545-05","text/html; charset=UTF-8","429","Too Many Requests","Non-Indexable","Client Error","1","0.099","",""
"https://offlimits.co.in/collections/men-lifestyle-recover-kicks/products/stussy-orm-407-15","text/html; charset=UTF-8","429","Too Many Requests","Non-Indexable","Client Error","1","0.118","",""
"https://offlimits.co.in/collections/men-lifestyle-recover-kicks/products/stussy-off-white-brown-mocha-mousse-orm-407-48","text/html; charset=UTF-8","429","Too Many Requests","Non-Indexable","Client Error","1","0.119","",""
"https://offlimits.co.in/collections/men-lifestyle-recover-kicks/products/stussy-orm-407-17","text/html; charset=UTF-8","429","Too Many Requests","Non-Indexable","Client Error","1","0.093","",""
"https://offlimits.co.in/collections/men-lifestyle-recover-kicks/products/stussy-black-black-orm-407-44","text/html; charset=UTF-8","429","Too Many Requests","Non-Indexable","Client Error","1","0.095","",""
"https://offlimits.co.in/collections/men-lifestyle-recover-kicks/products/cloudpup-crazy-horse-tan-ocm-778-05","text/html; charset=UTF-8","429","Too Many Requests","Non-Indexable","Client Error","1","0.107","",""
"https://offlimits.co.in/collections/men-lifestyle-recover-kicks/products/stussy-memory-tech-orm-407-09","text/html; charset=UTF-8","429","Too Many Requests","Non-Indexable","Client Error","1","0.102","",""
"https://offlimits.co.in/collections/men-lifestyle-recover-kicks/products/cloudpup-cream-ocm-778-04","text/html; charset=UTF-8","429","Too Many Requests","Non-Indexable","Client Error","1","0.091","",""
"https://offlimits.co.in/collections/men-lifestyle-recover-kicks/products/stussy-memory-tech-orm-407-03","text/html; charset=UTF-8","429","Too Many Requests","Non-Indexable","Client Error","1","0.099","",""
"https://offlimits.co.in/collections/men-lifestyle-recover-kicks/products/stussy-memory-tech-orm-407-04","text/html; charset=UTF-8","429","Too Many Requests","Non-Indexable","Client Error","1","0.103","",""
"https://offlimits.co.in/collections/men-lifestyle-recover-kicks/products/hachiko-multicolor-orm-637-06","text/html; charset=UTF-8","429","Too Many Requests","Non-Indexable","Client Error","1","0.113","",""
"https://offlimits.co.in/collections/men-lifestyle-recover-kicks/products/roger-light-grey-black-purple-orm-351-27","text/html; charset=UTF-8","429","Too Many Requests","Non-Indexable","Client Error","1","0.115","",""
"https://offlimits.co.in/collections/men-lifestyle-recover-kicks/products/memphis-genuine-leather-aqua-beige-ocm-723-04","text/html; charset=UTF-8","429","Too Many Requests","Non-Indexable","Client Error","1","0.120","",""
"https://offlimits.co.in/collections/men-lifestyle-recover-kicks/products/vector-ace-black-dark-grey-orm-856-04","text/html; charset=UTF-8","429","Too Many Requests","Non-Indexable","Client Error","1","0.121","",""
"https://offlimits.co.in/collections/men-lifestyle-recover-kicks/products/stussy-black-brown-mocha-mousse-orm-407-47","text/html; charset=UTF-8","429","Too Many Requests","Non-Indexable","Client Error","1","0.173","",""
"https://offlimits.co.in/collections/men-lifestyle-recover-kicks/products/stussy-memory-tech-orm-407-34","text/html; charset=UTF-8","429","Too Many Requests","Non-Indexable","Client Error","1","0.159","",""
"https://offlimits.co.in/collections/women-running-shoes/products/gladiator-for-her-off-white-pink-orw-678-03","text/html; charset=UTF-8","429","Too Many Requests","Non-Indexable","Client Error","1","0.118","",""
"https://offlimits.co.in/collections/women-running-shoes/products/s-w-a-t-for-her-black-black-orw-854-03","text/html; charset=UTF-8","429","Too Many Requests","Non-Indexable","Client Error","1","0.120","",""
"https://offlimits.co.in/collections/women-running-shoes/products/paloma-for-her-aqua-orw-582-07","text/html; charset=UTF-8","429","Too Many Requests","Non-Indexable","Client Error","1","0.103","",""
"https://offlimits.co.in/collections/women-running-shoes/products/allyson-light-pink-orw-745-01","text/html; charset=UTF-8","429","Too Many Requests","Non-Indexable","Client Error","1","0.100","",""
"https://offlimits.co.in/collections/women-running-shoes/products/pulse-x-for-her-off-white-peach-orw-887-03","text/html; charset=UTF-8","429","Too Many Requests","Non-Indexable","Client Error","1","0.106","",""
"https://offlimits.co.in/collections/women-running-shoes/products/pulse-x-for-her-off-white-purple-mint-orw-887-01","text/html; charset=UTF-8","429","Too Many Requests","Non-Indexable","Client Error","1","0.084","",""
"https://offlimits.co.in/collections/women-running-shoes/products/gladiator-for-her-black-black-orw-678-06","text/html; charset=UTF-8","429","Too Many Requests","Non-Indexable","Client Error","1","0.106","",""
"https://offlimits.co.in/collections/women-running-shoes/products/paloma-for-her-light-pink-orw-582-06","text/html; charset=UTF-8","429","Too Many Requests","Non-Indexable","Client Error","1","0.108","",""
"https://offlimits.co.in/collections/women-running-shoes/products/velora-for-her-neon-green-orw-757-01","text/html; charset=UTF-8","429","Too Many Requests","Non-Indexable","Client Error","1","0.105","",""
"https://offlimits.co.in/collections/women-running-shoes/products/paloma-for-her-peach-orw-582-05","text/html; charset=UTF-8","429","Too Many Requests","Non-Indexable","Client Error","1","0.107","",""
"https://offlimits.co.in/collections/women-running-shoes/products/viking-for-her-dk-grey-navy-orw-759-02","text/html; charset=UTF-8","429","Too Many Requests","Non-Indexable","Client Error","1","0.103","",""
"https://offlimits.co.in/collections/women-running-shoes/products/gladiator-for-her-purple-green-orw-678-05","text/html; charset=UTF-8","429","Too Many Requests","Non-Indexable","Client Error","1","0.105","",""
"https://offlimits.co.in/collections/women-running-shoes/products/s-w-a-t-for-her-pink-orw-854-01","text/html; charset=UTF-8","429","Too Many Requests","Non-Indexable","Client Error","1","0.109","",""
"https://offlimits.co.in/collections/women-running-shoes/products/claire-black-orw-596-04","text/html; charset=UTF-8","429","Too Many Requests","Non-Indexable","Client Error","1","0.129","",""
"https://offlimits.co.in/collections/women-running-shoes/products/pulsara-for-her-off-white-aqua-peach-orw-889-01","text/html; charset=UTF-8","429","Too Many Requests","Non-Indexable","Client Error","1","0.119","",""
"https://offlimits.co.in/collections/women-running-shoes/products/fantastic-for-her-black-peach-black-peach-orw-743-02","text/html; charset=UTF-8","429","Too Many Requests","Non-Indexable","Client Error","1","0.122","",""
"https://offlimits.co.in/collections/women-running-shoes/products/paloma-w-orw-582-01","text/html; charset=UTF-8","429","Too Many Requests","Non-Indexable","Client Error","1","0.088","",""
"https://offlimits.co.in/collections/women-running-shoes/products/paloma-w-orw-582-02","text/html; charset=UTF-8","429","Too Many Requests","Non-Indexable","Client Error","1","0.110","",""
"https://offlimits.co.in/collections/women-running-shoes/products/serene-for-her-light-grey-orw-748-02","text/html; charset=UTF-8","429","Too Many Requests","Non-Indexable","Client Error","1","0.101","",""
"https://offlimits.co.in/collections/women-running-shoes/products/roger-for-her-orw-584-12","text/html; charset=UTF-8","429","Too Many Requests","Non-Indexable","Client Error","1","0.139","",""
"https://offlimits.co.in/collections/women-running-shoes/products/pulsara-for-her-black-blue-pink-orw-889-03","text/html; charset=UTF-8","429","Too Many Requests","Non-Indexable","Client Error","1","0.107","",""
"https://offlimits.co.in/collections/women-running-shoes/products/kim-pulse-dark-grey-black-orw-899-03","text/html; charset=UTF-8","429","Too Many Requests","Non-Indexable","Client Error","1","0.121","",""
"https://offlimits.co.in/collections/women-running-shoes/products/sparta-for-her-black-silver-orw-662-01","text/html; charset=UTF-8","429","Too Many Requests","Non-Indexable","Client Error","1","0.109","",""
"https://offlimits.co.in/collections/women-running-shoes/products/kim-pulse-light-grey-purple-orw-899-01","text/html; charset=UTF-8","429","Too Many Requests","Non-Indexable","Client Error","1","0.094","",""
"https://offlimits.co.in/collections/women-running-shoes/products/speedwave-for-her-aqua-orw-840-04","text/html; charset=UTF-8","429","Too Many Requests","Non-Indexable","Client Error","1","0.092","",""
"https://offlimits.co.in/collections/women-running-shoes/products/speedwave-for-her-light-pink-orw-840-03","text/html; charset=UTF-8","429","Too Many Requests","Non-Indexable","Client Error","1","0.121","",""
"https://offlimits.co.in/collections/women-running-shoes/products/daisy-for-her-mauve-orw-826-01","text/html; charset=UTF-8","429","Too Many Requests","Non-Indexable","Client Error","1","0.093","",""
"https://offlimits.co.in/collections/women-running-shoes/products/speedwave-for-her-grey-orw-840-05","text/html; charset=UTF-8","429","Too Many Requests","Non-Indexable","Client Error","1","0.097","",""
"https://offlimits.co.in/collections/women-running-shoes/products/speedwave-for-her-black-fuchsia-orw-840-01","text/html; charset=UTF-8","429","Too Many Requests","Non-Indexable","Client Error","1","0.102","",""
"https://offlimits.co.in/collections/women-running-shoes/products/paloma-for-her-purple-orw-582-08","text/html; charset=UTF-8","429","Too Many Requests","Non-Indexable","Client Error","1","0.098","",""
"https://offlimits.co.in/collections/women-running-shoes/products/stussy-for-her-suger-swizzle-off-white-orw-616-12","text/html; charset=UTF-8","429","Too Many Requests","Non-Indexable","Client Error","1","0.110","",""
"https://offlimits.co.in/collections/women-running-shoes/products/fantastic-for-her-off-white-peach-orw-743-03","text/html; charset=UTF-8","429","Too Many Requests","Non-Indexable","Client Error","1","0.111","",""
"https://offlimits.co.in/collections/women-running-shoes/products/naomi-orw-453-01","text/html; charset=UTF-8","429","Too Many Requests","Non-Indexable","Client Error","1","0.090","",""
"https://offlimits.co.in/collections/women-running-shoes/products/pulse-x-for-her-black-dk-grey-orw-887-02","text/html; charset=UTF-8","429","Too Many Requests","Non-Indexable","Client Error","1","0.089","",""
"https://offlimits.co.in/collections/women-running-shoes/products/gladiator-for-her-off-white-orw-678-02","text/html; charset=UTF-8","429","Too Many Requests","Non-Indexable","Client Error","1","0.093","",""
"https://offlimits.co.in/collections/women-running-shoes/products/ethos-for-her-black-orw-744-01","text/html; charset=UTF-8","429","Too Many Requests","Non-Indexable","Client Error","1","0.131","",""
"https://offlimits.co.in/collections/women-running-shoes/products/gladiator-for-her-black-white-orw-678-01","text/html; charset=UTF-8","429","Too Many Requests","Non-Indexable","Client Error","1","0.127","",""
"https://offlimits.co.in/collections/women-running-shoes/products/cloudpro-for-her-off-white-pink-orw-823-01","text/html; charset=UTF-8","429","Too Many Requests","Non-Indexable","Client Error","1","0.153","",""
"https://offlimits.co.in/collections/women-running-shoes/products/speedwave-for-her-off-white-orw-840-02","text/html; charset=UTF-8","429","Too Many Requests","Non-Indexable","Client Error","1","0.146","",""
"https://offlimits.co.in/collections/women-running-shoes/products/kim-pulse-purple-black-orw-899-02","text/html; charset=UTF-8","429","Too Many Requests","Non-Indexable","Client Error","1","0.096","",""
"https://offlimits.co.in/collections/women-running-shoes/products/stussy-w-memory-tech-orw-616-05","text/html; charset=UTF-8","429","Too Many Requests","Non-Indexable","Client Error","1","0.123","",""
"https://offlimits.co.in/collections/women-running-shoes/products/fantastic-for-her-off-white-orw-743-07","text/html; charset=UTF-8","429","Too Many Requests","Non-Indexable","Client Error","1","0.113","",""
"https://offlimits.co.in/collections/women-running-shoes/products/paloma-for-her-off-white-purple-aqua-orw-582-09","text/html; charset=UTF-8","429","Too Many Requests","Non-Indexable","Client Error","1","0.102","",""
"https://offlimits.co.in/collections/women-running-shoes/products/s-w-a-t-for-her-off-white-pink-orw-854-02","text/html; charset=UTF-8","429","Too Many Requests","Non-Indexable","Client Error","1","0.105","",""
"https://offlimits.co.in/collections/women-running-shoes/products/gladiator-explorex-for-her-black-black-ocm-673-04","text/html; charset=UTF-8","429","Too Many Requests","Non-Indexable","Client Error","1","0.097","",""
"https://offlimits.co.in/collections/women-running-shoes/products/cloudpro-for-her-ii-black-aqua-orw-839-01","text/html; charset=UTF-8","429","Too Many Requests","Non-Indexable","Client Error","1","0.113","",""
"https://offlimits.co.in/collections/women-running-shoes/products/sparta-for-her-pink-silver-orw-662-02","text/html; charset=UTF-8","429","Too Many Requests","Non-Indexable","Client Error","1","0.094","",""
"https://offlimits.co.in/collections/women-running-shoes/products/serene-for-her-purple-orw-748-03","text/html; charset=UTF-8","429","Too Many Requests","Non-Indexable","Client Error","1","0.110","",""
"https://offlimits.co.in/collections/men-shorts/products/men-s-mesh-panel-shorts-obm-70-01","text/html; charset=UTF-8","429","Too Many Requests","Non-Indexable","Client Error","1","0.111","",""
"https://offlimits.co.in/collections/men-shorts/products/men-s-camo-shorts-obm-72-01","text/html; charset=UTF-8","429","Too Many Requests","Non-Indexable","Client Error","1","0.095","",""
"https://offlimits.co.in/collections/men-shorts/products/men-s-defy-shorts-obm-71-01","text/html; charset=UTF-8","429","Too Many Requests","Non-Indexable","Client Error","1","0.098","",""
"https://offlimits.co.in/collections/men-running-shoes/products/roger-select-black-silver-ocm-915-08","text/html; charset=UTF-8","429","Too Many Requests","Non-Indexable","Client Error","1","0.096","",""
"https://offlimits.co.in/collections/men-running-shoes/products/stussy-bottle-green-orm-407-41","text/html; charset=UTF-8","429","Too Many Requests","Non-Indexable","Client Error","1","0.096","",""
"https://offlimits.co.in/collections/men-running-shoes/products/roger-explorex-light-grey-orm-850-05","text/html; charset=UTF-8","429","Too Many Requests","Non-Indexable","Client Error","1","0.095","",""
"https://offlimits.co.in/collections/men-running-shoes/products/brdley-crazy-horse-tan-bone-white-ocm-679-01","text/html; charset=UTF-8","429","Too Many Requests","Non-Indexable","Client Error","1","0.105","",""
"https://offlimits.co.in/collections/men-running-shoes/products/gladiator-explorex-off-white-ocm-724-01","text/html; charset=UTF-8","429","Too Many Requests","Non-Indexable","Client Error","1","0.109","",""
"https://offlimits.co.in/collections/men-running-shoes/products/olympus-black-orm-923-02","text/html; charset=UTF-8","429","Too Many Requests","Non-Indexable","Client Error","1","0.102","",""
"https://offlimits.co.in/collections/men-running-shoes/products/kairo-orm-577-05","text/html; charset=UTF-8","429","Too Many Requests","Non-Indexable","Client Error","1","0.116","",""
"https://offlimits.co.in/collections/men-running-shoes/products/gladiator-ice-blue-orm-661-03","text/html; charset=UTF-8","429","Too Many Requests","Non-Indexable","Client Error","1","0.131","",""
"https://offlimits.co.in/collections/men-running-shoes/products/gladiator-explorex-transformative-teal-ocm-724-04","text/html; charset=UTF-8","429","Too Many Requests","Non-Indexable","Client Error","1","0.112","",""
"https://offlimits.co.in/collections/men-running-shoes/products/gladiator-explorex-off-white-tan-ocm-724-06","text/html; charset=UTF-8","429","Too Many Requests","Non-Indexable","Client Error","1","0.100","",""
"https://offlimits.co.in/collections/men-running-shoes/products/sparta-pro-blue-orange-orm-795-03","text/html; charset=UTF-8","429","Too Many Requests","Non-Indexable","Client Error","1","0.113","",""
"https://offlimits.co.in/collections/men-running-shoes/products/gladiator-explorex-beige-ocm-724-10","text/html; charset=UTF-8","429","Too Many Requests","Non-Indexable","Client Error","1","0.103","",""
"https://offlimits.co.in/collections/men-running-shoes/products/olympus-cream-orm-923-04","text/html; charset=UTF-8","429","Too Many Requests","Non-Indexable","Client Error","1","0.130","",""
"https://offlimits.co.in/collections/men-running-shoes/products/gladiator-off-white-crazy-horse-tan-orm-661-10","text/html; charset=UTF-8","429","Too Many Requests","Non-Indexable","Client Error","1","0.102","",""
"https://offlimits.co.in/collections/men-running-shoes/products/roger-select-blue-brown-ocm-915-02","text/html; charset=UTF-8","429","Too Many Requests","Non-Indexable","Client Error","1","0.112","",""
"https://offlimits.co.in/collections/men-running-shoes/products/stussy-crazy-horse-tan-orm-407-39","text/html; charset=UTF-8","429","Too Many Requests","Non-Indexable","Client Error","1","0.095","",""
"https://offlimits.co.in/collections/men-running-shoes/products/roger-select-beige-tan-ocm-915-14","text/html; charset=UTF-8","429","Too Many Requests","Non-Indexable","Client Error","1","0.116","",""
"https://offlimits.co.in/collections/men-running-shoes/products/roger-select-black-tan-ocm-915-01","text/html; charset=UTF-8","429","Too Many Requests","Non-Indexable","Client Error","1","0.101","",""
"https://offlimits.co.in/collections/men-running-shoes/products/gladiator-black-black-orm-661-05","text/html; charset=UTF-8","429","Too Many Requests","Non-Indexable","Client Error","1","0.106","",""
"https://offlimits.co.in/collections/men-running-shoes/products/gladiator-air-force-blue-orm-661-13","text/html; charset=UTF-8","429","Too Many Requests","Non-Indexable","Client Error","1","0.109","",""
"https://offlimits.co.in/collections/men-running-shoes/products/skyline-big-tall-white-white-ocm-731-01","text/html; charset=UTF-8","429","Too Many Requests","Non-Indexable","Client Error","1","0.100","",""
"https://offlimits.co.in/collections/men-running-shoes/products/stussy-orm-533-01","text/html; charset=UTF-8","429","Too Many Requests","Non-Indexable","Client Error","1","0.091","",""
"https://offlimits.co.in/collections/men-running-shoes/products/gladiator-light-grey-orm-661-06","text/html; charset=UTF-8","429","Too Many Requests","Non-Indexable","Client Error","1","0.101","",""
"https://offlimits.co.in/collections/men-running-shoes/products/gladiator-explorex-black-ocm-724-02","text/html; charset=UTF-8","429","Too Many Requests","Non-Indexable","Client Error","1","0.099","",""
"https://offlimits.co.in/collections/men-running-shoes/products/magnum-opus-tan-beige-ocm-896-03","text/html; charset=UTF-8","429","Too Many Requests","Non-Indexable","Client Error","1","0.094","",""
"https://offlimits.co.in/collections/men-running-shoes/products/apex-1-beige-orm-888-01","text/html; charset=UTF-8","429","Too Many Requests","Non-Indexable","Client Error","1","0.094","",""
"https://offlimits.co.in/collections/men-running-shoes/products/sparta-pro-light-grey-navy-orm-795-04","text/html; charset=UTF-8","429","Too Many Requests","Non-Indexable","Client Error","1","0.100","",""
"https://offlimits.co.in/collections/men-running-shoes/products/roger-orm-351-04","text/html; charset=UTF-8","429","Too Many Requests","Non-Indexable","Client Error","1","0.093","",""
"https://offlimits.co.in/collections/men-running-shoes/products/magnum-opus-brown-black-ocm-896-04","text/html; charset=UTF-8","429","Too Many Requests","Non-Indexable","Client Error","1","0.112","",""
"https://offlimits.co.in/collections/men-running-shoes/products/magnum-opus-beige-ocm-896-02","text/html; charset=UTF-8","429","Too Many Requests","Non-Indexable","Client Error","1","0.108","",""
"https://offlimits.co.in/collections/men-running-shoes/products/gladiator-explorex-light-grey-ocm-724-03","text/html; charset=UTF-8","429","Too Many Requests","Non-Indexable","Client Error","1","0.090","",""
"https://offlimits.co.in/collections/men-running-shoes/products/baseline-23-milwaukee-bucks-beige-green-ocm-828-06","text/html; charset=UTF-8","429","Too Many Requests","Non-Indexable","Client Error","1","0.118","",""
"https://offlimits.co.in/collections/men-running-shoes/products/gladiator-explorex-off-white-navy-ocm-724-07","text/html; charset=UTF-8","429","Too Many Requests","Non-Indexable","Client Error","1","0.110","",""
"https://offlimits.co.in/collections/men-running-shoes/products/stussy-memory-tech-orm-407-32","text/html; charset=UTF-8","429","Too Many Requests","Non-Indexable","Client Error","1","0.095","",""
"https://offlimits.co.in/collections/men-running-shoes/products/sparta-pro-black-orm-795-01","text/html; charset=UTF-8","429","Too Many Requests","Non-Indexable","Client Error","1","0.113","",""
"https://offlimits.co.in/collections/best-running-shoes","text/html; charset=UTF-8","429","Too Many Requests","Non-Indexable","Client Error","1","0.106","",""
"https://offlimits.co.in/collections/men-running-shoes/products/apex-1-black-dk-grey-orm-888-03","text/html; charset=UTF-8","429","Too Many Requests","Non-Indexable","Client Error","1","0.117","",""
"https://offlimits.co.in/collections/men-running-shoes/products/olympus-off-white-orm-923-01","text/html; charset=UTF-8","429","Too Many Requests","Non-Indexable","Client Error","1","0.129","",""
"https://offlimits.co.in/collections/men-running-shoes/products/roger-select-blue-ocm-915-12","text/html; charset=UTF-8","429","Too Many Requests","Non-Indexable","Client Error","1","0.130","",""
"https://offlimits.co.in/collections/men-running-shoes/products/ramses-off-white-tan-mens-casual-shoes","text/html; charset=UTF-8","429","Too Many Requests","Non-Indexable","Client Error","1","0.155","",""
"https://offlimits.co.in/collections/men-running-shoes/products/piston-black-red-1-ocm-642-03","text/html; charset=UTF-8","429","Too Many Requests","Non-Indexable","Client Error","1","0.126","",""
"https://offlimits.co.in/collections/men-running-shoes/products/stussy-orm-514-01","text/html; charset=UTF-8","429","Too Many Requests","Non-Indexable","Client Error","1","0.089","",""
"https://offlimits.co.in/collections/men-running-shoes/products/magnum-opus-off-white-light-grey-ocm-896-01","text/html; charset=UTF-8","429","Too Many Requests","Non-Indexable","Client Error","1","0.135","",""
"https://offlimits.co.in/collections/men-running-shoes/products/krypton-lime-green-black-orm-866-02","text/html; charset=UTF-8","429","Too Many Requests","Non-Indexable","Client Error","1","0.102","",""
"https://offlimits.co.in/collections/men-running-shoes/products/apex-1-beige-air-force-blue-orm-888-02","text/html; charset=UTF-8","429","Too Many Requests","Non-Indexable","Client Error","1","0.114","",""
"https://offlimits.co.in/collections/memory-foam-shoes","text/html; charset=UTF-8","429","Too Many Requests","Non-Indexable","Client Error","1","0.102","",""
"https://offlimits.co.in/collections/men-running-shoes/products/oxford-off-white-mens-casual-shoes","text/html; charset=UTF-8","429","Too Many Requests","Non-Indexable","Client Error","1","0.111","",""
"https://offlimits.co.in/collections/men-running-shoes/products/gladiator-transformative-teal-orm-661-07","text/html; charset=UTF-8","429","Too Many Requests","Non-Indexable","Client Error","1","0.104","",""
"https://offlimits.co.in/collections/men-running-shoes/products/gladiator-black-orm-661-01","text/html; charset=UTF-8","429","Too Many Requests","Non-Indexable","Client Error","1","0.081","",""
"https://offlimits.co.in/collections/men-running-shoes/products/olympus-powder-blue-orm-923-06","text/html; charset=UTF-8","429","Too Many Requests","Non-Indexable","Client Error","1","0.114","",""
"https://offlimits.co.in/products/mens-pol-cns-mesh-shorts-obm-77-01","text/html; charset=UTF-8","429","Too Many Requests","Non-Indexable","Client Error","0","0.110","",""
"https://offlimits.co.in/products/gladiator-off-white-beige-orm-661-17","text/html; charset=UTF-8","429","Too Many Requests","Non-Indexable","Client Error","0","0.097","",""
"https://offlimits.co.in/products/gladiator-light-grey-orm-661-06","text/html; charset=UTF-8","429","Too Many Requests","Non-Indexable","Client Error","0","0.112","",""
"https://offlimits.co.in/products/speed-cat-crazy-horse-tan-ocm-062-04","text/html; charset=UTF-8","429","Too Many Requests","Non-Indexable","Client Error","0","0.104","",""
"https://offlimits.co.in/products/magnum-black-ocm-750-02","text/html; charset=UTF-8","429","Too Many Requests","Non-Indexable","Client Error","0","0.093","",""
"https://offlimits.co.in/products/stussy-brown-orm-407-40","text/html; charset=UTF-8","429","Too Many Requests","Non-Indexable","Client Error","0","0.095","",""
"https://offlimits.co.in/products/tribe-x-black-matte-ocm-769-02","text/html; charset=UTF-8","429","Too Many Requests","Non-Indexable","Client Error","0","0.080","",""
"https://offlimits.co.in/products/pulsara-for-her-off-white-pink-orw-889-02","text/html; charset=UTF-8","429","Too Many Requests","Non-Indexable","Client Error","0","0.112","",""
"https://offlimits.co.in/products/speedster-for-her-off-white-light-grey-orw-730-06","text/html; charset=UTF-8","429","Too Many Requests","Non-Indexable","Client Error","0","0.113","",""
