keyword,normalized_keyword,intent,page_type,target_url,volume,difficulty,priority,sources,gsc_clicks,gsc_impressions,gsc_ctr,gsc_position,gsc_page,gsc_country,status,notes
shoes for women,shoes for women,informational,blog,https://inc5shop.com/blog,301000,HIGH 100,high,gsc; keyword_planner,282,283717,0,9.24,https://inc5shop.com/collections/women-footwear,India,new,GKP volume 301000; competition HIGH 100; GSC 282 clicks and 283717 impressions; observed page https://inc5shop.com/collections/women-footwear
heels for women,heels for women,informational,blog,https://inc5shop.com/blog,201000,HIGH 99,high,gsc; keyword_planner,7897,2276047,0,6.72,https://inc5shop.com/collections/womens-heels,India,new,GKP volume 201000; competition HIGH 99; GSC 7897 clicks and 2276047 impressions; observed page https://inc5shop.com/collections/womens-heels
sandals for women,sandals for women,informational,blog,https://inc5shop.com/blog,201000,HIGH 99,high,gsc; keyword_planner,9750,1783821,0.01,5.81,https://inc5shop.com/collections/womens-sandals,India,new,GKP volume 201000; competition HIGH 99; GSC 9750 clicks and 1783821 impressions; observed page https://inc5shop.com/collections/womens-sandals
sandals for men,sandals for men,informational,blog,https://inc5shop.com/blog,165000,HIGH 100,high,gsc; keyword_planner,926,380936,0,7.31,https://inc5shop.com/collections/mens-sandals,India,new,GKP volume 165000; competition HIGH 100; GSC 926 clicks and 380936 impressions; observed page https://inc5shop.com/collections/mens-sandals
boots for women,boots for women,informational,blog,https://inc5shop.com/blog,135000,HIGH 100,high,gsc; keyword_planner,3062,894452,0,8.11,https://inc5shop.com/collections/womens-boots,India,new,GKP volume 135000; competition HIGH 100; GSC 3062 clicks and 894452 impressions; observed page https://inc5shop.com/collections/womens-boots
flats for women,flats for women,informational,blog,https://inc5shop.com/blog,90500,HIGH 100,high,gsc; keyword_planner,3025,1493009,0,6.85,https://inc5shop.com/collections/womens-flats,India,new,GKP volume 90500; competition HIGH 100; GSC 3025 clicks and 1493009 impressions; observed page https://inc5shop.com/collections/womens-flats
footwear for women,footwear for women,informational,blog,https://inc5shop.com/blog,60500,HIGH 99,high,gsc; keyword_planner,2417,467402,0.01,8.13,https://inc5shop.com/collections/women-footwear,India,new,GKP volume 60500; competition HIGH 99; GSC 2417 clicks and 467402 impressions; observed page https://inc5shop.com/collections/women-footwear
inc5,inc5,navigational,homepage,https://inc5shop.com,49500,HIGH 94,high,gsc; keyword_planner,11132,510098,0.09,1.44,https://inc5shop.com/,India,new,GKP volume 49500; competition HIGH 94; GSC 11132 clicks and 510098 impressions; observed page https://inc5shop.com/
wedges for women,wedges for women,informational,blog,https://inc5shop.com/blog,40500,HIGH 100,high,gsc; keyword_planner,3435,411649,0.01,5.15,https://inc5shop.com/collections/womens-wedges,India,new,GKP volume 40500; competition HIGH 100; GSC 3435 clicks and 411649 impressions; observed page https://inc5shop.com/collections/womens-wedges
formal shoes for women,formal shoes for women,informational,blog,https://inc5shop.com/blog,40500,HIGH 99,high,keyword_planner,,,,,,,new,GKP volume 40500; competition HIGH 99
ladies white shoes,ladies white shoes,informational,blog,https://inc5shop.com/blog,40500,HIGH 100,high,keyword_planner,,,,,,,new,GKP volume 40500; competition HIGH 100
heel sandals for women,heel sandals for women,informational,blog,https://inc5shop.com/blog,33100,HIGH 98,high,gsc; keyword_planner,515,157176,0,6.92,https://inc5shop.com/collections/womens-heels,India,new,GKP volume 33100; competition HIGH 98; GSC 515 clicks and 157176 impressions; observed page https://inc5shop.com/collections/womens-heels
black heels for women,black heels for women,informational,blog,https://inc5shop.com/blog,33100,HIGH 100,high,gsc; keyword_planner,328,99126,0,7.77,https://inc5shop.com/collections/womens-heels,India,new,GKP volume 33100; competition HIGH 100; GSC 328 clicks and 99126 impressions; observed page https://inc5shop.com/collections/womens-heels
block heels for women,block heels for women,informational,blog,https://inc5shop.com/blog,33100,HIGH 99,high,gsc; keyword_planner,190,92747,0,10.73,https://inc5shop.com/collections/womens-heels,India,new,GKP volume 33100; competition HIGH 99; GSC 190 clicks and 92747 impressions; observed page https://inc5shop.com/collections/womens-heels
ladies shoes,ladies shoes,informational,blog,https://inc5shop.com/blog,33100,HIGH 97,high,gsc; keyword_planner,121,22682,0.01,8.24,https://inc5shop.com/collections/women-footwear,India,new,GKP volume 33100; competition HIGH 97; GSC 121 clicks and 22682 impressions; observed page https://inc5shop.com/collections/women-footwear
black shoes for women,black shoes for women,informational,blog,https://inc5shop.com/blog,33100,HIGH 100,high,keyword_planner,,,,,,,new,GKP volume 33100; competition HIGH 100
black heel shoes,black heel shoes,informational,blog,https://inc5shop.com/blog,27100,HIGH 100,high,keyword_planner,,,,,,,new,GKP volume 27100; competition HIGH 100
high heels for women,high heels for women,informational,blog,https://inc5shop.com/blog,22200,HIGH 98,high,gsc; keyword_planner,732,192415,0,6.87,https://inc5shop.com/collections/womens-heels,India,new,GKP volume 22200; competition HIGH 98; GSC 732 clicks and 192415 impressions; observed page https://inc5shop.com/collections/womens-heels
white heels for women,white heels for women,informational,blog,https://inc5shop.com/blog,22200,HIGH 100,high,keyword_planner,,,,,,,new,GKP volume 22200; competition HIGH 100
platform heels for women,platform heels for women,informational,blog,https://inc5shop.com/blog,18100,HIGH 99,high,gsc; keyword_planner,1565,211804,0.01,4.88,https://inc5shop.com/collections/platform-heels,India,new,GKP volume 18100; competition HIGH 99; GSC 1565 clicks and 211804 impressions; observed page https://inc5shop.com/collections/platform-heels
block heels,block heels,informational,blog,https://inc5shop.com/blog,18100,HIGH 95,high,keyword_planner,,,,,,,new,GKP volume 18100; competition HIGH 95
block high heels,block high heels,informational,blog,https://inc5shop.com/blog,18100,HIGH 95,high,keyword_planner,,,,,,,new,GKP volume 18100; competition HIGH 95
pencil heels for women,pencil heels for women,informational,blog,https://inc5shop.com/blog,18100,HIGH 98,high,keyword_planner,,,,,,,new,GKP volume 18100; competition HIGH 98
transparent heels,transparent heels,informational,blog,https://inc5shop.com/blog,14800,HIGH 100,high,gsc; keyword_planner,824,160407,0,5.1,https://inc5shop.com/collections/transparent-heel-for-women,India,new,GKP volume 14800; competition HIGH 100; GSC 824 clicks and 160407 impressions; observed page https://inc5shop.com/collections/transparent-heel-for-women
flat slippers for women,flat slippers for women,informational,blog,https://inc5shop.com/blog,14800,HIGH 99,high,gsc; keyword_planner,357,98982,0,7.93,https://inc5shop.com/collections/womens-flats,India,new,GKP volume 14800; competition HIGH 99; GSC 357 clicks and 98982 impressions; observed page https://inc5shop.com/collections/womens-flats
heel shoes for women,heel shoes for women,informational,blog,https://inc5shop.com/blog,14800,HIGH 98,high,gsc; keyword_planner,129,68511,0,7.43,https://inc5shop.com/collections/womens-heels,India,new,GKP volume 14800; competition HIGH 98; GSC 129 clicks and 68511 impressions; observed page https://inc5shop.com/collections/womens-heels
party wear sandals for women,party wear sandals for women,informational,blog,https://inc5shop.com/blog,14800,HIGH 99,high,gsc; keyword_planner,363,53172,0.01,5.04,https://inc5shop.com/collections/womens-sandals,India,new,GKP volume 14800; competition HIGH 99; GSC 363 clicks and 53172 impressions; observed page https://inc5shop.com/collections/womens-sandals
branded shoes for women,branded shoes for women,informational,blog,https://inc5shop.com/blog,14800,HIGH 100,high,keyword_planner,,,,,,,new,GKP volume 14800; competition HIGH 100
heels transparent,heels transparent,informational,blog,https://inc5shop.com/blog,14800,HIGH 100,high,keyword_planner,,,,,,,new,GKP volume 14800; competition HIGH 100
ladies formal shoes,ladies formal shoes,informational,blog,https://inc5shop.com/blog,14800,HIGH 100,high,keyword_planner,,,,,,,new,GKP volume 14800; competition HIGH 100
pencil heels,pencil heels,informational,blog,https://inc5shop.com/blog,14800,HIGH 95,high,keyword_planner,,,,,,,new,GKP volume 14800; competition HIGH 95
transparent heels for women,transparent heels for women,informational,blog,https://inc5shop.com/blog,12100,HIGH 100,high,gsc; keyword_planner,770,140344,0.01,4.69,https://inc5shop.com/collections/transparent-heel-for-women,India,new,GKP volume 12100; competition HIGH 100; GSC 770 clicks and 140344 impressions; observed page https://inc5shop.com/collections/transparent-heel-for-women
belly shoes,belly shoes,informational,blog,https://inc5shop.com/blog,12100,HIGH 96,high,keyword_planner,,,,,,,new,GKP volume 12100; competition HIGH 96
brand shoes,brand shoes,informational,blog,https://inc5shop.com/blog,12100,HIGH 97,high,keyword_planner,,,,,,,new,GKP volume 12100; competition HIGH 97
bridal sandals,bridal sandals,informational,blog,https://inc5shop.com/blog,12100,HIGH 98,high,keyword_planner,,,,,,,new,GKP volume 12100; competition HIGH 98
heel sandals,heel sandals,informational,blog,https://inc5shop.com/blog,12100,HIGH 97,high,keyword_planner,,,,,,,new,GKP volume 12100; competition HIGH 97
heel slippers for women,heel slippers for women,informational,blog,https://inc5shop.com/blog,12100,HIGH 99,high,keyword_planner,,,,,,,new,GKP volume 12100; competition HIGH 99
ladies casual shoes,ladies casual shoes,informational,blog,https://inc5shop.com/blog,12100,HIGH 100,high,keyword_planner,,,,,,,new,GKP volume 12100; competition HIGH 100
mochi sandals for women,mochi sandals for women,informational,blog,https://inc5shop.com/blog,12100,HIGH 100,high,keyword_planner,,,,,,,new,GKP volume 12100; competition HIGH 100
shoes bride,shoes bride,informational,blog,https://inc5shop.com/blog,12100,HIGH 100,high,keyword_planner,,,,,,,new,GKP volume 12100; competition HIGH 100
women casual shoes,women casual shoes,informational,blog,https://inc5shop.com/blog,12100,HIGH 100,high,keyword_planner,,,,,,,new,GKP volume 12100; competition HIGH 100
inc 5 shoes,inc 5 shoes,informational,blog,https://inc5shop.com/blog,9900,HIGH 99,high,gsc; keyword_planner,6151,287893,0.09,1.53,https://inc5shop.com/,India,new,GKP volume 9900; competition HIGH 99; GSC 6151 clicks and 287893 impressions; observed page https://inc5shop.com/
inc 5 footwear,inc 5 footwear,informational,blog,https://inc5shop.com/blog,9900,HIGH 99,high,gsc; keyword_planner,1771,104787,0.04,1.78,https://inc5shop.com/,India,new,GKP volume 9900; competition HIGH 99; GSC 1771 clicks and 104787 impressions; observed page https://inc5shop.com/
inc 5 sandals,inc 5 sandals,informational,blog,https://inc5shop.com/blog,9900,HIGH 99,high,gsc; keyword_planner,629,37462,0.03,1.57,https://inc5shop.com/collections/womens-sandals,India,new,GKP volume 9900; competition HIGH 99; GSC 629 clicks and 37462 impressions; observed page https://inc5shop.com/collections/womens-sandals
best formal shoes for men,best formal shoes for men,commercial,comparison,https://inc5shop.com/vs,9900,HIGH 100,high,keyword_planner,,,,,,,new,GKP volume 9900; competition HIGH 100
golden heels,golden heels,informational,blog,https://inc5shop.com/blog,9900,HIGH 100,high,keyword_planner,,,,,,,new,GKP volume 9900; competition HIGH 100
mochi shoes for men,mochi shoes for men,informational,blog,https://inc5shop.com/blog,9900,HIGH 100,high,keyword_planner,,,,,,,new,GKP volume 9900; competition HIGH 100
mochi women footwear,mochi women footwear,informational,blog,https://inc5shop.com/blog,9900,HIGH 99,high,keyword_planner,,,,,,,new,GKP volume 9900; competition HIGH 99
shoes for men near me,shoes for men near me,informational,blog,https://inc5shop.com/blog,9900,LOW 33,high,keyword_planner,,,,,,,new,GKP volume 9900; competition LOW 33
wedding shoes for women,wedding shoes for women,informational,blog,https://inc5shop.com/blog,9900,HIGH 100,high,keyword_planner,,,,,,,new,GKP volume 9900; competition HIGH 100
women belly shoes,women belly shoes,informational,blog,https://inc5shop.com/blog,9900,HIGH 99,high,keyword_planner,,,,,,,new,GKP volume 9900; competition HIGH 99
formal footwear for women,formal footwear for women,informational,blog,https://inc5shop.com/blog,8100,HIGH 100,high,gsc; keyword_planner,177,53308,0,9.62,https://inc5shop.com/collections/women-footwear,India,new,GKP volume 8100; competition HIGH 100; GSC 177 clicks and 53308 impressions; observed page https://inc5shop.com/collections/women-footwear
ladies footwear,ladies footwear,informational,blog,https://inc5shop.com/blog,8100,HIGH 94,high,gsc; keyword_planner,353,49269,0.01,8.86,https://inc5shop.com/collections/women-footwear,India,new,GKP volume 8100; competition HIGH 94; GSC 353 clicks and 49269 impressions; observed page https://inc5shop.com/collections/women-footwear
black formal shoes for women,black formal shoes for women,informational,blog,https://inc5shop.com/blog,8100,HIGH 100,high,keyword_planner,,,,,,,new,GKP volume 8100; competition HIGH 100
flat heels for women,flat heels for women,informational,blog,https://inc5shop.com/blog,8100,HIGH 98,high,keyword_planner,,,,,,,new,GKP volume 8100; competition HIGH 98
golden heels for women,golden heels for women,informational,blog,https://inc5shop.com/blog,8100,HIGH 100,high,keyword_planner,,,,,,,new,GKP volume 8100; competition HIGH 100
high heel shoes for ladies,high heel shoes for ladies,informational,blog,https://inc5shop.com/blog,8100,HIGH 95,high,keyword_planner,,,,,,,new,GKP volume 8100; competition HIGH 95
high heel shoes for women,high heel shoes for women,informational,blog,https://inc5shop.com/blog,8100,HIGH 95,high,keyword_planner,,,,,,,new,GKP volume 8100; competition HIGH 95
metro sandals for women,metro sandals for women,informational,blog,https://inc5shop.com/blog,8100,HIGH 100,high,keyword_planner,,,,,,,new,GKP volume 8100; competition HIGH 100
metro shoes for women,metro shoes for women,informational,blog,https://inc5shop.com/blog,8100,HIGH 99,high,keyword_planner,,,,,,,new,GKP volume 8100; competition HIGH 99
pointed heels,pointed heels,informational,blog,https://inc5shop.com/blog,8100,HIGH 99,high,keyword_planner,,,,,,,new,GKP volume 8100; competition HIGH 99
sandals shop near me,sandals shop near me,informational,blog,https://inc5shop.com/blog,8100,LOW 26,high,keyword_planner,,,,,,,new,GKP volume 8100; competition LOW 26
shoes for women under 500,shoes for women under 500,informational,blog,https://inc5shop.com/blog,8100,HIGH 98,high,keyword_planner,,,,,,,new,GKP volume 8100; competition HIGH 98
inch 5 heels,inch 5 heels,informational,blog,https://inc5shop.com/blog,6600,HIGH 96,high,gsc; keyword_planner,1136,48819,0.04,1.04,https://inc5shop.com/collections/womens-heels,India,new,GKP volume 6600; competition HIGH 96; GSC 1136 clicks and 48819 impressions; observed page https://inc5shop.com/collections/womens-heels
5 inch heels,5 inch heels,informational,blog,https://inc5shop.com/blog,6600,HIGH 96,high,gsc; keyword_planner,224,31876,0.01,5.08,https://inc5shop.com/collections/womens-heels,India,new,GKP volume 6600; competition HIGH 96; GSC 224 clicks and 31876 impressions; observed page https://inc5shop.com/collections/womens-heels
formal heels for women,formal heels for women,informational,blog,https://inc5shop.com/blog,6600,HIGH 99,high,gsc; keyword_planner,119,31123,0,6.66,https://inc5shop.com/collections/womens-heels,India,new,GKP volume 6600; competition HIGH 99; GSC 119 clicks and 31123 impressions; observed page https://inc5shop.com/collections/womens-heels
cai footwear,cai footwear,informational,blog,https://inc5shop.com/blog,6600,HIGH 100,high,keyword_planner,,,,,,,new,GKP volume 6600; competition HIGH 100
cut shoes for women,cut shoes for women,informational,blog,https://inc5shop.com/blog,6600,HIGH 97,high,keyword_planner,,,,,,,new,GKP volume 6600; competition HIGH 97
fashionable shoes,fashionable shoes,informational,blog,https://inc5shop.com/blog,6600,HIGH 97,high,keyword_planner,,,,,,,new,GKP volume 6600; competition HIGH 97
flat shoes for ladies,flat shoes for ladies,informational,blog,https://inc5shop.com/blog,6600,HIGH 99,high,keyword_planner,,,,,,,new,GKP volume 6600; competition HIGH 99
inc 5 heels,inc 5 heels,informational,blog,https://inc5shop.com/blog,5400,HIGH 100,high,gsc; keyword_planner,3979,206762,0.05,1.14,https://inc5shop.com/collections/womens-heels,India,new,GKP volume 5400; competition HIGH 100; GSC 3979 clicks and 206762 impressions; observed page https://inc5shop.com/collections/womens-heels
comfortable heels for women,comfortable heels for women,informational,blog,https://inc5shop.com/blog,5400,HIGH 100,high,gsc; keyword_planner,305,48545,0.01,6.63,https://inc5shop.com/collections/womens-heels,India,new,GKP volume 5400; competition HIGH 100; GSC 305 clicks and 48545 impressions; observed page https://inc5shop.com/collections/womens-heels
best ladies shoes,best ladies shoes,commercial,comparison,https://inc5shop.com/vs,5400,HIGH 100,high,keyword_planner,,,,,,,new,GKP volume 5400; competition HIGH 100
best shoes for women,best shoes for women,commercial,comparison,https://inc5shop.com/vs,5400,HIGH 100,high,keyword_planner,,,,,,,new,GKP volume 5400; competition HIGH 100
catwalk heels,catwalk heels,informational,blog,https://inc5shop.com/blog,5400,HIGH 98,high,keyword_planner,,,,,,,new,GKP volume 5400; competition HIGH 98
catwalk sandals,catwalk sandals,informational,blog,https://inc5shop.com/blog,5400,HIGH 98,high,keyword_planner,,,,,,,new,GKP volume 5400; competition HIGH 98
catwalk shoes,catwalk shoes,informational,blog,https://inc5shop.com/blog,5400,HIGH 98,high,keyword_planner,,,,,,,new,GKP volume 5400; competition HIGH 98
comfort shoes for women,comfort shoes for women,informational,blog,https://inc5shop.com/blog,5400,HIGH 100,high,keyword_planner,,,,,,,new,GKP volume 5400; competition HIGH 100
good shoes for women,good shoes for women,informational,blog,https://inc5shop.com/blog,5400,HIGH 100,high,keyword_planner,,,,,,,new,GKP volume 5400; competition HIGH 100
ladies comfort shoes,ladies comfort shoes,informational,blog,https://inc5shop.com/blog,5400,HIGH 100,high,keyword_planner,,,,,,,new,GKP volume 5400; competition HIGH 100
ladies office shoes,ladies office shoes,informational,blog,https://inc5shop.com/blog,5400,HIGH 100,high,keyword_planner,,,,,,,new,GKP volume 5400; competition HIGH 100
mochi shoes for women,mochi shoes for women,informational,blog,https://inc5shop.com/blog,5400,HIGH 97,high,keyword_planner,,,,,,,new,GKP volume 5400; competition HIGH 97
office shoes women,office shoes women,informational,blog,https://inc5shop.com/blog,5400,HIGH 100,high,keyword_planner,,,,,,,new,GKP volume 5400; competition HIGH 100
party wear shoes,party wear shoes,informational,blog,https://inc5shop.com/blog,5400,HIGH 98,high,keyword_planner,,,,,,,new,GKP volume 5400; competition HIGH 98
rainy shoes for women,rainy shoes for women,informational,blog,https://inc5shop.com/blog,5400,HIGH 98,high,keyword_planner,,,,,,,new,GKP volume 5400; competition HIGH 98
shoe sale,shoe sale,informational,blog,https://inc5shop.com/blog,5400,HIGH 100,high,keyword_planner,,,,,,,new,GKP volume 5400; competition HIGH 100
studded shoes,studded shoes,informational,blog,https://inc5shop.com/blog,5400,HIGH 94,high,keyword_planner,,,,,,,new,GKP volume 5400; competition HIGH 94
stylish shoes,stylish shoes,informational,blog,https://inc5shop.com/blog,5400,HIGH 95,high,keyword_planner,,,,,,,new,GKP volume 5400; competition HIGH 95
casual flats for women,casual flats for women,informational,blog,https://inc5shop.com/blog,4400,HIGH 98,high,gsc; keyword_planner,151,46887,0,6.45,https://inc5shop.com/collections/womens-flats,India,new,GKP volume 4400; competition HIGH 98; GSC 151 clicks and 46887 impressions; observed page https://inc5shop.com/collections/womens-flats
branded sandals for women,branded sandals for women,informational,blog,https://inc5shop.com/blog,4400,HIGH 100,high,gsc; keyword_planner,254,23100,0.01,5.8,https://inc5shop.com/collections/womens-sandals,India,new,GKP volume 4400; competition HIGH 100; GSC 254 clicks and 23100 impressions; observed page https://inc5shop.com/collections/womens-sandals
branded heels,branded heels,informational,blog,https://inc5shop.com/blog,4400,HIGH 94,high,keyword_planner,,,,,,,new,GKP volume 4400; competition HIGH 94
casual footwear for women,casual footwear for women,informational,blog,https://inc5shop.com/blog,4400,HIGH 98,high,keyword_planner,,,,,,,new,GKP volume 4400; competition HIGH 98
comfort shoes,comfort shoes,informational,blog,https://inc5shop.com/blog,4400,HIGH 99,high,keyword_planner,,,,,,,new,GKP volume 4400; competition HIGH 99
expensive heels,expensive heels,informational,blog,https://inc5shop.com/blog,4400,HIGH 87,high,keyword_planner,,,,,,,new,GKP volume 4400; competition HIGH 87
heels 3 inch,heels 3 inch,informational,blog,https://inc5shop.com/blog,4400,HIGH 92,high,keyword_planner,,,,,,,new,GKP volume 4400; competition HIGH 92
heels beige,heels beige,informational,blog,https://inc5shop.com/blog,4400,HIGH 100,high,keyword_planner,,,,,,,new,GKP volume 4400; competition HIGH 100
heels wedding,heels wedding,informational,blog,https://inc5shop.com/blog,4400,HIGH 100,high,keyword_planner,,,,,,,new,GKP volume 4400; competition HIGH 100
high heel sandals for women,high heel sandals for women,informational,blog,https://inc5shop.com/blog,4400,HIGH 96,high,keyword_planner,,,,,,,new,GKP volume 4400; competition HIGH 96
jute shoes,jute shoes,informational,blog,https://inc5shop.com/blog,4400,HIGH 98,high,keyword_planner,,,,,,,new,GKP volume 4400; competition HIGH 98
leather shoes for women,leather shoes for women,informational,blog,https://inc5shop.com/blog,4400,HIGH 100,high,keyword_planner,,,,,,,new,GKP volume 4400; competition HIGH 100
shoes flat,shoes flat,informational,blog,https://inc5shop.com/blog,4400,HIGH 96,high,keyword_planner,,,,,,,new,GKP volume 4400; competition HIGH 96
slippers with heels,slippers with heels,informational,blog,https://inc5shop.com/blog,4400,HIGH 99,high,keyword_planner,,,,,,,new,GKP volume 4400; competition HIGH 99
stylish shoes for women,stylish shoes for women,informational,blog,https://inc5shop.com/blog,4400,HIGH 97,high,keyword_planner,,,,,,,new,GKP volume 4400; competition HIGH 97
stylish women's shoes,stylish women's shoes,informational,blog,https://inc5shop.com/blog,4400,HIGH 97,high,keyword_planner,,,,,,,new,GKP volume 4400; competition HIGH 97
ethnic footwear for women,ethnic footwear for women,informational,blog,https://inc5shop.com/blog,3600,HIGH 100,high,gsc; keyword_planner,442,32702,0.01,5.54,https://inc5shop.com/collections/ethnic-footwear,India,new,GKP volume 3600; competition HIGH 100; GSC 442 clicks and 32702 impressions; observed page https://inc5shop.com/collections/ethnic-footwear
black block heel shoes,black block heel shoes,informational,blog,https://inc5shop.com/blog,3600,HIGH 100,high,keyword_planner,,,,,,,new,GKP volume 3600; competition HIGH 100
black block heels for women,black block heels for women,informational,blog,https://inc5shop.com/blog,3600,HIGH 100,high,keyword_planner,,,,,,,new,GKP volume 3600; competition HIGH 100
block heels black,block heels black,informational,blog,https://inc5shop.com/blog,3600,HIGH 100,high,keyword_planner,,,,,,,new,GKP volume 3600; competition HIGH 100
brown shoes for women,brown shoes for women,informational,blog,https://inc5shop.com/blog,3600,HIGH 100,high,keyword_planner,,,,,,,new,GKP volume 3600; competition HIGH 100
catwalk footwear,catwalk footwear,informational,blog,https://inc5shop.com/blog,3600,HIGH 97,high,keyword_planner,,,,,,,new,GKP volume 3600; competition HIGH 97
low heel sandals for women,low heel sandals for women,informational,blog,https://inc5shop.com/blog,3600,HIGH 95,high,keyword_planner,,,,,,,new,GKP volume 3600; competition HIGH 95
metro heels,metro heels,informational,blog,https://inc5shop.com/blog,3600,HIGH 99,high,keyword_planner,,,,,,,new,GKP volume 3600; competition HIGH 99
metro shoes for men,metro shoes for men,informational,blog,https://inc5shop.com/blog,3600,HIGH 99,high,keyword_planner,,,,,,,new,GKP volume 3600; competition HIGH 99
metro women footwear,metro women footwear,informational,blog,https://inc5shop.com/blog,3600,HIGH 99,high,keyword_planner,,,,,,,new,GKP volume 3600; competition HIGH 99
platform shoes,platform shoes,informational,blog,https://inc5shop.com/blog,3600,HIGH 90,high,keyword_planner,,,,,,,new,GKP volume 3600; competition HIGH 90
red ladies shoes,red ladies shoes,informational,blog,https://inc5shop.com/blog,3600,HIGH 100,high,keyword_planner,,,,,,,new,GKP volume 3600; competition HIGH 100
shoes slippers,shoes slippers,informational,blog,https://inc5shop.com/blog,3600,HIGH 95,high,keyword_planner,,,,,,,new,GKP volume 3600; competition HIGH 95
trendy shoes for women,trendy shoes for women,informational,blog,https://inc5shop.com/blog,3600,HIGH 98,high,keyword_planner,,,,,,,new,GKP volume 3600; competition HIGH 98
party wear heels,party wear heels,informational,blog,https://inc5shop.com/blog,2900,HIGH 100,high,gsc; keyword_planner,98,15541,0.01,4.72,https://inc5shop.com/collections/womens-heels,India,new,GKP volume 2900; competition HIGH 100; GSC 98 clicks and 15541 impressions; observed page https://inc5shop.com/collections/womens-heels
best brand shoes for women,best brand shoes for women,commercial,comparison,https://inc5shop.com/vs,2900,HIGH 100,high,keyword_planner,,,,,,,new,GKP volume 2900; competition HIGH 100
black heels sandals,black heels sandals,informational,blog,https://inc5shop.com/blog,2900,HIGH 98,high,keyword_planner,,,,,,,new,GKP volume 2900; competition HIGH 98
block heel shoes for ladies,block heel shoes for ladies,informational,blog,https://inc5shop.com/blog,2900,HIGH 99,high,keyword_planner,,,,,,,new,GKP volume 2900; competition HIGH 99
comfortable formal shoes for ladies,comfortable formal shoes for ladies,informational,blog,https://inc5shop.com/blog,2900,HIGH 99,high,keyword_planner,,,,,,,new,GKP volume 2900; competition HIGH 99
fancy shoes for women,fancy shoes for women,informational,blog,https://inc5shop.com/blog,2900,HIGH 98,high,keyword_planner,,,,,,,new,GKP volume 2900; competition HIGH 98
fashion shoes for men,fashion shoes for men,informational,blog,https://inc5shop.com/blog,2900,HIGH 95,high,keyword_planner,,,,,,,new,GKP volume 2900; competition HIGH 95
flat heels,flat heels,informational,blog,https://inc5shop.com/blog,2900,HIGH 95,high,keyword_planner,,,,,,,new,GKP volume 2900; competition HIGH 95
flat slippers,flat slippers,informational,blog,https://inc5shop.com/blog,2900,HIGH 98,high,keyword_planner,,,,,,,new,GKP volume 2900; competition HIGH 98
heel stores near me,heel stores near me,informational,blog,https://inc5shop.com/blog,2900,MEDIUM 49,high,keyword_planner,,,,,,,new,GKP volume 2900; competition MEDIUM 49
ladies leather shoes,ladies leather shoes,informational,blog,https://inc5shop.com/blog,2900,HIGH 100,high,keyword_planner,,,,,,,new,GKP volume 2900; competition HIGH 100
party shoes,party shoes,informational,blog,https://inc5shop.com/blog,2900,HIGH 97,high,keyword_planner,,,,,,,new,GKP volume 2900; competition HIGH 97
shoes online for men,shoes online for men,informational,blog,https://inc5shop.com/blog,2900,HIGH 100,high,keyword_planner,,,,,,,new,GKP volume 2900; competition HIGH 100
top brand shoes for men,top brand shoes for men,commercial,comparison,https://inc5shop.com/vs,2900,HIGH 100,high,keyword_planner,,,,,,,new,GKP volume 2900; competition HIGH 100
trending shoes for women,trending shoes for women,informational,blog,https://inc5shop.com/blog,2900,HIGH 99,high,keyword_planner,,,,,,,new,GKP volume 2900; competition HIGH 99
womens block heel shoes,womens block heel shoes,informational,blog,https://inc5shop.com/blog,2900,HIGH 99,high,keyword_planner,,,,,,,new,GKP volume 2900; competition HIGH 99
comfortable heels,comfortable heels,informational,blog,https://inc5shop.com/blog,2400,HIGH 100,high,gsc; keyword_planner,60,12637,0,8.5,https://inc5shop.com/collections/womens-heels,India,new,GKP volume 2400; competition HIGH 100; GSC 60 clicks and 12637 impressions; observed page https://inc5shop.com/collections/womens-heels
beige shoes women,beige shoes women,informational,blog,https://inc5shop.com/blog,2400,HIGH 100,high,keyword_planner,,,,,,,new,GKP volume 2400; competition HIGH 100
black and red heels,black and red heels,informational,blog,https://inc5shop.com/blog,2400,HIGH 93,high,keyword_planner,,,,,,,new,GKP volume 2400; competition HIGH 93
branded formal shoes for men,branded formal shoes for men,informational,blog,https://inc5shop.com/blog,2400,HIGH 100,high,keyword_planner,,,,,,,new,GKP volume 2400; competition HIGH 100
comfortable footwear for ladies,comfortable footwear for ladies,informational,blog,https://inc5shop.com/blog,2400,HIGH 97,high,keyword_planner,,,,,,,new,GKP volume 2400; competition HIGH 97
comfortable heeled shoes,comfortable heeled shoes,informational,blog,https://inc5shop.com/blog,2400,HIGH 100,high,keyword_planner,,,,,,,new,GKP volume 2400; competition HIGH 100
fashion shoes for women,fashion shoes for women,informational,blog,https://inc5shop.com/blog,2400,HIGH 96,high,keyword_planner,,,,,,,new,GKP volume 2400; competition HIGH 96
female shoes,female shoes,informational,blog,https://inc5shop.com/blog,2400,HIGH 98,high,keyword_planner,,,,,,,new,GKP volume 2400; competition HIGH 98
formal heels,formal heels,informational,blog,https://inc5shop.com/blog,2400,HIGH 100,high,keyword_planner,,,,,,,new,GKP volume 2400; competition HIGH 100
heels black,heels black,informational,blog,https://inc5shop.com/blog,2400,HIGH 97,high,keyword_planner,,,,,,,new,GKP volume 2400; competition HIGH 97
high heel shoes,high heel shoes,informational,blog,https://inc5shop.com/blog,2400,HIGH 92,high,keyword_planner,,,,,,,new,GKP volume 2400; competition HIGH 92
hill shoes,hill shoes,informational,blog,https://inc5shop.com/blog,2400,HIGH 96,high,keyword_planner,,,,,,,new,GKP volume 2400; competition HIGH 96
ladies heels,ladies heels,informational,blog,https://inc5shop.com/blog,2400,HIGH 96,high,keyword_planner,,,,,,,new,GKP volume 2400; competition HIGH 96
platform high heels for women,platform high heels for women,informational,blog,https://inc5shop.com/blog,2400,HIGH 98,high,keyword_planner,,,,,,,new,GKP volume 2400; competition HIGH 98
sandals for women black,sandals for women black,informational,blog,https://inc5shop.com/blog,2400,HIGH 100,high,keyword_planner,,,,,,,new,GKP volume 2400; competition HIGH 100
shoes heels,shoes heels,informational,blog,https://inc5shop.com/blog,2400,HIGH 94,high,keyword_planner,,,,,,,new,GKP volume 2400; competition HIGH 94
small heels for women,small heels for women,informational,blog,https://inc5shop.com/blog,2400,HIGH 100,high,keyword_planner,,,,,,,new,GKP volume 2400; competition HIGH 100
women's shoes near me,women's shoes near me,informational,blog,https://inc5shop.com/blog,2400,MEDIUM 45,high,keyword_planner,,,,,,,new,GKP volume 2400; competition MEDIUM 45
best footwear for women,best footwear for women,commercial,comparison,https://inc5shop.com/vs,1900,HIGH 100,high,gsc; keyword_planner,105,13720,0.01,9.6,https://inc5shop.com/collections/women-footwear,India,new,GKP volume 1900; competition HIGH 100; GSC 105 clicks and 13720 impressions; observed page https://inc5shop.com/collections/women-footwear
bridal sandals heels,bridal sandals heels,informational,blog,https://inc5shop.com/blog,1900,HIGH 99,high,keyword_planner,,,,,,,new,GKP volume 1900; competition HIGH 99
formal shoes for men near me,formal shoes for men near me,informational,blog,https://inc5shop.com/blog,1900,MEDIUM 53,high,keyword_planner,,,,,,,new,GKP volume 1900; competition MEDIUM 53
ginger footwear,ginger footwear,informational,blog,https://inc5shop.com/blog,1900,HIGH 100,high,keyword_planner,,,,,,,new,GKP volume 1900; competition HIGH 100
ladies shoes sale,ladies shoes sale,informational,blog,https://inc5shop.com/blog,1900,HIGH 100,high,keyword_planner,,,,,,,new,GKP volume 1900; competition HIGH 100
ladies summer shoes,ladies summer shoes,informational,blog,https://inc5shop.com/blog,1900,HIGH 99,high,keyword_planner,,,,,,,new,GKP volume 1900; competition HIGH 99
silver shoes,silver shoes,informational,blog,https://inc5shop.com/blog,1900,HIGH 99,high,keyword_planner,,,,,,,new,GKP volume 1900; competition HIGH 99
soft shoes for ladies,soft shoes for ladies,informational,blog,https://inc5shop.com/blog,1900,HIGH 100,high,keyword_planner,,,,,,,new,GKP volume 1900; competition HIGH 100
soft shoes for women,soft shoes for women,informational,blog,https://inc5shop.com/blog,1900,HIGH 100,high,keyword_planner,,,,,,,new,GKP volume 1900; competition HIGH 100
square toe mary jane shoes,square toe mary jane shoes,informational,blog,https://inc5shop.com/blog,1900,HIGH 100,high,keyword_planner,,,,,,,new,GKP volume 1900; competition HIGH 100
summer shoes for women,summer shoes for women,informational,blog,https://inc5shop.com/blog,1900,HIGH 99,high,keyword_planner,,,,,,,new,GKP volume 1900; competition HIGH 99
trending heels,trending heels,informational,blog,https://inc5shop.com/blog,1900,HIGH 98,high,keyword_planner,,,,,,,new,GKP volume 1900; competition HIGH 98
women shoes sale,women shoes sale,informational,blog,https://inc5shop.com/blog,1900,HIGH 100,high,keyword_planner,,,,,,,new,GKP volume 1900; competition HIGH 100
inch 5 footwear,inch 5 footwear,informational,blog,https://inc5shop.com/blog,1600,HIGH 100,high,gsc; keyword_planner,1474,63322,0.05,1.2,https://inc5shop.com/,India,new,GKP volume 1600; competition HIGH 100; GSC 1474 clicks and 63322 impressions; observed page https://inc5shop.com/
open toe flats,open toe flats,informational,blog,https://inc5shop.com/blog,1600,HIGH 96,high,gsc; keyword_planner,80,20160,0,5.89,https://inc5shop.com/collections/womens-flats,India,new,GKP volume 1600; competition HIGH 96; GSC 80 clicks and 20160 impressions; observed page https://inc5shop.com/collections/womens-flats
best heels for women,best heels for women,commercial,comparison,https://inc5shop.com/vs,1600,HIGH 100,high,gsc; keyword_planner,136,16029,0.01,6.82,https://inc5shop.com/collections/womens-heels,India,new,GKP volume 1600; competition HIGH 100; GSC 136 clicks and 16029 impressions; observed page https://inc5shop.com/collections/womens-heels
casual heels for women,casual heels for women,informational,blog,https://inc5shop.com/blog,1600,HIGH 97,high,gsc; keyword_planner,56,12966,0,6.01,https://inc5shop.com/collections/womens-heels,India,new,GKP volume 1600; competition HIGH 97; GSC 56 clicks and 12966 impressions; observed page https://inc5shop.com/collections/womens-heels
transparent sandals,transparent sandals,informational,blog,https://inc5shop.com/blog,1600,HIGH 100,high,gsc; keyword_planner,70,11630,0.01,4.72,https://inc5shop.com/collections/transparent-heel-for-women,India,new,GKP volume 1600; competition HIGH 100; GSC 70 clicks and 11630 impressions; observed page https://inc5shop.com/collections/transparent-heel-for-women
best footwear,best footwear,commercial,comparison,https://inc5shop.com/vs,1600,HIGH 98,high,keyword_planner,,,,,,,new,GKP volume 1600; competition HIGH 98
black high heels for women,black high heels for women,informational,blog,https://inc5shop.com/blog,1600,HIGH 99,high,keyword_planner,,,,,,,new,GKP volume 1600; competition HIGH 99
designer shoes,designer shoes,informational,blog,https://inc5shop.com/blog,1600,HIGH 96,high,keyword_planner,,,,,,,new,GKP volume 1600; competition HIGH 96
ladies shoes online,ladies shoes online,informational,blog,https://inc5shop.com/blog,1600,HIGH 100,high,keyword_planner,,,,,,,new,GKP volume 1600; competition HIGH 100
latest shoes for women,latest shoes for women,informational,blog,https://inc5shop.com/blog,1600,HIGH 99,high,keyword_planner,,,,,,,new,GKP volume 1600; competition HIGH 99
men shoes with heels,men shoes with heels,informational,blog,https://inc5shop.com/blog,1600,HIGH 98,high,keyword_planner,,,,,,,new,GKP volume 1600; competition HIGH 98
online shoes for women,online shoes for women,informational,blog,https://inc5shop.com/blog,1600,HIGH 100,high,keyword_planner,,,,,,,new,GKP volume 1600; competition HIGH 100
sandals for wedding,sandals for wedding,informational,blog,https://inc5shop.com/blog,1600,HIGH 99,high,keyword_planner,,,,,,,new,GKP volume 1600; competition HIGH 99
shoes for summer,shoes for summer,informational,blog,https://inc5shop.com/blog,1600,HIGH 98,high,keyword_planner,,,,,,,new,GKP volume 1600; competition HIGH 98
trendy shoes,trendy shoes,informational,blog,https://inc5shop.com/blog,1600,HIGH 97,high,keyword_planner,,,,,,,new,GKP volume 1600; competition HIGH 97
blue shoes women,blue shoes women,informational,blog,https://inc5shop.com/blog,1300,HIGH 100,high,keyword_planner,,,,,,,new,GKP volume 1300; competition HIGH 100
cai heels,cai heels,informational,blog,https://inc5shop.com/blog,1300,HIGH 100,high,keyword_planner,,,,,,,new,GKP volume 1300; competition HIGH 100
cheap footwear,cheap footwear,informational,blog,https://inc5shop.com/blog,1300,LOW 27,high,keyword_planner,,,,,,,new,GKP volume 1300; competition LOW 27
embellished heels,embellished heels,informational,blog,https://inc5shop.com/blog,1300,HIGH 100,high,keyword_planner,,,,,,,new,GKP volume 1300; competition HIGH 100
flat bridal sandals,flat bridal sandals,informational,blog,https://inc5shop.com/blog,1300,HIGH 98,high,keyword_planner,,,,,,,new,GKP volume 1300; competition HIGH 98
golden shoes for women,golden shoes for women,informational,blog,https://inc5shop.com/blog,1300,HIGH 100,high,keyword_planner,,,,,,,new,GKP volume 1300; competition HIGH 100
green shoes women,green shoes women,informational,blog,https://inc5shop.com/blog,1300,HIGH 100,high,keyword_planner,,,,,,,new,GKP volume 1300; competition HIGH 100
high shoes for women,high shoes for women,informational,blog,https://inc5shop.com/blog,1300,HIGH 97,high,keyword_planner,,,,,,,new,GKP volume 1300; competition HIGH 97
nude ladies shoes,nude ladies shoes,informational,blog,https://inc5shop.com/blog,1300,MEDIUM 55,high,keyword_planner,,,,,,,new,GKP volume 1300; competition MEDIUM 55
nude shoes for women,nude shoes for women,informational,blog,https://inc5shop.com/blog,1300,MEDIUM 55,high,keyword_planner,,,,,,,new,GKP volume 1300; competition MEDIUM 55
inc 5 wedges,inc 5 wedges,informational,blog,https://inc5shop.com/blog,1000,HIGH 100,high,gsc; keyword_planner,366,17691,0.03,2.55,https://inc5shop.com/collections/womens-wedges,India,new,GKP volume 1000; competition HIGH 100; GSC 366 clicks and 17691 impressions; observed page https://inc5shop.com/collections/womens-wedges
black leather shoes for women,black leather shoes for women,informational,blog,https://inc5shop.com/blog,1000,HIGH 100,high,keyword_planner,,,,,,,new,GKP volume 1000; competition HIGH 100
casual black shoes for women,casual black shoes for women,informational,blog,https://inc5shop.com/blog,1000,HIGH 97,high,keyword_planner,,,,,,,new,GKP volume 1000; competition HIGH 97
comfort footwear,comfort footwear,informational,blog,https://inc5shop.com/blog,1000,HIGH 94,high,keyword_planner,,,,,,,new,GKP volume 1000; competition HIGH 94
cute shoes,cute shoes,informational,blog,https://inc5shop.com/blog,1000,HIGH 95,high,keyword_planner,,,,,,,new,GKP volume 1000; competition HIGH 95
ethnic shoes,ethnic shoes,informational,blog,https://inc5shop.com/blog,1000,HIGH 96,high,keyword_planner,,,,,,,new,GKP volume 1000; competition HIGH 96
fancy heels,fancy heels,informational,blog,https://inc5shop.com/blog,1000,HIGH 98,high,keyword_planner,,,,,,,new,GKP volume 1000; competition HIGH 98
ladies grey shoes,ladies grey shoes,informational,blog,https://inc5shop.com/blog,1000,HIGH 99,high,keyword_planner,,,,,,,new,GKP volume 1000; competition HIGH 99
men shoe store near me,men shoe store near me,informational,blog,https://inc5shop.com/blog,1000,MEDIUM 40,high,keyword_planner,,,,,,,new,GKP volume 1000; competition MEDIUM 40
older ladies shoes,older ladies shoes,informational,blog,https://inc5shop.com/blog,1000,HIGH 100,high,keyword_planner,,,,,,,new,GKP volume 1000; competition HIGH 100
shoes for office wear,shoes for office wear,informational,blog,https://inc5shop.com/blog,1000,HIGH 98,high,keyword_planner,,,,,,,new,GKP volume 1000; competition HIGH 98
silver shoes women,silver shoes women,informational,blog,https://inc5shop.com/blog,1000,HIGH 100,high,keyword_planner,,,,,,,new,GKP volume 1000; competition HIGH 100
transparent high heels,transparent high heels,informational,blog,https://inc5shop.com/blog,1000,HIGH 100,high,keyword_planner,,,,,,,new,GKP volume 1000; competition HIGH 100
4 inch heel,4 inch heel,informational,blog,https://inc5shop.com/blog,880,HIGH 93,high,keyword_planner,,,,,,,new,GKP volume 880; competition HIGH 93
block heels pumps,block heels pumps,informational,blog,https://inc5shop.com/blog,880,HIGH 100,high,keyword_planner,,,,,,,new,GKP volume 880; competition HIGH 100
bridal heels for wedding,bridal heels for wedding,informational,blog,https://inc5shop.com/blog,880,HIGH 99,high,keyword_planner,,,,,,,new,GKP volume 880; competition HIGH 99
buy shoes for men,buy shoes for men,informational,blog,https://inc5shop.com/blog,880,HIGH 100,high,keyword_planner,,,,,,,new,GKP volume 880; competition HIGH 100
classy shoes,classy shoes,informational,blog,https://inc5shop.com/blog,880,HIGH 96,high,keyword_planner,,,,,,,new,GKP volume 880; competition HIGH 96
designer shoes for women,designer shoes for women,informational,blog,https://inc5shop.com/blog,880,HIGH 100,high,keyword_planner,,,,,,,new,GKP volume 880; competition HIGH 100
female designer shoes,female designer shoes,informational,blog,https://inc5shop.com/blog,880,HIGH 100,high,keyword_planner,,,,,,,new,GKP volume 880; competition HIGH 100
golden block heels,golden block heels,informational,blog,https://inc5shop.com/blog,880,HIGH 100,high,keyword_planner,,,,,,,new,GKP volume 880; competition HIGH 100
ladies designer shoes,ladies designer shoes,informational,blog,https://inc5shop.com/blog,880,HIGH 100,high,keyword_planner,,,,,,,new,GKP volume 880; competition HIGH 100
ladies party shoes,ladies party shoes,informational,blog,https://inc5shop.com/blog,880,HIGH 98,high,keyword_planner,,,,,,,new,GKP volume 880; competition HIGH 98
most comfortable ladies shoes,most comfortable ladies shoes,informational,blog,https://inc5shop.com/blog,880,HIGH 100,high,keyword_planner,,,,,,,new,GKP volume 880; competition HIGH 100
most comfortable shoes for women,most comfortable shoes for women,informational,blog,https://inc5shop.com/blog,880,HIGH 100,high,keyword_planner,,,,,,,new,GKP volume 880; competition HIGH 100
new shoes for women,new shoes for women,informational,blog,https://inc5shop.com/blog,880,HIGH 95,high,keyword_planner,,,,,,,new,GKP volume 880; competition HIGH 95
party shoes for women,party shoes for women,informational,blog,https://inc5shop.com/blog,880,HIGH 98,high,keyword_planner,,,,,,,new,GKP volume 880; competition HIGH 98
shoes on sale online,shoes on sale online,informational,blog,https://inc5shop.com/blog,880,HIGH 100,high,keyword_planner,,,,,,,new,GKP volume 880; competition HIGH 100
softy shoes,softy shoes,informational,blog,https://inc5shop.com/blog,880,HIGH 96,high,keyword_planner,,,,,,,new,GKP volume 880; competition HIGH 96
inc 5 flats,inc 5 flats,informational,blog,https://inc5shop.com/blog,720,HIGH 99,high,gsc; keyword_planner,404,20110,0.04,1.22,https://inc5shop.com/collections/womens-flats,India,new,GKP volume 720; competition HIGH 99; GSC 404 clicks and 20110 impressions; observed page https://inc5shop.com/collections/womens-flats
transparent block heels,transparent block heels,informational,blog,https://inc5shop.com/blog,720,HIGH 100,high,gsc; keyword_planner,59,8375,0.01,4.06,https://inc5shop.com/collections/transparent-heel-for-women,India,new,GKP volume 720; competition HIGH 100; GSC 59 clicks and 8375 impressions; observed page https://inc5shop.com/collections/transparent-heel-for-women
beautiful heels,beautiful heels,informational,blog,https://inc5shop.com/blog,720,HIGH 98,high,keyword_planner,,,,,,,new,GKP volume 720; competition HIGH 98
black formal heels,black formal heels,informational,blog,https://inc5shop.com/blog,720,HIGH 100,high,keyword_planner,,,,,,,new,GKP volume 720; competition HIGH 100
block sandals for women,block sandals for women,informational,blog,https://inc5shop.com/blog,720,HIGH 100,high,keyword_planner,,,,,,,new,GKP volume 720; competition HIGH 100
golden sandals heels,golden sandals heels,informational,blog,https://inc5shop.com/blog,720,HIGH 96,high,keyword_planner,,,,,,,new,GKP volume 720; competition HIGH 96
party heels,party heels,informational,blog,https://inc5shop.com/blog,720,HIGH 97,high,keyword_planner,,,,,,,new,GKP volume 720; competition HIGH 97
pointed shoes,pointed shoes,informational,blog,https://inc5shop.com/blog,720,HIGH 94,high,keyword_planner,,,,,,,new,GKP volume 720; competition HIGH 94
stylish heels,stylish heels,informational,blog,https://inc5shop.com/blog,720,HIGH 98,high,keyword_planner,,,,,,,new,GKP volume 720; competition HIGH 98
trendy heels,trendy heels,informational,blog,https://inc5shop.com/blog,720,HIGH 99,high,keyword_planner,,,,,,,new,GKP volume 720; competition HIGH 99
block heel shoes,block heel shoes,informational,blog,https://inc5shop.com/blog,590,HIGH 94,high,keyword_planner,,,,,,,new,GKP volume 590; competition HIGH 94
female dress shoes,female dress shoes,informational,blog,https://inc5shop.com/blog,590,HIGH 92,high,keyword_planner,,,,,,,new,GKP volume 590; competition HIGH 92
glitter shoes for women,glitter shoes for women,informational,blog,https://inc5shop.com/blog,590,HIGH 100,high,keyword_planner,,,,,,,new,GKP volume 590; competition HIGH 100
high heel slippers,high heel slippers,informational,blog,https://inc5shop.com/blog,590,HIGH 96,high,keyword_planner,,,,,,,new,GKP volume 590; competition HIGH 96
hot shoes,hot shoes,informational,blog,https://inc5shop.com/blog,590,LOW 12,high,keyword_planner,,,,,,,new,GKP volume 590; competition LOW 12
ladies dress shoes,ladies dress shoes,informational,blog,https://inc5shop.com/blog,590,HIGH 92,high,keyword_planner,,,,,,,new,GKP volume 590; competition HIGH 92
rocia heels,rocia heels,informational,blog,https://inc5shop.com/blog,590,HIGH 97,high,keyword_planner,,,,,,,new,GKP volume 590; competition HIGH 97
sandals footwear,sandals footwear,informational,blog,https://inc5shop.com/blog,590,HIGH 91,high,keyword_planner,,,,,,,new,GKP volume 590; competition HIGH 91
inc heels,inc heels,informational,blog,https://inc5shop.com/blog,140,HIGH 98,high,gsc; keyword_planner,82,1557,0.05,1.11,https://inc5shop.com/collections/womens-heels,India,new,GKP volume 140; competition HIGH 98; GSC 82 clicks and 1557 impressions; observed page https://inc5shop.com/collections/womens-heels
sandal for women,sandal for women,informational,blog,https://inc5shop.com/blog,,,high,gsc,1316,303281,0,6.38,https://inc5shop.com/collections/womens-sandals,India,new,GSC 1316 clicks and 303281 impressions; observed page https://inc5shop.com/collections/womens-sandals
shoulder bags for women,shoulder bags for women,informational,blog,https://inc5shop.com/blog,,,high,gsc,96,223045,0,6.41,https://inc5shop.com/products/women-black-solid-shoulder-bag-lyng29-8606-black,India,new,GSC 96 clicks and 223045 impressions; observed page https://inc5shop.com/products/women-black-solid-shoulder-bag-lyng29-8606-black
women sandals,women sandals,informational,blog,https://inc5shop.com/blog,,,high,gsc,1516,194410,0.01,5.96,https://inc5shop.com/collections/womens-sandals,India,new,GSC 1516 clicks and 194410 impressions; observed page https://inc5shop.com/collections/womens-sandals
flat sandals for women,flat sandals for women,informational,blog,https://inc5shop.com/blog,,,high,gsc,684,189791,0,8.53,https://inc5shop.com/collections/womens-flats,India,new,GSC 684 clicks and 189791 impressions; observed page https://inc5shop.com/collections/womens-flats
ladies sandal,ladies sandal,informational,blog,https://inc5shop.com/blog,,,high,gsc,840,133846,0.01,7.39,https://inc5shop.com/collections/womens-sandals,India,new,GSC 840 clicks and 133846 impressions; observed page https://inc5shop.com/collections/womens-sandals
women footwear,women footwear,informational,blog,https://inc5shop.com/blog,,,high,gsc,1061,131327,0.01,8.02,https://inc5shop.com/collections/women-footwear,India,new,GSC 1061 clicks and 131327 impressions; observed page https://inc5shop.com/collections/women-footwear
wedge heels for women,wedge heels for women,informational,blog,https://inc5shop.com/blog,,,high,gsc,692,125472,0.01,6.37,https://inc5shop.com/collections/womens-wedges,India,new,GSC 692 clicks and 125472 impressions; observed page https://inc5shop.com/collections/womens-wedges
platform heels,platform heels,informational,blog,https://inc5shop.com/blog,,,high,gsc,728,122328,0.01,5,https://inc5shop.com/collections/platform-heels,India,new,GSC 728 clicks and 122328 impressions; observed page https://inc5shop.com/collections/platform-heels
leather sandals for men,leather sandals for men,informational,blog,https://inc5shop.com/blog,,,high,gsc,749,122035,0.01,7.11,https://inc5shop.com/collections/mens-sandals,India,new,GSC 749 clicks and 122035 impressions; observed page https://inc5shop.com/collections/mens-sandals
women heels,women heels,informational,blog,https://inc5shop.com/blog,,,high,gsc,741,118114,0.01,6.05,https://inc5shop.com/collections/womens-heels,India,new,GSC 741 clicks and 118114 impressions; observed page https://inc5shop.com/collections/womens-heels
heels sandals for women,heels sandals for women,informational,blog,https://inc5shop.com/blog,,,high,gsc,356,100202,0,6.56,https://inc5shop.com/collections/womens-heels,India,new,GSC 356 clicks and 100202 impressions; observed page https://inc5shop.com/collections/womens-heels
sandals for women daily wear,sandals for women daily wear,informational,blog,https://inc5shop.com/blog,,,high,gsc,415,81937,0.01,7.33,https://inc5shop.com/collections/womens-sandals,India,new,GSC 415 clicks and 81937 impressions; observed page https://inc5shop.com/collections/womens-sandals
women flats,women flats,informational,blog,https://inc5shop.com/blog,,,high,gsc,409,79192,0.01,6.74,https://inc5shop.com/collections/womens-flats,India,new,GSC 409 clicks and 79192 impressions; observed page https://inc5shop.com/collections/womens-flats
inc5 shoes,inc5 shoes,navigational,homepage,https://inc5shop.com,,,high,gsc,2320,78236,0.09,1.05,https://inc5shop.com/,India,new,GSC 2320 clicks and 78236 impressions; observed page https://inc5shop.com/
mens sandals,mens sandals,informational,blog,https://inc5shop.com/blog,,,high,gsc,166,68865,0,8.52,https://inc5shop.com/collections/mens-sandals,India,new,GSC 166 clicks and 68865 impressions; observed page https://inc5shop.com/collections/mens-sandals
wedges sandals for women,wedges sandals for women,informational,blog,https://inc5shop.com/blog,,,high,gsc,415,66454,0.01,5.65,https://inc5shop.com/collections/womens-wedges,India,new,GSC 415 clicks and 66454 impressions; observed page https://inc5shop.com/collections/womens-wedges
women boots,women boots,informational,blog,https://inc5shop.com/blog,,,high,gsc,414,65270,0.01,7.4,https://inc5shop.com/collections/womens-boots,India,new,GSC 414 clicks and 65270 impressions; observed page https://inc5shop.com/collections/womens-boots
wedge heels,wedge heels,informational,blog,https://inc5shop.com/blog,,,high,gsc,293,59840,0,6.06,https://inc5shop.com/collections/womens-wedges,India,new,GSC 293 clicks and 59840 impressions; observed page https://inc5shop.com/collections/womens-wedges
sandals for women party wear,sandals for women party wear,informational,blog,https://inc5shop.com/blog,,,high,gsc,352,58274,0.01,5.16,https://inc5shop.com/collections/womens-sandals,India,new,GSC 352 clicks and 58274 impressions; observed page https://inc5shop.com/collections/womens-sandals
heel for women,heel for women,informational,blog,https://inc5shop.com/blog,,,high,gsc,126,57908,0,5.99,https://inc5shop.com/collections/womens-heels,India,new,GSC 126 clicks and 57908 impressions; observed page https://inc5shop.com/collections/womens-heels
men sandals,men sandals,informational,blog,https://inc5shop.com/blog,,,high,gsc,134,57803,0,8.26,https://inc5shop.com/collections/mens-sandals,India,new,GSC 134 clicks and 57803 impressions; observed page https://inc5shop.com/collections/mens-sandals
boots women,boots women,informational,blog,https://inc5shop.com/blog,,,high,gsc,319,56482,0.01,6.98,https://inc5shop.com/collections/womens-boots,India,new,GSC 319 clicks and 56482 impressions; observed page https://inc5shop.com/collections/womens-boots
wedge sandals for women,wedge sandals for women,informational,blog,https://inc5shop.com/blog,,,high,gsc,394,56180,0.01,6.09,https://inc5shop.com/collections/womens-wedges,India,new,GSC 394 clicks and 56180 impressions; observed page https://inc5shop.com/collections/womens-wedges
platform sandals for women,platform sandals for women,informational,blog,https://inc5shop.com/blog,,,high,gsc,321,55262,0.01,5.58,https://inc5shop.com/collections/platform-heels,India,new,GSC 321 clicks and 55262 impressions; observed page https://inc5shop.com/collections/platform-heels
sandal for men,sandal for men,informational,blog,https://inc5shop.com/blog,,,high,gsc,146,53831,0,7.68,https://inc5shop.com/collections/mens-sandals,India,new,GSC 146 clicks and 53831 impressions; observed page https://inc5shop.com/collections/mens-sandals
formal sandals for men,formal sandals for men,informational,blog,https://inc5shop.com/blog,,,high,gsc,257,53032,0,7.19,https://inc5shop.com/collections/mens-sandals,India,new,GSC 257 clicks and 53032 impressions; observed page https://inc5shop.com/collections/mens-sandals
inc.5 shoes,inc.5 shoes,informational,blog,https://inc5shop.com/blog,,,high,gsc,1270,51256,0.08,1.2,https://inc5shop.com/,India,new,GSC 1270 clicks and 51256 impressions; observed page https://inc5shop.com/
boot for women,boot for women,informational,blog,https://inc5shop.com/blog,,,high,gsc,141,50059,0,8.23,https://inc5shop.com/collections/womens-boots,India,new,GSC 141 clicks and 50059 impressions; observed page https://inc5shop.com/collections/womens-boots
mules shoes,mules shoes,informational,blog,https://inc5shop.com/blog,,,high,gsc,174,49463,0,7.11,https://inc5shop.com/collections/womens-mules,India,new,GSC 174 clicks and 49463 impressions; observed page https://inc5shop.com/collections/womens-mules
flat footwear for women,flat footwear for women,informational,blog,https://inc5shop.com/blog,,,high,gsc,271,48514,0.01,6.62,https://inc5shop.com/collections/womens-flats,India,new,GSC 271 clicks and 48514 impressions; observed page https://inc5shop.com/collections/womens-flats
flat chappal for women,flat chappal for women,informational,blog,https://inc5shop.com/blog,,,high,gsc,225,45187,0,8.15,https://inc5shop.com/collections/womens-flats,India,new,GSC 225 clicks and 45187 impressions; observed page https://inc5shop.com/collections/womens-flats
flats sandals for women,flats sandals for women,informational,blog,https://inc5shop.com/blog,,,high,gsc,118,45151,0,8.22,https://inc5shop.com/collections/womens-flats,India,new,GSC 118 clicks and 45151 impressions; observed page https://inc5shop.com/collections/womens-flats
flat shoes for women,flat shoes for women,informational,blog,https://inc5shop.com/blog,,,high,gsc,104,44363,0,7.12,https://inc5shop.com/collections/womens-flats,India,new,GSC 104 clicks and 44363 impressions; observed page https://inc5shop.com/collections/womens-flats
black sandals for women,black sandals for women,informational,blog,https://inc5shop.com/blog,,,high,gsc,104,44176,0,9.31,https://inc5shop.com/collections/womens-sandals,India,new,GSC 104 clicks and 44176 impressions; observed page https://inc5shop.com/collections/womens-sandals
inc 5 bags,inc 5 bags,informational,blog,https://inc5shop.com/blog,,,high,gsc,1223,42191,0.06,1.66,https://inc5shop.com/collections/all-bags,India,new,GSC 1223 clicks and 42191 impressions; observed page https://inc5shop.com/collections/all-bags
formal sandals for women,formal sandals for women,informational,blog,https://inc5shop.com/blog,,,high,gsc,236,42160,0.01,5.5,https://inc5shop.com/collections/womens-sandals,India,new,GSC 236 clicks and 42160 impressions; observed page https://inc5shop.com/collections/womens-sandals
beige heels for women,beige heels for women,informational,blog,https://inc5shop.com/blog,,,high,gsc,152,41896,0,4.89,https://inc5shop.com/collections/beige,India,new,GSC 152 clicks and 41896 impressions; observed page https://inc5shop.com/collections/beige
wedges heels for women,wedges heels for women,informational,blog,https://inc5shop.com/blog,,,high,gsc,297,41379,0.01,5.58,https://inc5shop.com/collections/womens-wedges,India,new,GSC 297 clicks and 41379 impressions; observed page https://inc5shop.com/collections/womens-wedges
flat for women,flat for women,informational,blog,https://inc5shop.com/blog,,,high,gsc,106,41047,0,6.63,https://inc5shop.com/collections/womens-flats,India,new,GSC 106 clicks and 41047 impressions; observed page https://inc5shop.com/collections/womens-flats
heels women,heels women,informational,blog,https://inc5shop.com/blog,,,high,gsc,249,41029,0.01,5.91,https://inc5shop.com/collections/womens-heels,India,new,GSC 249 clicks and 41029 impressions; observed page https://inc5shop.com/collections/womens-heels
casual sandals for women,casual sandals for women,informational,blog,https://inc5shop.com/blog,,,high,gsc,237,40985,0.01,6.19,https://inc5shop.com/collections/womens-sandals,India,new,GSC 237 clicks and 40985 impressions; observed page https://inc5shop.com/collections/womens-sandals
women's boots,women's boots,informational,blog,https://inc5shop.com/blog,,,high,gsc,141,40435,0,7.09,https://inc5shop.com/collections/womens-boots,India,new,GSC 141 clicks and 40435 impressions; observed page https://inc5shop.com/collections/womens-boots
comfortable footwear for women,comfortable footwear for women,informational,blog,https://inc5shop.com/blog,,,high,gsc,299,40199,0.01,7.7,https://inc5shop.com/collections/comfort-wear,India,new,GSC 299 clicks and 40199 impressions; observed page https://inc5shop.com/collections/comfort-wear
comfortable sandals for women,comfortable sandals for women,informational,blog,https://inc5shop.com/blog,,,high,gsc,350,39761,0.01,6.02,https://inc5shop.com/collections/womens-sandals,India,new,GSC 350 clicks and 39761 impressions; observed page https://inc5shop.com/collections/womens-sandals
best sandals for men,best sandals for men,commercial,comparison,https://inc5shop.com/vs,,,high,gsc,176,39680,0,9.78,https://inc5shop.com/collections/mens-sandals,India,new,GSC 176 clicks and 39680 impressions; observed page https://inc5shop.com/collections/mens-sandals
wedges for women daily wear,wedges for women daily wear,informational,blog,https://inc5shop.com/blog,,,high,gsc,286,38716,0.01,5.79,https://inc5shop.com/collections/womens-wedges,India,new,GSC 286 clicks and 38716 impressions; observed page https://inc5shop.com/collections/womens-wedges
sandals for women office wear,sandals for women office wear,informational,blog,https://inc5shop.com/blog,,,high,gsc,286,37480,0.01,6.13,https://inc5shop.com/collections/womens-sandals,India,new,GSC 286 clicks and 37480 impressions; observed page https://inc5shop.com/collections/womens-sandals
black flats for women,black flats for women,informational,blog,https://inc5shop.com/blog,,,high,gsc,129,37474,0,8.79,https://inc5shop.com/collections/womens-flats,India,new,GSC 129 clicks and 37474 impressions; observed page https://inc5shop.com/collections/womens-flats
stylish sandals for women,stylish sandals for women,informational,blog,https://inc5shop.com/blog,,,high,gsc,209,35478,0.01,6.45,https://inc5shop.com/collections/womens-sandals,India,new,GSC 209 clicks and 35478 impressions; observed page https://inc5shop.com/collections/womens-sandals
women's sandals,women's sandals,informational,blog,https://inc5shop.com/blog,,,high,gsc,233,34207,0.01,6.26,https://inc5shop.com/collections/womens-sandals,India,new,GSC 233 clicks and 34207 impressions; observed page https://inc5shop.com/collections/womens-sandals
daily wear sandals for women,daily wear sandals for women,informational,blog,https://inc5shop.com/blog,,,high,gsc,163,33501,0,7.76,https://inc5shop.com/collections/womens-sandals,India,new,GSC 163 clicks and 33501 impressions; observed page https://inc5shop.com/collections/womens-sandals
stylish sandals for men,stylish sandals for men,informational,blog,https://inc5shop.com/blog,,,high,gsc,133,33445,0,7.95,https://inc5shop.com/collections/mens-sandals,India,new,GSC 133 clicks and 33445 impressions; observed page https://inc5shop.com/collections/mens-sandals
platform sandals,platform sandals,informational,blog,https://inc5shop.com/blog,,,high,gsc,165,33060,0,4.95,https://inc5shop.com/collections/platform-heels,India,new,GSC 165 clicks and 33060 impressions; observed page https://inc5shop.com/collections/platform-heels
women sandal,women sandal,informational,blog,https://inc5shop.com/blog,,,high,gsc,233,32351,0.01,5.24,https://inc5shop.com/collections/womens-sandals,India,new,GSC 233 clicks and 32351 impressions; observed page https://inc5shop.com/collections/womens-sandals
comfortable sandals for ladies india,comfortable sandals for ladies india,informational,blog,https://inc5shop.com/blog,,,high,gsc,266,31746,0.01,6.06,https://inc5shop.com/collections/womens-sandals,India,new,GSC 266 clicks and 31746 impressions; observed page https://inc5shop.com/collections/womens-sandals
flats women,flats women,informational,blog,https://inc5shop.com/blog,,,high,gsc,136,31581,0,6.22,https://inc5shop.com/collections/womens-flats,India,new,GSC 136 clicks and 31581 impressions; observed page https://inc5shop.com/collections/womens-flats
women heels sandals,women heels sandals,informational,blog,https://inc5shop.com/blog,,,high,gsc,203,30610,0.01,5.73,https://inc5shop.com/collections/womens-heels,India,new,GSC 203 clicks and 30610 impressions; observed page https://inc5shop.com/collections/womens-heels
beige heels,beige heels,informational,blog,https://inc5shop.com/blog,,,high,gsc,103,30581,0,5.95,https://inc5shop.com/collections/beige,India,new,GSC 103 clicks and 30581 impressions; observed page https://inc5shop.com/collections/beige
sandals women,sandals women,informational,blog,https://inc5shop.com/blog,,,high,gsc,214,30054,0.01,5.34,https://inc5shop.com/collections/womens-sandals,India,new,GSC 214 clicks and 30054 impressions; observed page https://inc5shop.com/collections/womens-sandals
heels for women party wear,heels for women party wear,informational,blog,https://inc5shop.com/blog,,,high,gsc,131,29810,0,4.73,https://inc5shop.com/collections/womens-heels,India,new,GSC 131 clicks and 29810 impressions; observed page https://inc5shop.com/collections/womens-heels
women shoes,women shoes,informational,blog,https://inc5shop.com/blog,,,high,gsc,64,29189,0,9.75,https://inc5shop.com/collections/women-footwear,India,new,GSC 64 clicks and 29189 impressions; observed page https://inc5shop.com/collections/women-footwear
heels shoes for women,heels shoes for women,informational,blog,https://inc5shop.com/blog,,,high,gsc,57,28602,0,7.08,https://inc5shop.com/collections/womens-heels,India,new,GSC 57 clicks and 28602 impressions; observed page https://inc5shop.com/collections/womens-heels
womens sandals,womens sandals,informational,blog,https://inc5shop.com/blog,,,high,gsc,239,28585,0.01,6.7,https://inc5shop.com/collections/womens-sandals,India,new,GSC 239 clicks and 28585 impressions; observed page https://inc5shop.com/collections/womens-sandals
formal flats for women,formal flats for women,informational,blog,https://inc5shop.com/blog,,,high,gsc,152,27867,0.01,5.1,https://inc5shop.com/collections/womens-flats,India,new,GSC 152 clicks and 27867 impressions; observed page https://inc5shop.com/collections/womens-flats
online footwear for ladies,online footwear for ladies,informational,blog,https://inc5shop.com/blog,,,high,gsc,202,27763,0.01,7.35,https://inc5shop.com/collections/women-footwear,India,new,GSC 202 clicks and 27763 impressions; observed page https://inc5shop.com/collections/women-footwear
platform wedges for women,platform wedges for women,informational,blog,https://inc5shop.com/blog,,,high,gsc,220,27753,0.01,5.54,https://inc5shop.com/collections/womens-wedges,India,new,GSC 220 clicks and 27753 impressions; observed page https://inc5shop.com/collections/womens-wedges
women sandals flat,women sandals flat,informational,blog,https://inc5shop.com/blog,,,high,gsc,109,27698,0,8.64,https://inc5shop.com/collections/womens-flats,India,new,GSC 109 clicks and 27698 impressions; observed page https://inc5shop.com/collections/womens-flats
women sandals heels,women sandals heels,informational,blog,https://inc5shop.com/blog,,,high,gsc,157,27278,0.01,5.65,https://inc5shop.com/collections/womens-heels,India,new,GSC 157 clicks and 27278 impressions; observed page https://inc5shop.com/collections/womens-heels
black wedges for women,black wedges for women,informational,blog,https://inc5shop.com/blog,,,high,gsc,149,27041,0.01,6.53,https://inc5shop.com/collections/womens-wedges,India,new,GSC 149 clicks and 27041 impressions; observed page https://inc5shop.com/collections/womens-wedges
office footwear for women,office footwear for women,informational,blog,https://inc5shop.com/blog,,,high,gsc,212,26853,0.01,7.6,https://inc5shop.com/collections/women-footwear,India,new,GSC 212 clicks and 26853 impressions; observed page https://inc5shop.com/collections/women-footwear
open toe flats for women,open toe flats for women,informational,blog,https://inc5shop.com/blog,,,high,gsc,151,26609,0.01,5.05,https://inc5shop.com/collections/womens-flats,India,new,GSC 151 clicks and 26609 impressions; observed page https://inc5shop.com/collections/womens-flats
women wedges,women wedges,informational,blog,https://inc5shop.com/blog,,,high,gsc,255,26551,0.01,5.25,https://inc5shop.com/collections/womens-wedges,India,new,GSC 255 clicks and 26551 impressions; observed page https://inc5shop.com/collections/womens-wedges
women's heels,women's heels,informational,blog,https://inc5shop.com/blog,,,high,gsc,99,25847,0,6.88,https://inc5shop.com/collections/womens-heels,India,new,GSC 99 clicks and 25847 impressions; observed page https://inc5shop.com/collections/womens-heels
inc.5 heels,inc.5 heels,informational,blog,https://inc5shop.com/blog,,,high,gsc,705,25754,0.05,1.08,https://inc5shop.com/collections/womens-heels,India,new,GSC 705 clicks and 25754 impressions; observed page https://inc5shop.com/collections/womens-heels
women's footwear,women's footwear,informational,blog,https://inc5shop.com/blog,,,high,gsc,159,24925,0.01,8.88,https://inc5shop.com/collections/women-footwear,India,new,GSC 159 clicks and 24925 impressions; observed page https://inc5shop.com/collections/women-footwear
mules women,mules women,informational,blog,https://inc5shop.com/blog,,,high,gsc,253,24709,0.01,4.84,https://inc5shop.com/collections/womens-mules,India,new,GSC 253 clicks and 24709 impressions; observed page https://inc5shop.com/collections/womens-mules
heels slippers for women,heels slippers for women,informational,blog,https://inc5shop.com/blog,,,high,gsc,79,23869,0,7.31,https://inc5shop.com/collections/womens-heels,India,new,GSC 79 clicks and 23869 impressions; observed page https://inc5shop.com/collections/womens-heels
footwear women,footwear women,informational,blog,https://inc5shop.com/blog,,,high,gsc,170,22678,0.01,7.79,https://inc5shop.com/collections/women-footwear,India,new,GSC 170 clicks and 22678 impressions; observed page https://inc5shop.com/collections/women-footwear
casual sandals for men,casual sandals for men,informational,blog,https://inc5shop.com/blog,,,high,gsc,96,22376,0,8.67,https://inc5shop.com/collections/mens-sandals,India,new,GSC 96 clicks and 22376 impressions; observed page https://inc5shop.com/collections/mens-sandals
wedge sandals,wedge sandals,informational,blog,https://inc5shop.com/blog,,,high,gsc,127,22278,0.01,5.95,https://inc5shop.com/collections/womens-wedges,India,new,GSC 127 clicks and 22278 impressions; observed page https://inc5shop.com/collections/womens-wedges
branded heels for women,branded heels for women,informational,blog,https://inc5shop.com/blog,,,high,gsc,107,22183,0,7.41,https://inc5shop.com/collections/womens-heels,India,new,GSC 107 clicks and 22183 impressions; observed page https://inc5shop.com/collections/womens-heels
party wear heels for women,party wear heels for women,informational,blog,https://inc5shop.com/blog,,,high,gsc,155,21646,0.01,4.66,https://inc5shop.com/collections/womens-heels,India,new,GSC 155 clicks and 21646 impressions; observed page https://inc5shop.com/collections/womens-heels
men sandals leather,men sandals leather,informational,blog,https://inc5shop.com/blog,,,high,gsc,163,21556,0.01,7.63,https://inc5shop.com/collections/mens-sandals,India,new,GSC 163 clicks and 21556 impressions; observed page https://inc5shop.com/collections/mens-sandals
ladies sandal fancy,ladies sandal fancy,informational,blog,https://inc5shop.com/blog,,,high,gsc,149,20718,0.01,8.19,https://inc5shop.com/collections/womens-sandals,India,new,GSC 149 clicks and 20718 impressions; observed page https://inc5shop.com/collections/womens-sandals
sandals for men leather,sandals for men leather,informational,blog,https://inc5shop.com/blog,,,high,gsc,136,20524,0.01,8.22,https://inc5shop.com/collections/mens-sandals,India,new,GSC 136 clicks and 20524 impressions; observed page https://inc5shop.com/collections/mens-sandals
wedges heels,wedges heels,informational,blog,https://inc5shop.com/blog,,,high,gsc,112,20395,0.01,6.45,https://inc5shop.com/collections/womens-wedges,India,new,GSC 112 clicks and 20395 impressions; observed page https://inc5shop.com/collections/womens-wedges
stylish heels for women,stylish heels for women,informational,blog,https://inc5shop.com/blog,,,high,gsc,96,20038,0,6.12,https://inc5shop.com/collections/womens-heels,India,new,GSC 96 clicks and 20038 impressions; observed page https://inc5shop.com/collections/womens-heels
women flat sandals,women flat sandals,informational,blog,https://inc5shop.com/blog,,,high,gsc,77,19343,0,8.48,https://inc5shop.com/collections/womens-flats,India,new,GSC 77 clicks and 19343 impressions; observed page https://inc5shop.com/collections/womens-flats
sandal women,sandal women,informational,blog,https://inc5shop.com/blog,,,high,gsc,136,19283,0.01,4.87,https://inc5shop.com/collections/womens-sandals,India,new,GSC 136 clicks and 19283 impressions; observed page https://inc5shop.com/collections/womens-sandals
office wear sandals for women,office wear sandals for women,informational,blog,https://inc5shop.com/blog,,,high,gsc,176,19258,0.01,5.67,https://inc5shop.com/collections/womens-sandals,India,new,GSC 176 clicks and 19258 impressions; observed page https://inc5shop.com/collections/womens-sandals
transparent sandals for women,transparent sandals for women,informational,blog,https://inc5shop.com/blog,,,high,gsc,128,19176,0.01,4.08,https://inc5shop.com/collections/transparent-heel-for-women,India,new,GSC 128 clicks and 19176 impressions; observed page https://inc5shop.com/collections/transparent-heel-for-women
flats footwear for women,flats footwear for women,informational,blog,https://inc5shop.com/blog,,,high,gsc,100,18994,0.01,7.44,https://inc5shop.com/collections/womens-flats,India,new,GSC 100 clicks and 18994 impressions; observed page https://inc5shop.com/collections/womens-flats
5 inch heels for women,5 inch heels for women,informational,blog,https://inc5shop.com/blog,,,high,gsc,119,18715,0.01,5.13,https://inc5shop.com/collections/womens-heels,India,new,GSC 119 clicks and 18715 impressions; observed page https://inc5shop.com/collections/womens-heels
best sandals for women,best sandals for women,commercial,comparison,https://inc5shop.com/vs,,,high,gsc,144,18533,0.01,8,https://inc5shop.com/collections/womens-sandals,India,new,GSC 144 clicks and 18533 impressions; observed page https://inc5shop.com/collections/womens-sandals
fancy sandals for women,fancy sandals for women,informational,blog,https://inc5shop.com/blog,,,high,gsc,125,17939,0.01,7.54,https://inc5shop.com/collections/womens-sandals,India,new,GSC 125 clicks and 17939 impressions; observed page https://inc5shop.com/collections/womens-sandals
womens footwear,womens footwear,informational,blog,https://inc5shop.com/blog,,,high,gsc,214,17761,0.01,7.87,https://inc5shop.com/collections/women-footwear,India,new,GSC 214 clicks and 17761 impressions; observed page https://inc5shop.com/collections/women-footwear
pump heels for women,pump heels for women,informational,blog,https://inc5shop.com/blog,,,high,gsc,70,17698,0,7.67,https://inc5shop.com/collections/pumps,India,new,GSC 70 clicks and 17698 impressions; observed page https://inc5shop.com/collections/pumps
daily wear footwear for women,daily wear footwear for women,informational,blog,https://inc5shop.com/blog,,,high,gsc,67,17315,0,9.8,https://inc5shop.com/collections/women-footwear,India,new,GSC 67 clicks and 17315 impressions; observed page https://inc5shop.com/collections/women-footwear
sandals men,sandals men,informational,blog,https://inc5shop.com/blog,,,high,gsc,63,17313,0,9.92,https://inc5shop.com/collections/mens-sandals,India,new,GSC 63 clicks and 17313 impressions; observed page https://inc5shop.com/collections/mens-sandals
office wear footwear for women,office wear footwear for women,informational,blog,https://inc5shop.com/blog,,,high,gsc,154,17248,0.01,7.57,https://inc5shop.com/collections/women-footwear,India,new,GSC 154 clicks and 17248 impressions; observed page https://inc5shop.com/collections/women-footwear
leather sandals,leather sandals,informational,blog,https://inc5shop.com/blog,,,high,gsc,62,17201,0,7.88,https://inc5shop.com/collections/mens-sandals,India,new,GSC 62 clicks and 17201 impressions; observed page https://inc5shop.com/collections/mens-sandals
sandal heels for women,sandal heels for women,informational,blog,https://inc5shop.com/blog,,,high,gsc,75,17147,0,7.02,https://inc5shop.com/collections/womens-heels,India,new,GSC 75 clicks and 17147 impressions; observed page https://inc5shop.com/collections/womens-heels
transparent heel,transparent heel,informational,blog,https://inc5shop.com/blog,,,high,gsc,72,16793,0,5.33,https://inc5shop.com/collections/transparent-heel-for-women,India,new,GSC 72 clicks and 16793 impressions; observed page https://inc5shop.com/collections/transparent-heel-for-women
trending sandals for women,trending sandals for women,informational,blog,https://inc5shop.com/blog,,,high,gsc,83,16453,0.01,6.39,https://inc5shop.com/collections/womens-sandals,India,new,GSC 83 clicks and 16453 impressions; observed page https://inc5shop.com/collections/womens-sandals
2 inch heels for women,2 inch heels for women,informational,blog,https://inc5shop.com/blog,,,high,gsc,69,16113,0,6.61,https://inc5shop.com/collections/womens-heels,India,new,GSC 69 clicks and 16113 impressions; observed page https://inc5shop.com/collections/womens-heels
comfortable flats for women,comfortable flats for women,informational,blog,https://inc5shop.com/blog,,,high,gsc,127,16100,0.01,6.31,https://inc5shop.com/collections/womens-flats,India,new,GSC 127 clicks and 16100 impressions; observed page https://inc5shop.com/collections/womens-flats
formal shoes for men,formal shoes for men,informational,blog,https://inc5shop.com/blog,,,high,gsc,75,16074,0,7.71,https://inc5shop.com/collections/mens-formals,India,new,GSC 75 clicks and 16074 impressions; observed page https://inc5shop.com/collections/mens-formals
ethnic sandals for women,ethnic sandals for women,informational,blog,https://inc5shop.com/blog,,,high,gsc,138,16056,0.01,5.37,https://inc5shop.com/collections/ethnic-footwear,India,new,GSC 138 clicks and 16056 impressions; observed page https://inc5shop.com/collections/ethnic-footwear
sandals footwear for women,sandals footwear for women,informational,blog,https://inc5shop.com/blog,,,high,gsc,103,16050,0.01,5.62,https://inc5shop.com/collections/womens-sandals,India,new,GSC 103 clicks and 16050 impressions; observed page https://inc5shop.com/collections/womens-sandals
platform heel sandals for women,platform heel sandals for women,informational,blog,https://inc5shop.com/blog,,,high,gsc,97,15806,0.01,6.07,https://inc5shop.com/collections/platform-heels,India,new,GSC 97 clicks and 15806 impressions; observed page https://inc5shop.com/collections/platform-heels
traditional footwear for women,traditional footwear for women,informational,blog,https://inc5shop.com/blog,,,high,gsc,145,15591,0.01,5.12,https://inc5shop.com/collections/ethnic-footwear,India,new,GSC 145 clicks and 15591 impressions; observed page https://inc5shop.com/collections/ethnic-footwear
mens leather sandals,mens leather sandals,informational,blog,https://inc5shop.com/blog,,,high,gsc,119,15574,0.01,6.98,https://inc5shop.com/collections/mens-sandals,India,new,GSC 119 clicks and 15574 impressions; observed page https://inc5shop.com/collections/mens-sandals
mules for women,mules for women,informational,blog,https://inc5shop.com/blog,,,high,gsc,162,15537,0.01,5.21,https://inc5shop.com/collections/womens-mules,India,new,GSC 162 clicks and 15537 impressions; observed page https://inc5shop.com/collections/womens-mules
inc 5 flats online sale,inc 5 flats online sale,informational,blog,https://inc5shop.com/blog,,,high,gsc,419,15038,0.04,4.27,https://inc5shop.com/collections/womens-flats,India,new,GSC 419 clicks and 15038 impressions; observed page https://inc5shop.com/collections/womens-flats
mens sandals leather,mens sandals leather,informational,blog,https://inc5shop.com/blog,,,high,gsc,125,14872,0.01,6.38,https://inc5shop.com/collections/mens-sandals,India,new,GSC 125 clicks and 14872 impressions; observed page https://inc5shop.com/collections/mens-sandals
inc5 store near me,inc5 store near me,navigational,homepage,https://inc5shop.com,,,high,gsc,364,14810,0.03,3.23,https://inc5shop.com/pages/store-locator,India,new,GSC 364 clicks and 14810 impressions; observed page https://inc5shop.com/pages/store-locator
women's flats,women's flats,informational,blog,https://inc5shop.com/blog,,,high,gsc,59,14744,0,6.93,https://inc5shop.com/collections/womens-flats,India,new,GSC 59 clicks and 14744 impressions; observed page https://inc5shop.com/collections/womens-flats
inch 5 sandals,inch 5 sandals,informational,blog,https://inc5shop.com/blog,,,high,gsc,336,14725,0.03,1.45,https://inc5shop.com/collections/womens-sandals,India,new,GSC 336 clicks and 14725 impressions; observed page https://inc5shop.com/collections/womens-sandals
mules heels,mules heels,informational,blog,https://inc5shop.com/blog,,,high,gsc,69,14661,0,5.63,https://inc5shop.com/collections/womens-mules,India,new,GSC 69 clicks and 14661 impressions; observed page https://inc5shop.com/collections/womens-mules
platform block heels for women,platform block heels for women,informational,blog,https://inc5shop.com/blog,,,high,gsc,99,14559,0.01,5.5,https://inc5shop.com/collections/platform-heels,India,new,GSC 99 clicks and 14559 impressions; observed page https://inc5shop.com/collections/platform-heels
casual stylish sandals for men,casual stylish sandals for men,informational,blog,https://inc5shop.com/blog,,,high,gsc,97,14245,0.01,6.53,https://inc5shop.com/collections/mens-sandals,India,new,GSC 97 clicks and 14245 impressions; observed page https://inc5shop.com/collections/mens-sandals
sandal ladies,sandal ladies,informational,blog,https://inc5shop.com/blog,,,high,gsc,78,13845,0.01,8.13,https://inc5shop.com/collections/womens-sandals,India,new,GSC 78 clicks and 13845 impressions; observed page https://inc5shop.com/collections/womens-sandals
flats slippers for women,flats slippers for women,informational,blog,https://inc5shop.com/blog,,,high,gsc,61,13667,0,7.7,https://inc5shop.com/collections/womens-flats,India,new,GSC 61 clicks and 13667 impressions; observed page https://inc5shop.com/collections/womens-flats
women wedges sandals,women wedges sandals,informational,blog,https://inc5shop.com/blog,,,high,gsc,137,13598,0.01,5.32,https://inc5shop.com/collections/womens-wedges,India,new,GSC 137 clicks and 13598 impressions; observed page https://inc5shop.com/collections/womens-wedges
premium sandals for men,premium sandals for men,informational,blog,https://inc5shop.com/blog,,,high,gsc,207,13520,0.02,5.79,https://inc5shop.com/collections/mens-sandals,India,new,GSC 207 clicks and 13520 impressions; observed page https://inc5shop.com/collections/mens-sandals
platform wedges for women daily wear,platform wedges for women daily wear,informational,blog,https://inc5shop.com/blog,,,high,gsc,94,13289,0.01,4.83,https://inc5shop.com/collections/womens-wedges,India,new,GSC 94 clicks and 13289 impressions; observed page https://inc5shop.com/collections/womens-wedges
womens boots,womens boots,informational,blog,https://inc5shop.com/blog,,,high,gsc,100,13283,0.01,8.13,https://inc5shop.com/collections/womens-boots,India,new,GSC 100 clicks and 13283 impressions; observed page https://inc5shop.com/collections/womens-boots
wedge heel sandals for women,wedge heel sandals for women,informational,blog,https://inc5shop.com/blog,,,high,gsc,83,12970,0.01,4.97,https://inc5shop.com/collections/womens-wedges,India,new,GSC 83 clicks and 12970 impressions; observed page https://inc5shop.com/collections/womens-wedges
box heels for women,box heels for women,informational,blog,https://inc5shop.com/blog,,,high,gsc,70,12897,0.01,5.19,https://inc5shop.com/collections/womens-heels,India,new,GSC 70 clicks and 12897 impressions; observed page https://inc5shop.com/collections/womens-heels
comfort sandals for women,comfort sandals for women,informational,blog,https://inc5shop.com/blog,,,high,gsc,104,12850,0.01,6.31,https://inc5shop.com/collections/womens-sandals,India,new,GSC 104 clicks and 12850 impressions; observed page https://inc5shop.com/collections/womens-sandals
ethnic heels,ethnic heels,informational,blog,https://inc5shop.com/blog,,,high,gsc,100,12602,0.01,5.47,https://inc5shop.com/collections/ethnic-footwear,India,new,GSC 100 clicks and 12602 impressions; observed page https://inc5shop.com/collections/ethnic-footwear
daily wear heels for women,daily wear heels for women,informational,blog,https://inc5shop.com/blog,,,high,gsc,90,12591,0.01,4.3,https://inc5shop.com/collections/womens-heels,India,new,GSC 90 clicks and 12591 impressions; observed page https://inc5shop.com/collections/womens-heels
women flats sandals,women flats sandals,informational,blog,https://inc5shop.com/blog,,,high,gsc,63,12573,0.01,7.6,https://inc5shop.com/collections/womens-flats,India,new,GSC 63 clicks and 12573 impressions; observed page https://inc5shop.com/collections/womens-flats
stylish footwear for women,stylish footwear for women,informational,blog,https://inc5shop.com/blog,,,high,gsc,58,12364,0,8.4,https://inc5shop.com/collections/women-footwear,India,new,GSC 58 clicks and 12364 impressions; observed page https://inc5shop.com/collections/women-footwear
men leather sandals,men leather sandals,informational,blog,https://inc5shop.com/blog,,,high,gsc,82,12302,0.01,8.55,https://inc5shop.com/collections/mens-sandals,India,new,GSC 82 clicks and 12302 impressions; observed page https://inc5shop.com/collections/mens-sandals
woman sandals,woman sandals,informational,blog,https://inc5shop.com/blog,,,high,gsc,91,12212,0.01,5.45,https://inc5shop.com/collections/womens-sandals,India,new,GSC 91 clicks and 12212 impressions; observed page https://inc5shop.com/collections/womens-sandals
heels footwear for women,heels footwear for women,informational,blog,https://inc5shop.com/blog,,,high,gsc,70,12132,0.01,5.44,https://inc5shop.com/collections/womens-heels,India,new,GSC 70 clicks and 12132 impressions; observed page https://inc5shop.com/collections/womens-heels
party wear footwear for women,party wear footwear for women,informational,blog,https://inc5shop.com/blog,,,high,gsc,82,12024,0.01,8.46,https://inc5shop.com/collections/women-footwear,India,new,GSC 82 clicks and 12024 impressions; observed page https://inc5shop.com/collections/women-footwear
glass heels for women,glass heels for women,informational,blog,https://inc5shop.com/blog,,,high,gsc,57,11901,0,5.01,https://inc5shop.com/collections/transparent-heel-for-women,India,new,GSC 57 clicks and 11901 impressions; observed page https://inc5shop.com/collections/transparent-heel-for-women
mules shoes for women,mules shoes for women,informational,blog,https://inc5shop.com/blog,,,high,gsc,122,11862,0.01,4.61,https://inc5shop.com/collections/womens-mules,India,new,GSC 122 clicks and 11862 impressions; observed page https://inc5shop.com/collections/womens-mules
formal shoes,formal shoes,informational,blog,https://inc5shop.com/blog,,,high,gsc,69,11679,0.01,5.31,https://inc5shop.com/collections/mens-formals,India,new,GSC 69 clicks and 11679 impressions; observed page https://inc5shop.com/collections/mens-formals
inc 5 handbags,inc 5 handbags,informational,blog,https://inc5shop.com/blog,,,high,gsc,285,11489,0.03,6.75,https://inc5shop.com/collections/all-bags,India,new,GSC 285 clicks and 11489 impressions; observed page https://inc5shop.com/collections/all-bags
women's sandal,women's sandal,informational,blog,https://inc5shop.com/blog,,,high,gsc,60,11406,0.01,7.87,https://inc5shop.com/collections/womens-sandals,India,new,GSC 60 clicks and 11406 impressions; observed page https://inc5shop.com/collections/womens-sandals
platform heel,platform heel,informational,blog,https://inc5shop.com/blog,,,high,gsc,57,11333,0.01,5.42,https://inc5shop.com/collections/platform-heels,India,new,GSC 57 clicks and 11333 impressions; observed page https://inc5shop.com/collections/platform-heels
trendy footwear for women,trendy footwear for women,informational,blog,https://inc5shop.com/blog,,,high,gsc,57,11316,0.01,7.68,https://inc5shop.com/collections/women-footwear,India,new,GSC 57 clicks and 11316 impressions; observed page https://inc5shop.com/collections/women-footwear
office sandals for women,office sandals for women,informational,blog,https://inc5shop.com/blog,,,high,gsc,100,11169,0.01,5.37,https://inc5shop.com/collections/womens-sandals,India,new,GSC 100 clicks and 11169 impressions; observed page https://inc5shop.com/collections/womens-sandals
ethnic heels for women,ethnic heels for women,informational,blog,https://inc5shop.com/blog,,,high,gsc,114,11135,0.01,4.01,https://inc5shop.com/collections/ethnic-footwear,India,new,GSC 114 clicks and 11135 impressions; observed page https://inc5shop.com/collections/ethnic-footwear
one toe flats for women,one toe flats for women,informational,blog,https://inc5shop.com/blog,,,high,gsc,67,10787,0.01,4.41,https://inc5shop.com/collections/womens-flats,India,new,GSC 67 clicks and 10787 impressions; observed page https://inc5shop.com/collections/womens-flats
women mules,women mules,informational,blog,https://inc5shop.com/blog,,,high,gsc,112,10597,0.01,5.09,https://inc5shop.com/collections/womens-mules,India,new,GSC 112 clicks and 10597 impressions; observed page https://inc5shop.com/collections/womens-mules
mules heels for women,mules heels for women,informational,blog,https://inc5shop.com/blog,,,high,gsc,96,10518,0.01,3.87,https://inc5shop.com/collections/womens-mules,India,new,GSC 96 clicks and 10518 impressions; observed page https://inc5shop.com/collections/womens-mules
open toe sandals for women,open toe sandals for women,informational,blog,https://inc5shop.com/blog,,,high,gsc,68,10346,0.01,5.9,https://inc5shop.com/collections/womens-sandals,India,new,GSC 68 clicks and 10346 impressions; observed page https://inc5shop.com/collections/womens-sandals
women footwear daily wear,women footwear daily wear,informational,blog,https://inc5shop.com/blog,,,high,gsc,57,10341,0.01,10.31,https://inc5shop.com/collections/women-footwear,India,new,GSC 57 clicks and 10341 impressions; observed page https://inc5shop.com/collections/women-footwear
ethnic flats for women,ethnic flats for women,informational,blog,https://inc5shop.com/blog,,,high,gsc,67,10299,0.01,4.82,https://inc5shop.com/collections/ethnic-footwear,India,new,GSC 67 clicks and 10299 impressions; observed page https://inc5shop.com/collections/ethnic-footwear
footwear for women sandals,footwear for women sandals,informational,blog,https://inc5shop.com/blog,,,high,gsc,75,10244,0.01,5.05,https://inc5shop.com/collections/womens-sandals,India,new,GSC 75 clicks and 10244 impressions; observed page https://inc5shop.com/collections/womens-sandals
sandals for women stylish,sandals for women stylish,informational,blog,https://inc5shop.com/blog,,,high,gsc,78,10069,0.01,4.7,https://inc5shop.com/collections/womens-sandals,India,new,GSC 78 clicks and 10069 impressions; observed page https://inc5shop.com/collections/womens-sandals
fancy sandal,fancy sandal,informational,blog,https://inc5shop.com/blog,,,high,gsc,85,9947,0.01,9.16,https://inc5shop.com/collections/womens-sandals,India,new,GSC 85 clicks and 9947 impressions; observed page https://inc5shop.com/collections/womens-sandals
comfortable wedges for women,comfortable wedges for women,informational,blog,https://inc5shop.com/blog,,,high,gsc,92,9809,0.01,5.93,https://inc5shop.com/collections/womens-wedges,India,new,GSC 92 clicks and 9809 impressions; observed page https://inc5shop.com/collections/womens-wedges
branded sandals for men,branded sandals for men,informational,blog,https://inc5shop.com/blog,,,high,gsc,62,9614,0.01,10.34,https://inc5shop.com/collections/mens-sandals,India,new,GSC 62 clicks and 9614 impressions; observed page https://inc5shop.com/collections/mens-sandals
branded footwear for women,branded footwear for women,informational,blog,https://inc5shop.com/blog,,,high,gsc,61,9315,0.01,9,https://inc5shop.com/collections/women-footwear,India,new,GSC 61 clicks and 9315 impressions; observed page https://inc5shop.com/collections/women-footwear
heeled sandals for women,heeled sandals for women,informational,blog,https://inc5shop.com/blog,,,high,gsc,63,9202,0.01,6.24,https://inc5shop.com/collections/womens-heels,India,new,GSC 63 clicks and 9202 impressions; observed page https://inc5shop.com/collections/womens-heels
platform wedge heels for women,platform wedge heels for women,informational,blog,https://inc5shop.com/blog,,,high,gsc,63,8876,0.01,6.19,https://inc5shop.com/collections/womens-wedges,India,new,GSC 63 clicks and 8876 impressions; observed page https://inc5shop.com/collections/womens-wedges
party wear footwear for ladies with price,party wear footwear for ladies with price,informational,blog,https://inc5shop.com/blog,,,high,gsc,75,8856,0.01,9.25,https://inc5shop.com/collections/women-footwear,India,new,GSC 75 clicks and 8856 impressions; observed page https://inc5shop.com/collections/women-footwear
trendy sandals for women,trendy sandals for women,informational,blog,https://inc5shop.com/blog,,,high,gsc,61,8817,0.01,5.19,https://inc5shop.com/collections/womens-sandals,India,new,GSC 61 clicks and 8817 impressions; observed page https://inc5shop.com/collections/womens-sandals
wedges women,wedges women,informational,blog,https://inc5shop.com/blog,,,high,gsc,78,8801,0.01,5.27,https://inc5shop.com/collections/womens-wedges,India,new,GSC 78 clicks and 8801 impressions; observed page https://inc5shop.com/collections/womens-wedges
women flat footwear,women flat footwear,informational,blog,https://inc5shop.com/blog,,,high,gsc,64,8693,0.01,7.44,https://inc5shop.com/collections/womens-flats,India,new,GSC 64 clicks and 8693 impressions; observed page https://inc5shop.com/collections/womens-flats
inc.5 bags,inc.5 bags,informational,blog,https://inc5shop.com/blog,,,high,gsc,269,8512,0.04,1.63,https://inc5shop.com/collections/all-bags,India,new,GSC 269 clicks and 8512 impressions; observed page https://inc5shop.com/collections/all-bags
ethnic footwear,ethnic footwear,informational,blog,https://inc5shop.com/blog,,,high,gsc,86,8253,0.01,6.9,https://inc5shop.com/collections/ethnic-footwear,India,new,GSC 86 clicks and 8253 impressions; observed page https://inc5shop.com/collections/ethnic-footwear
best leather sandals for men,best leather sandals for men,commercial,comparison,https://inc5shop.com/vs,,,high,gsc,92,8214,0.01,8.8,https://inc5shop.com/collections/mens-sandals,India,new,GSC 92 clicks and 8214 impressions; observed page https://inc5shop.com/collections/mens-sandals
mule heels,mule heels,informational,blog,https://inc5shop.com/blog,,,high,gsc,65,7870,0.01,4.42,https://inc5shop.com/collections/womens-mules,India,new,GSC 65 clicks and 7870 impressions; observed page https://inc5shop.com/collections/womens-mules
party heels for women,party heels for women,informational,blog,https://inc5shop.com/blog,,,high,gsc,77,7738,0.01,4.08,https://inc5shop.com/collections/womens-heels,India,new,GSC 77 clicks and 7738 impressions; observed page https://inc5shop.com/collections/womens-heels
leather sandal for men,leather sandal for men,informational,blog,https://inc5shop.com/blog,,,high,gsc,61,7532,0.01,8.14,https://inc5shop.com/collections/mens-sandals,India,new,GSC 61 clicks and 7532 impressions; observed page https://inc5shop.com/collections/mens-sandals
wedges shoes for women,wedges shoes for women,informational,blog,https://inc5shop.com/blog,,,high,gsc,62,7443,0.01,4.56,https://inc5shop.com/collections/womens-wedges,India,new,GSC 62 clicks and 7443 impressions; observed page https://inc5shop.com/collections/womens-wedges
atesber shoes,atesber shoes,informational,blog,https://inc5shop.com/blog,,,high,gsc,260,6939,0.04,5.1,https://inc5shop.com/products/atesber-tan-loafer-shoes-for-men-jude-dark-tan-tuton,India,new,GSC 260 clicks and 6939 impressions; observed page https://inc5shop.com/products/atesber-tan-loafer-shoes-for-men-jude-dark-tan-tuton
latest sandals for women,latest sandals for women,informational,blog,https://inc5shop.com/blog,,,high,gsc,65,6846,0.01,5.44,https://inc5shop.com/collections/womens-sandals,India,new,GSC 65 clicks and 6846 impressions; observed page https://inc5shop.com/collections/womens-sandals
casual wedges for women,casual wedges for women,informational,blog,https://inc5shop.com/blog,,,high,gsc,56,6787,0.01,5.29,https://inc5shop.com/collections/womens-wedges,India,new,GSC 56 clicks and 6787 impressions; observed page https://inc5shop.com/collections/womens-wedges
inc 5 sandals for women,inc 5 sandals for women,informational,blog,https://inc5shop.com/blog,,,high,gsc,259,6766,0.04,1.45,https://inc5shop.com/collections/womens-sandals,India,new,GSC 259 clicks and 6766 impressions; observed page https://inc5shop.com/collections/womens-sandals
mule heels for women,mule heels for women,informational,blog,https://inc5shop.com/blog,,,high,gsc,58,6707,0.01,3.85,https://inc5shop.com/collections/womens-mules,India,new,GSC 58 clicks and 6707 impressions; observed page https://inc5shop.com/collections/womens-mules
genuine leather sandals for men,genuine leather sandals for men,informational,blog,https://inc5shop.com/blog,,,high,gsc,69,6495,0.01,7.3,https://inc5shop.com/collections/mens-sandals,India,new,GSC 69 clicks and 6495 impressions; observed page https://inc5shop.com/collections/mens-sandals
soft wedges for women,soft wedges for women,informational,blog,https://inc5shop.com/blog,,,high,gsc,65,6445,0.01,4.94,https://inc5shop.com/collections/womens-wedges,India,new,GSC 65 clicks and 6445 impressions; observed page https://inc5shop.com/collections/womens-wedges
women footwear online,women footwear online,informational,blog,https://inc5shop.com/blog,,,high,gsc,75,6406,0.01,10.62,https://inc5shop.com/collections/women-footwear,India,new,GSC 75 clicks and 6406 impressions; observed page https://inc5shop.com/collections/women-footwear
inc 5 heels for women,inc 5 heels for women,informational,blog,https://inc5shop.com/blog,,,high,gsc,209,6153,0.03,1.3,https://inc5shop.com/collections/womens-heels,India,new,GSC 209 clicks and 6153 impressions; observed page https://inc5shop.com/collections/womens-heels
premium leather sandals for men,premium leather sandals for men,informational,blog,https://inc5shop.com/blog,,,high,gsc,98,5916,0.02,5.44,https://inc5shop.com/collections/mens-sandals,India,new,GSC 98 clicks and 5916 impressions; observed page https://inc5shop.com/collections/mens-sandals
inc5 store,inc5 store,navigational,homepage,https://inc5shop.com,,,high,gsc,391,5891,0.07,1.91,https://inc5shop.com/,India,new,GSC 391 clicks and 5891 impressions; observed page https://inc5shop.com/
wedges for women party wear,wedges for women party wear,informational,blog,https://inc5shop.com/blog,,,high,gsc,69,5629,0.01,3.96,https://inc5shop.com/collections/womens-wedges,India,new,GSC 69 clicks and 5629 impressions; observed page https://inc5shop.com/collections/womens-wedges
inc shoes,inc shoes,informational,blog,https://inc5shop.com/blog,,,high,gsc,458,5605,0.08,1.35,https://inc5shop.com/,India,new,GSC 458 clicks and 5605 impressions; observed page https://inc5shop.com/
inc5 heels,inc5 heels,navigational,homepage,https://inc5shop.com,,,high,gsc,188,5594,0.03,1.04,https://inc5shop.com/collections/womens-heels,India,new,GSC 188 clicks and 5594 impressions; observed page https://inc5shop.com/collections/womens-heels
party wear wedges for women,party wear wedges for women,informational,blog,https://inc5shop.com/blog,,,high,gsc,75,5342,0.01,4,https://inc5shop.com/collections/womens-wedges,India,new,GSC 75 clicks and 5342 impressions; observed page https://inc5shop.com/collections/womens-wedges
comfort footwear for women,comfort footwear for women,informational,blog,https://inc5shop.com/blog,,,high,gsc,93,5012,0.02,5.94,https://inc5shop.com/collections/comfort-wear,India,new,GSC 93 clicks and 5012 impressions; observed page https://inc5shop.com/collections/comfort-wear
women sandals online,women sandals online,informational,blog,https://inc5shop.com/blog,,,high,gsc,72,4830,0.01,5.14,https://inc5shop.com/collections/womens-sandals,India,new,GSC 72 clicks and 4830 impressions; observed page https://inc5shop.com/collections/womens-sandals
inc 5 women footwear,inc 5 women footwear,informational,blog,https://inc5shop.com/blog,,,high,gsc,238,4707,0.05,1.31,https://inc5shop.com/collections/women-footwear,India,new,GSC 238 clicks and 4707 impressions; observed page https://inc5shop.com/collections/women-footwear
inch 5 footwear for women,inch 5 footwear for women,informational,blog,https://inc5shop.com/blog,,,high,gsc,232,4660,0.05,1.3,https://inc5shop.com/collections/women-footwear,India,new,GSC 232 clicks and 4660 impressions; observed page https://inc5shop.com/collections/women-footwear
inc.5 footwear,inc.5 footwear,informational,blog,https://inc5shop.com/blog,,,high,gsc,175,4415,0.04,1.35,https://inc5shop.com/,India,new,GSC 175 clicks and 4415 impressions; observed page https://inc5shop.com/
inc 5 boots,inc 5 boots,informational,blog,https://inc5shop.com/blog,,,high,gsc,114,4296,0.03,4.28,https://inc5shop.com/collections/womens-boots,India,new,GSC 114 clicks and 4296 impressions; observed page https://inc5shop.com/collections/womens-boots
inc 5 footwear women,inc 5 footwear women,informational,blog,https://inc5shop.com/blog,,,high,gsc,174,4263,0.04,1.5,https://inc5shop.com/collections/women-footwear,India,new,GSC 174 clicks and 4263 impressions; observed page https://inc5shop.com/collections/women-footwear
inc5 footwear,inc5 footwear,navigational,homepage,https://inc5shop.com,,,high,gsc,104,4193,0.02,3.45,https://inc5shop.com/,India,new,GSC 104 clicks and 4193 impressions; observed page https://inc5shop.com/
inc 5 transparent heels,inc 5 transparent heels,informational,blog,https://inc5shop.com/blog,,,high,gsc,99,4080,0.02,1.44,https://inc5shop.com/collections/transparent-heel-for-women,India,new,GSC 99 clicks and 4080 impressions; observed page https://inc5shop.com/collections/transparent-heel-for-women
leather slip on shoes for men,leather slip on shoes for men,informational,blog,https://inc5shop.com/blog,,,high,gsc,60,4031,0.01,5.46,https://inc5shop.com/collections/mens-slipons,India,new,GSC 60 clicks and 4031 impressions; observed page https://inc5shop.com/collections/mens-slipons
inc 5 wedges for women,inc 5 wedges for women,informational,blog,https://inc5shop.com/blog,,,high,gsc,151,4007,0.04,1.3,https://inc5shop.com/collections/womens-wedges,India,new,GSC 151 clicks and 4007 impressions; observed page https://inc5shop.com/collections/womens-wedges
inc 5 black heels,inc 5 black heels,informational,blog,https://inc5shop.com/blog,,,high,gsc,79,3825,0.02,1.78,https://inc5shop.com/collections/womens-heels,India,new,GSC 79 clicks and 3825 impressions; observed page https://inc5shop.com/collections/womens-heels
inch 5 footwear online,inch 5 footwear online,informational,blog,https://inc5shop.com/blog,,,high,gsc,170,3689,0.06,1.3,https://inc5shop.com/,India,new,GSC 170 clicks and 3689 impressions; observed page https://inc5shop.com/
inc 5 flats for women,inc 5 flats for women,informational,blog,https://inc5shop.com/blog,,,high,gsc,129,3622,0.04,1.32,https://inc5shop.com/collections/womens-flats,India,new,GSC 129 clicks and 3622 impressions; observed page https://inc5shop.com/collections/womens-flats
women ethnic footwear,women ethnic footwear,informational,blog,https://inc5shop.com/blog,,,high,gsc,57,2981,0.02,5.18,https://inc5shop.com/collections/ethnic-footwear,India,new,GSC 57 clicks and 2981 impressions; observed page https://inc5shop.com/collections/ethnic-footwear
inc 5 bags for women,inc 5 bags for women,informational,blog,https://inc5shop.com/blog,,,high,gsc,127,2639,0.05,1.42,https://inc5shop.com/collections/all-bags,India,new,GSC 127 clicks and 2639 impressions; observed page https://inc5shop.com/collections/all-bags
privo shoes,privo shoes,informational,blog,https://inc5shop.com/blog,,,high,gsc,93,2430,0.04,6.97,https://inc5shop.com/products/privo-formal-shoes-black-for-men-13506-black,India,new,GSC 93 clicks and 2430 impressions; observed page https://inc5shop.com/products/privo-formal-shoes-black-for-men-13506-black
inc.5 sandals,inc.5 sandals,informational,blog,https://inc5shop.com/blog,,,high,gsc,63,2402,0.03,1.51,https://inc5shop.com/collections/womens-sandals,India,new,GSC 63 clicks and 2402 impressions; observed page https://inc5shop.com/collections/womens-sandals
inc footwear,inc footwear,informational,blog,https://inc5shop.com/blog,,,high,gsc,116,2397,0.05,1.26,https://inc5shop.com/,India,new,GSC 116 clicks and 2397 impressions; observed page https://inc5shop.com/
inch 5 sandals for women,inch 5 sandals for women,informational,blog,https://inc5shop.com/blog,,,high,gsc,100,2371,0.04,1.29,https://inc5shop.com/collections/womens-sandals,India,new,GSC 100 clicks and 2371 impressions; observed page https://inc5shop.com/collections/womens-sandals
inc 5 footwear for ladies,inc 5 footwear for ladies,informational,blog,https://inc5shop.com/blog,,,high,gsc,77,2350,0.03,1.66,https://inc5shop.com/collections/women-footwear,India,new,GSC 77 clicks and 2350 impressions; observed page https://inc5shop.com/collections/women-footwear
inc 5 block heels,inc 5 block heels,informational,blog,https://inc5shop.com/blog,,,high,gsc,57,2257,0.03,1.69,https://inc5shop.com/collections/womens-heels,India,new,GSC 57 clicks and 2257 impressions; observed page https://inc5shop.com/collections/womens-heels
inc 5 sling bags,inc 5 sling bags,informational,blog,https://inc5shop.com/blog,,,high,gsc,126,2215,0.06,1.64,https://inc5shop.com/collections/sling-bags,India,new,GSC 126 clicks and 2215 impressions; observed page https://inc5shop.com/collections/sling-bags
inch footwear,inch footwear,informational,blog,https://inc5shop.com/blog,,,high,gsc,101,2178,0.05,1.13,https://inc5shop.com/,India,new,GSC 101 clicks and 2178 impressions; observed page https://inc5shop.com/
inc 5 flats women,inc 5 flats women,informational,blog,https://inc5shop.com/blog,,,high,gsc,85,2131,0.04,1.27,https://inc5shop.com/collections/womens-flats,India,new,GSC 85 clicks and 2131 impressions; observed page https://inc5shop.com/collections/womens-flats
inc 5 heels online sale,inc 5 heels online sale,informational,blog,https://inc5shop.com/blog,,,high,gsc,77,2120,0.04,1.55,https://inc5shop.com/collections/womens-heels,India,new,GSC 77 clicks and 2120 impressions; observed page https://inc5shop.com/collections/womens-heels
instant shoes delivery,instant shoes delivery,informational,blog,https://inc5shop.com/blog,,,high,gsc,57,2091,0.03,5.97,https://inc5shop.com/collections/available-in-mumbai-only,India,new,GSC 57 clicks and 2091 impressions; observed page https://inc5shop.com/collections/available-in-mumbai-only
inc 5 platform heels,inc 5 platform heels,informational,blog,https://inc5shop.com/blog,,,high,gsc,57,2070,0.03,1.73,https://inc5shop.com/collections/platform-heels,India,new,GSC 57 clicks and 2070 impressions; observed page https://inc5shop.com/collections/platform-heels
inc 5 boots women,inc 5 boots women,informational,blog,https://inc5shop.com/blog,,,high,gsc,108,2067,0.05,1.25,https://inc5shop.com/collections/womens-boots,India,new,GSC 108 clicks and 2067 impressions; observed page https://inc5shop.com/collections/womens-boots
inc 5 footwear for women,inc 5 footwear for women,informational,blog,https://inc5shop.com/blog,,,high,gsc,74,2067,0.04,1.15,https://inc5shop.com/collections/women-footwear,India,new,GSC 74 clicks and 2067 impressions; observed page https://inc5shop.com/collections/women-footwear
instant shoe delivery,instant shoe delivery,informational,blog,https://inc5shop.com/blog,,,high,gsc,57,1945,0.03,6.22,https://inc5shop.com/collections/available-in-mumbai-only,India,new,GSC 57 clicks and 1945 impressions; observed page https://inc5shop.com/collections/available-in-mumbai-only
large size footwear for ladies in india,large size footwear for ladies in india,informational,blog,https://inc5shop.com/blog,,,high,gsc,60,1915,0.03,7.36,https://inc5shop.com/collections/women-footwear,India,new,GSC 60 clicks and 1915 impressions; observed page https://inc5shop.com/collections/women-footwear
inc 5 shoes for women,inc 5 shoes for women,informational,blog,https://inc5shop.com/blog,,,high,gsc,76,1890,0.04,1.34,https://inc5shop.com/collections/women-footwear,India,new,GSC 76 clicks and 1890 impressions; observed page https://inc5shop.com/collections/women-footwear
inc.5 footwear for women,inc.5 footwear for women,informational,blog,https://inc5shop.com/blog,,,high,gsc,78,1889,0.04,1.57,https://inc5shop.com/collections/women-footwear,India,new,GSC 78 clicks and 1889 impressions; observed page https://inc5shop.com/collections/women-footwear
inch 5 wedges,inch 5 wedges,informational,blog,https://inc5shop.com/blog,,,high,gsc,71,1838,0.04,1.23,https://inc5shop.com/collections/womens-wedges,India,new,GSC 71 clicks and 1838 impressions; observed page https://inc5shop.com/collections/womens-wedges
inch 5 shoes,inch 5 shoes,informational,blog,https://inc5shop.com/blog,,,high,gsc,83,1824,0.05,1.12,https://inc5shop.com/,India,new,GSC 83 clicks and 1824 impressions; observed page https://inc5shop.com/
inch.5 footwear,inch.5 footwear,informational,blog,https://inc5shop.com/blog,,,high,gsc,88,1797,0.05,1.26,https://inc5shop.com/,India,new,GSC 88 clicks and 1797 impressions; observed page https://inc5shop.com/
5 inch shoes,5 inch shoes,informational,blog,https://inc5shop.com/blog,,,high,gsc,64,1690,0.04,1.65,https://inc5shop.com/,India,new,GSC 64 clicks and 1690 impressions; observed page https://inc5shop.com/
inc.5 flats,inc.5 flats,informational,blog,https://inc5shop.com/blog,,,high,gsc,107,1624,0.07,1.19,https://inc5shop.com/collections/womens-flats,India,new,GSC 107 clicks and 1624 impressions; observed page https://inc5shop.com/collections/womens-flats
inch shoes,inch shoes,informational,blog,https://inc5shop.com/blog,,,high,gsc,87,1515,0.06,1.19,https://inc5shop.com/,India,new,GSC 87 clicks and 1515 impressions; observed page https://inc5shop.com/
instant footwear delivery,instant footwear delivery,informational,blog,https://inc5shop.com/blog,,,high,gsc,59,1438,0.04,5.43,https://inc5shop.com/collections/available-in-mumbai-only,India,new,GSC 59 clicks and 1438 impressions; observed page https://inc5shop.com/collections/available-in-mumbai-only
inc. 5 heels,inc. 5 heels,informational,blog,https://inc5shop.com/blog,,,high,gsc,57,1370,0.04,1.11,https://inc5shop.com/collections/womens-heels,India,new,GSC 57 clicks and 1370 impressions; observed page https://inc5shop.com/collections/womens-heels
big size footwear for women,big size footwear for women,informational,blog,https://inc5shop.com/blog,,,high,gsc,62,1350,0.05,6.44,https://inc5shop.com/collections/women-footwear,India,new,GSC 62 clicks and 1350 impressions; observed page https://inc5shop.com/collections/women-footwear
inc5official,inc5official,navigational,homepage,https://inc5shop.com,,,high,gsc,117,1258,0.09,1.04,https://inc5shop.com/,India,new,GSC 117 clicks and 1258 impressions; observed page https://inc5shop.com/
inc.5 footwear for ladies,inc.5 footwear for ladies,informational,blog,https://inc5shop.com/blog,,,high,gsc,65,1257,0.05,1.96,https://inc5shop.com/collections/women-footwear,India,new,GSC 65 clicks and 1257 impressions; observed page https://inc5shop.com/collections/women-footwear
inc. 5 shoes,inc. 5 shoes,informational,blog,https://inc5shop.com/blog,,,high,gsc,100,1245,0.08,1.12,https://inc5shop.com/,India,new,GSC 100 clicks and 1245 impressions; observed page https://inc5shop.com/
inc 5 shoes for men,inc 5 shoes for men,informational,blog,https://inc5shop.com/blog,,,high,gsc,81,1239,0.07,1.42,https://inc5shop.com/collections/men-footwear,India,new,GSC 81 clicks and 1239 impressions; observed page https://inc5shop.com/collections/men-footwear
inch heels,inch heels,informational,blog,https://inc5shop.com/blog,,,high,gsc,110,1231,0.09,1.48,https://inc5shop.com/collections/womens-heels,India,new,GSC 110 clicks and 1231 impressions; observed page https://inc5shop.com/collections/womens-heels
inc 5 loafers,inc 5 loafers,informational,blog,https://inc5shop.com/blog,,,high,gsc,62,1078,0.06,1.85,https://inc5shop.com/,India,new,GSC 62 clicks and 1078 impressions; observed page https://inc5shop.com/
inc 5 handbags for women,inc 5 handbags for women,informational,blog,https://inc5shop.com/blog,,,high,gsc,71,1027,0.07,1.22,https://inc5shop.com/collections/all-bags,India,new,GSC 71 clicks and 1027 impressions; observed page https://inc5shop.com/collections/all-bags
inch 5 handbag,inch 5 handbag,informational,blog,https://inc5shop.com/blog,,,high,gsc,60,1009,0.06,1.44,https://inc5shop.com/collections/all-bags,India,new,GSC 60 clicks and 1009 impressions; observed page https://inc5shop.com/collections/all-bags
inc5 bags,inc5 bags,navigational,homepage,https://inc5shop.com,,,high,gsc,60,911,0.07,1.19,https://inc5shop.com/collections/all-bags,India,new,GSC 60 clicks and 911 impressions; observed page https://inc5shop.com/collections/all-bags
inch five heels,inch five heels,informational,blog,https://inc5shop.com/blog,,,high,gsc,98,810,0.12,1.02,https://inc5shop.com/collections/womens-heels,India,new,GSC 98 clicks and 810 impressions; observed page https://inc5shop.com/collections/womens-heels
inc bags,inc bags,informational,blog,https://inc5shop.com/blog,,,high,gsc,118,793,0.15,1.54,https://inc5shop.com/collections/all-bags,India,new,GSC 118 clicks and 793 impressions; observed page https://inc5shop.com/collections/all-bags
inc shoes india,inc shoes india,informational,blog,https://inc5shop.com/blog,,,high,gsc,58,728,0.08,1.3,https://inc5shop.com/,India,new,GSC 58 clicks and 728 impressions; observed page https://inc5shop.com/
inc5shop,inc5shop,navigational,homepage,https://inc5shop.com,,,high,gsc,110,725,0.15,1.05,https://inc5shop.com/,India,new,GSC 110 clicks and 725 impressions; observed page https://inc5shop.com/
inc.5 shoes private limited,inc.5 shoes private limited,informational,blog,https://inc5shop.com/blog,,,high,gsc,70,481,0.15,1.36,https://inc5shop.com/,India,new,GSC 70 clicks and 481 impressions; observed page https://inc5shop.com/
inch bags,inch bags,informational,blog,https://inc5shop.com/blog,,,high,gsc,104,241,0.43,1.2,https://inc5shop.com/collections/all-bags,India,new,GSC 104 clicks and 241 impressions; observed page https://inc5shop.com/collections/all-bags
inc 5 shoes customer care number,inc 5 shoes customer care number,informational,blog,https://inc5shop.com/blog,,,high,gsc,92,171,0.54,1,https://inc5shop.com/pages/contactus,India,new,GSC 92 clicks and 171 impressions; observed page https://inc5shop.com/pages/contactus
inc5 customer care,inc5 customer care,navigational,homepage,https://inc5shop.com,,,high,gsc,68,137,0.5,1.03,https://inc5shop.com/pages/contactus,India,new,GSC 68 clicks and 137 impressions; observed page https://inc5shop.com/pages/contactus
inc5 customer care number,inc5 customer care number,navigational,homepage,https://inc5shop.com,,,high,gsc,65,111,0.59,1,https://inc5shop.com/pages/contactus,India,new,GSC 65 clicks and 111 impressions; observed page https://inc5shop.com/pages/contactus
beige block heels,beige block heels,informational,blog,https://inc5shop.com/blog,480,HIGH 100,medium,keyword_planner,,,,,,,new,GKP volume 480; competition HIGH 100
best heels,best heels,commercial,comparison,https://inc5shop.com/vs,480,HIGH 96,medium,keyword_planner,,,,,,,new,GKP volume 480; competition HIGH 96
comfortable block heel shoes,comfortable block heel shoes,informational,blog,https://inc5shop.com/blog,480,HIGH 68,medium,keyword_planner,,,,,,,new,GKP volume 480; competition HIGH 68
comfortable casual shoes for women,comfortable casual shoes for women,informational,blog,https://inc5shop.com/blog,480,HIGH 96,medium,keyword_planner,,,,,,,new,GKP volume 480; competition HIGH 96
dress heels,dress heels,informational,blog,https://inc5shop.com/blog,480,HIGH 98,medium,keyword_planner,,,,,,,new,GKP volume 480; competition HIGH 98
expensive shoes for women,expensive shoes for women,informational,blog,https://inc5shop.com/blog,480,HIGH 94,medium,keyword_planner,,,,,,,new,GKP volume 480; competition HIGH 94
ladies black shoes,ladies black shoes,informational,blog,https://inc5shop.com/blog,480,HIGH 93,medium,keyword_planner,,,,,,,new,GKP volume 480; competition HIGH 93
ladies heels shoes,ladies heels shoes,informational,blog,https://inc5shop.com/blog,480,HIGH 98,medium,keyword_planner,,,,,,,new,GKP volume 480; competition HIGH 98
ladies shoes near me,ladies shoes near me,informational,blog,https://inc5shop.com/blog,480,MEDIUM 38,medium,keyword_planner,,,,,,,new,GKP volume 480; competition MEDIUM 38
lifestyle shoes women,lifestyle shoes women,informational,blog,https://inc5shop.com/blog,480,HIGH 97,medium,keyword_planner,,,,,,,new,GKP volume 480; competition HIGH 97
open toe block heels,open toe block heels,informational,blog,https://inc5shop.com/blog,480,HIGH 97,medium,keyword_planner,,,,,,,new,GKP volume 480; competition HIGH 97
purple ladies shoes,purple ladies shoes,informational,blog,https://inc5shop.com/blog,480,HIGH 99,medium,keyword_planner,,,,,,,new,GKP volume 480; competition HIGH 99
shop women's shoes,shop women's shoes,informational,blog,https://inc5shop.com/blog,480,MEDIUM 47,medium,keyword_planner,,,,,,,new,GKP volume 480; competition MEDIUM 47
tan heels,tan heels,informational,blog,https://inc5shop.com/blog,480,HIGH 100,medium,keyword_planner,,,,,,,new,GKP volume 480; competition HIGH 100
very high heels,very high heels,informational,blog,https://inc5shop.com/blog,480,HIGH 98,medium,keyword_planner,,,,,,,new,GKP volume 480; competition HIGH 98
women's shoe stores,women's shoe stores,informational,blog,https://inc5shop.com/blog,480,MEDIUM 47,medium,keyword_planner,,,,,,,new,GKP volume 480; competition MEDIUM 47
brown block heel shoes,brown block heel shoes,informational,blog,https://inc5shop.com/blog,390,HIGH 100,medium,keyword_planner,,,,,,,new,GKP volume 390; competition HIGH 100
brown block heels,brown block heels,informational,blog,https://inc5shop.com/blog,390,HIGH 100,medium,keyword_planner,,,,,,,new,GKP volume 390; competition HIGH 100
catwalk boots,catwalk boots,informational,blog,https://inc5shop.com/blog,390,HIGH 89,medium,keyword_planner,,,,,,,new,GKP volume 390; competition HIGH 89
cheap ladies shoes,cheap ladies shoes,informational,blog,https://inc5shop.com/blog,390,HIGH 97,medium,keyword_planner,,,,,,,new,GKP volume 390; competition HIGH 97
cheap womens shoes,cheap womens shoes,informational,blog,https://inc5shop.com/blog,390,HIGH 97,medium,keyword_planner,,,,,,,new,GKP volume 390; competition HIGH 97
comfy shoes for women,comfy shoes for women,informational,blog,https://inc5shop.com/blog,390,HIGH 100,medium,keyword_planner,,,,,,,new,GKP volume 390; competition HIGH 100
fashion brand shoes,fashion brand shoes,informational,blog,https://inc5shop.com/blog,390,HIGH 83,medium,keyword_planner,,,,,,,new,GKP volume 390; competition HIGH 83
footwear online,footwear online,informational,blog,https://inc5shop.com/blog,390,HIGH 100,medium,keyword_planner,,,,,,,new,GKP volume 390; competition HIGH 100
heels for sale,heels for sale,informational,blog,https://inc5shop.com/blog,390,HIGH 99,medium,keyword_planner,,,,,,,new,GKP volume 390; competition HIGH 99
heels online,heels online,informational,blog,https://inc5shop.com/blog,390,HIGH 100,medium,keyword_planner,,,,,,,new,GKP volume 390; competition HIGH 100
heels shoes sale,heels shoes sale,informational,blog,https://inc5shop.com/blog,390,HIGH 99,medium,keyword_planner,,,,,,,new,GKP volume 390; competition HIGH 99
high heels online,high heels online,informational,blog,https://inc5shop.com/blog,390,HIGH 100,medium,keyword_planner,,,,,,,new,GKP volume 390; competition HIGH 100
ladies pump shoes,ladies pump shoes,informational,blog,https://inc5shop.com/blog,390,HIGH 96,medium,keyword_planner,,,,,,,new,GKP volume 390; competition HIGH 96
nude shoe,nude shoe,informational,blog,https://inc5shop.com/blog,390,MEDIUM 53,medium,keyword_planner,,,,,,,new,GKP volume 390; competition MEDIUM 53
peep toe shoes,peep toe shoes,informational,blog,https://inc5shop.com/blog,390,HIGH 93,medium,keyword_planner,,,,,,,new,GKP volume 390; competition HIGH 93
platform black heels for women,platform black heels for women,informational,blog,https://inc5shop.com/blog,390,HIGH 96,medium,keyword_planner,,,,,,,new,GKP volume 390; competition HIGH 96
red pointed heels,red pointed heels,informational,blog,https://inc5shop.com/blog,390,HIGH 100,medium,keyword_planner,,,,,,,new,GKP volume 390; competition HIGH 100
soft heels,soft heels,informational,blog,https://inc5shop.com/blog,390,HIGH 94,medium,keyword_planner,,,,,,,new,GKP volume 390; competition HIGH 94
toe heels,toe heels,informational,blog,https://inc5shop.com/blog,390,HIGH 94,medium,keyword_planner,,,,,,,new,GKP volume 390; competition HIGH 94
1 inch heel sandals,1 inch heel sandals,informational,blog,https://inc5shop.com/blog,320,HIGH 100,medium,keyword_planner,,,,,,,new,GKP volume 320; competition HIGH 100
2 inch heel sandals,2 inch heel sandals,informational,blog,https://inc5shop.com/blog,320,HIGH 98,medium,keyword_planner,,,,,,,new,GKP volume 320; competition HIGH 98
black party shoes,black party shoes,informational,blog,https://inc5shop.com/blog,320,HIGH 100,medium,keyword_planner,,,,,,,new,GKP volume 320; competition HIGH 100
cheap shoe store near me,cheap shoe store near me,informational,blog,https://inc5shop.com/blog,320,MEDIUM 37,medium,keyword_planner,,,,,,,new,GKP volume 320; competition MEDIUM 37
clubbing shoes,clubbing shoes,informational,blog,https://inc5shop.com/blog,320,HIGH 91,medium,keyword_planner,,,,,,,new,GKP volume 320; competition HIGH 91
collection shoes,collection shoes,informational,blog,https://inc5shop.com/blog,320,HIGH 78,medium,keyword_planner,,,,,,,new,GKP volume 320; competition HIGH 78
comfortable black heels,comfortable black heels,informational,blog,https://inc5shop.com/blog,320,HIGH 99,medium,keyword_planner,,,,,,,new,GKP volume 320; competition HIGH 99
comfortable formal shoes for women,comfortable formal shoes for women,informational,blog,https://inc5shop.com/blog,320,HIGH 99,medium,keyword_planner,,,,,,,new,GKP volume 320; competition HIGH 99
comfy shoes,comfy shoes,informational,blog,https://inc5shop.com/blog,320,HIGH 89,medium,keyword_planner,,,,,,,new,GKP volume 320; competition HIGH 89
dress shoes for women,dress shoes for women,informational,blog,https://inc5shop.com/blog,320,HIGH 93,medium,keyword_planner,,,,,,,new,GKP volume 320; competition HIGH 93
elegant heels,elegant heels,informational,blog,https://inc5shop.com/blog,320,HIGH 91,medium,keyword_planner,,,,,,,new,GKP volume 320; competition HIGH 91
ladies tan shoes,ladies tan shoes,informational,blog,https://inc5shop.com/blog,320,HIGH 100,medium,keyword_planner,,,,,,,new,GKP volume 320; competition HIGH 100
most comfortable heels for women,most comfortable heels for women,informational,blog,https://inc5shop.com/blog,320,HIGH 100,medium,keyword_planner,,,,,,,new,GKP volume 320; competition HIGH 100
open toe flat sandals,open toe flat sandals,informational,blog,https://inc5shop.com/blog,320,HIGH 99,medium,keyword_planner,,,,,,,new,GKP volume 320; competition HIGH 99
small shoes,small shoes,informational,blog,https://inc5shop.com/blog,320,HIGH 95,medium,keyword_planner,,,,,,,new,GKP volume 320; competition HIGH 95
transparent strap heels,transparent strap heels,informational,blog,https://inc5shop.com/blog,320,HIGH 99,medium,keyword_planner,,,,,,,new,GKP volume 320; competition HIGH 99
womens tan shoes,womens tan shoes,informational,blog,https://inc5shop.com/blog,320,HIGH 100,medium,keyword_planner,,,,,,,new,GKP volume 320; competition HIGH 100
beige heels sandals,beige heels sandals,informational,blog,https://inc5shop.com/blog,260,HIGH 98,medium,keyword_planner,,,,,,,new,GKP volume 260; competition HIGH 98
block pumps,block pumps,informational,blog,https://inc5shop.com/blog,260,HIGH 100,medium,keyword_planner,,,,,,,new,GKP volume 260; competition HIGH 100
buy sandals online,buy sandals online,informational,blog,https://inc5shop.com/blog,260,HIGH 100,medium,keyword_planner,,,,,,,new,GKP volume 260; competition HIGH 100
cheap womens heels,cheap womens heels,informational,blog,https://inc5shop.com/blog,260,HIGH 94,medium,keyword_planner,,,,,,,new,GKP volume 260; competition HIGH 94
footwear online shopping,footwear online shopping,informational,blog,https://inc5shop.com/blog,260,HIGH 100,medium,keyword_planner,,,,,,,new,GKP volume 260; competition HIGH 100
low heels shoes,low heels shoes,informational,blog,https://inc5shop.com/blog,260,HIGH 90,medium,keyword_planner,,,,,,,new,GKP volume 260; competition HIGH 90
most expensive women's shoes,most expensive women's shoes,informational,blog,https://inc5shop.com/blog,260,HIGH 88,medium,keyword_planner,,,,,,,new,GKP volume 260; competition HIGH 88
open heels,open heels,informational,blog,https://inc5shop.com/blog,260,HIGH 98,medium,keyword_planner,,,,,,,new,GKP volume 260; competition HIGH 98
pink bow sandals,pink bow sandals,informational,blog,https://inc5shop.com/blog,260,MEDIUM 58,medium,keyword_planner,,,,,,,new,GKP volume 260; competition MEDIUM 58
square toe womens shoes,square toe womens shoes,informational,blog,https://inc5shop.com/blog,260,HIGH 100,medium,keyword_planner,,,,,,,new,GKP volume 260; competition HIGH 100
women footwear sale,women footwear sale,informational,blog,https://inc5shop.com/blog,260,HIGH 100,medium,keyword_planner,,,,,,,new,GKP volume 260; competition HIGH 100
women's shoe stores near me,women's shoe stores near me,informational,blog,https://inc5shop.com/blog,260,MEDIUM 42,medium,keyword_planner,,,,,,,new,GKP volume 260; competition MEDIUM 42
4 inch block heels,4 inch block heels,informational,blog,https://inc5shop.com/blog,210,HIGH 98,medium,keyword_planner,,,,,,,new,GKP volume 210; competition HIGH 98
big shoes for women,big shoes for women,informational,blog,https://inc5shop.com/blog,210,HIGH 99,medium,keyword_planner,,,,,,,new,GKP volume 210; competition HIGH 99
elegant shoes,elegant shoes,informational,blog,https://inc5shop.com/blog,210,HIGH 73,medium,keyword_planner,,,,,,,new,GKP volume 210; competition HIGH 73
embellished shoes,embellished shoes,informational,blog,https://inc5shop.com/blog,210,HIGH 100,medium,keyword_planner,,,,,,,new,GKP volume 210; competition HIGH 100
fashion heels,fashion heels,informational,blog,https://inc5shop.com/blog,210,HIGH 94,medium,keyword_planner,,,,,,,new,GKP volume 210; competition HIGH 94
formal block heels,formal block heels,informational,blog,https://inc5shop.com/blog,210,HIGH 99,medium,keyword_planner,,,,,,,new,GKP volume 210; competition HIGH 99
large ladies shoes,large ladies shoes,informational,blog,https://inc5shop.com/blog,210,HIGH 99,medium,keyword_planner,,,,,,,new,GKP volume 210; competition HIGH 99
large women's shoes,large women's shoes,informational,blog,https://inc5shop.com/blog,210,HIGH 99,medium,keyword_planner,,,,,,,new,GKP volume 210; competition HIGH 99
most comfortable heels,most comfortable heels,informational,blog,https://inc5shop.com/blog,210,HIGH 99,medium,keyword_planner,,,,,,,new,GKP volume 210; competition HIGH 99
nude footwear,nude footwear,informational,blog,https://inc5shop.com/blog,210,HIGH 88,medium,keyword_planner,,,,,,,new,GKP volume 210; competition HIGH 88
very comfortable heels,very comfortable heels,informational,blog,https://inc5shop.com/blog,210,HIGH 99,medium,keyword_planner,,,,,,,new,GKP volume 210; competition HIGH 99
women's high end shoes,women's high end shoes,informational,blog,https://inc5shop.com/blog,210,HIGH 100,medium,keyword_planner,,,,,,,new,GKP volume 210; competition HIGH 100
2 inch heel sandals for ladies,2 inch heel sandals for ladies,informational,blog,https://inc5shop.com/blog,170,HIGH 99,medium,keyword_planner,,,,,,,new,GKP volume 170; competition HIGH 99
buy heels,buy heels,informational,blog,https://inc5shop.com/blog,170,HIGH 100,medium,keyword_planner,,,,,,,new,GKP volume 170; competition HIGH 100
buy heels online,buy heels online,informational,blog,https://inc5shop.com/blog,170,HIGH 100,medium,keyword_planner,,,,,,,new,GKP volume 170; competition HIGH 100
comfortable platform heels for wedding,comfortable platform heels for wedding,informational,blog,https://inc5shop.com/blog,170,HIGH 95,medium,keyword_planner,,,,,,,new,GKP volume 170; competition HIGH 95
embellished block heels,embellished block heels,informational,blog,https://inc5shop.com/blog,170,HIGH 100,medium,keyword_planner,,,,,,,new,GKP volume 170; competition HIGH 100
heels shop,heels shop,informational,blog,https://inc5shop.com/blog,170,MEDIUM 51,medium,keyword_planner,,,,,,,new,GKP volume 170; competition MEDIUM 51
nice shoes for women,nice shoes for women,informational,blog,https://inc5shop.com/blog,170,HIGH 93,medium,keyword_planner,,,,,,,new,GKP volume 170; competition HIGH 93
platform heels for wedding,platform heels for wedding,informational,blog,https://inc5shop.com/blog,170,HIGH 100,medium,keyword_planner,,,,,,,new,GKP volume 170; competition HIGH 100
shoes for her,shoes for her,informational,blog,https://inc5shop.com/blog,170,HIGH 100,medium,keyword_planner,,,,,,,new,GKP volume 170; competition HIGH 100
women's office shoes comfortable,women's office shoes comfortable,informational,blog,https://inc5shop.com/blog,170,HIGH 100,medium,keyword_planner,,,,,,,new,GKP volume 170; competition HIGH 100
3 inch heel sandals,3 inch heel sandals,informational,blog,https://inc5shop.com/blog,140,HIGH 96,medium,keyword_planner,,,,,,,new,GKP volume 140; competition HIGH 96
best high heels,best high heels,commercial,comparison,https://inc5shop.com/vs,140,HIGH 97,medium,keyword_planner,,,,,,,new,GKP volume 140; competition HIGH 97
black party heels,black party heels,informational,blog,https://inc5shop.com/blog,140,HIGH 95,medium,keyword_planner,,,,,,,new,GKP volume 140; competition HIGH 95
corporate shoes for ladies,corporate shoes for ladies,informational,blog,https://inc5shop.com/blog,140,HIGH 100,medium,keyword_planner,,,,,,,new,GKP volume 140; competition HIGH 100
designer footwear,designer footwear,informational,blog,https://inc5shop.com/blog,140,HIGH 89,medium,keyword_planner,,,,,,,new,GKP volume 140; competition HIGH 89
high heels shop,high heels shop,informational,blog,https://inc5shop.com/blog,140,MEDIUM 37,medium,keyword_planner,,,,,,,new,GKP volume 140; competition MEDIUM 37
inc shoes heels,inc shoes heels,informational,blog,https://inc5shop.com/blog,140,HIGH 98,medium,keyword_planner,,,,,,,new,GKP volume 140; competition HIGH 98
shoes for white dress,shoes for white dress,informational,blog,https://inc5shop.com/blog,140,HIGH 97,medium,keyword_planner,,,,,,,new,GKP volume 140; competition HIGH 97
supportive women's shoes,supportive women's shoes,informational,blog,https://inc5shop.com/blog,140,HIGH 91,medium,keyword_planner,,,,,,,new,GKP volume 140; competition HIGH 91
women's shoes online shopping,women's shoes online shopping,informational,blog,https://inc5shop.com/blog,140,HIGH 98,medium,keyword_planner,,,,,,,new,GKP volume 140; competition HIGH 98
comfortable stylish women's shoes,comfortable stylish women's shoes,informational,blog,https://inc5shop.com/blog,110,HIGH 97,medium,keyword_planner,,,,,,,new,GKP volume 110; competition HIGH 97
elegant shoes for ladies,elegant shoes for ladies,informational,blog,https://inc5shop.com/blog,110,HIGH 93,medium,keyword_planner,,,,,,,new,GKP volume 110; competition HIGH 93
elegant women shoes,elegant women shoes,informational,blog,https://inc5shop.com/blog,110,HIGH 93,medium,keyword_planner,,,,,,,new,GKP volume 110; competition HIGH 93
good quality heels,good quality heels,informational,blog,https://inc5shop.com/blog,110,HIGH 100,medium,keyword_planner,,,,,,,new,GKP volume 110; competition HIGH 100
heel websites,heel websites,informational,blog,https://inc5shop.com/blog,110,HIGH 90,medium,keyword_planner,,,,,,,new,GKP volume 110; competition HIGH 90
inc sandals,inc sandals,informational,blog,https://inc5shop.com/blog,110,HIGH 100,medium,keyword_planner,,,,,,,new,GKP volume 110; competition HIGH 100
shoe websites for women,shoe websites for women,informational,blog,https://inc5shop.com/blog,110,HIGH 100,medium,keyword_planner,,,,,,,new,GKP volume 110; competition HIGH 100
shoes for long dresses,shoes for long dresses,informational,blog,https://inc5shop.com/blog,110,HIGH 94,medium,keyword_planner,,,,,,,new,GKP volume 110; competition HIGH 94
women's shoes comfortable and stylish,women's shoes comfortable and stylish,informational,blog,https://inc5shop.com/blog,110,HIGH 97,medium,keyword_planner,,,,,,,new,GKP volume 110; competition HIGH 97
womens suit shoes,womens suit shoes,informational,blog,https://inc5shop.com/blog,110,HIGH 100,medium,keyword_planner,,,,,,,new,GKP volume 110; competition HIGH 100
1 inch block heels,1 inch block heels,informational,blog,https://inc5shop.com/blog,90,HIGH 94,medium,keyword_planner,,,,,,,new,GKP volume 90; competition HIGH 94
beaded shoes,beaded shoes,informational,blog,https://inc5shop.com/blog,90,MEDIUM 64,medium,keyword_planner,,,,,,,new,GKP volume 90; competition MEDIUM 64
best comfortable heels,best comfortable heels,commercial,comparison,https://inc5shop.com/vs,90,HIGH 95,medium,keyword_planner,,,,,,,new,GKP volume 90; competition HIGH 95
best comfy heels,best comfy heels,commercial,comparison,https://inc5shop.com/vs,90,HIGH 95,medium,keyword_planner,,,,,,,new,GKP volume 90; competition HIGH 95
comfort brand shoes,comfort brand shoes,informational,blog,https://inc5shop.com/blog,90,HIGH 99,medium,keyword_planner,,,,,,,new,GKP volume 90; competition HIGH 99
comfy footwear,comfy footwear,informational,blog,https://inc5shop.com/blog,90,HIGH 99,medium,keyword_planner,,,,,,,new,GKP volume 90; competition HIGH 99
heel stores,heel stores,informational,blog,https://inc5shop.com/blog,90,HIGH 93,medium,keyword_planner,,,,,,,new,GKP volume 90; competition HIGH 93
ladies pink shoes,ladies pink shoes,informational,blog,https://inc5shop.com/blog,90,HIGH 93,medium,keyword_planner,,,,,,,new,GKP volume 90; competition HIGH 93
top women's shoes,top women's shoes,commercial,comparison,https://inc5shop.com/vs,90,HIGH 98,medium,keyword_planner,,,,,,,new,GKP volume 90; competition HIGH 98
wholesale womens shoes,wholesale womens shoes,informational,blog,https://inc5shop.com/blog,90,LOW 9,medium,keyword_planner,,,,,,,new,GKP volume 90; competition LOW 9
women's dress heels,women's dress heels,informational,blog,https://inc5shop.com/blog,90,HIGH 100,medium,keyword_planner,,,,,,,new,GKP volume 90; competition HIGH 100
women's shoes on sale online,women's shoes on sale online,informational,blog,https://inc5shop.com/blog,90,HIGH 100,medium,keyword_planner,,,,,,,new,GKP volume 90; competition HIGH 100
womens corporate shoes,womens corporate shoes,informational,blog,https://inc5shop.com/blog,90,HIGH 100,medium,keyword_planner,,,,,,,new,GKP volume 90; competition HIGH 100
buy black shoes,buy black shoes,informational,blog,https://inc5shop.com/blog,70,HIGH 100,medium,keyword_planner,,,,,,,new,GKP volume 70; competition HIGH 100
comfortable business shoes women,comfortable business shoes women,informational,blog,https://inc5shop.com/blog,70,HIGH 98,medium,keyword_planner,,,,,,,new,GKP volume 70; competition HIGH 98
comfortable dress shoes for women,comfortable dress shoes for women,informational,blog,https://inc5shop.com/blog,70,HIGH 98,medium,keyword_planner,,,,,,,new,GKP volume 70; competition HIGH 98
comfortable ladies dress shoes,comfortable ladies dress shoes,informational,blog,https://inc5shop.com/blog,70,HIGH 98,medium,keyword_planner,,,,,,,new,GKP volume 70; competition HIGH 98
high heel black shoes,high heel black shoes,informational,blog,https://inc5shop.com/blog,70,HIGH 98,medium,keyword_planner,,,,,,,new,GKP volume 70; competition HIGH 98
ladies comfy shoes,ladies comfy shoes,informational,blog,https://inc5shop.com/blog,70,HIGH 100,medium,keyword_planner,,,,,,,new,GKP volume 70; competition HIGH 100
ladies soft leather shoes,ladies soft leather shoes,informational,blog,https://inc5shop.com/blog,70,HIGH 79,medium,keyword_planner,,,,,,,new,GKP volume 70; competition HIGH 79
same day delivery heels,same day delivery heels,informational,blog,https://inc5shop.com/blog,70,HIGH 100,medium,keyword_planner,,,,,,,new,GKP volume 70; competition HIGH 100
shoes for tall women,shoes for tall women,informational,blog,https://inc5shop.com/blog,70,HIGH 96,medium,keyword_planner,,,,,,,new,GKP volume 70; competition HIGH 96
slip on block heels,slip on block heels,informational,blog,https://inc5shop.com/blog,70,HIGH 94,medium,keyword_planner,,,,,,,new,GKP volume 70; competition HIGH 94
soft comfort shoes,soft comfort shoes,informational,blog,https://inc5shop.com/blog,70,HIGH 95,medium,keyword_planner,,,,,,,new,GKP volume 70; competition HIGH 95
soft leather shoes womens,soft leather shoes womens,informational,blog,https://inc5shop.com/blog,70,HIGH 79,medium,keyword_planner,,,,,,,new,GKP volume 70; competition HIGH 79
transparent pumps,transparent pumps,informational,blog,https://inc5shop.com/blog,70,HIGH 100,medium,keyword_planner,,,,,,,new,GKP volume 70; competition HIGH 100
women's comfortable shoes,women's comfortable shoes,informational,blog,https://inc5shop.com/blog,70,HIGH 100,medium,keyword_planner,,,,,,,new,GKP volume 70; competition HIGH 100
women's shoes for men,women's shoes for men,informational,blog,https://inc5shop.com/blog,70,MEDIUM 42,medium,keyword_planner,,,,,,,new,GKP volume 70; competition MEDIUM 42
womens black dress shoes,womens black dress shoes,informational,blog,https://inc5shop.com/blog,70,HIGH 90,medium,keyword_planner,,,,,,,new,GKP volume 70; competition HIGH 90
best office shoes for women,best office shoes for women,commercial,comparison,https://inc5shop.com/vs,50,HIGH 100,medium,keyword_planner,,,,,,,new,GKP volume 50; competition HIGH 100
black designer shoe,black designer shoe,informational,blog,https://inc5shop.com/blog,50,HIGH 87,medium,keyword_planner,,,,,,,new,GKP volume 50; competition HIGH 87
business shoes for women,business shoes for women,informational,blog,https://inc5shop.com/blog,50,HIGH 92,medium,keyword_planner,,,,,,,new,GKP volume 50; competition HIGH 92
color block heels,color block heels,informational,blog,https://inc5shop.com/blog,50,HIGH 100,medium,keyword_planner,,,,,,,new,GKP volume 50; competition HIGH 100
comfortable and stylish shoes,comfortable and stylish shoes,informational,blog,https://inc5shop.com/blog,50,HIGH 100,medium,keyword_planner,,,,,,,new,GKP volume 50; competition HIGH 100
comfortable stylish shoes,comfortable stylish shoes,informational,blog,https://inc5shop.com/blog,50,HIGH 100,medium,keyword_planner,,,,,,,new,GKP volume 50; competition HIGH 100
comfortable trendy shoes,comfortable trendy shoes,informational,blog,https://inc5shop.com/blog,50,HIGH 100,medium,keyword_planner,,,,,,,new,GKP volume 50; competition HIGH 100
heels for big feet,heels for big feet,informational,blog,https://inc5shop.com/blog,50,HIGH 97,medium,keyword_planner,,,,,,,new,GKP volume 50; competition HIGH 97
quality women's shoes,quality women's shoes,informational,blog,https://inc5shop.com/blog,50,HIGH 100,medium,keyword_planner,,,,,,,new,GKP volume 50; competition HIGH 100
tan leather shoes womens,tan leather shoes womens,informational,blog,https://inc5shop.com/blog,50,HIGH 100,medium,keyword_planner,,,,,,,new,GKP volume 50; competition HIGH 100
walking shoe store,walking shoe store,informational,blog,https://inc5shop.com/blog,50,LOW 14,medium,keyword_planner,,,,,,,new,GKP volume 50; competition LOW 14
walking tall shoes,walking tall shoes,informational,blog,https://inc5shop.com/blog,50,MEDIUM 34,medium,keyword_planner,,,,,,,new,GKP volume 50; competition MEDIUM 34
best leather shoes for women,best leather shoes for women,commercial,comparison,https://inc5shop.com/vs,40,HIGH 100,medium,keyword_planner,,,,,,,new,GKP volume 40; competition HIGH 100
buy high heels,buy high heels,informational,blog,https://inc5shop.com/blog,40,HIGH 100,medium,keyword_planner,,,,,,,new,GKP volume 40; competition HIGH 100
cheap heels online,cheap heels online,informational,blog,https://inc5shop.com/blog,40,HIGH 98,medium,keyword_planner,,,,,,,new,GKP volume 40; competition HIGH 98
comfort plus shoes,comfort plus shoes,informational,blog,https://inc5shop.com/blog,40,HIGH 86,medium,keyword_planner,,,,,,,new,GKP volume 40; competition HIGH 86
comfortable shoes for dresses,comfortable shoes for dresses,informational,blog,https://inc5shop.com/blog,40,HIGH 91,medium,keyword_planner,,,,,,,new,GKP volume 40; competition HIGH 91
comfortable summer shoes,comfortable summer shoes,informational,blog,https://inc5shop.com/blog,40,HIGH 100,medium,keyword_planner,,,,,,,new,GKP volume 40; competition HIGH 100
grey block heels,grey block heels,informational,blog,https://inc5shop.com/blog,40,HIGH 100,medium,keyword_planner,,,,,,,new,GKP volume 40; competition HIGH 100
womens formal dress shoes,womens formal dress shoes,informational,blog,https://inc5shop.com/blog,40,HIGH 97,medium,keyword_planner,,,,,,,new,GKP volume 40; competition HIGH 97
black low block heel,black low block heel,informational,blog,https://inc5shop.com/blog,30,HIGH 100,medium,keyword_planner,,,,,,,new,GKP volume 30; competition HIGH 100
cheap womens shoes online,cheap womens shoes online,informational,blog,https://inc5shop.com/blog,30,HIGH 98,medium,keyword_planner,,,,,,,new,GKP volume 30; competition HIGH 98
formal platform shoes,formal platform shoes,informational,blog,https://inc5shop.com/blog,30,HIGH 94,medium,keyword_planner,,,,,,,new,GKP volume 30; competition HIGH 94
inc womens shoes,inc womens shoes,informational,blog,https://inc5shop.com/blog,30,HIGH 90,medium,keyword_planner,,,,,,,new,GKP volume 30; competition HIGH 90
ladies green shoes,ladies green shoes,informational,blog,https://inc5shop.com/blog,30,HIGH 96,medium,keyword_planner,,,,,,,new,GKP volume 30; competition HIGH 96
ladies silver shoes,ladies silver shoes,informational,blog,https://inc5shop.com/blog,30,HIGH 96,medium,keyword_planner,,,,,,,new,GKP volume 30; competition HIGH 96
platform formal shoes,platform formal shoes,informational,blog,https://inc5shop.com/blog,30,HIGH 94,medium,keyword_planner,,,,,,,new,GKP volume 30; competition HIGH 94
red shoes near me,red shoes near me,informational,blog,https://inc5shop.com/blog,30,MEDIUM 65,medium,keyword_planner,,,,,,,new,GKP volume 30; competition MEDIUM 65
best summer shoes for women,best summer shoes for women,commercial,comparison,https://inc5shop.com/vs,20,HIGH 96,medium,keyword_planner,,,,,,,new,GKP volume 20; competition HIGH 96
business casual shoes women,business casual shoes women,informational,blog,https://inc5shop.com/blog,20,HIGH 100,medium,keyword_planner,,,,,,,new,GKP volume 20; competition HIGH 100
comfort plus heels,comfort plus heels,informational,blog,https://inc5shop.com/blog,20,HIGH 89,medium,keyword_planner,,,,,,,new,GKP volume 20; competition HIGH 89
comfortable fashionable shoes,comfortable fashionable shoes,informational,blog,https://inc5shop.com/blog,20,HIGH 78,medium,keyword_planner,,,,,,,new,GKP volume 20; competition HIGH 78
comfortable formal heels,comfortable formal heels,informational,blog,https://inc5shop.com/blog,20,HIGH 91,medium,keyword_planner,,,,,,,new,GKP volume 20; competition HIGH 91
comfortable heels for walking,comfortable heels for walking,informational,blog,https://inc5shop.com/blog,20,HIGH 91,medium,keyword_planner,,,,,,,new,GKP volume 20; competition HIGH 91
comfortable party shoes,comfortable party shoes,informational,blog,https://inc5shop.com/blog,20,HIGH 100,medium,keyword_planner,,,,,,,new,GKP volume 20; competition HIGH 100
comfy party shoes,comfy party shoes,informational,blog,https://inc5shop.com/blog,20,HIGH 100,medium,keyword_planner,,,,,,,new,GKP volume 20; competition HIGH 100
designer shoes on sale,designer shoes on sale,informational,blog,https://inc5shop.com/blog,20,MEDIUM 40,medium,keyword_planner,,,,,,,new,GKP volume 20; competition MEDIUM 40
designer shoes online,designer shoes online,informational,blog,https://inc5shop.com/blog,20,MEDIUM 39,medium,keyword_planner,,,,,,,new,GKP volume 20; competition MEDIUM 39
designer summer shoes,designer summer shoes,informational,blog,https://inc5shop.com/blog,20,MEDIUM 42,medium,keyword_planner,,,,,,,new,GKP volume 20; competition MEDIUM 42
ladies brown shoes,ladies brown shoes,informational,blog,https://inc5shop.com/blog,20,HIGH 89,medium,keyword_planner,,,,,,,new,GKP volume 20; competition HIGH 89
low block heel shoes,low block heel shoes,informational,blog,https://inc5shop.com/blog,20,HIGH 100,medium,keyword_planner,,,,,,,new,GKP volume 20; competition HIGH 100
office black boots,office black boots,informational,blog,https://inc5shop.com/blog,20,HIGH 92,medium,keyword_planner,,,,,,,new,GKP volume 20; competition HIGH 92
silver grey shoes,silver grey shoes,informational,blog,https://inc5shop.com/blog,20,HIGH 100,medium,keyword_planner,,,,,,,new,GKP volume 20; competition HIGH 100
soft brand shoes,soft brand shoes,informational,blog,https://inc5shop.com/blog,20,HIGH 96,medium,keyword_planner,,,,,,,new,GKP volume 20; competition HIGH 96
summer shoe sale,summer shoe sale,informational,blog,https://inc5shop.com/blog,20,HIGH 99,medium,keyword_planner,,,,,,,new,GKP volume 20; competition HIGH 99
summer shoes for dresses,summer shoes for dresses,informational,blog,https://inc5shop.com/blog,20,HIGH 100,medium,keyword_planner,,,,,,,new,GKP volume 20; competition HIGH 100
the most comfortable heels,the most comfortable heels,informational,blog,https://inc5shop.com/blog,20,HIGH 97,medium,keyword_planner,,,,,,,new,GKP volume 20; competition HIGH 97
trending summer shoes,trending summer shoes,informational,blog,https://inc5shop.com/blog,20,MEDIUM 56,medium,keyword_planner,,,,,,,new,GKP volume 20; competition MEDIUM 56
best comfortable dress shoes for women,best comfortable dress shoes for women,commercial,comparison,https://inc5shop.com/vs,10,HIGH 100,medium,keyword_planner,,,,,,,new,GKP volume 10; competition HIGH 100
best designer heels,best designer heels,commercial,comparison,https://inc5shop.com/vs,10,HIGH 86,medium,keyword_planner,,,,,,,new,GKP volume 10; competition HIGH 86
best designer shoes for women,best designer shoes for women,commercial,comparison,https://inc5shop.com/vs,10,MEDIUM 56,medium,keyword_planner,,,,,,,new,GKP volume 10; competition MEDIUM 56
best dress shoes for women,best dress shoes for women,commercial,comparison,https://inc5shop.com/vs,10,HIGH 86,medium,keyword_planner,,,,,,,new,GKP volume 10; competition HIGH 86
best women's dress shoes with arch support,best women's dress shoes with arch support,commercial,comparison,https://inc5shop.com/vs,10,,medium,keyword_planner,,,,,,,new,GKP volume 10
top designer shoes,top designer shoes,commercial,comparison,https://inc5shop.com/vs,10,LOW,medium,keyword_planner,,,,,,,new,GKP volume 10; competition LOW
black occasion shoes,black occasion shoes,informational,blog,https://inc5shop.com/blog,10,LOW,low,keyword_planner,,,,,,,new,GKP volume 10; competition LOW
block heel party shoes,block heel party shoes,informational,blog,https://inc5shop.com/blog,10,HIGH 100,low,keyword_planner,,,,,,,new,GKP volume 10; competition HIGH 100
block heel work shoes,block heel work shoes,informational,blog,https://inc5shop.com/blog,10,HIGH 100,low,keyword_planner,,,,,,,new,GKP volume 10; competition HIGH 100
brown shoes sale,brown shoes sale,informational,blog,https://inc5shop.com/blog,10,MEDIUM 57,low,keyword_planner,,,,,,,new,GKP volume 10; competition MEDIUM 57
buy designer shoes,buy designer shoes,informational,blog,https://inc5shop.com/blog,10,HIGH 100,low,keyword_planner,,,,,,,new,GKP volume 10; competition HIGH 100
casual dress shoes for women,casual dress shoes for women,informational,blog,https://inc5shop.com/blog,10,HIGH 92,low,keyword_planner,,,,,,,new,GKP volume 10; competition HIGH 92
cheap platform shoes,cheap platform shoes,informational,blog,https://inc5shop.com/blog,10,MEDIUM 40,low,keyword_planner,,,,,,,new,GKP volume 10; competition MEDIUM 40
cheap womens dress shoes,cheap womens dress shoes,informational,blog,https://inc5shop.com/blog,10,LOW,low,keyword_planner,,,,,,,new,GKP volume 10; competition LOW
comfortable black dress shoes womens,comfortable black dress shoes womens,informational,blog,https://inc5shop.com/blog,10,HIGH 80,low,keyword_planner,,,,,,,new,GKP volume 10; competition HIGH 80
comfortable but stylish shoes,comfortable but stylish shoes,informational,blog,https://inc5shop.com/blog,10,HIGH 67,low,keyword_planner,,,,,,,new,GKP volume 10; competition HIGH 67
comfortable designer heels,comfortable designer heels,informational,blog,https://inc5shop.com/blog,10,HIGH 88,low,keyword_planner,,,,,,,new,GKP volume 10; competition HIGH 88
comfortable designer shoes,comfortable designer shoes,informational,blog,https://inc5shop.com/blog,10,HIGH 100,low,keyword_planner,,,,,,,new,GKP volume 10; competition HIGH 100
comfortable fancy shoes,comfortable fancy shoes,informational,blog,https://inc5shop.com/blog,10,,low,keyword_planner,,,,,,,new,GKP volume 10
comfortable luxury heels,comfortable luxury heels,informational,blog,https://inc5shop.com/blog,10,HIGH 80,low,keyword_planner,,,,,,,new,GKP volume 10; competition HIGH 80
comfortable occasion shoes,comfortable occasion shoes,informational,blog,https://inc5shop.com/blog,10,HIGH 86,low,keyword_planner,,,,,,,new,GKP volume 10; competition HIGH 86
comfortable women's business casual shoes,comfortable women's business casual shoes,informational,blog,https://inc5shop.com/blog,10,LOW,low,keyword_planner,,,,,,,new,GKP volume 10; competition LOW
comfy designer heels,comfy designer heels,informational,blog,https://inc5shop.com/blog,10,HIGH 88,low,keyword_planner,,,,,,,new,GKP volume 10; competition HIGH 88
comfy dress shoes for women,comfy dress shoes for women,informational,blog,https://inc5shop.com/blog,10,HIGH 100,low,keyword_planner,,,,,,,new,GKP volume 10; competition HIGH 100
discounted designer shoes,discounted designer shoes,informational,blog,https://inc5shop.com/blog,10,HIGH 100,low,keyword_planner,,,,,,,new,GKP volume 10; competition HIGH 100
dress shoes for older women,dress shoes for older women,informational,blog,https://inc5shop.com/blog,10,,low,keyword_planner,,,,,,,new,GKP volume 10
elegant comfortable shoes,elegant comfortable shoes,informational,blog,https://inc5shop.com/blog,10,HIGH 100,low,keyword_planner,,,,,,,new,GKP volume 10; competition HIGH 100
european women's shoes,european women's shoes,informational,blog,https://inc5shop.com/blog,10,LOW 23,low,keyword_planner,,,,,,,new,GKP volume 10; competition LOW 23
evening dress shoes,evening dress shoes,informational,blog,https://inc5shop.com/blog,10,,low,keyword_planner,,,,,,,new,GKP volume 10
good for the sole sandals,good for the sole sandals,informational,blog,https://inc5shop.com/blog,10,MEDIUM 38,low,keyword_planner,,,,,,,new,GKP volume 10; competition MEDIUM 38
green party shoes,green party shoes,informational,blog,https://inc5shop.com/blog,10,MEDIUM 41,low,keyword_planner,,,,,,,new,GKP volume 10; competition MEDIUM 41
ladies blue shoes,ladies blue shoes,informational,blog,https://inc5shop.com/blog,10,LOW,low,keyword_planner,,,,,,,new,GKP volume 10; competition LOW
ladies evening shoes,ladies evening shoes,informational,blog,https://inc5shop.com/blog,10,HIGH 100,low,keyword_planner,,,,,,,new,GKP volume 10; competition HIGH 100
ladies occasion shoes,ladies occasion shoes,informational,blog,https://inc5shop.com/blog,10,HIGH 100,low,keyword_planner,,,,,,,new,GKP volume 10; competition HIGH 100
ladies platform shoes,ladies platform shoes,informational,blog,https://inc5shop.com/blog,10,HIGH 100,low,keyword_planner,,,,,,,new,GKP volume 10; competition HIGH 100
ladies yellow shoes,ladies yellow shoes,informational,blog,https://inc5shop.com/blog,10,,low,keyword_planner,,,,,,,new,GKP volume 10
low heel party shoes,low heel party shoes,informational,blog,https://inc5shop.com/blog,10,HIGH 100,low,keyword_planner,,,,,,,new,GKP volume 10; competition HIGH 100
most comfortable black heels,most comfortable black heels,informational,blog,https://inc5shop.com/blog,10,HIGH 100,low,keyword_planner,,,,,,,new,GKP volume 10; competition HIGH 100
most comfortable block heel sandals,most comfortable block heel sandals,informational,blog,https://inc5shop.com/blog,10,HIGH 100,low,keyword_planner,,,,,,,new,GKP volume 10; competition HIGH 100
most comfortable designer heels,most comfortable designer heels,informational,blog,https://inc5shop.com/blog,10,HIGH 100,low,keyword_planner,,,,,,,new,GKP volume 10; competition HIGH 100
most comfortable designer pumps,most comfortable designer pumps,informational,blog,https://inc5shop.com/blog,10,,low,keyword_planner,,,,,,,new,GKP volume 10
most comfortable dress shoes for women,most comfortable dress shoes for women,informational,blog,https://inc5shop.com/blog,10,HIGH 100,low,keyword_planner,,,,,,,new,GKP volume 10; competition HIGH 100
most comfortable formal heels,most comfortable formal heels,informational,blog,https://inc5shop.com/blog,10,HIGH 100,low,keyword_planner,,,,,,,new,GKP volume 10; competition HIGH 100
off8ce shoes,off8ce shoes,informational,blog,https://inc5shop.com/blog,10,HIGH 100,low,keyword_planner,,,,,,,new,GKP volume 10; competition HIGH 100
office shoes sale,office shoes sale,informational,blog,https://inc5shop.com/blog,10,HIGH 100,low,keyword_planner,,,,,,,new,GKP volume 10; competition HIGH 100
pink inc shoes,pink inc shoes,informational,blog,https://inc5shop.com/blog,10,,low,keyword_planner,,,,,,,new,GKP volume 10
pink shoes near me,pink shoes near me,informational,blog,https://inc5shop.com/blog,10,MEDIUM 34,low,keyword_planner,,,,,,,new,GKP volume 10; competition MEDIUM 34
pink summer shoes,pink summer shoes,informational,blog,https://inc5shop.com/blog,10,LOW,low,keyword_planner,,,,,,,new,GKP volume 10; competition LOW
platform shoes near me,platform shoes near me,informational,blog,https://inc5shop.com/blog,10,LOW 23,low,keyword_planner,,,,,,,new,GKP volume 10; competition LOW 23
shoe company boots,shoe company boots,informational,blog,https://inc5shop.com/blog,10,MEDIUM 43,low,keyword_planner,,,,,,,new,GKP volume 10; competition MEDIUM 43
shoe company sandals,shoe company sandals,informational,blog,https://inc5shop.com/blog,10,HIGH 100,low,keyword_planner,,,,,,,new,GKP volume 10; competition HIGH 100
stylish comfy shoes,stylish comfy shoes,informational,blog,https://inc5shop.com/blog,10,HIGH 91,low,keyword_planner,,,,,,,new,GKP volume 10; competition HIGH 91
supportive dress shoes for women,supportive dress shoes for women,informational,blog,https://inc5shop.com/blog,10,LOW,low,keyword_planner,,,,,,,new,GKP volume 10; competition LOW
tan summer shoes,tan summer shoes,informational,blog,https://inc5shop.com/blog,10,LOW,low,keyword_planner,,,,,,,new,GKP volume 10; competition LOW
trending designer shoes,trending designer shoes,informational,blog,https://inc5shop.com/blog,10,LOW,low,keyword_planner,,,,,,,new,GKP volume 10; competition LOW
trendy dress shoes,trendy dress shoes,informational,blog,https://inc5shop.com/blog,10,,low,keyword_planner,,,,,,,new,GKP volume 10
trendy summer shoes,trendy summer shoes,informational,blog,https://inc5shop.com/blog,10,HIGH 100,low,keyword_planner,,,,,,,new,GKP volume 10; competition HIGH 100
women's business casual shoes with arch support,women's business casual shoes with arch support,informational,blog,https://inc5shop.com/blog,10,LOW,low,keyword_planner,,,,,,,new,GKP volume 10; competition LOW
women's designer shoes sale,women's designer shoes sale,informational,blog,https://inc5shop.com/blog,10,HIGH 100,low,keyword_planner,,,,,,,new,GKP volume 10; competition HIGH 100
women's dress shoes comfortable for walking,women's dress shoes comfortable for walking,informational,blog,https://inc5shop.com/blog,10,HIGH 100,low,keyword_planner,,,,,,,new,GKP volume 10; competition HIGH 100
women's dress shoes with arch support,women's dress shoes with arch support,informational,blog,https://inc5shop.com/blog,10,HIGH 100,low,keyword_planner,,,,,,,new,GKP volume 10; competition HIGH 100
women's italian leather shoes,women's italian leather shoes,informational,blog,https://inc5shop.com/blog,10,HIGH 100,low,keyword_planner,,,,,,,new,GKP volume 10; competition HIGH 100
women's online shoe stores,women's online shoe stores,informational,blog,https://inc5shop.com/blog,10,HIGH 100,low,keyword_planner,,,,,,,new,GKP volume 10; competition HIGH 100
womens 12 shoes,womens 12 shoes,informational,blog,https://inc5shop.com/blog,10,HIGH 100,low,keyword_planner,,,,,,,new,GKP volume 10; competition HIGH 100
womens dress shoes near me,womens dress shoes near me,informational,blog,https://inc5shop.com/blog,10,LOW 11,low,keyword_planner,,,,,,,new,GKP volume 10; competition LOW 11
womens dress walking shoes,womens dress walking shoes,informational,blog,https://inc5shop.com/blog,10,HIGH 100,low,keyword_planner,,,,,,,new,GKP volume 10; competition HIGH 100
womens leather dress shoes,womens leather dress shoes,informational,blog,https://inc5shop.com/blog,10,HIGH 75,low,keyword_planner,,,,,,,new,GKP volume 10; competition HIGH 75
womens occasion shoes,womens occasion shoes,informational,blog,https://inc5shop.com/blog,10,HIGH 100,low,keyword_planner,,,,,,,new,GKP volume 10; competition HIGH 100
womens summer dress shoes,womens summer dress shoes,informational,blog,https://inc5shop.com/blog,10,LOW 30,low,keyword_planner,,,,,,,new,GKP volume 10; competition LOW 30
womens tan dress shoes,womens tan dress shoes,informational,blog,https://inc5shop.com/blog,10,LOW 29,low,keyword_planner,,,,,,,new,GKP volume 10; competition LOW 29
low heel dress shoes with arch support,low heel dress shoes with arch support,informational,blog,https://inc5shop.com/blog,,,low,keyword_planner,,,,,,,new,Seeded from normalized keyword research evidence
